"site_id","latitude","longitude","species_id","genus","species","common_name","kingdom","individual_id","phenophase_id","phenophase_description","first_yes_year","first_yes_month","first_yes_day","first_yes_doy","first_yes_julian_date","numdays_since_prior_no","ind_phen","phenophase","state","series_yrs","first_yes_date","yeartype","dop","year","resident","present_jan1","ind_phen_year"
681,41.296783,-105.5746,246,"Turdus","migratorius","American robin","Animalia",6025,292,"Live individuals",2011,3,14,73,2455635,NA,"6025_Live individuals","Adults observed","WY",10,2011-03-14,"calendar",73,2011,FALSE,0,"6025_Live individuals_2011"
1419,42.011166,-88.503304,244,"Charadrius","vociferus","killdeer","Animalia",10286,293,"Calls or song (birds)",2011,3,23,82,2455644,14,"10286_Calls or song (birds)","Adults observed","IL",12,2011-03-23,"calendar",82,2011,FALSE,0,"10286_Calls or song (birds)_2011"
1447,42.176537,-85.892448,360,"Icterus","galbula","Baltimore oriole","Animalia",11246,293,"Calls or song (birds)",2011,5,9,129,2455691,9,"11246_Calls or song (birds)","Adults observed","MI",9,2011-05-09,"calendar",129,2011,FALSE,0,"11246_Calls or song (birds)_2011"
5428,48.033489,-122.598724,240,"Spinus","tristis","American goldfinch","Animalia",11347,292,"Live individuals",2011,4,17,107,2455669,NA,"11347_Live individuals","Adults observed","WA",14,2011-04-17,"calendar",107,2011,FALSE,0,"11347_Live individuals_2011"
5582,45.195858,-70.45369,246,"Turdus","migratorius","American robin","Animalia",12466,292,"Live individuals",2011,5,8,128,2455690,7,"12466_Live individuals","Adults observed","ME",9,2011-05-08,"calendar",128,2011,FALSE,0,"12466_Live individuals_2011"
5582,45.195858,-70.45369,243,"Gavia","immer","common loon","Animalia",12467,293,"Calls or song (birds)",2011,5,8,128,2455690,7,"12467_Calls or song (birds)","Adults observed","ME",12,2011-05-08,"calendar",128,2011,FALSE,0,"12467_Calls or song (birds)_2011"
5583,45.196041,-70.459015,243,"Gavia","immer","common loon","Animalia",12472,292,"Live individuals",2011,5,1,121,2455683,NA,"12472_Live individuals","Adults observed","ME",12,2011-05-01,"calendar",121,2011,FALSE,0,"12472_Live individuals_2011"
2803,39.971001,-105.397003,246,"Turdus","migratorius","American robin","Animalia",16046,292,"Live individuals",2011,9,8,251,2455813,5,"16046_Live individuals","Adults observed","CO",15,2011-09-08,"calendar",251,2011,FALSE,0,"16046_Live individuals_2011"
2803,39.971001,-105.397003,354,"Selasphorus","platycercus","broad-tailed hummingbird","Animalia",16048,292,"Live individuals",2011,9,3,246,2455808,NA,"16048_Live individuals","Adults observed","CO",15,2011-09-03,"calendar",246,2011,FALSE,0,"16048_Live individuals_2011"
2803,39.971001,-105.397003,357,"Sialia","mexicana","western bluebird","Animalia",16214,292,"Live individuals",2011,9,15,258,2455820,NA,"16214_Live individuals","Adults observed","CO",14,2011-09-15,"calendar",258,2011,FALSE,0,"16214_Live individuals_2011"
9344,35.640373,-83.692863,377,"Vireo","olivaceus","red-eyed vireo","Animalia",32889,293,"Calls or song (birds)",2011,4,11,101,2455663,4,"32889_Calls or song (birds)","Adults observed","TN",10,2011-04-11,"calendar",101,2011,FALSE,0,"32889_Calls or song (birds)_2011"
9341,35.639874,-83.687721,1098,"Setophaga","virens","black-throated green warbler","Animalia",75375,293,"Calls or song (birds)",2011,4,2,92,2455654,9,"75375_Calls or song (birds)","Adults observed","TN",13,2011-04-02,"calendar",92,2011,FALSE,0,"75375_Calls or song (birds)_2011"
9340,35.642353,-83.687431,1236,"Setophaga","citrina","hooded warbler","Animalia",75396,293,"Calls or song (birds)",2011,4,14,104,2455666,7,"75396_Calls or song (birds)","Adults observed","TN",9,2011-04-14,"calendar",104,2011,FALSE,0,"75396_Calls or song (birds)_2011"
8806,35.640625,-83.689034,1098,"Setophaga","virens","black-throated green warbler","Animalia",75401,293,"Calls or song (birds)",2011,3,25,84,2455646,15,"75401_Calls or song (birds)","Adults observed","TN",14,2011-03-25,"calendar",84,2011,FALSE,0,"75401_Calls or song (birds)_2011"
8806,35.640625,-83.689034,1230,"Setophaga","americana","northern parula","Animalia",75406,293,"Calls or song (birds)",2011,4,13,103,2455665,10,"75406_Calls or song (birds)","Adults observed","TN",11,2011-04-13,"calendar",103,2011,FALSE,0,"75406_Calls or song (birds)_2011"
8806,35.640625,-83.689034,377,"Vireo","olivaceus","red-eyed vireo","Animalia",75407,293,"Calls or song (birds)",2011,5,5,125,2455687,14,"75407_Calls or song (birds)","Adults observed","TN",14,2011-05-05,"calendar",125,2011,FALSE,0,"75407_Calls or song (birds)_2011"
1419,42.011166,-88.503304,244,"Charadrius","vociferus","killdeer","Animalia",10286,293,"Calls or song (birds)",2012,3,15,75,2456002,3,"10286_Calls or song (birds)","Adults observed","IL",12,2012-03-15,"calendar",75,2012,FALSE,0,"10286_Calls or song (birds)_2012"
1447,42.176537,-85.892448,360,"Icterus","galbula","Baltimore oriole","Animalia",11246,293,"Calls or song (birds)",2012,5,5,126,2456053,14,"11246_Calls or song (birds)","Adults observed","MI",9,2012-05-05,"calendar",126,2012,FALSE,0,"11246_Calls or song (birds)_2012"
5582,45.195858,-70.45369,246,"Turdus","migratorius","American robin","Animalia",12466,292,"Live individuals",2012,4,21,112,2456039,7,"12466_Live individuals","Adults observed","ME",9,2012-04-21,"calendar",112,2012,FALSE,0,"12466_Live individuals_2012"
5582,45.195858,-70.45369,243,"Gavia","immer","common loon","Animalia",12467,293,"Calls or song (birds)",2012,4,14,105,2456032,14,"12467_Calls or song (birds)","Adults observed","ME",12,2012-04-14,"calendar",105,2012,FALSE,0,"12467_Calls or song (birds)_2012"
5583,45.196041,-70.459015,243,"Gavia","immer","common loon","Animalia",12472,292,"Live individuals",2012,4,14,105,2456032,14,"12472_Live individuals","Adults observed","ME",12,2012-04-14,"calendar",105,2012,FALSE,0,"12472_Live individuals_2012"
5674,44.910587,-70.266861,352,"Archilochus","colubris","ruby-throated hummingbird","Animalia",12712,292,"Live individuals",2012,5,13,134,2456061,7,"12712_Live individuals","Adults observed","ME",14,2012-05-13,"calendar",134,2012,FALSE,0,"12712_Live individuals_2012"
2803,39.971001,-105.397003,246,"Turdus","migratorius","American robin","Animalia",16046,292,"Live individuals",2012,1,1,1,2455928,NA,"16046_Live individuals","Adults observed","CO",15,2012-01-01,"calendar",1,2012,FALSE,0,"16046_Live individuals_2012"
2803,39.971001,-105.397003,354,"Selasphorus","platycercus","broad-tailed hummingbird","Animalia",16048,292,"Live individuals",2012,4,26,117,2456044,4,"16048_Live individuals","Adults observed","CO",15,2012-04-26,"calendar",117,2012,FALSE,0,"16048_Live individuals_2012"
2803,39.971001,-105.397003,357,"Sialia","mexicana","western bluebird","Animalia",16214,292,"Live individuals",2012,3,31,91,2456018,2,"16214_Live individuals","Adults observed","CO",14,2012-03-31,"calendar",91,2012,FALSE,0,"16214_Live individuals_2012"
8242,31.596231,-110.575493,353,"Archilochus","alexandri","black-chinned hummingbird","Animalia",23606,292,"Live individuals",2012,4,2,93,2456020,NA,"23606_Live individuals","Adults observed","AZ",10,2012-04-02,"calendar",93,2012,FALSE,0,"23606_Live individuals_2012"
8496,46.328629,-96.061256,246,"Turdus","migratorius","American robin","Animalia",25780,292,"Live individuals",2012,4,22,113,2456040,NA,"25780_Live individuals","Adults observed","MN",14,2012-04-22,"calendar",113,2012,FALSE,0,"25780_Live individuals_2012"
8496,46.328629,-96.061256,352,"Archilochus","colubris","ruby-throated hummingbird","Animalia",25784,292,"Live individuals",2012,5,9,130,2456057,2,"25784_Live individuals","Adults observed","MN",14,2012-05-09,"calendar",130,2012,FALSE,0,"25784_Live individuals_2012"
8496,46.328629,-96.061256,1104,"Hirundo","rustica","barn swallow","Animalia",25894,292,"Live individuals",2012,4,24,115,2456042,NA,"25894_Live individuals","Adults observed","MN",14,2012-04-24,"calendar",115,2012,FALSE,0,"25894_Live individuals_2012"
8496,46.328629,-96.061256,1117,"Sayornis","phoebe","eastern phoebe","Animalia",25896,292,"Live individuals",2012,4,24,115,2456042,NA,"25896_Live individuals","Adults observed","MN",9,2012-04-24,"calendar",115,2012,FALSE,0,"25896_Live individuals_2012"
8496,46.328629,-96.061256,355,"Troglodytes","aedon","house wren","Animalia",25897,292,"Live individuals",2012,5,11,132,2456059,2,"25897_Live individuals","Adults observed","MN",14,2012-05-11,"calendar",132,2012,FALSE,0,"25897_Live individuals_2012"
8496,46.328629,-96.061256,1124,"Tachycineta","bicolor","tree swallow","Animalia",25899,292,"Live individuals",2012,4,24,115,2456042,NA,"25899_Live individuals","Adults observed","MN",14,2012-04-24,"calendar",115,2012,FALSE,0,"25899_Live individuals_2012"
8715,43.522804,-70.802277,352,"Archilochus","colubris","ruby-throated hummingbird","Animalia",28193,292,"Live individuals",2012,5,28,149,2456076,6,"28193_Live individuals","Adults observed","ME",14,2012-05-28,"calendar",149,2012,FALSE,0,"28193_Live individuals_2012"
8736,44.903229,-93.217445,352,"Archilochus","colubris","ruby-throated hummingbird","Animalia",28356,292,"Live individuals",2012,8,9,222,2456149,3,"28356_Live individuals","Adults observed","MN",10,2012-08-09,"calendar",222,2012,FALSE,0,"28356_Live individuals_2012"
8242,31.596231,-110.575493,1104,"Hirundo","rustica","barn swallow","Animalia",29638,292,"Live individuals",2012,7,26,208,2456135,NA,"29638_Live individuals","Adults observed","AZ",10,2012-07-26,"calendar",208,2012,FALSE,0,"29638_Live individuals_2012"
8418,32.363758,-94.873947,352,"Archilochus","colubris","ruby-throated hummingbird","Animalia",30980,292,"Live individuals",2012,8,18,231,2456158,NA,"30980_Live individuals","Adults observed","TX",12,2012-08-18,"calendar",231,2012,FALSE,0,"30980_Live individuals_2012"
8496,46.328629,-96.061256,375,"Zenaida","macroura","mourning dove","Animalia",32296,292,"Live individuals",2012,10,29,303,2456230,NA,"32296_Live individuals","Adults observed","MN",14,2012-10-29,"calendar",303,2012,FALSE,0,"32296_Live individuals_2012"
9344,35.640373,-83.692863,377,"Vireo","olivaceus","red-eyed vireo","Animalia",32889,293,"Calls or song (birds)",2012,5,10,131,2456058,11,"32889_Calls or song (birds)","Adults observed","TN",10,2012-05-10,"calendar",131,2012,FALSE,0,"32889_Calls or song (birds)_2012"
9341,35.639874,-83.687721,1098,"Setophaga","virens","black-throated green warbler","Animalia",75375,293,"Calls or song (birds)",2012,4,1,92,2456019,10,"75375_Calls or song (birds)","Adults observed","TN",13,2012-04-01,"calendar",92,2012,FALSE,0,"75375_Calls or song (birds)_2012"
9340,35.642353,-83.687431,1236,"Setophaga","citrina","hooded warbler","Animalia",75396,293,"Calls or song (birds)",2012,4,7,98,2456025,7,"75396_Calls or song (birds)","Adults observed","TN",9,2012-04-07,"calendar",98,2012,FALSE,0,"75396_Calls or song (birds)_2012"
8806,35.640625,-83.689034,1098,"Setophaga","virens","black-throated green warbler","Animalia",75401,293,"Calls or song (birds)",2012,4,4,95,2456022,12,"75401_Calls or song (birds)","Adults observed","TN",14,2012-04-04,"calendar",95,2012,FALSE,0,"75401_Calls or song (birds)_2012"
8806,35.640625,-83.689034,1230,"Setophaga","americana","northern parula","Animalia",75406,293,"Calls or song (birds)",2012,4,4,95,2456022,12,"75406_Calls or song (birds)","Adults observed","TN",11,2012-04-04,"calendar",95,2012,FALSE,0,"75406_Calls or song (birds)_2012"
8806,35.640625,-83.689034,377,"Vireo","olivaceus","red-eyed vireo","Animalia",75407,293,"Calls or song (birds)",2012,4,11,102,2456029,7,"75407_Calls or song (birds)","Adults observed","TN",14,2012-04-11,"calendar",102,2012,FALSE,0,"75407_Calls or song (birds)_2012"
681,41.296783,-105.5746,246,"Turdus","migratorius","American robin","Animalia",6025,292,"Live individuals",2013,3,26,85,2456378,NA,"6025_Live individuals","Adults observed","WY",10,2013-03-26,"calendar",85,2013,FALSE,0,"6025_Live individuals_2013"
1419,42.011166,-88.503304,244,"Charadrius","vociferus","killdeer","Animalia",10286,293,"Calls or song (birds)",2013,3,28,87,2456380,2,"10286_Calls or song (birds)","Adults observed","IL",12,2013-03-28,"calendar",87,2013,FALSE,0,"10286_Calls or song (birds)_2013"
1447,42.176537,-85.892448,360,"Icterus","galbula","Baltimore oriole","Animalia",11246,293,"Calls or song (birds)",2013,5,19,139,2456432,7,"11246_Calls or song (birds)","Adults observed","MI",9,2013-05-19,"calendar",139,2013,FALSE,0,"11246_Calls or song (birds)_2013"
5428,48.033489,-122.598724,240,"Spinus","tristis","American goldfinch","Animalia",11347,292,"Live individuals",2013,8,2,214,2456507,NA,"11347_Live individuals","Adults observed","WA",14,2013-08-02,"calendar",214,2013,FALSE,0,"11347_Live individuals_2013"
5582,45.195858,-70.45369,246,"Turdus","migratorius","American robin","Animalia",12466,292,"Live individuals",2013,5,2,122,2456415,17,"12466_Live individuals","Adults observed","ME",9,2013-05-02,"calendar",122,2013,FALSE,0,"12466_Live individuals_2013"
5582,45.195858,-70.45369,243,"Gavia","immer","common loon","Animalia",12467,293,"Calls or song (birds)",2013,5,9,129,2456422,7,"12467_Calls or song (birds)","Adults observed","ME",12,2013-05-09,"calendar",129,2013,FALSE,0,"12467_Calls or song (birds)_2013"
5583,45.196041,-70.459015,243,"Gavia","immer","common loon","Animalia",12472,292,"Live individuals",2013,5,9,129,2456422,7,"12472_Live individuals","Adults observed","ME",12,2013-05-09,"calendar",129,2013,FALSE,0,"12472_Live individuals_2013"
5674,44.910587,-70.266861,246,"Turdus","migratorius","American robin","Animalia",12709,292,"Live individuals",2013,3,24,83,2456376,7,"12709_Live individuals","Adults observed","ME",13,2013-03-24,"calendar",83,2013,FALSE,0,"12709_Live individuals_2013"
5674,44.910587,-70.266861,352,"Archilochus","colubris","ruby-throated hummingbird","Animalia",12712,292,"Live individuals",2013,5,13,133,2456426,2,"12712_Live individuals","Adults observed","ME",14,2013-05-13,"calendar",133,2013,FALSE,0,"12712_Live individuals_2013"
2803,39.971001,-105.397003,246,"Turdus","migratorius","American robin","Animalia",16046,292,"Live individuals",2013,3,21,80,2456373,4,"16046_Live individuals","Adults observed","CO",15,2013-03-21,"calendar",80,2013,FALSE,0,"16046_Live individuals_2013"
2803,39.971001,-105.397003,354,"Selasphorus","platycercus","broad-tailed hummingbird","Animalia",16048,292,"Live individuals",2013,4,25,115,2456408,4,"16048_Live individuals","Adults observed","CO",15,2013-04-25,"calendar",115,2013,FALSE,0,"16048_Live individuals_2013"
2803,39.971001,-105.397003,357,"Sialia","mexicana","western bluebird","Animalia",16214,292,"Live individuals",2013,3,31,90,2456383,7,"16214_Live individuals","Adults observed","CO",14,2013-03-31,"calendar",90,2013,FALSE,0,"16214_Live individuals_2013"
8242,31.596231,-110.575493,353,"Archilochus","alexandri","black-chinned hummingbird","Animalia",23606,292,"Live individuals",2013,4,7,97,2456390,16,"23606_Live individuals","Adults observed","AZ",10,2013-04-07,"calendar",97,2013,FALSE,0,"23606_Live individuals_2013"
8496,46.328629,-96.061256,246,"Turdus","migratorius","American robin","Animalia",25780,292,"Live individuals",2013,3,30,89,2456382,3,"25780_Live individuals","Adults observed","MN",14,2013-03-30,"calendar",89,2013,FALSE,0,"25780_Live individuals_2013"
8496,46.328629,-96.061256,352,"Archilochus","colubris","ruby-throated hummingbird","Animalia",25784,292,"Live individuals",2013,5,13,133,2456426,2,"25784_Live individuals","Adults observed","MN",14,2013-05-13,"calendar",133,2013,FALSE,0,"25784_Live individuals_2013"
8496,46.328629,-96.061256,1104,"Hirundo","rustica","barn swallow","Animalia",25894,292,"Live individuals",2013,5,6,126,2456419,2,"25894_Live individuals","Adults observed","MN",14,2013-05-06,"calendar",126,2013,FALSE,0,"25894_Live individuals_2013"
8496,46.328629,-96.061256,1117,"Sayornis","phoebe","eastern phoebe","Animalia",25896,292,"Live individuals",2013,4,27,117,2456410,1,"25896_Live individuals","Adults observed","MN",9,2013-04-27,"calendar",117,2013,FALSE,0,"25896_Live individuals_2013"
8496,46.328629,-96.061256,355,"Troglodytes","aedon","house wren","Animalia",25897,292,"Live individuals",2013,5,20,140,2456433,3,"25897_Live individuals","Adults observed","MN",14,2013-05-20,"calendar",140,2013,FALSE,0,"25897_Live individuals_2013"
8496,46.328629,-96.061256,1124,"Tachycineta","bicolor","tree swallow","Animalia",25899,292,"Live individuals",2013,4,27,117,2456410,1,"25899_Live individuals","Adults observed","MN",14,2013-04-27,"calendar",117,2013,FALSE,0,"25899_Live individuals_2013"
8715,43.522804,-70.802277,352,"Archilochus","colubris","ruby-throated hummingbird","Animalia",28193,292,"Live individuals",2013,6,5,156,2456449,7,"28193_Live individuals","Adults observed","ME",14,2013-06-05,"calendar",156,2013,FALSE,0,"28193_Live individuals_2013"
8736,44.903229,-93.217445,352,"Archilochus","colubris","ruby-throated hummingbird","Animalia",28356,292,"Live individuals",2013,8,15,227,2456520,3,"28356_Live individuals","Adults observed","MN",10,2013-08-15,"calendar",227,2013,FALSE,0,"28356_Live individuals_2013"
8242,31.596231,-110.575493,1104,"Hirundo","rustica","barn swallow","Animalia",29638,292,"Live individuals",2013,5,5,125,2456418,28,"29638_Live individuals","Adults observed","AZ",10,2013-05-05,"calendar",125,2013,FALSE,0,"29638_Live individuals_2013"
8418,32.363758,-94.873947,352,"Archilochus","colubris","ruby-throated hummingbird","Animalia",30980,292,"Live individuals",2013,4,17,107,2456400,3,"30980_Live individuals","Adults observed","TX",12,2013-04-17,"calendar",107,2013,FALSE,0,"30980_Live individuals_2013"
8496,46.328629,-96.061256,375,"Zenaida","macroura","mourning dove","Animalia",32296,292,"Live individuals",2013,4,2,92,2456385,3,"32296_Live individuals","Adults observed","MN",14,2013-04-02,"calendar",92,2013,FALSE,0,"32296_Live individuals_2013"
9344,35.640373,-83.692863,377,"Vireo","olivaceus","red-eyed vireo","Animalia",32889,293,"Calls or song (birds)",2013,4,26,116,2456409,NA,"32889_Calls or song (birds)","Adults observed","TN",10,2013-04-26,"calendar",116,2013,FALSE,0,"32889_Calls or song (birds)_2013"
10145,42.602543,-83.250992,1193,"Setophaga","ruticilla","American redstart","Animalia",38839,293,"Calls or song (birds)",2013,5,2,122,2456415,NA,"38839_Calls or song (birds)","Adults observed","MI",10,2013-05-02,"calendar",122,2013,FALSE,0,"38839_Calls or song (birds)_2013"
10145,42.602543,-83.250992,1104,"Hirundo","rustica","barn swallow","Animalia",38845,292,"Live individuals",2013,5,25,145,2456438,NA,"38845_Live individuals","Adults observed","MI",13,2013-05-25,"calendar",145,2013,FALSE,0,"38845_Live individuals_2013"
10145,42.602543,-83.250992,1098,"Setophaga","virens","black-throated green warbler","Animalia",38850,293,"Calls or song (birds)",2013,5,14,134,2456427,NA,"38850_Calls or song (birds)","Adults observed","MI",9,2013-05-14,"calendar",134,2013,FALSE,0,"38850_Calls or song (birds)_2013"
10145,42.602543,-83.250992,1085,"Buteo","platypterus","broad-winged hawk","Animalia",38856,292,"Live individuals",2013,7,24,205,2456498,NA,"38856_Live individuals","Adults observed","MI",9,2013-07-24,"calendar",205,2013,FALSE,0,"38856_Live individuals_2013"
10145,42.602543,-83.250992,363,"Molothrus","ater","brown-headed cowbird","Animalia",38857,292,"Live individuals",2013,4,16,106,2456399,6,"38857_Live individuals","Adults observed","MI",13,2013-04-16,"calendar",106,2013,FALSE,0,"38857_Live individuals_2013"
10145,42.602543,-83.250992,1093,"Chaetura","pelagica","chimney swift","Animalia",38864,292,"Live individuals",2013,5,2,122,2456415,NA,"38864_Live individuals","Adults observed","MI",13,2013-05-02,"calendar",122,2013,FALSE,0,"38864_Live individuals_2013"
10145,42.602543,-83.250992,355,"Troglodytes","aedon","house wren","Animalia",38908,292,"Live individuals",2013,4,26,116,2456409,NA,"38908_Live individuals","Adults observed","MI",13,2013-04-26,"calendar",116,2013,FALSE,0,"38908_Live individuals_2013"
10145,42.602543,-83.250992,359,"Agelaius","phoeniceus","red-winged blackbird","Animalia",38946,292,"Live individuals",2013,3,31,90,2456383,NA,"38946_Live individuals","Adults observed","MI",13,2013-03-31,"calendar",90,2013,FALSE,0,"38946_Live individuals_2013"
10145,42.602543,-83.250992,352,"Archilochus","colubris","ruby-throated hummingbird","Animalia",38951,292,"Live individuals",2013,7,18,199,2456492,NA,"38951_Live individuals","Adults observed","MI",11,2013-07-18,"calendar",199,2013,FALSE,0,"38951_Live individuals_2013"
9652,44.768246,-94.155746,246,"Turdus","migratorius","American robin","Animalia",40107,292,"Live individuals",2013,3,29,88,2456381,NA,"40107_Live individuals","Adults observed","MN",13,2013-03-29,"calendar",88,2013,FALSE,0,"40107_Live individuals_2013"
9652,44.768246,-94.155746,1095,"Chordeiles","minor","common nighthawk","Animalia",40112,292,"Live individuals",2013,5,14,134,2456427,46,"40112_Live individuals","Adults observed","MN",13,2013-05-14,"calendar",134,2013,FALSE,0,"40112_Live individuals_2013"
10717,38.285664,-111.246605,246,"Turdus","migratorius","American robin","Animalia",42593,292,"Live individuals",2013,4,28,118,2456411,NA,"42593_Live individuals","Adults observed","UT",11,2013-04-28,"calendar",118,2013,FALSE,0,"42593_Live individuals_2013"
1419,42.011166,-88.503304,1117,"Sayornis","phoebe","eastern phoebe","Animalia",44642,292,"Live individuals",2013,5,5,125,2456418,NA,"44642_Live individuals","Adults observed","IL",11,2013-05-05,"calendar",125,2013,FALSE,0,"44642_Live individuals_2013"
11598,43.073357,-71.150681,243,"Gavia","immer","common loon","Animalia",48357,292,"Live individuals",2013,7,31,212,2456505,NA,"48357_Live individuals","Adults observed","NH",13,2013-07-31,"calendar",212,2013,FALSE,0,"48357_Live individuals_2013"
6102,32.23188,-110.951012,353,"Archilochus","alexandri","black-chinned hummingbird","Animalia",49640,292,"Live individuals",2013,10,14,287,2456580,4,"49640_Live individuals","Adults observed","AZ",9,2013-10-14,"calendar",287,2013,FALSE,0,"49640_Live individuals_2013"
9341,35.639874,-83.687721,1098,"Setophaga","virens","black-throated green warbler","Animalia",75375,293,"Calls or song (birds)",2013,4,13,103,2456396,NA,"75375_Calls or song (birds)","Adults observed","TN",13,2013-04-13,"calendar",103,2013,FALSE,0,"75375_Calls or song (birds)_2013"
9340,35.642353,-83.687431,1236,"Setophaga","citrina","hooded warbler","Animalia",75396,293,"Calls or song (birds)",2013,4,13,103,2456396,NA,"75396_Calls or song (birds)","Adults observed","TN",9,2013-04-13,"calendar",103,2013,FALSE,0,"75396_Calls or song (birds)_2013"
8806,35.640625,-83.689034,1098,"Setophaga","virens","black-throated green warbler","Animalia",75401,293,"Calls or song (birds)",2013,4,9,99,2456392,NA,"75401_Calls or song (birds)","Adults observed","TN",14,2013-04-09,"calendar",99,2013,FALSE,0,"75401_Calls or song (birds)_2013"
8806,35.640625,-83.689034,1230,"Setophaga","americana","northern parula","Animalia",75406,293,"Calls or song (birds)",2013,4,9,99,2456392,NA,"75406_Calls or song (birds)","Adults observed","TN",11,2013-04-09,"calendar",99,2013,FALSE,0,"75406_Calls or song (birds)_2013"
8806,35.640625,-83.689034,377,"Vireo","olivaceus","red-eyed vireo","Animalia",75407,293,"Calls or song (birds)",2013,4,21,111,2456404,NA,"75407_Calls or song (birds)","Adults observed","TN",14,2013-04-21,"calendar",111,2013,FALSE,0,"75407_Calls or song (birds)_2013"
681,41.296783,-105.5746,246,"Turdus","migratorius","American robin","Animalia",6025,292,"Live individuals",2014,3,5,64,2456722,NA,"6025_Live individuals","Adults observed","WY",10,2014-03-05,"calendar",64,2014,FALSE,0,"6025_Live individuals_2014"
1419,42.011166,-88.503304,244,"Charadrius","vociferus","killdeer","Animalia",10286,293,"Calls or song (birds)",2014,10,10,283,2456941,6,"10286_Calls or song (birds)","Adults observed","IL",12,2014-10-10,"calendar",283,2014,FALSE,0,"10286_Calls or song (birds)_2014"
1447,42.176537,-85.892448,360,"Icterus","galbula","Baltimore oriole","Animalia",11246,293,"Calls or song (birds)",2014,5,4,124,2456782,10,"11246_Calls or song (birds)","Adults observed","MI",9,2014-05-04,"calendar",124,2014,FALSE,0,"11246_Calls or song (birds)_2014"
5428,48.033489,-122.598724,240,"Spinus","tristis","American goldfinch","Animalia",11347,292,"Live individuals",2014,5,3,123,2456781,67,"11347_Live individuals","Adults observed","WA",14,2014-05-03,"calendar",123,2014,FALSE,0,"11347_Live individuals_2014"
5582,45.195858,-70.45369,246,"Turdus","migratorius","American robin","Animalia",12466,292,"Live individuals",2014,5,12,132,2456790,11,"12466_Live individuals","Adults observed","ME",9,2014-05-12,"calendar",132,2014,FALSE,0,"12466_Live individuals_2014"
5582,45.195858,-70.45369,243,"Gavia","immer","common loon","Animalia",12467,293,"Calls or song (birds)",2014,5,1,121,2456779,4,"12467_Calls or song (birds)","Adults observed","ME",12,2014-05-01,"calendar",121,2014,FALSE,0,"12467_Calls or song (birds)_2014"
5583,45.196041,-70.459015,243,"Gavia","immer","common loon","Animalia",12472,292,"Live individuals",2014,5,28,148,2456806,9,"12472_Live individuals","Adults observed","ME",12,2014-05-28,"calendar",148,2014,FALSE,0,"12472_Live individuals_2014"
5674,44.910587,-70.266861,246,"Turdus","migratorius","American robin","Animalia",12709,292,"Live individuals",2014,4,20,110,2456768,7,"12709_Live individuals","Adults observed","ME",13,2014-04-20,"calendar",110,2014,FALSE,0,"12709_Live individuals_2014"
5674,44.910587,-70.266861,352,"Archilochus","colubris","ruby-throated hummingbird","Animalia",12712,292,"Live individuals",2014,5,25,145,2456803,7,"12712_Live individuals","Adults observed","ME",14,2014-05-25,"calendar",145,2014,FALSE,0,"12712_Live individuals_2014"
2803,39.971001,-105.397003,246,"Turdus","migratorius","American robin","Animalia",16046,292,"Live individuals",2014,1,1,1,2456659,NA,"16046_Live individuals","Adults observed","CO",15,2014-01-01,"calendar",1,2014,FALSE,0,"16046_Live individuals_2014"
2803,39.971001,-105.397003,354,"Selasphorus","platycercus","broad-tailed hummingbird","Animalia",16048,292,"Live individuals",2014,5,1,121,2456779,6,"16048_Live individuals","Adults observed","CO",15,2014-05-01,"calendar",121,2014,FALSE,0,"16048_Live individuals_2014"
2803,39.971001,-105.397003,357,"Sialia","mexicana","western bluebird","Animalia",16214,292,"Live individuals",2014,3,26,85,2456743,6,"16214_Live individuals","Adults observed","CO",14,2014-03-26,"calendar",85,2014,FALSE,0,"16214_Live individuals_2014"
8242,31.596231,-110.575493,353,"Archilochus","alexandri","black-chinned hummingbird","Animalia",23606,292,"Live individuals",2014,3,27,86,2456744,37,"23606_Live individuals","Adults observed","AZ",10,2014-03-27,"calendar",86,2014,FALSE,0,"23606_Live individuals_2014"
8496,46.328629,-96.061256,246,"Turdus","migratorius","American robin","Animalia",25780,292,"Live individuals",2014,3,26,85,2456743,8,"25780_Live individuals","Adults observed","MN",14,2014-03-26,"calendar",85,2014,FALSE,0,"25780_Live individuals_2014"
8496,46.328629,-96.061256,352,"Archilochus","colubris","ruby-throated hummingbird","Animalia",25784,292,"Live individuals",2014,5,11,131,2456789,3,"25784_Live individuals","Adults observed","MN",14,2014-05-11,"calendar",131,2014,FALSE,0,"25784_Live individuals_2014"
8496,46.328629,-96.061256,1104,"Hirundo","rustica","barn swallow","Animalia",25894,292,"Live individuals",2014,5,5,125,2456783,6,"25894_Live individuals","Adults observed","MN",14,2014-05-05,"calendar",125,2014,FALSE,0,"25894_Live individuals_2014"
8496,46.328629,-96.061256,1117,"Sayornis","phoebe","eastern phoebe","Animalia",25896,292,"Live individuals",2014,5,11,131,2456789,3,"25896_Live individuals","Adults observed","MN",9,2014-05-11,"calendar",131,2014,FALSE,0,"25896_Live individuals_2014"
8496,46.328629,-96.061256,355,"Troglodytes","aedon","house wren","Animalia",25897,292,"Live individuals",2014,5,8,128,2456786,3,"25897_Live individuals","Adults observed","MN",14,2014-05-08,"calendar",128,2014,FALSE,0,"25897_Live individuals_2014"
8496,46.328629,-96.061256,1124,"Tachycineta","bicolor","tree swallow","Animalia",25899,292,"Live individuals",2014,5,5,125,2456783,6,"25899_Live individuals","Adults observed","MN",14,2014-05-05,"calendar",125,2014,FALSE,0,"25899_Live individuals_2014"
8715,43.522804,-70.802277,352,"Archilochus","colubris","ruby-throated hummingbird","Animalia",28193,292,"Live individuals",2014,5,16,136,2456794,3,"28193_Live individuals","Adults observed","ME",14,2014-05-16,"calendar",136,2014,FALSE,0,"28193_Live individuals_2014"
8736,44.903229,-93.217445,352,"Archilochus","colubris","ruby-throated hummingbird","Animalia",28356,292,"Live individuals",2014,9,6,249,2456907,2,"28356_Live individuals","Adults observed","MN",10,2014-09-06,"calendar",249,2014,FALSE,0,"28356_Live individuals_2014"
8242,31.596231,-110.575493,1104,"Hirundo","rustica","barn swallow","Animalia",29638,292,"Live individuals",2014,3,27,86,2456744,37,"29638_Live individuals","Adults observed","AZ",10,2014-03-27,"calendar",86,2014,FALSE,0,"29638_Live individuals_2014"
8418,32.363758,-94.873947,352,"Archilochus","colubris","ruby-throated hummingbird","Animalia",30980,292,"Live individuals",2014,4,2,92,2456750,3,"30980_Live individuals","Adults observed","TX",12,2014-04-02,"calendar",92,2014,FALSE,0,"30980_Live individuals_2014"
8496,46.328629,-96.061256,375,"Zenaida","macroura","mourning dove","Animalia",32296,292,"Live individuals",2014,1,23,23,2456681,5,"32296_Live individuals","Adults observed","MN",14,2014-01-23,"calendar",23,2014,FALSE,0,"32296_Live individuals_2014"
9344,35.640373,-83.692863,377,"Vireo","olivaceus","red-eyed vireo","Animalia",32889,293,"Calls or song (birds)",2014,5,11,131,2456789,NA,"32889_Calls or song (birds)","Adults observed","TN",10,2014-05-11,"calendar",131,2014,FALSE,0,"32889_Calls or song (birds)_2014"
10145,42.602543,-83.250992,1193,"Setophaga","ruticilla","American redstart","Animalia",38839,293,"Calls or song (birds)",2014,5,6,126,2456784,NA,"38839_Calls or song (birds)","Adults observed","MI",10,2014-05-06,"calendar",126,2014,FALSE,0,"38839_Calls or song (birds)_2014"
10145,42.602543,-83.250992,360,"Icterus","galbula","Baltimore oriole","Animalia",38844,292,"Live individuals",2014,5,18,138,2456796,NA,"38844_Live individuals","Adults observed","MI",10,2014-05-18,"calendar",138,2014,FALSE,0,"38844_Live individuals_2014"
10145,42.602543,-83.250992,1104,"Hirundo","rustica","barn swallow","Animalia",38845,292,"Live individuals",2014,6,9,160,2456818,1,"38845_Live individuals","Adults observed","MI",13,2014-06-09,"calendar",160,2014,FALSE,0,"38845_Live individuals_2014"
10145,42.602543,-83.250992,1098,"Setophaga","virens","black-throated green warbler","Animalia",38850,293,"Calls or song (birds)",2014,5,4,124,2456782,1,"38850_Calls or song (birds)","Adults observed","MI",9,2014-05-04,"calendar",124,2014,FALSE,0,"38850_Calls or song (birds)_2014"
10145,42.602543,-83.250992,1085,"Buteo","platypterus","broad-winged hawk","Animalia",38856,292,"Live individuals",2014,1,19,19,2456677,13,"38856_Live individuals","Adults observed","MI",9,2014-01-19,"calendar",19,2014,FALSE,0,"38856_Live individuals_2014"
10145,42.602543,-83.250992,363,"Molothrus","ater","brown-headed cowbird","Animalia",38857,292,"Live individuals",2014,4,10,100,2456758,NA,"38857_Live individuals","Adults observed","MI",13,2014-04-10,"calendar",100,2014,FALSE,0,"38857_Live individuals_2014"
10145,42.602543,-83.250992,1093,"Chaetura","pelagica","chimney swift","Animalia",38864,292,"Live individuals",2014,5,26,146,2456804,1,"38864_Live individuals","Adults observed","MI",13,2014-05-26,"calendar",146,2014,FALSE,0,"38864_Live individuals_2014"
10145,42.602543,-83.250992,355,"Troglodytes","aedon","house wren","Animalia",38908,292,"Live individuals",2014,5,5,125,2456783,NA,"38908_Live individuals","Adults observed","MI",13,2014-05-05,"calendar",125,2014,FALSE,0,"38908_Live individuals_2014"
10145,42.602543,-83.250992,248,"Pandion","haliaetus","osprey","Animalia",38931,292,"Live individuals",2014,5,2,122,2456780,NA,"38931_Live individuals","Adults observed","MI",9,2014-05-02,"calendar",122,2014,FALSE,0,"38931_Live individuals_2014"
10145,42.602543,-83.250992,359,"Agelaius","phoeniceus","red-winged blackbird","Animalia",38946,292,"Live individuals",2014,3,13,72,2456730,NA,"38946_Live individuals","Adults observed","MI",13,2014-03-13,"calendar",72,2014,FALSE,0,"38946_Live individuals_2014"
10145,42.602543,-83.250992,352,"Archilochus","colubris","ruby-throated hummingbird","Animalia",38951,292,"Live individuals",2014,5,9,129,2456787,NA,"38951_Live individuals","Adults observed","MI",11,2014-05-09,"calendar",129,2014,FALSE,0,"38951_Live individuals_2014"
9652,44.768246,-94.155746,246,"Turdus","migratorius","American robin","Animalia",40107,292,"Live individuals",2014,3,19,78,2456736,NA,"40107_Live individuals","Adults observed","MN",13,2014-03-19,"calendar",78,2014,FALSE,0,"40107_Live individuals_2014"
9652,44.768246,-94.155746,375,"Zenaida","macroura","mourning dove","Animalia",40109,292,"Live individuals",2014,7,26,207,2456865,NA,"40109_Live individuals","Adults observed","MN",11,2014-07-26,"calendar",207,2014,FALSE,0,"40109_Live individuals_2014"
9652,44.768246,-94.155746,1095,"Chordeiles","minor","common nighthawk","Animalia",40112,292,"Live individuals",2014,7,26,207,2456865,77,"40112_Live individuals","Adults observed","MN",13,2014-07-26,"calendar",207,2014,FALSE,0,"40112_Live individuals_2014"
10717,38.285664,-111.246605,246,"Turdus","migratorius","American robin","Animalia",42593,292,"Live individuals",2014,3,26,85,2456743,1,"42593_Live individuals","Adults observed","UT",11,2014-03-26,"calendar",85,2014,FALSE,0,"42593_Live individuals_2014"
11598,43.073357,-71.150681,243,"Gavia","immer","common loon","Animalia",48357,292,"Live individuals",2014,4,20,110,2456768,7,"48357_Live individuals","Adults observed","NH",13,2014-04-20,"calendar",110,2014,FALSE,0,"48357_Live individuals_2014"
6102,32.23188,-110.951012,353,"Archilochus","alexandri","black-chinned hummingbird","Animalia",49640,292,"Live individuals",2014,9,14,257,2456915,3,"49640_Live individuals","Adults observed","AZ",9,2014-09-14,"calendar",257,2014,FALSE,0,"49640_Live individuals_2014"
17414,42.936153,-73.433449,1124,"Tachycineta","bicolor","tree swallow","Animalia",66940,292,"Live individuals",2014,4,11,101,2456759,5,"66940_Live individuals","Adults observed","NY",12,2014-04-11,"calendar",101,2014,FALSE,0,"66940_Live individuals_2014"
9341,35.639874,-83.687721,1098,"Setophaga","virens","black-throated green warbler","Animalia",75375,293,"Calls or song (birds)",2014,4,8,98,2456756,NA,"75375_Calls or song (birds)","Adults observed","TN",13,2014-04-08,"calendar",98,2014,FALSE,0,"75375_Calls or song (birds)_2014"
9342,35.644516,-83.68988,1236,"Setophaga","citrina","hooded warbler","Animalia",75388,292,"Live individuals",2014,4,12,102,2456760,NA,"75388_Live individuals","Adults observed","TN",10,2014-04-12,"calendar",102,2014,FALSE,0,"75388_Live individuals_2014"
9340,35.642353,-83.687431,1236,"Setophaga","citrina","hooded warbler","Animalia",75396,293,"Calls or song (birds)",2014,4,12,102,2456760,NA,"75396_Calls or song (birds)","Adults observed","TN",9,2014-04-12,"calendar",102,2014,FALSE,0,"75396_Calls or song (birds)_2014"
8806,35.640625,-83.689034,1098,"Setophaga","virens","black-throated green warbler","Animalia",75401,293,"Calls or song (birds)",2014,5,9,129,2456787,NA,"75401_Calls or song (birds)","Adults observed","TN",14,2014-05-09,"calendar",129,2014,FALSE,0,"75401_Calls or song (birds)_2014"
8806,35.640625,-83.689034,1230,"Setophaga","americana","northern parula","Animalia",75406,293,"Calls or song (birds)",2014,4,25,115,2456773,NA,"75406_Calls or song (birds)","Adults observed","TN",11,2014-04-25,"calendar",115,2014,FALSE,0,"75406_Calls or song (birds)_2014"
8806,35.640625,-83.689034,377,"Vireo","olivaceus","red-eyed vireo","Animalia",75407,293,"Calls or song (birds)",2014,5,9,129,2456787,NA,"75407_Calls or song (birds)","Adults observed","TN",14,2014-05-09,"calendar",129,2014,FALSE,0,"75407_Calls or song (birds)_2014"
681,41.296783,-105.5746,246,"Turdus","migratorius","American robin","Animalia",6025,292,"Live individuals",2015,3,22,81,2457104,NA,"6025_Live individuals","Adults observed","WY",10,2015-03-22,"calendar",81,2015,FALSE,0,"6025_Live individuals_2015"
5428,48.033489,-122.598724,240,"Spinus","tristis","American goldfinch","Animalia",11347,292,"Live individuals",2015,3,26,85,2457108,NA,"11347_Live individuals","Adults observed","WA",14,2015-03-26,"calendar",85,2015,FALSE,0,"11347_Live individuals_2015"
5582,45.195858,-70.45369,243,"Gavia","immer","common loon","Animalia",12467,293,"Calls or song (birds)",2015,5,21,141,2457164,7,"12467_Calls or song (birds)","Adults observed","ME",12,2015-05-21,"calendar",141,2015,FALSE,0,"12467_Calls or song (birds)_2015"
5583,45.196041,-70.459015,243,"Gavia","immer","common loon","Animalia",12472,292,"Live individuals",2015,5,21,141,2457164,7,"12472_Live individuals","Adults observed","ME",12,2015-05-21,"calendar",141,2015,FALSE,0,"12472_Live individuals_2015"
5674,44.910587,-70.266861,246,"Turdus","migratorius","American robin","Animalia",12709,292,"Live individuals",2015,3,8,67,2457090,7,"12709_Live individuals","Adults observed","ME",13,2015-03-08,"calendar",67,2015,FALSE,0,"12709_Live individuals_2015"
5674,44.910587,-70.266861,352,"Archilochus","colubris","ruby-throated hummingbird","Animalia",12712,292,"Live individuals",2015,5,11,131,2457154,7,"12712_Live individuals","Adults observed","ME",14,2015-05-11,"calendar",131,2015,FALSE,0,"12712_Live individuals_2015"
2803,39.971001,-105.397003,246,"Turdus","migratorius","American robin","Animalia",16046,292,"Live individuals",2015,3,15,74,2457097,1,"16046_Live individuals","Adults observed","CO",15,2015-03-15,"calendar",74,2015,FALSE,0,"16046_Live individuals_2015"
2803,39.971001,-105.397003,354,"Selasphorus","platycercus","broad-tailed hummingbird","Animalia",16048,292,"Live individuals",2015,4,24,114,2457137,13,"16048_Live individuals","Adults observed","CO",15,2015-04-24,"calendar",114,2015,FALSE,0,"16048_Live individuals_2015"
2803,39.971001,-105.397003,357,"Sialia","mexicana","western bluebird","Animalia",16214,292,"Live individuals",2015,4,7,97,2457120,2,"16214_Live individuals","Adults observed","CO",14,2015-04-07,"calendar",97,2015,FALSE,0,"16214_Live individuals_2015"
6481,42.456135,-72.344215,352,"Archilochus","colubris","ruby-throated hummingbird","Animalia",19040,292,"Live individuals",2015,7,11,192,2457215,NA,"19040_Live individuals","Adults observed","MA",9,2015-07-11,"calendar",192,2015,FALSE,0,"19040_Live individuals_2015"
8242,31.596231,-110.575493,353,"Archilochus","alexandri","black-chinned hummingbird","Animalia",23606,292,"Live individuals",2015,3,23,82,2457105,43,"23606_Live individuals","Adults observed","AZ",10,2015-03-23,"calendar",82,2015,FALSE,0,"23606_Live individuals_2015"
8496,46.328629,-96.061256,246,"Turdus","migratorius","American robin","Animalia",25780,292,"Live individuals",2015,3,14,73,2457096,6,"25780_Live individuals","Adults observed","MN",14,2015-03-14,"calendar",73,2015,FALSE,0,"25780_Live individuals_2015"
8496,46.328629,-96.061256,352,"Archilochus","colubris","ruby-throated hummingbird","Animalia",25784,292,"Live individuals",2015,5,16,136,2457159,7,"25784_Live individuals","Adults observed","MN",14,2015-05-16,"calendar",136,2015,FALSE,0,"25784_Live individuals_2015"
8496,46.328629,-96.061256,1104,"Hirundo","rustica","barn swallow","Animalia",25894,292,"Live individuals",2015,4,29,119,2457142,1,"25894_Live individuals","Adults observed","MN",14,2015-04-29,"calendar",119,2015,FALSE,0,"25894_Live individuals_2015"
8496,46.328629,-96.061256,1117,"Sayornis","phoebe","eastern phoebe","Animalia",25896,292,"Live individuals",2015,4,12,102,2457125,5,"25896_Live individuals","Adults observed","MN",9,2015-04-12,"calendar",102,2015,FALSE,0,"25896_Live individuals_2015"
8496,46.328629,-96.061256,355,"Troglodytes","aedon","house wren","Animalia",25897,292,"Live individuals",2015,4,28,118,2457141,6,"25897_Live individuals","Adults observed","MN",14,2015-04-28,"calendar",118,2015,FALSE,0,"25897_Live individuals_2015"
8496,46.328629,-96.061256,1124,"Tachycineta","bicolor","tree swallow","Animalia",25899,292,"Live individuals",2015,4,12,102,2457125,5,"25899_Live individuals","Adults observed","MN",14,2015-04-12,"calendar",102,2015,FALSE,0,"25899_Live individuals_2015"
8715,43.522804,-70.802277,352,"Archilochus","colubris","ruby-throated hummingbird","Animalia",28193,292,"Live individuals",2015,5,13,133,2457156,7,"28193_Live individuals","Adults observed","ME",14,2015-05-13,"calendar",133,2015,FALSE,0,"28193_Live individuals_2015"
8736,44.903229,-93.217445,352,"Archilochus","colubris","ruby-throated hummingbird","Animalia",28356,292,"Live individuals",2015,8,4,216,2457239,1,"28356_Live individuals","Adults observed","MN",10,2015-08-04,"calendar",216,2015,FALSE,0,"28356_Live individuals_2015"
8242,31.596231,-110.575493,1104,"Hirundo","rustica","barn swallow","Animalia",29638,292,"Live individuals",2015,4,13,103,2457126,21,"29638_Live individuals","Adults observed","AZ",10,2015-04-13,"calendar",103,2015,FALSE,0,"29638_Live individuals_2015"
8418,32.363758,-94.873947,352,"Archilochus","colubris","ruby-throated hummingbird","Animalia",30980,292,"Live individuals",2015,3,25,84,2457107,3,"30980_Live individuals","Adults observed","TX",12,2015-03-25,"calendar",84,2015,FALSE,0,"30980_Live individuals_2015"
8496,46.328629,-96.061256,375,"Zenaida","macroura","mourning dove","Animalia",32296,292,"Live individuals",2015,1,5,5,2457028,3,"32296_Live individuals","Adults observed","MN",14,2015-01-05,"calendar",5,2015,FALSE,0,"32296_Live individuals_2015"
10145,42.602543,-83.250992,1193,"Setophaga","ruticilla","American redstart","Animalia",38839,293,"Calls or song (birds)",2015,5,1,121,2457144,1,"38839_Calls or song (birds)","Adults observed","MI",10,2015-05-01,"calendar",121,2015,FALSE,0,"38839_Calls or song (birds)_2015"
10145,42.602543,-83.250992,1104,"Hirundo","rustica","barn swallow","Animalia",38845,292,"Live individuals",2015,5,23,143,2457166,NA,"38845_Live individuals","Adults observed","MI",13,2015-05-23,"calendar",143,2015,FALSE,0,"38845_Live individuals_2015"
10145,42.602543,-83.250992,1098,"Setophaga","virens","black-throated green warbler","Animalia",38850,293,"Calls or song (birds)",2015,5,5,125,2457148,NA,"38850_Calls or song (birds)","Adults observed","MI",9,2015-05-05,"calendar",125,2015,FALSE,0,"38850_Calls or song (birds)_2015"
10145,42.602543,-83.250992,1085,"Buteo","platypterus","broad-winged hawk","Animalia",38856,292,"Live individuals",2015,4,19,109,2457132,NA,"38856_Live individuals","Adults observed","MI",9,2015-04-19,"calendar",109,2015,FALSE,0,"38856_Live individuals_2015"
10145,42.602543,-83.250992,363,"Molothrus","ater","brown-headed cowbird","Animalia",38857,292,"Live individuals",2015,4,12,102,2457125,1,"38857_Live individuals","Adults observed","MI",13,2015-04-12,"calendar",102,2015,FALSE,0,"38857_Live individuals_2015"
10145,42.602543,-83.250992,1093,"Chaetura","pelagica","chimney swift","Animalia",38864,292,"Live individuals",2015,6,18,169,2457192,1,"38864_Live individuals","Adults observed","MI",13,2015-06-18,"calendar",169,2015,FALSE,0,"38864_Live individuals_2015"
10145,42.602543,-83.250992,355,"Troglodytes","aedon","house wren","Animalia",38908,292,"Live individuals",2015,7,3,184,2457207,1,"38908_Live individuals","Adults observed","MI",13,2015-07-03,"calendar",184,2015,FALSE,0,"38908_Live individuals_2015"
10145,42.602543,-83.250992,359,"Agelaius","phoeniceus","red-winged blackbird","Animalia",38946,292,"Live individuals",2015,3,16,75,2457098,NA,"38946_Live individuals","Adults observed","MI",13,2015-03-16,"calendar",75,2015,FALSE,0,"38946_Live individuals_2015"
10145,42.602543,-83.250992,352,"Archilochus","colubris","ruby-throated hummingbird","Animalia",38951,292,"Live individuals",2015,5,9,129,2457152,NA,"38951_Live individuals","Adults observed","MI",11,2015-05-09,"calendar",129,2015,FALSE,0,"38951_Live individuals_2015"
9652,44.768246,-94.155746,246,"Turdus","migratorius","American robin","Animalia",40107,292,"Live individuals",2015,3,16,75,2457098,NA,"40107_Live individuals","Adults observed","MN",13,2015-03-16,"calendar",75,2015,FALSE,0,"40107_Live individuals_2015"
9652,44.768246,-94.155746,240,"Spinus","tristis","American goldfinch","Animalia",40108,292,"Live individuals",2015,5,13,133,2457156,NA,"40108_Live individuals","Adults observed","MN",10,2015-05-13,"calendar",133,2015,FALSE,0,"40108_Live individuals_2015"
9652,44.768246,-94.155746,375,"Zenaida","macroura","mourning dove","Animalia",40109,292,"Live individuals",2015,4,16,106,2457129,NA,"40109_Live individuals","Adults observed","MN",11,2015-04-16,"calendar",106,2015,FALSE,0,"40109_Live individuals_2015"
9652,44.768246,-94.155746,1095,"Chordeiles","minor","common nighthawk","Animalia",40112,292,"Live individuals",2015,5,12,132,2457155,NA,"40112_Live individuals","Adults observed","MN",13,2015-05-12,"calendar",132,2015,FALSE,0,"40112_Live individuals_2015"
10717,38.285664,-111.246605,246,"Turdus","migratorius","American robin","Animalia",42593,292,"Live individuals",2015,3,23,82,2457105,24,"42593_Live individuals","Adults observed","UT",11,2015-03-23,"calendar",82,2015,FALSE,0,"42593_Live individuals_2015"
11598,43.073357,-71.150681,243,"Gavia","immer","common loon","Animalia",48357,292,"Live individuals",2015,4,16,106,2457129,NA,"48357_Live individuals","Adults observed","NH",13,2015-04-16,"calendar",106,2015,FALSE,0,"48357_Live individuals_2015"
6102,32.23188,-110.951012,353,"Archilochus","alexandri","black-chinned hummingbird","Animalia",49640,292,"Live individuals",2015,9,3,246,2457269,3,"49640_Live individuals","Adults observed","AZ",9,2015-09-03,"calendar",246,2015,FALSE,0,"49640_Live individuals_2015"
5428,48.033489,-122.598724,1119,"Selasphorus","rufus","rufous hummingbird","Animalia",60984,292,"Live individuals",2015,3,26,85,2457108,NA,"60984_Live individuals","Adults observed","WA",11,2015-03-26,"calendar",85,2015,FALSE,0,"60984_Live individuals_2015"
17414,42.936153,-73.433449,1124,"Tachycineta","bicolor","tree swallow","Animalia",66940,292,"Live individuals",2015,4,8,98,2457121,6,"66940_Live individuals","Adults observed","NY",12,2015-04-08,"calendar",98,2015,FALSE,0,"66940_Live individuals_2015"
9341,35.639874,-83.687721,377,"Vireo","olivaceus","red-eyed vireo","Animalia",75374,292,"Live individuals",2015,4,24,114,2457137,NA,"75374_Live individuals","Adults observed","TN",9,2015-04-24,"calendar",114,2015,FALSE,0,"75374_Live individuals_2015"
9341,35.639874,-83.687721,1098,"Setophaga","virens","black-throated green warbler","Animalia",75375,293,"Calls or song (birds)",2015,4,29,119,2457142,NA,"75375_Calls or song (birds)","Adults observed","TN",13,2015-04-29,"calendar",119,2015,FALSE,0,"75375_Calls or song (birds)_2015"
9342,35.644516,-83.68988,1098,"Setophaga","virens","black-throated green warbler","Animalia",75386,292,"Live individuals",2015,5,2,122,2457145,NA,"75386_Live individuals","Adults observed","TN",10,2015-05-02,"calendar",122,2015,FALSE,0,"75386_Live individuals_2015"
9342,35.644516,-83.68988,1236,"Setophaga","citrina","hooded warbler","Animalia",75388,292,"Live individuals",2015,4,17,107,2457130,NA,"75388_Live individuals","Adults observed","TN",10,2015-04-17,"calendar",107,2015,FALSE,0,"75388_Live individuals_2015"
9342,35.644516,-83.68988,377,"Vireo","olivaceus","red-eyed vireo","Animalia",75391,292,"Live individuals",2015,5,29,149,2457172,27,"75391_Live individuals","Adults observed","TN",9,2015-05-29,"calendar",149,2015,FALSE,0,"75391_Live individuals_2015"
9340,35.642353,-83.687431,1236,"Setophaga","citrina","hooded warbler","Animalia",75396,293,"Calls or song (birds)",2015,4,17,107,2457130,NA,"75396_Calls or song (birds)","Adults observed","TN",9,2015-04-17,"calendar",107,2015,FALSE,0,"75396_Calls or song (birds)_2015"
8806,35.640625,-83.689034,1098,"Setophaga","virens","black-throated green warbler","Animalia",75401,293,"Calls or song (birds)",2015,4,8,98,2457121,NA,"75401_Calls or song (birds)","Adults observed","TN",14,2015-04-08,"calendar",98,2015,FALSE,0,"75401_Calls or song (birds)_2015"
8806,35.640625,-83.689034,1230,"Setophaga","americana","northern parula","Animalia",75406,293,"Calls or song (birds)",2015,4,8,98,2457121,NA,"75406_Calls or song (birds)","Adults observed","TN",11,2015-04-08,"calendar",98,2015,FALSE,0,"75406_Calls or song (birds)_2015"
8806,35.640625,-83.689034,377,"Vireo","olivaceus","red-eyed vireo","Animalia",75407,293,"Calls or song (birds)",2015,4,24,114,2457137,NA,"75407_Calls or song (birds)","Adults observed","TN",14,2015-04-24,"calendar",114,2015,FALSE,0,"75407_Calls or song (birds)_2015"
19944,33.66478,-117.843063,242,"Petrochelidon","pyrrhonota","cliff swallow","Animalia",81457,292,"Live individuals",2015,4,5,95,2457118,NA,"81457_Live individuals","Adults observed","CA",11,2015-04-05,"calendar",95,2015,FALSE,0,"81457_Live individuals_2015"
17414,42.936153,-73.433449,1197,"Geothlypis","trichas","common yellowthroat","Animalia",86970,292,"Live individuals",2015,6,19,170,2457193,7,"86970_Live individuals","Adults observed","NY",10,2015-06-19,"calendar",170,2015,FALSE,0,"86970_Live individuals_2015"
5261,42.448402,-72.345314,1118,"Scolopax","minor","American woodcock","Animalia",87881,292,"Live individuals",2015,4,10,100,2457123,NA,"87881_Live individuals","Adults observed","MA",9,2015-04-10,"calendar",100,2015,FALSE,0,"87881_Live individuals_2015"
20765,33.632149,-117.55545,358,"Setophaga","petechia","yellow warbler","Animalia",88476,293,"Calls or song (birds)",2015,6,9,160,2457183,5,"88476_Calls or song (birds)","Adults observed","CA",9,2015-06-09,"calendar",160,2015,FALSE,0,"88476_Calls or song (birds)_2015"
681,41.296783,-105.5746,246,"Turdus","migratorius","American robin","Animalia",6025,292,"Live individuals",2016,3,22,82,2457470,NA,"6025_Live individuals","Adults observed","WY",10,2016-03-22,"calendar",82,2016,FALSE,0,"6025_Live individuals_2016"
1419,42.011166,-88.503304,244,"Charadrius","vociferus","killdeer","Animalia",10286,293,"Calls or song (birds)",2016,3,9,69,2457457,17,"10286_Calls or song (birds)","Adults observed","IL",12,2016-03-09,"calendar",69,2016,FALSE,0,"10286_Calls or song (birds)_2016"
1447,42.176537,-85.892448,360,"Icterus","galbula","Baltimore oriole","Animalia",11246,293,"Calls or song (birds)",2016,5,18,139,2457527,3,"11246_Calls or song (birds)","Adults observed","MI",9,2016-05-18,"calendar",139,2016,FALSE,0,"11246_Calls or song (birds)_2016"
5428,48.033489,-122.598724,240,"Spinus","tristis","American goldfinch","Animalia",11347,292,"Live individuals",2016,5,2,123,2457511,10,"11347_Live individuals","Adults observed","WA",14,2016-05-02,"calendar",123,2016,FALSE,0,"11347_Live individuals_2016"
5582,45.195858,-70.45369,243,"Gavia","immer","common loon","Animalia",12467,293,"Calls or song (birds)",2016,5,4,125,2457513,8,"12467_Calls or song (birds)","Adults observed","ME",12,2016-05-04,"calendar",125,2016,FALSE,0,"12467_Calls or song (birds)_2016"
5583,45.196041,-70.459015,243,"Gavia","immer","common loon","Animalia",12472,292,"Live individuals",2016,4,26,117,2457505,NA,"12472_Live individuals","Adults observed","ME",12,2016-04-26,"calendar",117,2016,FALSE,0,"12472_Live individuals_2016"
5674,44.910587,-70.266861,246,"Turdus","migratorius","American robin","Animalia",12709,292,"Live individuals",2016,3,20,80,2457468,7,"12709_Live individuals","Adults observed","ME",13,2016-03-20,"calendar",80,2016,FALSE,0,"12709_Live individuals_2016"
5674,44.910587,-70.266861,352,"Archilochus","colubris","ruby-throated hummingbird","Animalia",12712,292,"Live individuals",2016,5,15,136,2457524,7,"12712_Live individuals","Adults observed","ME",14,2016-05-15,"calendar",136,2016,FALSE,0,"12712_Live individuals_2016"
2803,39.971001,-105.397003,246,"Turdus","migratorius","American robin","Animalia",16046,292,"Live individuals",2016,1,3,3,2457391,NA,"16046_Live individuals","Adults observed","CO",15,2016-01-03,"calendar",3,2016,FALSE,0,"16046_Live individuals_2016"
2803,39.971001,-105.397003,354,"Selasphorus","platycercus","broad-tailed hummingbird","Animalia",16048,292,"Live individuals",2016,5,6,127,2457515,5,"16048_Live individuals","Adults observed","CO",15,2016-05-06,"calendar",127,2016,FALSE,0,"16048_Live individuals_2016"
2803,39.971001,-105.397003,357,"Sialia","mexicana","western bluebird","Animalia",16214,292,"Live individuals",2016,8,19,232,2457620,3,"16214_Live individuals","Adults observed","CO",14,2016-08-19,"calendar",232,2016,FALSE,0,"16214_Live individuals_2016"
8242,31.596231,-110.575493,353,"Archilochus","alexandri","black-chinned hummingbird","Animalia",23606,292,"Live individuals",2016,3,23,83,2457471,40,"23606_Live individuals","Adults observed","AZ",10,2016-03-23,"calendar",83,2016,FALSE,0,"23606_Live individuals_2016"
8496,46.328629,-96.061256,246,"Turdus","migratorius","American robin","Animalia",25780,292,"Live individuals",2016,3,3,63,2457451,5,"25780_Live individuals","Adults observed","MN",14,2016-03-03,"calendar",63,2016,FALSE,0,"25780_Live individuals_2016"
8496,46.328629,-96.061256,352,"Archilochus","colubris","ruby-throated hummingbird","Animalia",25784,292,"Live individuals",2016,5,20,141,2457529,6,"25784_Live individuals","Adults observed","MN",14,2016-05-20,"calendar",141,2016,FALSE,0,"25784_Live individuals_2016"
8496,46.328629,-96.061256,1104,"Hirundo","rustica","barn swallow","Animalia",25894,292,"Live individuals",2016,4,30,121,2457509,6,"25894_Live individuals","Adults observed","MN",14,2016-04-30,"calendar",121,2016,FALSE,0,"25894_Live individuals_2016"
8496,46.328629,-96.061256,1117,"Sayornis","phoebe","eastern phoebe","Animalia",25896,292,"Live individuals",2016,4,13,104,2457492,3,"25896_Live individuals","Adults observed","MN",9,2016-04-13,"calendar",104,2016,FALSE,0,"25896_Live individuals_2016"
8496,46.328629,-96.061256,355,"Troglodytes","aedon","house wren","Animalia",25897,292,"Live individuals",2016,5,14,135,2457523,4,"25897_Live individuals","Adults observed","MN",14,2016-05-14,"calendar",135,2016,FALSE,0,"25897_Live individuals_2016"
8496,46.328629,-96.061256,1124,"Tachycineta","bicolor","tree swallow","Animalia",25899,292,"Live individuals",2016,4,20,111,2457499,5,"25899_Live individuals","Adults observed","MN",14,2016-04-20,"calendar",111,2016,FALSE,0,"25899_Live individuals_2016"
8715,43.522804,-70.802277,352,"Archilochus","colubris","ruby-throated hummingbird","Animalia",28193,292,"Live individuals",2016,6,16,168,2457556,8,"28193_Live individuals","Adults observed","ME",14,2016-06-16,"calendar",168,2016,FALSE,0,"28193_Live individuals_2016"
8736,44.903229,-93.217445,352,"Archilochus","colubris","ruby-throated hummingbird","Animalia",28356,292,"Live individuals",2016,7,14,196,2457584,1,"28356_Live individuals","Adults observed","MN",10,2016-07-14,"calendar",196,2016,FALSE,0,"28356_Live individuals_2016"
8242,31.596231,-110.575493,1104,"Hirundo","rustica","barn swallow","Animalia",29638,292,"Live individuals",2016,4,16,107,2457495,24,"29638_Live individuals","Adults observed","AZ",10,2016-04-16,"calendar",107,2016,FALSE,0,"29638_Live individuals_2016"
8418,32.363758,-94.873947,352,"Archilochus","colubris","ruby-throated hummingbird","Animalia",30980,292,"Live individuals",2016,4,10,101,2457489,4,"30980_Live individuals","Adults observed","TX",12,2016-04-10,"calendar",101,2016,FALSE,0,"30980_Live individuals_2016"
8496,46.328629,-96.061256,375,"Zenaida","macroura","mourning dove","Animalia",32296,292,"Live individuals",2016,1,31,31,2457419,5,"32296_Live individuals","Adults observed","MN",14,2016-01-31,"calendar",31,2016,FALSE,0,"32296_Live individuals_2016"
10145,42.602543,-83.250992,1193,"Setophaga","ruticilla","American redstart","Animalia",38839,293,"Calls or song (birds)",2016,5,16,137,2457525,1,"38839_Calls or song (birds)","Adults observed","MI",10,2016-05-16,"calendar",137,2016,FALSE,0,"38839_Calls or song (birds)_2016"
10145,42.602543,-83.250992,360,"Icterus","galbula","Baltimore oriole","Animalia",38844,292,"Live individuals",2016,5,16,137,2457525,NA,"38844_Live individuals","Adults observed","MI",10,2016-05-16,"calendar",137,2016,FALSE,0,"38844_Live individuals_2016"
10145,42.602543,-83.250992,1104,"Hirundo","rustica","barn swallow","Animalia",38845,292,"Live individuals",2016,5,9,130,2457518,NA,"38845_Live individuals","Adults observed","MI",13,2016-05-09,"calendar",130,2016,FALSE,0,"38845_Live individuals_2016"
10145,42.602543,-83.250992,1098,"Setophaga","virens","black-throated green warbler","Animalia",38850,293,"Calls or song (birds)",2016,5,9,130,2457518,1,"38850_Calls or song (birds)","Adults observed","MI",9,2016-05-09,"calendar",130,2016,FALSE,0,"38850_Calls or song (birds)_2016"
10145,42.602543,-83.250992,1085,"Buteo","platypterus","broad-winged hawk","Animalia",38856,292,"Live individuals",2016,7,9,191,2457579,NA,"38856_Live individuals","Adults observed","MI",9,2016-07-09,"calendar",191,2016,FALSE,0,"38856_Live individuals_2016"
10145,42.602543,-83.250992,363,"Molothrus","ater","brown-headed cowbird","Animalia",38857,292,"Live individuals",2016,3,27,87,2457475,NA,"38857_Live individuals","Adults observed","MI",13,2016-03-27,"calendar",87,2016,FALSE,0,"38857_Live individuals_2016"
10145,42.602543,-83.250992,1093,"Chaetura","pelagica","chimney swift","Animalia",38864,292,"Live individuals",2016,6,3,155,2457543,1,"38864_Live individuals","Adults observed","MI",13,2016-06-03,"calendar",155,2016,FALSE,0,"38864_Live individuals_2016"
10145,42.602543,-83.250992,355,"Troglodytes","aedon","house wren","Animalia",38908,292,"Live individuals",2016,5,16,137,2457525,1,"38908_Live individuals","Adults observed","MI",13,2016-05-16,"calendar",137,2016,FALSE,0,"38908_Live individuals_2016"
10145,42.602543,-83.250992,359,"Agelaius","phoeniceus","red-winged blackbird","Animalia",38946,292,"Live individuals",2016,3,10,70,2457458,1,"38946_Live individuals","Adults observed","MI",13,2016-03-10,"calendar",70,2016,FALSE,0,"38946_Live individuals_2016"
10145,42.602543,-83.250992,352,"Archilochus","colubris","ruby-throated hummingbird","Animalia",38951,292,"Live individuals",2016,5,18,139,2457527,NA,"38951_Live individuals","Adults observed","MI",11,2016-05-18,"calendar",139,2016,FALSE,0,"38951_Live individuals_2016"
9652,44.768246,-94.155746,246,"Turdus","migratorius","American robin","Animalia",40107,292,"Live individuals",2016,3,13,73,2457461,NA,"40107_Live individuals","Adults observed","MN",13,2016-03-13,"calendar",73,2016,FALSE,0,"40107_Live individuals_2016"
9652,44.768246,-94.155746,1095,"Chordeiles","minor","common nighthawk","Animalia",40112,292,"Live individuals",2016,5,18,139,2457527,NA,"40112_Live individuals","Adults observed","MN",13,2016-05-18,"calendar",139,2016,FALSE,0,"40112_Live individuals_2016"
10717,38.285664,-111.246605,246,"Turdus","migratorius","American robin","Animalia",42593,292,"Live individuals",2016,4,3,94,2457482,3,"42593_Live individuals","Adults observed","UT",11,2016-04-03,"calendar",94,2016,FALSE,0,"42593_Live individuals_2016"
1419,42.011166,-88.503304,1117,"Sayornis","phoebe","eastern phoebe","Animalia",44642,292,"Live individuals",2016,4,10,101,2457489,13,"44642_Live individuals","Adults observed","IL",11,2016-04-10,"calendar",101,2016,FALSE,0,"44642_Live individuals_2016"
11598,43.073357,-71.150681,243,"Gavia","immer","common loon","Animalia",48357,292,"Live individuals",2016,4,15,106,2457494,NA,"48357_Live individuals","Adults observed","NH",13,2016-04-15,"calendar",106,2016,FALSE,0,"48357_Live individuals_2016"
6102,32.23188,-110.951012,353,"Archilochus","alexandri","black-chinned hummingbird","Animalia",49640,292,"Live individuals",2016,3,9,69,2457457,NA,"49640_Live individuals","Adults observed","AZ",9,2016-03-09,"calendar",69,2016,FALSE,0,"49640_Live individuals_2016"
5428,48.033489,-122.598724,1119,"Selasphorus","rufus","rufous hummingbird","Animalia",60984,292,"Live individuals",2016,3,25,85,2457473,NA,"60984_Live individuals","Adults observed","WA",11,2016-03-25,"calendar",85,2016,FALSE,0,"60984_Live individuals_2016"
17414,42.936153,-73.433449,1124,"Tachycineta","bicolor","tree swallow","Animalia",66940,292,"Live individuals",2016,4,15,106,2457494,4,"66940_Live individuals","Adults observed","NY",12,2016-04-15,"calendar",106,2016,FALSE,0,"66940_Live individuals_2016"
9341,35.639874,-83.687721,377,"Vireo","olivaceus","red-eyed vireo","Animalia",75374,292,"Live individuals",2016,4,28,119,2457507,7,"75374_Live individuals","Adults observed","TN",9,2016-04-28,"calendar",119,2016,FALSE,0,"75374_Live individuals_2016"
9341,35.639874,-83.687721,1098,"Setophaga","virens","black-throated green warbler","Animalia",75375,293,"Calls or song (birds)",2016,4,5,96,2457484,7,"75375_Calls or song (birds)","Adults observed","TN",13,2016-04-05,"calendar",96,2016,FALSE,0,"75375_Calls or song (birds)_2016"
9342,35.644516,-83.68988,1098,"Setophaga","virens","black-throated green warbler","Animalia",75386,292,"Live individuals",2016,4,1,92,2457480,NA,"75386_Live individuals","Adults observed","TN",10,2016-04-01,"calendar",92,2016,FALSE,0,"75386_Live individuals_2016"
9342,35.644516,-83.68988,1236,"Setophaga","citrina","hooded warbler","Animalia",75388,292,"Live individuals",2016,4,23,114,2457502,15,"75388_Live individuals","Adults observed","TN",10,2016-04-23,"calendar",114,2016,FALSE,0,"75388_Live individuals_2016"
9342,35.644516,-83.68988,377,"Vireo","olivaceus","red-eyed vireo","Animalia",75391,292,"Live individuals",2016,4,23,114,2457502,15,"75391_Live individuals","Adults observed","TN",9,2016-04-23,"calendar",114,2016,FALSE,0,"75391_Live individuals_2016"
8806,35.640625,-83.689034,1098,"Setophaga","virens","black-throated green warbler","Animalia",75401,293,"Calls or song (birds)",2016,4,20,111,2457499,NA,"75401_Calls or song (birds)","Adults observed","TN",14,2016-04-20,"calendar",111,2016,FALSE,0,"75401_Calls or song (birds)_2016"
8806,35.640625,-83.689034,1230,"Setophaga","americana","northern parula","Animalia",75406,293,"Calls or song (birds)",2016,4,20,111,2457499,NA,"75406_Calls or song (birds)","Adults observed","TN",11,2016-04-20,"calendar",111,2016,FALSE,0,"75406_Calls or song (birds)_2016"
8806,35.640625,-83.689034,377,"Vireo","olivaceus","red-eyed vireo","Animalia",75407,293,"Calls or song (birds)",2016,4,20,111,2457499,NA,"75407_Calls or song (birds)","Adults observed","TN",14,2016-04-20,"calendar",111,2016,FALSE,0,"75407_Calls or song (birds)_2016"
19944,33.66478,-117.843063,242,"Petrochelidon","pyrrhonota","cliff swallow","Animalia",81457,292,"Live individuals",2016,1,15,15,2457403,13,"81457_Live individuals","Adults observed","CA",11,2016-01-15,"calendar",15,2016,FALSE,0,"81457_Live individuals_2016"
17414,42.936153,-73.433449,1197,"Geothlypis","trichas","common yellowthroat","Animalia",86970,292,"Live individuals",2016,7,24,206,2457594,9,"86970_Live individuals","Adults observed","NY",10,2016-07-24,"calendar",206,2016,FALSE,0,"86970_Live individuals_2016"
20765,33.632149,-117.55545,358,"Setophaga","petechia","yellow warbler","Animalia",88476,293,"Calls or song (birds)",2016,3,9,69,2457457,6,"88476_Calls or song (birds)","Adults observed","CA",9,2016-03-09,"calendar",69,2016,FALSE,0,"88476_Calls or song (birds)_2016"
21729,44.913651,-69.939186,243,"Gavia","immer","common loon","Animalia",95310,292,"Live individuals",2016,5,12,133,2457521,13,"95310_Live individuals","Adults observed","ME",9,2016-05-12,"calendar",133,2016,FALSE,0,"95310_Live individuals_2016"
22858,38.09404,-122.37149,1124,"Tachycineta","bicolor","tree swallow","Animalia",103160,292,"Live individuals",2016,4,18,109,2457497,NA,"103160_Live individuals","Adults observed","CA",10,2016-04-18,"calendar",109,2016,FALSE,0,"103160_Live individuals_2016"
17414,42.936153,-73.433449,352,"Archilochus","colubris","ruby-throated hummingbird","Animalia",103211,292,"Live individuals",2016,5,8,129,2457517,1,"103211_Live individuals","Adults observed","NY",10,2016-05-08,"calendar",129,2016,FALSE,0,"103211_Live individuals_2016"
23690,44.966442,-70.773682,243,"Gavia","immer","common loon","Animalia",111658,292,"Live individuals",2016,5,21,142,2457530,NA,"111658_Live individuals","Adults observed","ME",9,2016-05-21,"calendar",142,2016,FALSE,0,"111658_Live individuals_2016"
1447,42.176537,-85.892448,360,"Icterus","galbula","Baltimore oriole","Animalia",11246,293,"Calls or song (birds)",2017,5,9,129,2457883,23,"11246_Calls or song (birds)","Adults observed","MI",9,2017-05-09,"calendar",129,2017,FALSE,0,"11246_Calls or song (birds)_2017"
5428,48.033489,-122.598724,240,"Spinus","tristis","American goldfinch","Animalia",11347,292,"Live individuals",2017,4,20,110,2457864,15,"11347_Live individuals","Adults observed","WA",14,2017-04-20,"calendar",110,2017,FALSE,0,"11347_Live individuals_2017"
5582,45.195858,-70.45369,243,"Gavia","immer","common loon","Animalia",12467,293,"Calls or song (birds)",2017,4,26,116,2457870,13,"12467_Calls or song (birds)","Adults observed","ME",12,2017-04-26,"calendar",116,2017,FALSE,0,"12467_Calls or song (birds)_2017"
5583,45.196041,-70.459015,243,"Gavia","immer","common loon","Animalia",12472,292,"Live individuals",2017,4,26,116,2457870,13,"12472_Live individuals","Adults observed","ME",12,2017-04-26,"calendar",116,2017,FALSE,0,"12472_Live individuals_2017"
5674,44.910587,-70.266861,246,"Turdus","migratorius","American robin","Animalia",12709,292,"Live individuals",2017,4,16,106,2457860,7,"12709_Live individuals","Adults observed","ME",13,2017-04-16,"calendar",106,2017,FALSE,0,"12709_Live individuals_2017"
5674,44.910587,-70.266861,352,"Archilochus","colubris","ruby-throated hummingbird","Animalia",12712,292,"Live individuals",2017,5,7,127,2457881,7,"12712_Live individuals","Adults observed","ME",14,2017-05-07,"calendar",127,2017,FALSE,0,"12712_Live individuals_2017"
2803,39.971001,-105.397003,246,"Turdus","migratorius","American robin","Animalia",16046,292,"Live individuals",2017,1,9,9,2457763,2,"16046_Live individuals","Adults observed","CO",15,2017-01-09,"calendar",9,2017,FALSE,0,"16046_Live individuals_2017"
2803,39.971001,-105.397003,354,"Selasphorus","platycercus","broad-tailed hummingbird","Animalia",16048,292,"Live individuals",2017,4,17,107,2457861,2,"16048_Live individuals","Adults observed","CO",15,2017-04-17,"calendar",107,2017,FALSE,0,"16048_Live individuals_2017"
2803,39.971001,-105.397003,357,"Sialia","mexicana","western bluebird","Animalia",16214,292,"Live individuals",2017,4,3,93,2457847,2,"16214_Live individuals","Adults observed","CO",14,2017-04-03,"calendar",93,2017,FALSE,0,"16214_Live individuals_2017"
8242,31.596231,-110.575493,353,"Archilochus","alexandri","black-chinned hummingbird","Animalia",23606,292,"Live individuals",2017,4,2,92,2457846,17,"23606_Live individuals","Adults observed","AZ",10,2017-04-02,"calendar",92,2017,FALSE,0,"23606_Live individuals_2017"
8496,46.328629,-96.061256,246,"Turdus","migratorius","American robin","Animalia",25780,292,"Live individuals",2017,3,27,86,2457840,NA,"25780_Live individuals","Adults observed","MN",14,2017-03-27,"calendar",86,2017,FALSE,0,"25780_Live individuals_2017"
8496,46.328629,-96.061256,352,"Archilochus","colubris","ruby-throated hummingbird","Animalia",25784,292,"Live individuals",2017,5,22,142,2457896,5,"25784_Live individuals","Adults observed","MN",14,2017-05-22,"calendar",142,2017,FALSE,0,"25784_Live individuals_2017"
8496,46.328629,-96.061256,1104,"Hirundo","rustica","barn swallow","Animalia",25894,292,"Live individuals",2017,5,3,123,2457877,13,"25894_Live individuals","Adults observed","MN",14,2017-05-03,"calendar",123,2017,FALSE,0,"25894_Live individuals_2017"
8496,46.328629,-96.061256,1117,"Sayornis","phoebe","eastern phoebe","Animalia",25896,292,"Live individuals",2017,4,20,110,2457864,13,"25896_Live individuals","Adults observed","MN",9,2017-04-20,"calendar",110,2017,FALSE,0,"25896_Live individuals_2017"
8496,46.328629,-96.061256,355,"Troglodytes","aedon","house wren","Animalia",25897,292,"Live individuals",2017,5,12,132,2457886,5,"25897_Live individuals","Adults observed","MN",14,2017-05-12,"calendar",132,2017,FALSE,0,"25897_Live individuals_2017"
8496,46.328629,-96.061256,1124,"Tachycineta","bicolor","tree swallow","Animalia",25899,292,"Live individuals",2017,4,7,97,2457851,NA,"25899_Live individuals","Adults observed","MN",14,2017-04-07,"calendar",97,2017,FALSE,0,"25899_Live individuals_2017"
8715,43.522804,-70.802277,352,"Archilochus","colubris","ruby-throated hummingbird","Animalia",28193,292,"Live individuals",2017,5,3,123,2457877,6,"28193_Live individuals","Adults observed","ME",14,2017-05-03,"calendar",123,2017,FALSE,0,"28193_Live individuals_2017"
8736,44.903229,-93.217445,352,"Archilochus","colubris","ruby-throated hummingbird","Animalia",28356,292,"Live individuals",2017,7,27,208,2457962,1,"28356_Live individuals","Adults observed","MN",10,2017-07-27,"calendar",208,2017,FALSE,0,"28356_Live individuals_2017"
8242,31.596231,-110.575493,1104,"Hirundo","rustica","barn swallow","Animalia",29638,292,"Live individuals",2017,4,6,96,2457850,4,"29638_Live individuals","Adults observed","AZ",10,2017-04-06,"calendar",96,2017,FALSE,0,"29638_Live individuals_2017"
8418,32.363758,-94.873947,352,"Archilochus","colubris","ruby-throated hummingbird","Animalia",30980,292,"Live individuals",2017,4,5,95,2457849,3,"30980_Live individuals","Adults observed","TX",12,2017-04-05,"calendar",95,2017,FALSE,0,"30980_Live individuals_2017"
8496,46.328629,-96.061256,375,"Zenaida","macroura","mourning dove","Animalia",32296,292,"Live individuals",2017,1,9,9,2457763,NA,"32296_Live individuals","Adults observed","MN",14,2017-01-09,"calendar",9,2017,FALSE,0,"32296_Live individuals_2017"
9344,35.640373,-83.692863,377,"Vireo","olivaceus","red-eyed vireo","Animalia",32889,293,"Calls or song (birds)",2017,4,27,117,2457871,NA,"32889_Calls or song (birds)","Adults observed","TN",10,2017-04-27,"calendar",117,2017,FALSE,0,"32889_Calls or song (birds)_2017"
10145,42.602543,-83.250992,1193,"Setophaga","ruticilla","American redstart","Animalia",38839,293,"Calls or song (birds)",2017,5,10,130,2457884,NA,"38839_Calls or song (birds)","Adults observed","MI",10,2017-05-10,"calendar",130,2017,FALSE,0,"38839_Calls or song (birds)_2017"
10145,42.602543,-83.250992,1104,"Hirundo","rustica","barn swallow","Animalia",38845,292,"Live individuals",2017,5,1,121,2457875,NA,"38845_Live individuals","Adults observed","MI",13,2017-05-01,"calendar",121,2017,FALSE,0,"38845_Live individuals_2017"
10145,42.602543,-83.250992,1085,"Buteo","platypterus","broad-winged hawk","Animalia",38856,292,"Live individuals",2017,2,21,52,2457806,1,"38856_Live individuals","Adults observed","MI",9,2017-02-21,"calendar",52,2017,FALSE,0,"38856_Live individuals_2017"
10145,42.602543,-83.250992,363,"Molothrus","ater","brown-headed cowbird","Animalia",38857,292,"Live individuals",2017,4,24,114,2457868,2,"38857_Live individuals","Adults observed","MI",13,2017-04-24,"calendar",114,2017,FALSE,0,"38857_Live individuals_2017"
10145,42.602543,-83.250992,1093,"Chaetura","pelagica","chimney swift","Animalia",38864,292,"Live individuals",2017,5,15,135,2457889,NA,"38864_Live individuals","Adults observed","MI",13,2017-05-15,"calendar",135,2017,FALSE,0,"38864_Live individuals_2017"
10145,42.602543,-83.250992,355,"Troglodytes","aedon","house wren","Animalia",38908,292,"Live individuals",2017,6,7,158,2457912,2,"38908_Live individuals","Adults observed","MI",13,2017-06-07,"calendar",158,2017,FALSE,0,"38908_Live individuals_2017"
10145,42.602543,-83.250992,248,"Pandion","haliaetus","osprey","Animalia",38931,292,"Live individuals",2017,8,21,233,2457987,NA,"38931_Live individuals","Adults observed","MI",9,2017-08-21,"calendar",233,2017,FALSE,0,"38931_Live individuals_2017"
10145,42.602543,-83.250992,359,"Agelaius","phoeniceus","red-winged blackbird","Animalia",38946,292,"Live individuals",2017,3,23,82,2457836,1,"38946_Live individuals","Adults observed","MI",13,2017-03-23,"calendar",82,2017,FALSE,0,"38946_Live individuals_2017"
10145,42.602543,-83.250992,352,"Archilochus","colubris","ruby-throated hummingbird","Animalia",38951,292,"Live individuals",2017,5,19,139,2457893,3,"38951_Live individuals","Adults observed","MI",11,2017-05-19,"calendar",139,2017,FALSE,0,"38951_Live individuals_2017"
9652,44.768246,-94.155746,246,"Turdus","migratorius","American robin","Animalia",40107,292,"Live individuals",2017,3,6,65,2457819,NA,"40107_Live individuals","Adults observed","MN",13,2017-03-06,"calendar",65,2017,FALSE,0,"40107_Live individuals_2017"
9652,44.768246,-94.155746,240,"Spinus","tristis","American goldfinch","Animalia",40108,292,"Live individuals",2017,5,28,148,2457902,NA,"40108_Live individuals","Adults observed","MN",10,2017-05-28,"calendar",148,2017,FALSE,0,"40108_Live individuals_2017"
9652,44.768246,-94.155746,375,"Zenaida","macroura","mourning dove","Animalia",40109,292,"Live individuals",2017,4,1,91,2457845,NA,"40109_Live individuals","Adults observed","MN",11,2017-04-01,"calendar",91,2017,FALSE,0,"40109_Live individuals_2017"
9652,44.768246,-94.155746,1095,"Chordeiles","minor","common nighthawk","Animalia",40112,292,"Live individuals",2017,5,14,134,2457888,NA,"40112_Live individuals","Adults observed","MN",13,2017-05-14,"calendar",134,2017,FALSE,0,"40112_Live individuals_2017"
10717,38.285664,-111.246605,246,"Turdus","migratorius","American robin","Animalia",42593,292,"Live individuals",2017,4,19,109,2457863,NA,"42593_Live individuals","Adults observed","UT",11,2017-04-19,"calendar",109,2017,FALSE,0,"42593_Live individuals_2017"
1419,42.011166,-88.503304,1117,"Sayornis","phoebe","eastern phoebe","Animalia",44642,292,"Live individuals",2017,4,11,101,2457855,2,"44642_Live individuals","Adults observed","IL",11,2017-04-11,"calendar",101,2017,FALSE,0,"44642_Live individuals_2017"
11598,43.073357,-71.150681,243,"Gavia","immer","common loon","Animalia",48357,292,"Live individuals",2017,4,17,107,2457861,NA,"48357_Live individuals","Adults observed","NH",13,2017-04-17,"calendar",107,2017,FALSE,0,"48357_Live individuals_2017"
6102,32.23188,-110.951012,353,"Archilochus","alexandri","black-chinned hummingbird","Animalia",49640,292,"Live individuals",2017,9,12,255,2458009,NA,"49640_Live individuals","Adults observed","AZ",9,2017-09-12,"calendar",255,2017,FALSE,0,"49640_Live individuals_2017"
5428,48.033489,-122.598724,1119,"Selasphorus","rufus","rufous hummingbird","Animalia",60984,292,"Live individuals",2017,3,24,83,2457837,7,"60984_Live individuals","Adults observed","WA",11,2017-03-24,"calendar",83,2017,FALSE,0,"60984_Live individuals_2017"
17414,42.936153,-73.433449,1124,"Tachycineta","bicolor","tree swallow","Animalia",66940,292,"Live individuals",2017,3,30,89,2457843,4,"66940_Live individuals","Adults observed","NY",12,2017-03-30,"calendar",89,2017,FALSE,0,"66940_Live individuals_2017"
9341,35.639874,-83.687721,377,"Vireo","olivaceus","red-eyed vireo","Animalia",75374,292,"Live individuals",2017,4,21,111,2457865,9,"75374_Live individuals","Adults observed","TN",9,2017-04-21,"calendar",111,2017,FALSE,0,"75374_Live individuals_2017"
9341,35.639874,-83.687721,1098,"Setophaga","virens","black-throated green warbler","Animalia",75375,293,"Calls or song (birds)",2017,3,31,90,2457844,23,"75375_Calls or song (birds)","Adults observed","TN",13,2017-03-31,"calendar",90,2017,FALSE,0,"75375_Calls or song (birds)_2017"
9342,35.644516,-83.68988,1098,"Setophaga","virens","black-throated green warbler","Animalia",75386,292,"Live individuals",2017,4,8,98,2457852,NA,"75386_Live individuals","Adults observed","TN",10,2017-04-08,"calendar",98,2017,FALSE,0,"75386_Live individuals_2017"
9342,35.644516,-83.68988,1236,"Setophaga","citrina","hooded warbler","Animalia",75388,292,"Live individuals",2017,4,15,105,2457859,NA,"75388_Live individuals","Adults observed","TN",10,2017-04-15,"calendar",105,2017,FALSE,0,"75388_Live individuals_2017"
9342,35.644516,-83.68988,377,"Vireo","olivaceus","red-eyed vireo","Animalia",75391,292,"Live individuals",2017,4,28,118,2457872,NA,"75391_Live individuals","Adults observed","TN",9,2017-04-28,"calendar",118,2017,FALSE,0,"75391_Live individuals_2017"
9340,35.642353,-83.687431,1236,"Setophaga","citrina","hooded warbler","Animalia",75396,293,"Calls or song (birds)",2017,4,21,111,2457865,NA,"75396_Calls or song (birds)","Adults observed","TN",9,2017-04-21,"calendar",111,2017,FALSE,0,"75396_Calls or song (birds)_2017"
8806,35.640625,-83.689034,1098,"Setophaga","virens","black-throated green warbler","Animalia",75401,293,"Calls or song (birds)",2017,4,2,92,2457846,NA,"75401_Calls or song (birds)","Adults observed","TN",14,2017-04-02,"calendar",92,2017,FALSE,0,"75401_Calls or song (birds)_2017"
8806,35.640625,-83.689034,1230,"Setophaga","americana","northern parula","Animalia",75406,293,"Calls or song (birds)",2017,4,7,97,2457851,NA,"75406_Calls or song (birds)","Adults observed","TN",11,2017-04-07,"calendar",97,2017,FALSE,0,"75406_Calls or song (birds)_2017"
8806,35.640625,-83.689034,377,"Vireo","olivaceus","red-eyed vireo","Animalia",75407,293,"Calls or song (birds)",2017,5,8,128,2457882,NA,"75407_Calls or song (birds)","Adults observed","TN",14,2017-05-08,"calendar",128,2017,FALSE,0,"75407_Calls or song (birds)_2017"
19944,33.66478,-117.843063,242,"Petrochelidon","pyrrhonota","cliff swallow","Animalia",81457,292,"Live individuals",2017,3,1,60,2457814,7,"81457_Live individuals","Adults observed","CA",11,2017-03-01,"calendar",60,2017,FALSE,0,"81457_Live individuals_2017"
5261,42.448402,-72.345314,1118,"Scolopax","minor","American woodcock","Animalia",87881,292,"Live individuals",2017,2,25,56,2457810,NA,"87881_Live individuals","Adults observed","MA",9,2017-02-25,"calendar",56,2017,FALSE,0,"87881_Live individuals_2017"
20765,33.632149,-117.55545,358,"Setophaga","petechia","yellow warbler","Animalia",88476,293,"Calls or song (birds)",2017,2,9,40,2457794,6,"88476_Calls or song (birds)","Adults observed","CA",9,2017-02-09,"calendar",40,2017,FALSE,0,"88476_Calls or song (birds)_2017"
21729,44.913651,-69.939186,243,"Gavia","immer","common loon","Animalia",95310,292,"Live individuals",2017,5,1,121,2457875,NA,"95310_Live individuals","Adults observed","ME",9,2017-05-01,"calendar",121,2017,FALSE,0,"95310_Live individuals_2017"
22858,38.09404,-122.37149,1124,"Tachycineta","bicolor","tree swallow","Animalia",103160,292,"Live individuals",2017,2,13,44,2457798,7,"103160_Live individuals","Adults observed","CA",10,2017-02-13,"calendar",44,2017,FALSE,0,"103160_Live individuals_2017"
17414,42.936153,-73.433449,352,"Archilochus","colubris","ruby-throated hummingbird","Animalia",103211,292,"Live individuals",2017,4,29,119,2457873,1,"103211_Live individuals","Adults observed","NY",10,2017-04-29,"calendar",119,2017,FALSE,0,"103211_Live individuals_2017"
23690,44.966442,-70.773682,243,"Gavia","immer","common loon","Animalia",111658,292,"Live individuals",2017,6,12,163,2457917,5,"111658_Live individuals","Adults observed","ME",9,2017-06-12,"calendar",163,2017,FALSE,0,"111658_Live individuals_2017"
2803,39.971001,-105.397003,1095,"Chordeiles","minor","common nighthawk","Animalia",122048,292,"Live individuals",2017,6,7,158,2457912,16,"122048_Live individuals","Adults observed","CO",9,2017-06-07,"calendar",158,2017,FALSE,0,"122048_Live individuals_2017"
2803,39.971001,-105.397003,359,"Agelaius","phoeniceus","red-winged blackbird","Animalia",122051,292,"Live individuals",2017,2,13,44,2457798,3,"122051_Live individuals","Adults observed","CO",9,2017-02-13,"calendar",44,2017,FALSE,0,"122051_Live individuals_2017"
25568,45.140465,-93.312943,248,"Pandion","haliaetus","osprey","Animalia",123976,292,"Live individuals",2017,6,15,166,2457920,NA,"123976_Live individuals","Adults observed","MN",9,2017-06-15,"calendar",166,2017,FALSE,0,"123976_Live individuals_2017"
27026,43.413593,-70.810211,352,"Archilochus","colubris","ruby-throated hummingbird","Animalia",137519,292,"Live individuals",2017,5,25,145,2457899,NA,"137519_Live individuals","Adults observed","ME",9,2017-05-25,"calendar",145,2017,FALSE,0,"137519_Live individuals_2017"
27026,43.413593,-70.810211,360,"Icterus","galbula","Baltimore oriole","Animalia",137608,292,"Live individuals",2017,5,12,132,2457886,NA,"137608_Live individuals","Adults observed","ME",9,2017-05-12,"calendar",132,2017,FALSE,0,"137608_Live individuals_2017"
681,41.296783,-105.5746,246,"Turdus","migratorius","American robin","Animalia",6025,292,"Live individuals",2018,3,27,86,2458205,NA,"6025_Live individuals","Adults observed","WY",10,2018-03-27,"calendar",86,2018,FALSE,0,"6025_Live individuals_2018"
1419,42.011166,-88.503304,244,"Charadrius","vociferus","killdeer","Animalia",10286,293,"Calls or song (birds)",2018,8,25,237,2458356,12,"10286_Calls or song (birds)","Adults observed","IL",12,2018-08-25,"calendar",237,2018,FALSE,0,"10286_Calls or song (birds)_2018"
1447,42.176537,-85.892448,360,"Icterus","galbula","Baltimore oriole","Animalia",11246,293,"Calls or song (birds)",2018,5,5,125,2458244,26,"11246_Calls or song (birds)","Adults observed","MI",9,2018-05-05,"calendar",125,2018,FALSE,0,"11246_Calls or song (birds)_2018"
5428,48.033489,-122.598724,240,"Spinus","tristis","American goldfinch","Animalia",11347,292,"Live individuals",2018,4,1,91,2458210,2,"11347_Live individuals","Adults observed","WA",14,2018-04-01,"calendar",91,2018,FALSE,0,"11347_Live individuals_2018"
5582,45.195858,-70.45369,246,"Turdus","migratorius","American robin","Animalia",12466,292,"Live individuals",2018,4,21,111,2458230,14,"12466_Live individuals","Adults observed","ME",9,2018-04-21,"calendar",111,2018,FALSE,0,"12466_Live individuals_2018"
5582,45.195858,-70.45369,243,"Gavia","immer","common loon","Animalia",12467,293,"Calls or song (birds)",2018,5,23,143,2458262,7,"12467_Calls or song (birds)","Adults observed","ME",12,2018-05-23,"calendar",143,2018,FALSE,0,"12467_Calls or song (birds)_2018"
5583,45.196041,-70.459015,243,"Gavia","immer","common loon","Animalia",12472,292,"Live individuals",2018,5,23,143,2458262,7,"12472_Live individuals","Adults observed","ME",12,2018-05-23,"calendar",143,2018,FALSE,0,"12472_Live individuals_2018"
5674,44.910587,-70.266861,246,"Turdus","migratorius","American robin","Animalia",12709,292,"Live individuals",2018,1,21,21,2458140,7,"12709_Live individuals","Adults observed","ME",13,2018-01-21,"calendar",21,2018,FALSE,0,"12709_Live individuals_2018"
5674,44.910587,-70.266861,352,"Archilochus","colubris","ruby-throated hummingbird","Animalia",12712,292,"Live individuals",2018,5,13,133,2458252,7,"12712_Live individuals","Adults observed","ME",14,2018-05-13,"calendar",133,2018,FALSE,0,"12712_Live individuals_2018"
2803,39.971001,-105.397003,246,"Turdus","migratorius","American robin","Animalia",16046,292,"Live individuals",2018,3,22,81,2458200,3,"16046_Live individuals","Adults observed","CO",15,2018-03-22,"calendar",81,2018,FALSE,0,"16046_Live individuals_2018"
2803,39.971001,-105.397003,354,"Selasphorus","platycercus","broad-tailed hummingbird","Animalia",16048,292,"Live individuals",2018,4,30,120,2458239,3,"16048_Live individuals","Adults observed","CO",15,2018-04-30,"calendar",120,2018,FALSE,0,"16048_Live individuals_2018"
2803,39.971001,-105.397003,357,"Sialia","mexicana","western bluebird","Animalia",16214,292,"Live individuals",2018,5,4,124,2458243,4,"16214_Live individuals","Adults observed","CO",14,2018-05-04,"calendar",124,2018,FALSE,0,"16214_Live individuals_2018"
6481,42.456135,-72.344215,352,"Archilochus","colubris","ruby-throated hummingbird","Animalia",19040,292,"Live individuals",2018,8,6,218,2458337,NA,"19040_Live individuals","Adults observed","MA",9,2018-08-06,"calendar",218,2018,FALSE,0,"19040_Live individuals_2018"
8242,31.596231,-110.575493,353,"Archilochus","alexandri","black-chinned hummingbird","Animalia",23606,292,"Live individuals",2018,3,17,76,2458195,31,"23606_Live individuals","Adults observed","AZ",10,2018-03-17,"calendar",76,2018,FALSE,0,"23606_Live individuals_2018"
8496,46.328629,-96.061256,246,"Turdus","migratorius","American robin","Animalia",25780,292,"Live individuals",2018,3,16,75,2458194,NA,"25780_Live individuals","Adults observed","MN",14,2018-03-16,"calendar",75,2018,FALSE,0,"25780_Live individuals_2018"
8496,46.328629,-96.061256,352,"Archilochus","colubris","ruby-throated hummingbird","Animalia",25784,292,"Live individuals",2018,5,10,130,2458249,4,"25784_Live individuals","Adults observed","MN",14,2018-05-10,"calendar",130,2018,FALSE,0,"25784_Live individuals_2018"
8496,46.328629,-96.061256,1104,"Hirundo","rustica","barn swallow","Animalia",25894,292,"Live individuals",2018,5,2,122,2458241,5,"25894_Live individuals","Adults observed","MN",14,2018-05-02,"calendar",122,2018,FALSE,0,"25894_Live individuals_2018"
8496,46.328629,-96.061256,1117,"Sayornis","phoebe","eastern phoebe","Animalia",25896,292,"Live individuals",2018,4,27,117,2458236,8,"25896_Live individuals","Adults observed","MN",9,2018-04-27,"calendar",117,2018,FALSE,0,"25896_Live individuals_2018"
8496,46.328629,-96.061256,355,"Troglodytes","aedon","house wren","Animalia",25897,292,"Live individuals",2018,5,10,130,2458249,4,"25897_Live individuals","Adults observed","MN",14,2018-05-10,"calendar",130,2018,FALSE,0,"25897_Live individuals_2018"
8496,46.328629,-96.061256,1124,"Tachycineta","bicolor","tree swallow","Animalia",25899,292,"Live individuals",2018,4,23,113,2458232,4,"25899_Live individuals","Adults observed","MN",14,2018-04-23,"calendar",113,2018,FALSE,0,"25899_Live individuals_2018"
8715,43.522804,-70.802277,352,"Archilochus","colubris","ruby-throated hummingbird","Animalia",28193,292,"Live individuals",2018,5,14,134,2458253,7,"28193_Live individuals","Adults observed","ME",14,2018-05-14,"calendar",134,2018,FALSE,0,"28193_Live individuals_2018"
8736,44.903229,-93.217445,352,"Archilochus","colubris","ruby-throated hummingbird","Animalia",28356,292,"Live individuals",2018,8,6,218,2458337,1,"28356_Live individuals","Adults observed","MN",10,2018-08-06,"calendar",218,2018,FALSE,0,"28356_Live individuals_2018"
8242,31.596231,-110.575493,1104,"Hirundo","rustica","barn swallow","Animalia",29638,292,"Live individuals",2018,4,17,107,2458226,16,"29638_Live individuals","Adults observed","AZ",10,2018-04-17,"calendar",107,2018,FALSE,0,"29638_Live individuals_2018"
8418,32.363758,-94.873947,352,"Archilochus","colubris","ruby-throated hummingbird","Animalia",30980,292,"Live individuals",2018,4,1,91,2458210,4,"30980_Live individuals","Adults observed","TX",12,2018-04-01,"calendar",91,2018,FALSE,0,"30980_Live individuals_2018"
8496,46.328629,-96.061256,375,"Zenaida","macroura","mourning dove","Animalia",32296,292,"Live individuals",2018,4,27,117,2458236,4,"32296_Live individuals","Adults observed","MN",14,2018-04-27,"calendar",117,2018,FALSE,0,"32296_Live individuals_2018"
10145,42.602543,-83.250992,1193,"Setophaga","ruticilla","American redstart","Animalia",38839,293,"Calls or song (birds)",2018,5,14,134,2458253,1,"38839_Calls or song (birds)","Adults observed","MI",10,2018-05-14,"calendar",134,2018,FALSE,0,"38839_Calls or song (birds)_2018"
10145,42.602543,-83.250992,360,"Icterus","galbula","Baltimore oriole","Animalia",38844,292,"Live individuals",2018,5,9,129,2458248,1,"38844_Live individuals","Adults observed","MI",10,2018-05-09,"calendar",129,2018,FALSE,0,"38844_Live individuals_2018"
10145,42.602543,-83.250992,1104,"Hirundo","rustica","barn swallow","Animalia",38845,292,"Live individuals",2018,5,5,125,2458244,NA,"38845_Live individuals","Adults observed","MI",13,2018-05-05,"calendar",125,2018,FALSE,0,"38845_Live individuals_2018"
10145,42.602543,-83.250992,1098,"Setophaga","virens","black-throated green warbler","Animalia",38850,293,"Calls or song (birds)",2018,5,22,142,2458261,NA,"38850_Calls or song (birds)","Adults observed","MI",9,2018-05-22,"calendar",142,2018,FALSE,0,"38850_Calls or song (birds)_2018"
10145,42.602543,-83.250992,1085,"Buteo","platypterus","broad-winged hawk","Animalia",38856,292,"Live individuals",2018,2,22,53,2458172,1,"38856_Live individuals","Adults observed","MI",9,2018-02-22,"calendar",53,2018,FALSE,0,"38856_Live individuals_2018"
10145,42.602543,-83.250992,363,"Molothrus","ater","brown-headed cowbird","Animalia",38857,292,"Live individuals",2018,4,7,97,2458216,1,"38857_Live individuals","Adults observed","MI",13,2018-04-07,"calendar",97,2018,FALSE,0,"38857_Live individuals_2018"
10145,42.602543,-83.250992,1093,"Chaetura","pelagica","chimney swift","Animalia",38864,292,"Live individuals",2018,5,2,122,2458241,NA,"38864_Live individuals","Adults observed","MI",13,2018-05-02,"calendar",122,2018,FALSE,0,"38864_Live individuals_2018"
10145,42.602543,-83.250992,355,"Troglodytes","aedon","house wren","Animalia",38908,292,"Live individuals",2018,5,1,121,2458240,NA,"38908_Live individuals","Adults observed","MI",13,2018-05-01,"calendar",121,2018,FALSE,0,"38908_Live individuals_2018"
10145,42.602543,-83.250992,359,"Agelaius","phoeniceus","red-winged blackbird","Animalia",38946,292,"Live individuals",2018,2,23,54,2458173,NA,"38946_Live individuals","Adults observed","MI",13,2018-02-23,"calendar",54,2018,FALSE,0,"38946_Live individuals_2018"
10145,42.602543,-83.250992,352,"Archilochus","colubris","ruby-throated hummingbird","Animalia",38951,292,"Live individuals",2018,5,13,133,2458252,3,"38951_Live individuals","Adults observed","MI",11,2018-05-13,"calendar",133,2018,FALSE,0,"38951_Live individuals_2018"
9652,44.768246,-94.155746,246,"Turdus","migratorius","American robin","Animalia",40107,292,"Live individuals",2018,3,25,84,2458203,NA,"40107_Live individuals","Adults observed","MN",13,2018-03-25,"calendar",84,2018,FALSE,0,"40107_Live individuals_2018"
9652,44.768246,-94.155746,240,"Spinus","tristis","American goldfinch","Animalia",40108,292,"Live individuals",2018,5,23,143,2458262,NA,"40108_Live individuals","Adults observed","MN",10,2018-05-23,"calendar",143,2018,FALSE,0,"40108_Live individuals_2018"
9652,44.768246,-94.155746,375,"Zenaida","macroura","mourning dove","Animalia",40109,292,"Live individuals",2018,4,27,117,2458236,NA,"40109_Live individuals","Adults observed","MN",11,2018-04-27,"calendar",117,2018,FALSE,0,"40109_Live individuals_2018"
9652,44.768246,-94.155746,1095,"Chordeiles","minor","common nighthawk","Animalia",40112,292,"Live individuals",2018,5,23,143,2458262,NA,"40112_Live individuals","Adults observed","MN",13,2018-05-23,"calendar",143,2018,FALSE,0,"40112_Live individuals_2018"
1419,42.011166,-88.503304,1117,"Sayornis","phoebe","eastern phoebe","Animalia",44642,292,"Live individuals",2018,4,18,108,2458227,46,"44642_Live individuals","Adults observed","IL",11,2018-04-18,"calendar",108,2018,FALSE,0,"44642_Live individuals_2018"
11598,43.073357,-71.150681,243,"Gavia","immer","common loon","Animalia",48357,292,"Live individuals",2018,5,14,134,2458253,21,"48357_Live individuals","Adults observed","NH",13,2018-05-14,"calendar",134,2018,FALSE,0,"48357_Live individuals_2018"
6102,32.23188,-110.951012,353,"Archilochus","alexandri","black-chinned hummingbird","Animalia",49640,292,"Live individuals",2018,10,13,286,2458405,NA,"49640_Live individuals","Adults observed","AZ",9,2018-10-13,"calendar",286,2018,FALSE,0,"49640_Live individuals_2018"
5428,48.033489,-122.598724,1119,"Selasphorus","rufus","rufous hummingbird","Animalia",60984,292,"Live individuals",2018,3,19,78,2458197,33,"60984_Live individuals","Adults observed","WA",11,2018-03-19,"calendar",78,2018,FALSE,0,"60984_Live individuals_2018"
17414,42.936153,-73.433449,1124,"Tachycineta","bicolor","tree swallow","Animalia",66940,292,"Live individuals",2018,4,10,100,2458219,2,"66940_Live individuals","Adults observed","NY",12,2018-04-10,"calendar",100,2018,FALSE,0,"66940_Live individuals_2018"
9341,35.639874,-83.687721,377,"Vireo","olivaceus","red-eyed vireo","Animalia",75374,292,"Live individuals",2018,4,25,115,2458234,14,"75374_Live individuals","Adults observed","TN",9,2018-04-25,"calendar",115,2018,FALSE,0,"75374_Live individuals_2018"
9341,35.639874,-83.687721,1098,"Setophaga","virens","black-throated green warbler","Animalia",75375,293,"Calls or song (birds)",2018,4,4,94,2458213,7,"75375_Calls or song (birds)","Adults observed","TN",13,2018-04-04,"calendar",94,2018,FALSE,0,"75375_Calls or song (birds)_2018"
9342,35.644516,-83.68988,1098,"Setophaga","virens","black-throated green warbler","Animalia",75386,292,"Live individuals",2018,4,6,96,2458215,NA,"75386_Live individuals","Adults observed","TN",10,2018-04-06,"calendar",96,2018,FALSE,0,"75386_Live individuals_2018"
9342,35.644516,-83.68988,1236,"Setophaga","citrina","hooded warbler","Animalia",75388,292,"Live individuals",2018,4,6,96,2458215,NA,"75388_Live individuals","Adults observed","TN",10,2018-04-06,"calendar",96,2018,FALSE,0,"75388_Live individuals_2018"
9342,35.644516,-83.68988,377,"Vireo","olivaceus","red-eyed vireo","Animalia",75391,292,"Live individuals",2018,5,19,139,2458258,NA,"75391_Live individuals","Adults observed","TN",9,2018-05-19,"calendar",139,2018,FALSE,0,"75391_Live individuals_2018"
9340,35.642353,-83.687431,1236,"Setophaga","citrina","hooded warbler","Animalia",75396,293,"Calls or song (birds)",2018,4,20,110,2458229,NA,"75396_Calls or song (birds)","Adults observed","TN",9,2018-04-20,"calendar",110,2018,FALSE,0,"75396_Calls or song (birds)_2018"
8806,35.640625,-83.689034,1098,"Setophaga","virens","black-throated green warbler","Animalia",75401,293,"Calls or song (birds)",2018,4,5,95,2458214,NA,"75401_Calls or song (birds)","Adults observed","TN",14,2018-04-05,"calendar",95,2018,FALSE,0,"75401_Calls or song (birds)_2018"
8806,35.640625,-83.689034,377,"Vireo","olivaceus","red-eyed vireo","Animalia",75407,293,"Calls or song (birds)",2018,4,19,109,2458228,NA,"75407_Calls or song (birds)","Adults observed","TN",14,2018-04-19,"calendar",109,2018,FALSE,0,"75407_Calls or song (birds)_2018"
19944,33.66478,-117.843063,242,"Petrochelidon","pyrrhonota","cliff swallow","Animalia",81457,292,"Live individuals",2018,2,17,48,2458167,3,"81457_Live individuals","Adults observed","CA",11,2018-02-17,"calendar",48,2018,FALSE,0,"81457_Live individuals_2018"
17414,42.936153,-73.433449,1197,"Geothlypis","trichas","common yellowthroat","Animalia",86970,292,"Live individuals",2018,7,29,210,2458329,8,"86970_Live individuals","Adults observed","NY",10,2018-07-29,"calendar",210,2018,FALSE,0,"86970_Live individuals_2018"
20765,33.632149,-117.55545,358,"Setophaga","petechia","yellow warbler","Animalia",88476,293,"Calls or song (birds)",2018,5,8,128,2458247,23,"88476_Calls or song (birds)","Adults observed","CA",9,2018-05-08,"calendar",128,2018,FALSE,0,"88476_Calls or song (birds)_2018"
21729,44.913651,-69.939186,243,"Gavia","immer","common loon","Animalia",95310,292,"Live individuals",2018,5,1,121,2458240,NA,"95310_Live individuals","Adults observed","ME",9,2018-05-01,"calendar",121,2018,FALSE,0,"95310_Live individuals_2018"
22858,38.09404,-122.37149,1124,"Tachycineta","bicolor","tree swallow","Animalia",103160,292,"Live individuals",2018,2,5,36,2458155,7,"103160_Live individuals","Adults observed","CA",10,2018-02-05,"calendar",36,2018,FALSE,0,"103160_Live individuals_2018"
17414,42.936153,-73.433449,352,"Archilochus","colubris","ruby-throated hummingbird","Animalia",103211,292,"Live individuals",2018,5,3,123,2458242,2,"103211_Live individuals","Adults observed","NY",10,2018-05-03,"calendar",123,2018,FALSE,0,"103211_Live individuals_2018"
23690,44.966442,-70.773682,243,"Gavia","immer","common loon","Animalia",111658,292,"Live individuals",2018,6,3,154,2458273,15,"111658_Live individuals","Adults observed","ME",9,2018-06-03,"calendar",154,2018,FALSE,0,"111658_Live individuals_2018"
2803,39.971001,-105.397003,1095,"Chordeiles","minor","common nighthawk","Animalia",122048,292,"Live individuals",2018,5,28,148,2458267,3,"122048_Live individuals","Adults observed","CO",9,2018-05-28,"calendar",148,2018,FALSE,0,"122048_Live individuals_2018"
2803,39.971001,-105.397003,359,"Agelaius","phoeniceus","red-winged blackbird","Animalia",122051,292,"Live individuals",2018,3,16,75,2458194,4,"122051_Live individuals","Adults observed","CO",9,2018-03-16,"calendar",75,2018,FALSE,0,"122051_Live individuals_2018"
25568,45.140465,-93.312943,248,"Pandion","haliaetus","osprey","Animalia",123976,292,"Live individuals",2018,4,12,102,2458221,11,"123976_Live individuals","Adults observed","MN",9,2018-04-12,"calendar",102,2018,FALSE,0,"123976_Live individuals_2018"
27026,43.413593,-70.810211,352,"Archilochus","colubris","ruby-throated hummingbird","Animalia",137519,292,"Live individuals",2018,5,12,132,2458251,26,"137519_Live individuals","Adults observed","ME",9,2018-05-12,"calendar",132,2018,FALSE,0,"137519_Live individuals_2018"
27026,43.413593,-70.810211,360,"Icterus","galbula","Baltimore oriole","Animalia",137608,292,"Live individuals",2018,5,12,132,2458251,26,"137608_Live individuals","Adults observed","ME",9,2018-05-12,"calendar",132,2018,FALSE,0,"137608_Live individuals_2018"
681,41.296783,-105.5746,246,"Turdus","migratorius","American robin","Animalia",6025,292,"Live individuals",2019,3,16,75,2458559,NA,"6025_Live individuals","Adults observed","WY",10,2019-03-16,"calendar",75,2019,FALSE,0,"6025_Live individuals_2019"
1419,42.011166,-88.503304,244,"Charadrius","vociferus","killdeer","Animalia",10286,293,"Calls or song (birds)",2019,4,7,97,2458581,78,"10286_Calls or song (birds)","Adults observed","IL",12,2019-04-07,"calendar",97,2019,FALSE,0,"10286_Calls or song (birds)_2019"
5428,48.033489,-122.598724,240,"Spinus","tristis","American goldfinch","Animalia",11347,292,"Live individuals",2019,3,22,81,2458565,4,"11347_Live individuals","Adults observed","WA",14,2019-03-22,"calendar",81,2019,FALSE,0,"11347_Live individuals_2019"
5582,45.195858,-70.45369,246,"Turdus","migratorius","American robin","Animalia",12466,292,"Live individuals",2019,4,28,118,2458602,18,"12466_Live individuals","Adults observed","ME",9,2019-04-28,"calendar",118,2019,FALSE,0,"12466_Live individuals_2019"
5582,45.195858,-70.45369,243,"Gavia","immer","common loon","Animalia",12467,293,"Calls or song (birds)",2019,6,5,156,2458640,7,"12467_Calls or song (birds)","Adults observed","ME",12,2019-06-05,"calendar",156,2019,FALSE,0,"12467_Calls or song (birds)_2019"
5583,45.196041,-70.459015,243,"Gavia","immer","common loon","Animalia",12472,292,"Live individuals",2019,5,8,128,2458612,10,"12472_Live individuals","Adults observed","ME",12,2019-05-08,"calendar",128,2019,FALSE,0,"12472_Live individuals_2019"
5674,44.910587,-70.266861,246,"Turdus","migratorius","American robin","Animalia",12709,292,"Live individuals",2019,4,14,104,2458588,7,"12709_Live individuals","Adults observed","ME",13,2019-04-14,"calendar",104,2019,FALSE,0,"12709_Live individuals_2019"
5674,44.910587,-70.266861,352,"Archilochus","colubris","ruby-throated hummingbird","Animalia",12712,292,"Live individuals",2019,5,12,132,2458616,7,"12712_Live individuals","Adults observed","ME",14,2019-05-12,"calendar",132,2019,FALSE,0,"12712_Live individuals_2019"
2803,39.971001,-105.397003,246,"Turdus","migratorius","American robin","Animalia",16046,292,"Live individuals",2019,4,1,91,2458575,16,"16046_Live individuals","Adults observed","CO",15,2019-04-01,"calendar",91,2019,FALSE,0,"16046_Live individuals_2019"
2803,39.971001,-105.397003,354,"Selasphorus","platycercus","broad-tailed hummingbird","Animalia",16048,292,"Live individuals",2019,4,27,117,2458601,5,"16048_Live individuals","Adults observed","CO",15,2019-04-27,"calendar",117,2019,FALSE,0,"16048_Live individuals_2019"
2803,39.971001,-105.397003,357,"Sialia","mexicana","western bluebird","Animalia",16214,292,"Live individuals",2019,4,22,112,2458596,2,"16214_Live individuals","Adults observed","CO",14,2019-04-22,"calendar",112,2019,FALSE,0,"16214_Live individuals_2019"
6481,42.456135,-72.344215,352,"Archilochus","colubris","ruby-throated hummingbird","Animalia",19040,292,"Live individuals",2019,5,22,142,2458626,NA,"19040_Live individuals","Adults observed","MA",9,2019-05-22,"calendar",142,2019,FALSE,0,"19040_Live individuals_2019"
8242,31.596231,-110.575493,353,"Archilochus","alexandri","black-chinned hummingbird","Animalia",23606,292,"Live individuals",2019,4,11,101,2458585,NA,"23606_Live individuals","Adults observed","AZ",10,2019-04-11,"calendar",101,2019,FALSE,0,"23606_Live individuals_2019"
8496,46.328629,-96.061256,246,"Turdus","migratorius","American robin","Animalia",25780,292,"Live individuals",2019,4,1,91,2458575,NA,"25780_Live individuals","Adults observed","MN",14,2019-04-01,"calendar",91,2019,FALSE,0,"25780_Live individuals_2019"
8496,46.328629,-96.061256,352,"Archilochus","colubris","ruby-throated hummingbird","Animalia",25784,292,"Live individuals",2019,5,10,130,2458614,NA,"25784_Live individuals","Adults observed","MN",14,2019-05-10,"calendar",130,2019,FALSE,0,"25784_Live individuals_2019"
8496,46.328629,-96.061256,1104,"Hirundo","rustica","barn swallow","Animalia",25894,292,"Live individuals",2019,4,25,115,2458599,NA,"25894_Live individuals","Adults observed","MN",14,2019-04-25,"calendar",115,2019,FALSE,0,"25894_Live individuals_2019"
8496,46.328629,-96.061256,355,"Troglodytes","aedon","house wren","Animalia",25897,292,"Live individuals",2019,5,18,138,2458622,NA,"25897_Live individuals","Adults observed","MN",14,2019-05-18,"calendar",138,2019,FALSE,0,"25897_Live individuals_2019"
8496,46.328629,-96.061256,1124,"Tachycineta","bicolor","tree swallow","Animalia",25899,292,"Live individuals",2019,4,20,110,2458594,NA,"25899_Live individuals","Adults observed","MN",14,2019-04-20,"calendar",110,2019,FALSE,0,"25899_Live individuals_2019"
8715,43.522804,-70.802277,352,"Archilochus","colubris","ruby-throated hummingbird","Animalia",28193,292,"Live individuals",2019,5,13,133,2458617,8,"28193_Live individuals","Adults observed","ME",14,2019-05-13,"calendar",133,2019,FALSE,0,"28193_Live individuals_2019"
8736,44.903229,-93.217445,352,"Archilochus","colubris","ruby-throated hummingbird","Animalia",28356,292,"Live individuals",2019,6,17,168,2458652,59,"28356_Live individuals","Adults observed","MN",10,2019-06-17,"calendar",168,2019,FALSE,0,"28356_Live individuals_2019"
8242,31.596231,-110.575493,1104,"Hirundo","rustica","barn swallow","Animalia",29638,292,"Live individuals",2019,6,6,157,2458641,39,"29638_Live individuals","Adults observed","AZ",10,2019-06-06,"calendar",157,2019,FALSE,0,"29638_Live individuals_2019"
8418,32.363758,-94.873947,352,"Archilochus","colubris","ruby-throated hummingbird","Animalia",30980,292,"Live individuals",2019,3,27,86,2458570,4,"30980_Live individuals","Adults observed","TX",12,2019-03-27,"calendar",86,2019,FALSE,0,"30980_Live individuals_2019"
8496,46.328629,-96.061256,375,"Zenaida","macroura","mourning dove","Animalia",32296,292,"Live individuals",2019,4,20,110,2458594,14,"32296_Live individuals","Adults observed","MN",14,2019-04-20,"calendar",110,2019,FALSE,0,"32296_Live individuals_2019"
10145,42.602543,-83.250992,1193,"Setophaga","ruticilla","American redstart","Animalia",38839,293,"Calls or song (birds)",2019,5,14,134,2458618,NA,"38839_Calls or song (birds)","Adults observed","MI",10,2019-05-14,"calendar",134,2019,FALSE,0,"38839_Calls or song (birds)_2019"
10145,42.602543,-83.250992,360,"Icterus","galbula","Baltimore oriole","Animalia",38844,292,"Live individuals",2019,5,13,133,2458617,NA,"38844_Live individuals","Adults observed","MI",10,2019-05-13,"calendar",133,2019,FALSE,0,"38844_Live individuals_2019"
10145,42.602543,-83.250992,1104,"Hirundo","rustica","barn swallow","Animalia",38845,292,"Live individuals",2019,5,14,134,2458618,NA,"38845_Live individuals","Adults observed","MI",13,2019-05-14,"calendar",134,2019,FALSE,0,"38845_Live individuals_2019"
10145,42.602543,-83.250992,1098,"Setophaga","virens","black-throated green warbler","Animalia",38850,293,"Calls or song (birds)",2019,5,13,133,2458617,NA,"38850_Calls or song (birds)","Adults observed","MI",9,2019-05-13,"calendar",133,2019,FALSE,0,"38850_Calls or song (birds)_2019"
10145,42.602543,-83.250992,363,"Molothrus","ater","brown-headed cowbird","Animalia",38857,292,"Live individuals",2019,4,7,97,2458581,1,"38857_Live individuals","Adults observed","MI",13,2019-04-07,"calendar",97,2019,FALSE,0,"38857_Live individuals_2019"
10145,42.602543,-83.250992,1093,"Chaetura","pelagica","chimney swift","Animalia",38864,292,"Live individuals",2019,5,8,128,2458612,NA,"38864_Live individuals","Adults observed","MI",13,2019-05-08,"calendar",128,2019,FALSE,0,"38864_Live individuals_2019"
10145,42.602543,-83.250992,355,"Troglodytes","aedon","house wren","Animalia",38908,292,"Live individuals",2019,5,11,131,2458615,1,"38908_Live individuals","Adults observed","MI",13,2019-05-11,"calendar",131,2019,FALSE,0,"38908_Live individuals_2019"
10145,42.602543,-83.250992,248,"Pandion","haliaetus","osprey","Animalia",38931,292,"Live individuals",2019,3,15,74,2458558,NA,"38931_Live individuals","Adults observed","MI",9,2019-03-15,"calendar",74,2019,FALSE,0,"38931_Live individuals_2019"
10145,42.602543,-83.250992,359,"Agelaius","phoeniceus","red-winged blackbird","Animalia",38946,292,"Live individuals",2019,3,22,81,2458565,1,"38946_Live individuals","Adults observed","MI",13,2019-03-22,"calendar",81,2019,FALSE,0,"38946_Live individuals_2019"
10145,42.602543,-83.250992,352,"Archilochus","colubris","ruby-throated hummingbird","Animalia",38951,292,"Live individuals",2019,5,13,133,2458617,NA,"38951_Live individuals","Adults observed","MI",11,2019-05-13,"calendar",133,2019,FALSE,0,"38951_Live individuals_2019"
9652,44.768246,-94.155746,246,"Turdus","migratorius","American robin","Animalia",40107,292,"Live individuals",2019,1,5,5,2458489,NA,"40107_Live individuals","Adults observed","MN",13,2019-01-05,"calendar",5,2019,FALSE,0,"40107_Live individuals_2019"
9652,44.768246,-94.155746,240,"Spinus","tristis","American goldfinch","Animalia",40108,292,"Live individuals",2019,5,20,140,2458624,NA,"40108_Live individuals","Adults observed","MN",10,2019-05-20,"calendar",140,2019,FALSE,0,"40108_Live individuals_2019"
9652,44.768246,-94.155746,375,"Zenaida","macroura","mourning dove","Animalia",40109,292,"Live individuals",2019,4,14,104,2458588,NA,"40109_Live individuals","Adults observed","MN",11,2019-04-14,"calendar",104,2019,FALSE,0,"40109_Live individuals_2019"
9652,44.768246,-94.155746,1095,"Chordeiles","minor","common nighthawk","Animalia",40112,292,"Live individuals",2019,5,17,137,2458621,NA,"40112_Live individuals","Adults observed","MN",13,2019-05-17,"calendar",137,2019,FALSE,0,"40112_Live individuals_2019"
10717,38.285664,-111.246605,246,"Turdus","migratorius","American robin","Animalia",42593,292,"Live individuals",2019,7,11,192,2458676,13,"42593_Live individuals","Adults observed","UT",11,2019-07-11,"calendar",192,2019,FALSE,0,"42593_Live individuals_2019"
1419,42.011166,-88.503304,1117,"Sayornis","phoebe","eastern phoebe","Animalia",44642,292,"Live individuals",2019,4,13,103,2458587,6,"44642_Live individuals","Adults observed","IL",11,2019-04-13,"calendar",103,2019,FALSE,0,"44642_Live individuals_2019"
11598,43.073357,-71.150681,243,"Gavia","immer","common loon","Animalia",48357,292,"Live individuals",2019,5,27,147,2458631,15,"48357_Live individuals","Adults observed","NH",13,2019-05-27,"calendar",147,2019,FALSE,0,"48357_Live individuals_2019"
6102,32.23188,-110.951012,353,"Archilochus","alexandri","black-chinned hummingbird","Animalia",49640,292,"Live individuals",2019,4,9,99,2458583,NA,"49640_Live individuals","Adults observed","AZ",9,2019-04-09,"calendar",99,2019,FALSE,0,"49640_Live individuals_2019"
5428,48.033489,-122.598724,1119,"Selasphorus","rufus","rufous hummingbird","Animalia",60984,292,"Live individuals",2019,3,22,81,2458565,4,"60984_Live individuals","Adults observed","WA",11,2019-03-22,"calendar",81,2019,FALSE,0,"60984_Live individuals_2019"
17414,42.936153,-73.433449,1124,"Tachycineta","bicolor","tree swallow","Animalia",66940,292,"Live individuals",2019,4,7,97,2458581,8,"66940_Live individuals","Adults observed","NY",12,2019-04-07,"calendar",97,2019,FALSE,0,"66940_Live individuals_2019"
9341,35.639874,-83.687721,377,"Vireo","olivaceus","red-eyed vireo","Animalia",75374,292,"Live individuals",2019,4,13,103,2458587,3,"75374_Live individuals","Adults observed","TN",9,2019-04-13,"calendar",103,2019,FALSE,0,"75374_Live individuals_2019"
9341,35.639874,-83.687721,1098,"Setophaga","virens","black-throated green warbler","Animalia",75375,293,"Calls or song (birds)",2019,4,3,93,2458577,7,"75375_Calls or song (birds)","Adults observed","TN",13,2019-04-03,"calendar",93,2019,FALSE,0,"75375_Calls or song (birds)_2019"
9342,35.644516,-83.68988,1098,"Setophaga","virens","black-throated green warbler","Animalia",75386,292,"Live individuals",2019,3,31,90,2458574,NA,"75386_Live individuals","Adults observed","TN",10,2019-03-31,"calendar",90,2019,FALSE,0,"75386_Live individuals_2019"
9342,35.644516,-83.68988,1236,"Setophaga","citrina","hooded warbler","Animalia",75388,292,"Live individuals",2019,10,10,283,2458767,20,"75388_Live individuals","Adults observed","TN",10,2019-10-10,"calendar",283,2019,FALSE,0,"75388_Live individuals_2019"
8806,35.640625,-83.689034,1098,"Setophaga","virens","black-throated green warbler","Animalia",75401,293,"Calls or song (birds)",2019,4,17,107,2458591,NA,"75401_Calls or song (birds)","Adults observed","TN",14,2019-04-17,"calendar",107,2019,FALSE,0,"75401_Calls or song (birds)_2019"
8806,35.640625,-83.689034,377,"Vireo","olivaceus","red-eyed vireo","Animalia",75407,293,"Calls or song (birds)",2019,4,17,107,2458591,NA,"75407_Calls or song (birds)","Adults observed","TN",14,2019-04-17,"calendar",107,2019,FALSE,0,"75407_Calls or song (birds)_2019"
19944,33.66478,-117.843063,242,"Petrochelidon","pyrrhonota","cliff swallow","Animalia",81457,292,"Live individuals",2019,2,16,47,2458531,3,"81457_Live individuals","Adults observed","CA",11,2019-02-16,"calendar",47,2019,FALSE,0,"81457_Live individuals_2019"
17414,42.936153,-73.433449,1197,"Geothlypis","trichas","common yellowthroat","Animalia",86970,292,"Live individuals",2019,5,17,137,2458621,2,"86970_Live individuals","Adults observed","NY",10,2019-05-17,"calendar",137,2019,FALSE,0,"86970_Live individuals_2019"
5261,42.448402,-72.345314,1118,"Scolopax","minor","American woodcock","Animalia",87881,292,"Live individuals",2019,3,29,88,2458572,11,"87881_Live individuals","Adults observed","MA",9,2019-03-29,"calendar",88,2019,FALSE,0,"87881_Live individuals_2019"
20765,33.632149,-117.55545,358,"Setophaga","petechia","yellow warbler","Animalia",88476,293,"Calls or song (birds)",2019,6,12,163,2458647,6,"88476_Calls or song (birds)","Adults observed","CA",9,2019-06-12,"calendar",163,2019,FALSE,0,"88476_Calls or song (birds)_2019"
21729,44.913651,-69.939186,243,"Gavia","immer","common loon","Animalia",95310,292,"Live individuals",2019,7,20,201,2458685,9,"95310_Live individuals","Adults observed","ME",9,2019-07-20,"calendar",201,2019,FALSE,0,"95310_Live individuals_2019"
22858,38.09404,-122.37149,1124,"Tachycineta","bicolor","tree swallow","Animalia",103160,292,"Live individuals",2019,1,28,28,2458512,7,"103160_Live individuals","Adults observed","CA",10,2019-01-28,"calendar",28,2019,FALSE,0,"103160_Live individuals_2019"
17414,42.936153,-73.433449,352,"Archilochus","colubris","ruby-throated hummingbird","Animalia",103211,292,"Live individuals",2019,4,30,120,2458604,3,"103211_Live individuals","Adults observed","NY",10,2019-04-30,"calendar",120,2019,FALSE,0,"103211_Live individuals_2019"
23690,44.966442,-70.773682,243,"Gavia","immer","common loon","Animalia",111658,292,"Live individuals",2019,5,18,138,2458622,NA,"111658_Live individuals","Adults observed","ME",9,2019-05-18,"calendar",138,2019,FALSE,0,"111658_Live individuals_2019"
2803,39.971001,-105.397003,1095,"Chordeiles","minor","common nighthawk","Animalia",122048,292,"Live individuals",2019,6,3,154,2458638,4,"122048_Live individuals","Adults observed","CO",9,2019-06-03,"calendar",154,2019,FALSE,0,"122048_Live individuals_2019"
2803,39.971001,-105.397003,359,"Agelaius","phoeniceus","red-winged blackbird","Animalia",122051,292,"Live individuals",2019,4,1,91,2458575,16,"122051_Live individuals","Adults observed","CO",9,2019-04-01,"calendar",91,2019,FALSE,0,"122051_Live individuals_2019"
25568,45.140465,-93.312943,248,"Pandion","haliaetus","osprey","Animalia",123976,292,"Live individuals",2019,4,20,110,2458594,20,"123976_Live individuals","Adults observed","MN",9,2019-04-20,"calendar",110,2019,FALSE,0,"123976_Live individuals_2019"
27026,43.413593,-70.810211,352,"Archilochus","colubris","ruby-throated hummingbird","Animalia",137519,292,"Live individuals",2019,5,11,131,2458615,NA,"137519_Live individuals","Adults observed","ME",9,2019-05-11,"calendar",131,2019,FALSE,0,"137519_Live individuals_2019"
27026,43.413593,-70.810211,360,"Icterus","galbula","Baltimore oriole","Animalia",137608,292,"Live individuals",2019,5,11,131,2458615,NA,"137608_Live individuals","Adults observed","ME",9,2019-05-11,"calendar",131,2019,FALSE,0,"137608_Live individuals_2019"
1419,42.011166,-88.503304,244,"Charadrius","vociferus","killdeer","Animalia",10286,293,"Calls or song (birds)",2020,3,15,75,2458924,7,"10286_Calls or song (birds)","Adults observed","IL",12,2020-03-15,"calendar",75,2020,FALSE,0,"10286_Calls or song (birds)_2020"
1447,42.176537,-85.892448,360,"Icterus","galbula","Baltimore oriole","Animalia",11246,293,"Calls or song (birds)",2020,5,3,124,2458973,7,"11246_Calls or song (birds)","Adults observed","MI",9,2020-05-03,"calendar",124,2020,FALSE,0,"11246_Calls or song (birds)_2020"
5428,48.033489,-122.598724,240,"Spinus","tristis","American goldfinch","Animalia",11347,292,"Live individuals",2020,2,20,51,2458900,16,"11347_Live individuals","Adults observed","WA",14,2020-02-20,"calendar",51,2020,FALSE,0,"11347_Live individuals_2020"
5582,45.195858,-70.45369,246,"Turdus","migratorius","American robin","Animalia",12466,292,"Live individuals",2020,6,17,169,2459018,7,"12466_Live individuals","Adults observed","ME",9,2020-06-17,"calendar",169,2020,FALSE,0,"12466_Live individuals_2020"
5582,45.195858,-70.45369,243,"Gavia","immer","common loon","Animalia",12467,293,"Calls or song (birds)",2020,6,24,176,2459025,7,"12467_Calls or song (birds)","Adults observed","ME",12,2020-06-24,"calendar",176,2020,FALSE,0,"12467_Calls or song (birds)_2020"
5583,45.196041,-70.459015,243,"Gavia","immer","common loon","Animalia",12472,292,"Live individuals",2020,5,27,148,2458997,7,"12472_Live individuals","Adults observed","ME",12,2020-05-27,"calendar",148,2020,FALSE,0,"12472_Live individuals_2020"
5674,44.910587,-70.266861,246,"Turdus","migratorius","American robin","Animalia",12709,292,"Live individuals",2020,3,15,75,2458924,7,"12709_Live individuals","Adults observed","ME",13,2020-03-15,"calendar",75,2020,FALSE,0,"12709_Live individuals_2020"
5674,44.910587,-70.266861,352,"Archilochus","colubris","ruby-throated hummingbird","Animalia",12712,292,"Live individuals",2020,5,17,138,2458987,7,"12712_Live individuals","Adults observed","ME",14,2020-05-17,"calendar",138,2020,FALSE,0,"12712_Live individuals_2020"
2803,39.971001,-105.397003,246,"Turdus","migratorius","American robin","Animalia",16046,292,"Live individuals",2020,1,4,4,2458853,NA,"16046_Live individuals","Adults observed","CO",15,2020-01-04,"calendar",4,2020,FALSE,0,"16046_Live individuals_2020"
2803,39.971001,-105.397003,354,"Selasphorus","platycercus","broad-tailed hummingbird","Animalia",16048,292,"Live individuals",2020,4,30,121,2458970,3,"16048_Live individuals","Adults observed","CO",15,2020-04-30,"calendar",121,2020,FALSE,0,"16048_Live individuals_2020"
2803,39.971001,-105.397003,357,"Sialia","mexicana","western bluebird","Animalia",16214,292,"Live individuals",2020,3,31,91,2458940,6,"16214_Live individuals","Adults observed","CO",14,2020-03-31,"calendar",91,2020,FALSE,0,"16214_Live individuals_2020"
6481,42.456135,-72.344215,352,"Archilochus","colubris","ruby-throated hummingbird","Animalia",19040,292,"Live individuals",2020,8,6,219,2459068,NA,"19040_Live individuals","Adults observed","MA",9,2020-08-06,"calendar",219,2020,FALSE,0,"19040_Live individuals_2020"
8242,31.596231,-110.575493,353,"Archilochus","alexandri","black-chinned hummingbird","Animalia",23606,292,"Live individuals",2020,4,20,111,2458960,50,"23606_Live individuals","Adults observed","AZ",10,2020-04-20,"calendar",111,2020,FALSE,0,"23606_Live individuals_2020"
8496,46.328629,-96.061256,246,"Turdus","migratorius","American robin","Animalia",25780,292,"Live individuals",2020,3,14,74,2458923,36,"25780_Live individuals","Adults observed","MN",14,2020-03-14,"calendar",74,2020,FALSE,0,"25780_Live individuals_2020"
8496,46.328629,-96.061256,352,"Archilochus","colubris","ruby-throated hummingbird","Animalia",25784,292,"Live individuals",2020,5,8,129,2458978,2,"25784_Live individuals","Adults observed","MN",14,2020-05-08,"calendar",129,2020,FALSE,0,"25784_Live individuals_2020"
8496,46.328629,-96.061256,1104,"Hirundo","rustica","barn swallow","Animalia",25894,292,"Live individuals",2020,4,30,121,2458970,1,"25894_Live individuals","Adults observed","MN",14,2020-04-30,"calendar",121,2020,FALSE,0,"25894_Live individuals_2020"
8496,46.328629,-96.061256,355,"Troglodytes","aedon","house wren","Animalia",25897,292,"Live individuals",2020,5,6,127,2458976,2,"25897_Live individuals","Adults observed","MN",14,2020-05-06,"calendar",127,2020,FALSE,0,"25897_Live individuals_2020"
8496,46.328629,-96.061256,1124,"Tachycineta","bicolor","tree swallow","Animalia",25899,292,"Live individuals",2020,4,22,113,2458962,3,"25899_Live individuals","Adults observed","MN",14,2020-04-22,"calendar",113,2020,FALSE,0,"25899_Live individuals_2020"
8715,43.522804,-70.802277,352,"Archilochus","colubris","ruby-throated hummingbird","Animalia",28193,292,"Live individuals",2020,5,7,128,2458977,6,"28193_Live individuals","Adults observed","ME",14,2020-05-07,"calendar",128,2020,FALSE,0,"28193_Live individuals_2020"
8736,44.903229,-93.217445,352,"Archilochus","colubris","ruby-throated hummingbird","Animalia",28356,292,"Live individuals",2020,6,23,175,2459024,2,"28356_Live individuals","Adults observed","MN",10,2020-06-23,"calendar",175,2020,FALSE,0,"28356_Live individuals_2020"
8242,31.596231,-110.575493,1104,"Hirundo","rustica","barn swallow","Animalia",29638,292,"Live individuals",2020,5,13,134,2458983,23,"29638_Live individuals","Adults observed","AZ",10,2020-05-13,"calendar",134,2020,FALSE,0,"29638_Live individuals_2020"
8418,32.363758,-94.873947,352,"Archilochus","colubris","ruby-throated hummingbird","Animalia",30980,292,"Live individuals",2020,3,29,89,2458938,NA,"30980_Live individuals","Adults observed","TX",12,2020-03-29,"calendar",89,2020,FALSE,0,"30980_Live individuals_2020"
8496,46.328629,-96.061256,375,"Zenaida","macroura","mourning dove","Animalia",32296,292,"Live individuals",2020,4,8,99,2458948,25,"32296_Live individuals","Adults observed","MN",14,2020-04-08,"calendar",99,2020,FALSE,0,"32296_Live individuals_2020"
9344,35.640373,-83.692863,377,"Vireo","olivaceus","red-eyed vireo","Animalia",32889,293,"Calls or song (birds)",2020,10,3,277,2459126,13,"32889_Calls or song (birds)","Adults observed","TN",10,2020-10-03,"calendar",277,2020,FALSE,0,"32889_Calls or song (birds)_2020"
10145,42.602543,-83.250992,1193,"Setophaga","ruticilla","American redstart","Animalia",38839,293,"Calls or song (birds)",2020,4,7,98,2458947,1,"38839_Calls or song (birds)","Adults observed","MI",10,2020-04-07,"calendar",98,2020,FALSE,0,"38839_Calls or song (birds)_2020"
10145,42.602543,-83.250992,360,"Icterus","galbula","Baltimore oriole","Animalia",38844,292,"Live individuals",2020,5,13,134,2458983,1,"38844_Live individuals","Adults observed","MI",10,2020-05-13,"calendar",134,2020,FALSE,0,"38844_Live individuals_2020"
10145,42.602543,-83.250992,1104,"Hirundo","rustica","barn swallow","Animalia",38845,292,"Live individuals",2020,5,2,123,2458972,1,"38845_Live individuals","Adults observed","MI",13,2020-05-02,"calendar",123,2020,FALSE,0,"38845_Live individuals_2020"
10145,42.602543,-83.250992,1098,"Setophaga","virens","black-throated green warbler","Animalia",38850,293,"Calls or song (birds)",2020,5,11,132,2458981,1,"38850_Calls or song (birds)","Adults observed","MI",9,2020-05-11,"calendar",132,2020,FALSE,0,"38850_Calls or song (birds)_2020"
10145,42.602543,-83.250992,1085,"Buteo","platypterus","broad-winged hawk","Animalia",38856,292,"Live individuals",2020,4,21,112,2458961,1,"38856_Live individuals","Adults observed","MI",9,2020-04-21,"calendar",112,2020,FALSE,0,"38856_Live individuals_2020"
10145,42.602543,-83.250992,363,"Molothrus","ater","brown-headed cowbird","Animalia",38857,292,"Live individuals",2020,4,8,99,2458948,1,"38857_Live individuals","Adults observed","MI",13,2020-04-08,"calendar",99,2020,FALSE,0,"38857_Live individuals_2020"
10145,42.602543,-83.250992,1093,"Chaetura","pelagica","chimney swift","Animalia",38864,292,"Live individuals",2020,5,2,123,2458972,NA,"38864_Live individuals","Adults observed","MI",13,2020-05-02,"calendar",123,2020,FALSE,0,"38864_Live individuals_2020"
10145,42.602543,-83.250992,355,"Troglodytes","aedon","house wren","Animalia",38908,292,"Live individuals",2020,5,16,137,2458986,1,"38908_Live individuals","Adults observed","MI",13,2020-05-16,"calendar",137,2020,FALSE,0,"38908_Live individuals_2020"
10145,42.602543,-83.250992,248,"Pandion","haliaetus","osprey","Animalia",38931,292,"Live individuals",2020,12,11,346,2459195,1,"38931_Live individuals","Adults observed","MI",9,2020-12-11,"calendar",346,2020,FALSE,0,"38931_Live individuals_2020"
10145,42.602543,-83.250992,359,"Agelaius","phoeniceus","red-winged blackbird","Animalia",38946,292,"Live individuals",2020,3,3,63,2458912,1,"38946_Live individuals","Adults observed","MI",13,2020-03-03,"calendar",63,2020,FALSE,0,"38946_Live individuals_2020"
10145,42.602543,-83.250992,352,"Archilochus","colubris","ruby-throated hummingbird","Animalia",38951,292,"Live individuals",2020,7,20,202,2459051,1,"38951_Live individuals","Adults observed","MI",11,2020-07-20,"calendar",202,2020,FALSE,0,"38951_Live individuals_2020"
9652,44.768246,-94.155746,246,"Turdus","migratorius","American robin","Animalia",40107,292,"Live individuals",2020,2,22,53,2458902,NA,"40107_Live individuals","Adults observed","MN",13,2020-02-22,"calendar",53,2020,FALSE,0,"40107_Live individuals_2020"
9652,44.768246,-94.155746,240,"Spinus","tristis","American goldfinch","Animalia",40108,292,"Live individuals",2020,5,8,129,2458978,NA,"40108_Live individuals","Adults observed","MN",10,2020-05-08,"calendar",129,2020,FALSE,0,"40108_Live individuals_2020"
9652,44.768246,-94.155746,375,"Zenaida","macroura","mourning dove","Animalia",40109,292,"Live individuals",2020,4,27,118,2458967,NA,"40109_Live individuals","Adults observed","MN",11,2020-04-27,"calendar",118,2020,FALSE,0,"40109_Live individuals_2020"
9652,44.768246,-94.155746,1095,"Chordeiles","minor","common nighthawk","Animalia",40112,292,"Live individuals",2020,5,20,141,2458990,NA,"40112_Live individuals","Adults observed","MN",13,2020-05-20,"calendar",141,2020,FALSE,0,"40112_Live individuals_2020"
10717,38.285664,-111.246605,246,"Turdus","migratorius","American robin","Animalia",42593,292,"Live individuals",2020,3,22,82,2458931,2,"42593_Live individuals","Adults observed","UT",11,2020-03-22,"calendar",82,2020,FALSE,0,"42593_Live individuals_2020"
1419,42.011166,-88.503304,1117,"Sayornis","phoebe","eastern phoebe","Animalia",44642,292,"Live individuals",2020,4,9,100,2458949,4,"44642_Live individuals","Adults observed","IL",11,2020-04-09,"calendar",100,2020,FALSE,0,"44642_Live individuals_2020"
11598,43.073357,-71.150681,243,"Gavia","immer","common loon","Animalia",48357,292,"Live individuals",2020,4,5,96,2458945,NA,"48357_Live individuals","Adults observed","NH",13,2020-04-05,"calendar",96,2020,FALSE,0,"48357_Live individuals_2020"
5428,48.033489,-122.598724,1119,"Selasphorus","rufus","rufous hummingbird","Animalia",60984,292,"Live individuals",2020,3,10,70,2458919,35,"60984_Live individuals","Adults observed","WA",11,2020-03-10,"calendar",70,2020,FALSE,0,"60984_Live individuals_2020"
17414,42.936153,-73.433449,1124,"Tachycineta","bicolor","tree swallow","Animalia",66940,292,"Live individuals",2020,4,12,103,2458952,8,"66940_Live individuals","Adults observed","NY",12,2020-04-12,"calendar",103,2020,FALSE,0,"66940_Live individuals_2020"
9341,35.639874,-83.687721,377,"Vireo","olivaceus","red-eyed vireo","Animalia",75374,292,"Live individuals",2020,5,30,151,2459000,26,"75374_Live individuals","Adults observed","TN",9,2020-05-30,"calendar",151,2020,FALSE,0,"75374_Live individuals_2020"
9341,35.639874,-83.687721,1098,"Setophaga","virens","black-throated green warbler","Animalia",75375,293,"Calls or song (birds)",2020,4,6,97,2458946,18,"75375_Calls or song (birds)","Adults observed","TN",13,2020-04-06,"calendar",97,2020,FALSE,0,"75375_Calls or song (birds)_2020"
19944,33.66478,-117.843063,242,"Petrochelidon","pyrrhonota","cliff swallow","Animalia",81457,292,"Live individuals",2020,3,6,66,2458915,5,"81457_Live individuals","Adults observed","CA",11,2020-03-06,"calendar",66,2020,FALSE,0,"81457_Live individuals_2020"
17414,42.936153,-73.433449,1197,"Geothlypis","trichas","common yellowthroat","Animalia",86970,292,"Live individuals",2020,5,4,125,2458974,3,"86970_Live individuals","Adults observed","NY",10,2020-05-04,"calendar",125,2020,FALSE,0,"86970_Live individuals_2020"
5261,42.448402,-72.345314,1118,"Scolopax","minor","American woodcock","Animalia",87881,292,"Live individuals",2020,3,20,80,2458929,6,"87881_Live individuals","Adults observed","MA",9,2020-03-20,"calendar",80,2020,FALSE,0,"87881_Live individuals_2020"
21729,44.913651,-69.939186,243,"Gavia","immer","common loon","Animalia",95310,292,"Live individuals",2020,4,30,121,2458970,4,"95310_Live individuals","Adults observed","ME",9,2020-04-30,"calendar",121,2020,FALSE,0,"95310_Live individuals_2020"
22858,38.09404,-122.37149,1124,"Tachycineta","bicolor","tree swallow","Animalia",103160,292,"Live individuals",2020,2,10,41,2458890,7,"103160_Live individuals","Adults observed","CA",10,2020-02-10,"calendar",41,2020,FALSE,0,"103160_Live individuals_2020"
17414,42.936153,-73.433449,352,"Archilochus","colubris","ruby-throated hummingbird","Animalia",103211,292,"Live individuals",2020,5,14,135,2458984,3,"103211_Live individuals","Adults observed","NY",10,2020-05-14,"calendar",135,2020,FALSE,0,"103211_Live individuals_2020"
23690,44.966442,-70.773682,243,"Gavia","immer","common loon","Animalia",111658,292,"Live individuals",2020,6,12,164,2459013,NA,"111658_Live individuals","Adults observed","ME",9,2020-06-12,"calendar",164,2020,FALSE,0,"111658_Live individuals_2020"
2803,39.971001,-105.397003,1095,"Chordeiles","minor","common nighthawk","Animalia",122048,292,"Live individuals",2020,6,8,160,2459009,3,"122048_Live individuals","Adults observed","CO",9,2020-06-08,"calendar",160,2020,FALSE,0,"122048_Live individuals_2020"
2803,39.971001,-105.397003,359,"Agelaius","phoeniceus","red-winged blackbird","Animalia",122051,292,"Live individuals",2020,3,25,85,2458934,7,"122051_Live individuals","Adults observed","CO",9,2020-03-25,"calendar",85,2020,FALSE,0,"122051_Live individuals_2020"
25568,45.140465,-93.312943,248,"Pandion","haliaetus","osprey","Animalia",123976,292,"Live individuals",2020,7,1,183,2459032,NA,"123976_Live individuals","Adults observed","MN",9,2020-07-01,"calendar",183,2020,FALSE,0,"123976_Live individuals_2020"
27026,43.413593,-70.810211,352,"Archilochus","colubris","ruby-throated hummingbird","Animalia",137519,292,"Live individuals",2020,5,16,137,2458986,32,"137519_Live individuals","Adults observed","ME",9,2020-05-16,"calendar",137,2020,FALSE,0,"137519_Live individuals_2020"
27026,43.413593,-70.810211,360,"Icterus","galbula","Baltimore oriole","Animalia",137608,292,"Live individuals",2020,5,10,131,2458980,26,"137608_Live individuals","Adults observed","ME",9,2020-05-10,"calendar",131,2020,FALSE,0,"137608_Live individuals_2020"
681,41.296783,-105.5746,246,"Turdus","migratorius","American robin","Animalia",6025,292,"Live individuals",2021,4,3,93,2459308,NA,"6025_Live individuals","Adults observed","WY",10,2021-04-03,"calendar",93,2021,FALSE,0,"6025_Live individuals_2021"
1419,42.011166,-88.503304,244,"Charadrius","vociferus","killdeer","Animalia",10286,293,"Calls or song (birds)",2021,6,30,181,2459396,97,"10286_Calls or song (birds)","Adults observed","IL",12,2021-06-30,"calendar",181,2021,FALSE,0,"10286_Calls or song (birds)_2021"
5428,48.033489,-122.598724,240,"Spinus","tristis","American goldfinch","Animalia",11347,292,"Live individuals",2021,4,19,109,2459324,11,"11347_Live individuals","Adults observed","WA",14,2021-04-19,"calendar",109,2021,FALSE,0,"11347_Live individuals_2021"
5582,45.195858,-70.45369,246,"Turdus","migratorius","American robin","Animalia",12466,292,"Live individuals",2021,6,9,160,2459375,7,"12466_Live individuals","Adults observed","ME",9,2021-06-09,"calendar",160,2021,FALSE,0,"12466_Live individuals_2021"
5582,45.195858,-70.45369,243,"Gavia","immer","common loon","Animalia",12467,293,"Calls or song (birds)",2021,5,12,132,2459347,7,"12467_Calls or song (birds)","Adults observed","ME",12,2021-05-12,"calendar",132,2021,FALSE,0,"12467_Calls or song (birds)_2021"
5583,45.196041,-70.459015,243,"Gavia","immer","common loon","Animalia",12472,292,"Live individuals",2021,5,26,146,2459361,7,"12472_Live individuals","Adults observed","ME",12,2021-05-26,"calendar",146,2021,FALSE,0,"12472_Live individuals_2021"
5674,44.910587,-70.266861,246,"Turdus","migratorius","American robin","Animalia",12709,292,"Live individuals",2021,4,4,94,2459309,7,"12709_Live individuals","Adults observed","ME",13,2021-04-04,"calendar",94,2021,FALSE,0,"12709_Live individuals_2021"
5674,44.910587,-70.266861,352,"Archilochus","colubris","ruby-throated hummingbird","Animalia",12712,292,"Live individuals",2021,5,9,129,2459344,7,"12712_Live individuals","Adults observed","ME",14,2021-05-09,"calendar",129,2021,FALSE,0,"12712_Live individuals_2021"
2803,39.971001,-105.397003,246,"Turdus","migratorius","American robin","Animalia",16046,292,"Live individuals",2021,3,9,68,2459283,4,"16046_Live individuals","Adults observed","CO",15,2021-03-09,"calendar",68,2021,FALSE,0,"16046_Live individuals_2021"
2803,39.971001,-105.397003,354,"Selasphorus","platycercus","broad-tailed hummingbird","Animalia",16048,292,"Live individuals",2021,5,5,125,2459340,5,"16048_Live individuals","Adults observed","CO",15,2021-05-05,"calendar",125,2021,FALSE,0,"16048_Live individuals_2021"
2803,39.971001,-105.397003,357,"Sialia","mexicana","western bluebird","Animalia",16214,292,"Live individuals",2021,4,6,96,2459311,8,"16214_Live individuals","Adults observed","CO",14,2021-04-06,"calendar",96,2021,FALSE,0,"16214_Live individuals_2021"
6481,42.456135,-72.344215,352,"Archilochus","colubris","ruby-throated hummingbird","Animalia",19040,292,"Live individuals",2021,5,5,125,2459340,7,"19040_Live individuals","Adults observed","MA",9,2021-05-05,"calendar",125,2021,FALSE,0,"19040_Live individuals_2021"
8242,31.596231,-110.575493,353,"Archilochus","alexandri","black-chinned hummingbird","Animalia",23606,292,"Live individuals",2021,5,3,123,2459338,NA,"23606_Live individuals","Adults observed","AZ",10,2021-05-03,"calendar",123,2021,FALSE,0,"23606_Live individuals_2021"
8496,46.328629,-96.061256,246,"Turdus","migratorius","American robin","Animalia",25780,292,"Live individuals",2021,4,2,92,2459307,NA,"25780_Live individuals","Adults observed","MN",14,2021-04-02,"calendar",92,2021,FALSE,0,"25780_Live individuals_2021"
8496,46.328629,-96.061256,352,"Archilochus","colubris","ruby-throated hummingbird","Animalia",25784,292,"Live individuals",2021,5,17,137,2459352,6,"25784_Live individuals","Adults observed","MN",14,2021-05-17,"calendar",137,2021,FALSE,0,"25784_Live individuals_2021"
8496,46.328629,-96.061256,1104,"Hirundo","rustica","barn swallow","Animalia",25894,292,"Live individuals",2021,5,11,131,2459346,NA,"25894_Live individuals","Adults observed","MN",14,2021-05-11,"calendar",131,2021,FALSE,0,"25894_Live individuals_2021"
8496,46.328629,-96.061256,355,"Troglodytes","aedon","house wren","Animalia",25897,292,"Live individuals",2021,5,17,137,2459352,6,"25897_Live individuals","Adults observed","MN",14,2021-05-17,"calendar",137,2021,FALSE,0,"25897_Live individuals_2021"
8496,46.328629,-96.061256,1124,"Tachycineta","bicolor","tree swallow","Animalia",25899,292,"Live individuals",2021,5,2,122,2459337,NA,"25899_Live individuals","Adults observed","MN",14,2021-05-02,"calendar",122,2021,FALSE,0,"25899_Live individuals_2021"
8715,43.522804,-70.802277,352,"Archilochus","colubris","ruby-throated hummingbird","Animalia",28193,292,"Live individuals",2021,6,2,153,2459368,11,"28193_Live individuals","Adults observed","ME",14,2021-06-02,"calendar",153,2021,FALSE,0,"28193_Live individuals_2021"
8736,44.903229,-93.217445,352,"Archilochus","colubris","ruby-throated hummingbird","Animalia",28356,292,"Live individuals",2021,8,16,228,2459443,1,"28356_Live individuals","Adults observed","MN",10,2021-08-16,"calendar",228,2021,FALSE,0,"28356_Live individuals_2021"
8242,31.596231,-110.575493,1104,"Hirundo","rustica","barn swallow","Animalia",29638,292,"Live individuals",2021,5,24,144,2459359,21,"29638_Live individuals","Adults observed","AZ",10,2021-05-24,"calendar",144,2021,FALSE,0,"29638_Live individuals_2021"
8496,46.328629,-96.061256,375,"Zenaida","macroura","mourning dove","Animalia",32296,292,"Live individuals",2021,4,6,96,2459311,NA,"32296_Live individuals","Adults observed","MN",14,2021-04-06,"calendar",96,2021,FALSE,0,"32296_Live individuals_2021"
10145,42.602543,-83.250992,1193,"Setophaga","ruticilla","American redstart","Animalia",38839,293,"Calls or song (birds)",2021,4,29,119,2459334,NA,"38839_Calls or song (birds)","Adults observed","MI",10,2021-04-29,"calendar",119,2021,FALSE,0,"38839_Calls or song (birds)_2021"
10145,42.602543,-83.250992,360,"Icterus","galbula","Baltimore oriole","Animalia",38844,292,"Live individuals",2021,6,9,160,2459375,1,"38844_Live individuals","Adults observed","MI",10,2021-06-09,"calendar",160,2021,FALSE,0,"38844_Live individuals_2021"
10145,42.602543,-83.250992,1104,"Hirundo","rustica","barn swallow","Animalia",38845,292,"Live individuals",2021,5,21,141,2459356,1,"38845_Live individuals","Adults observed","MI",13,2021-05-21,"calendar",141,2021,FALSE,0,"38845_Live individuals_2021"
10145,42.602543,-83.250992,1085,"Buteo","platypterus","broad-winged hawk","Animalia",38856,292,"Live individuals",2021,10,11,284,2459499,280,"38856_Live individuals","Adults observed","MI",9,2021-10-11,"calendar",284,2021,FALSE,0,"38856_Live individuals_2021"
10145,42.602543,-83.250992,363,"Molothrus","ater","brown-headed cowbird","Animalia",38857,292,"Live individuals",2021,3,25,84,2459299,1,"38857_Live individuals","Adults observed","MI",13,2021-03-25,"calendar",84,2021,FALSE,0,"38857_Live individuals_2021"
10145,42.602543,-83.250992,1093,"Chaetura","pelagica","chimney swift","Animalia",38864,292,"Live individuals",2021,5,2,122,2459337,2,"38864_Live individuals","Adults observed","MI",13,2021-05-02,"calendar",122,2021,FALSE,0,"38864_Live individuals_2021"
10145,42.602543,-83.250992,355,"Troglodytes","aedon","house wren","Animalia",38908,292,"Live individuals",2021,7,9,190,2459405,1,"38908_Live individuals","Adults observed","MI",13,2021-07-09,"calendar",190,2021,FALSE,0,"38908_Live individuals_2021"
10145,42.602543,-83.250992,248,"Pandion","haliaetus","osprey","Animalia",38931,292,"Live individuals",2021,6,6,157,2459372,1,"38931_Live individuals","Adults observed","MI",9,2021-06-06,"calendar",157,2021,FALSE,0,"38931_Live individuals_2021"
10145,42.602543,-83.250992,359,"Agelaius","phoeniceus","red-winged blackbird","Animalia",38946,292,"Live individuals",2021,3,9,68,2459283,1,"38946_Live individuals","Adults observed","MI",13,2021-03-09,"calendar",68,2021,FALSE,0,"38946_Live individuals_2021"
9652,44.768246,-94.155746,246,"Turdus","migratorius","American robin","Animalia",40107,292,"Live individuals",2021,1,1,1,2459216,NA,"40107_Live individuals","Adults observed","MN",13,2021-01-01,"calendar",1,2021,FALSE,0,"40107_Live individuals_2021"
9652,44.768246,-94.155746,240,"Spinus","tristis","American goldfinch","Animalia",40108,292,"Live individuals",2021,6,10,161,2459376,NA,"40108_Live individuals","Adults observed","MN",10,2021-06-10,"calendar",161,2021,FALSE,0,"40108_Live individuals_2021"
9652,44.768246,-94.155746,375,"Zenaida","macroura","mourning dove","Animalia",40109,292,"Live individuals",2021,5,29,149,2459364,NA,"40109_Live individuals","Adults observed","MN",11,2021-05-29,"calendar",149,2021,FALSE,0,"40109_Live individuals_2021"
9652,44.768246,-94.155746,1095,"Chordeiles","minor","common nighthawk","Animalia",40112,292,"Live individuals",2021,5,16,136,2459351,NA,"40112_Live individuals","Adults observed","MN",13,2021-05-16,"calendar",136,2021,FALSE,0,"40112_Live individuals_2021"
10717,38.285664,-111.246605,246,"Turdus","migratorius","American robin","Animalia",42593,292,"Live individuals",2021,3,31,90,2459305,3,"42593_Live individuals","Adults observed","UT",11,2021-03-31,"calendar",90,2021,FALSE,0,"42593_Live individuals_2021"
1419,42.011166,-88.503304,1117,"Sayornis","phoebe","eastern phoebe","Animalia",44642,292,"Live individuals",2021,6,30,181,2459396,97,"44642_Live individuals","Adults observed","IL",11,2021-06-30,"calendar",181,2021,FALSE,0,"44642_Live individuals_2021"
11598,43.073357,-71.150681,243,"Gavia","immer","common loon","Animalia",48357,292,"Live individuals",2021,3,27,86,2459301,4,"48357_Live individuals","Adults observed","NH",13,2021-03-27,"calendar",86,2021,FALSE,0,"48357_Live individuals_2021"
6102,32.23188,-110.951012,353,"Archilochus","alexandri","black-chinned hummingbird","Animalia",49640,292,"Live individuals",2021,2,3,34,2459249,3,"49640_Live individuals","Adults observed","AZ",9,2021-02-03,"calendar",34,2021,FALSE,0,"49640_Live individuals_2021"
5428,48.033489,-122.598724,1119,"Selasphorus","rufus","rufous hummingbird","Animalia",60984,292,"Live individuals",2021,3,11,70,2459285,2,"60984_Live individuals","Adults observed","WA",11,2021-03-11,"calendar",70,2021,FALSE,0,"60984_Live individuals_2021"
17414,42.936153,-73.433449,1124,"Tachycineta","bicolor","tree swallow","Animalia",66940,292,"Live individuals",2021,4,11,101,2459316,4,"66940_Live individuals","Adults observed","NY",12,2021-04-11,"calendar",101,2021,FALSE,0,"66940_Live individuals_2021"
9341,35.639874,-83.687721,377,"Vireo","olivaceus","red-eyed vireo","Animalia",75374,292,"Live individuals",2021,4,27,117,2459332,7,"75374_Live individuals","Adults observed","TN",9,2021-04-27,"calendar",117,2021,FALSE,0,"75374_Live individuals_2021"
9341,35.639874,-83.687721,1098,"Setophaga","virens","black-throated green warbler","Animalia",75375,293,"Calls or song (birds)",2021,3,30,89,2459304,7,"75375_Calls or song (birds)","Adults observed","TN",13,2021-03-30,"calendar",89,2021,FALSE,0,"75375_Calls or song (birds)_2021"
9342,35.644516,-83.68988,1098,"Setophaga","virens","black-throated green warbler","Animalia",75386,292,"Live individuals",2021,5,22,142,2459357,NA,"75386_Live individuals","Adults observed","TN",10,2021-05-22,"calendar",142,2021,FALSE,0,"75386_Live individuals_2021"
9342,35.644516,-83.68988,1236,"Setophaga","citrina","hooded warbler","Animalia",75388,292,"Live individuals",2021,4,17,107,2459322,NA,"75388_Live individuals","Adults observed","TN",10,2021-04-17,"calendar",107,2021,FALSE,0,"75388_Live individuals_2021"
9342,35.644516,-83.68988,377,"Vireo","olivaceus","red-eyed vireo","Animalia",75391,292,"Live individuals",2021,5,8,128,2459343,40,"75391_Live individuals","Adults observed","TN",9,2021-05-08,"calendar",128,2021,FALSE,0,"75391_Live individuals_2021"
9340,35.642353,-83.687431,1236,"Setophaga","citrina","hooded warbler","Animalia",75396,293,"Calls or song (birds)",2021,5,15,135,2459350,7,"75396_Calls or song (birds)","Adults observed","TN",9,2021-05-15,"calendar",135,2021,FALSE,0,"75396_Calls or song (birds)_2021"
8806,35.640625,-83.689034,1098,"Setophaga","virens","black-throated green warbler","Animalia",75401,293,"Calls or song (birds)",2021,4,26,116,2459331,10,"75401_Calls or song (birds)","Adults observed","TN",14,2021-04-26,"calendar",116,2021,FALSE,0,"75401_Calls or song (birds)_2021"
8806,35.640625,-83.689034,377,"Vireo","olivaceus","red-eyed vireo","Animalia",75407,293,"Calls or song (birds)",2021,4,26,116,2459331,10,"75407_Calls or song (birds)","Adults observed","TN",14,2021-04-26,"calendar",116,2021,FALSE,0,"75407_Calls or song (birds)_2021"
19944,33.66478,-117.843063,242,"Petrochelidon","pyrrhonota","cliff swallow","Animalia",81457,292,"Live individuals",2021,3,11,70,2459285,3,"81457_Live individuals","Adults observed","CA",11,2021-03-11,"calendar",70,2021,FALSE,0,"81457_Live individuals_2021"
17414,42.936153,-73.433449,1197,"Geothlypis","trichas","common yellowthroat","Animalia",86970,292,"Live individuals",2021,8,13,225,2459440,5,"86970_Live individuals","Adults observed","NY",10,2021-08-13,"calendar",225,2021,FALSE,0,"86970_Live individuals_2021"
5261,42.448402,-72.345314,1118,"Scolopax","minor","American woodcock","Animalia",87881,292,"Live individuals",2021,3,21,80,2459295,2,"87881_Live individuals","Adults observed","MA",9,2021-03-21,"calendar",80,2021,FALSE,0,"87881_Live individuals_2021"
21729,44.913651,-69.939186,243,"Gavia","immer","common loon","Animalia",95310,292,"Live individuals",2021,5,9,129,2459344,28,"95310_Live individuals","Adults observed","ME",9,2021-05-09,"calendar",129,2021,FALSE,0,"95310_Live individuals_2021"
22858,38.09404,-122.37149,1124,"Tachycineta","bicolor","tree swallow","Animalia",103160,292,"Live individuals",2021,2,16,47,2459262,8,"103160_Live individuals","Adults observed","CA",10,2021-02-16,"calendar",47,2021,FALSE,0,"103160_Live individuals_2021"
17414,42.936153,-73.433449,352,"Archilochus","colubris","ruby-throated hummingbird","Animalia",103211,292,"Live individuals",2021,5,6,126,2459341,6,"103211_Live individuals","Adults observed","NY",10,2021-05-06,"calendar",126,2021,FALSE,0,"103211_Live individuals_2021"
23690,44.966442,-70.773682,243,"Gavia","immer","common loon","Animalia",111658,292,"Live individuals",2021,5,15,135,2459350,NA,"111658_Live individuals","Adults observed","ME",9,2021-05-15,"calendar",135,2021,FALSE,0,"111658_Live individuals_2021"
2803,39.971001,-105.397003,1095,"Chordeiles","minor","common nighthawk","Animalia",122048,292,"Live individuals",2021,6,30,181,2459396,4,"122048_Live individuals","Adults observed","CO",9,2021-06-30,"calendar",181,2021,FALSE,0,"122048_Live individuals_2021"
2803,39.971001,-105.397003,359,"Agelaius","phoeniceus","red-winged blackbird","Animalia",122051,292,"Live individuals",2021,3,5,64,2459279,4,"122051_Live individuals","Adults observed","CO",9,2021-03-05,"calendar",64,2021,FALSE,0,"122051_Live individuals_2021"
25568,45.140465,-93.312943,248,"Pandion","haliaetus","osprey","Animalia",123976,292,"Live individuals",2021,4,5,95,2459310,3,"123976_Live individuals","Adults observed","MN",9,2021-04-05,"calendar",95,2021,FALSE,0,"123976_Live individuals_2021"
27026,43.413593,-70.810211,352,"Archilochus","colubris","ruby-throated hummingbird","Animalia",137519,292,"Live individuals",2021,5,8,128,2459343,NA,"137519_Live individuals","Adults observed","ME",9,2021-05-08,"calendar",128,2021,FALSE,0,"137519_Live individuals_2021"
27026,43.413593,-70.810211,360,"Icterus","galbula","Baltimore oriole","Animalia",137608,292,"Live individuals",2021,5,8,128,2459343,26,"137608_Live individuals","Adults observed","ME",9,2021-05-08,"calendar",128,2021,FALSE,0,"137608_Live individuals_2021"
681,41.296783,-105.5746,246,"Turdus","migratorius","American robin","Animalia",6025,292,"Live individuals",2022,3,20,79,2459659,NA,"6025_Live individuals","Adults observed","WY",10,2022-03-20,"calendar",79,2022,FALSE,0,"6025_Live individuals_2022"
1419,42.011166,-88.503304,244,"Charadrius","vociferus","killdeer","Animalia",10286,293,"Calls or song (birds)",2022,6,7,158,2459738,11,"10286_Calls or song (birds)","Adults observed","IL",12,2022-06-07,"calendar",158,2022,FALSE,0,"10286_Calls or song (birds)_2022"
1447,42.176537,-85.892448,360,"Icterus","galbula","Baltimore oriole","Animalia",11246,293,"Calls or song (birds)",2022,5,8,128,2459708,8,"11246_Calls or song (birds)","Adults observed","MI",9,2022-05-08,"calendar",128,2022,FALSE,0,"11246_Calls or song (birds)_2022"
5428,48.033489,-122.598724,240,"Spinus","tristis","American goldfinch","Animalia",11347,292,"Live individuals",2022,6,25,176,2459756,76,"11347_Live individuals","Adults observed","WA",14,2022-06-25,"calendar",176,2022,FALSE,0,"11347_Live individuals_2022"
5582,45.195858,-70.45369,246,"Turdus","migratorius","American robin","Animalia",12466,292,"Live individuals",2022,9,28,271,2459851,14,"12466_Live individuals","Adults observed","ME",9,2022-09-28,"calendar",271,2022,FALSE,0,"12466_Live individuals_2022"
5582,45.195858,-70.45369,243,"Gavia","immer","common loon","Animalia",12467,293,"Calls or song (birds)",2022,4,27,117,2459697,7,"12467_Calls or song (birds)","Adults observed","ME",12,2022-04-27,"calendar",117,2022,FALSE,0,"12467_Calls or song (birds)_2022"
5583,45.196041,-70.459015,243,"Gavia","immer","common loon","Animalia",12472,292,"Live individuals",2022,4,27,117,2459697,7,"12472_Live individuals","Adults observed","ME",12,2022-04-27,"calendar",117,2022,FALSE,0,"12472_Live individuals_2022"
5674,44.910587,-70.266861,246,"Turdus","migratorius","American robin","Animalia",12709,292,"Live individuals",2022,4,10,100,2459680,7,"12709_Live individuals","Adults observed","ME",13,2022-04-10,"calendar",100,2022,FALSE,0,"12709_Live individuals_2022"
5674,44.910587,-70.266861,352,"Archilochus","colubris","ruby-throated hummingbird","Animalia",12712,292,"Live individuals",2022,5,15,135,2459715,7,"12712_Live individuals","Adults observed","ME",14,2022-05-15,"calendar",135,2022,FALSE,0,"12712_Live individuals_2022"
2803,39.971001,-105.397003,246,"Turdus","migratorius","American robin","Animalia",16046,292,"Live individuals",2022,3,12,71,2459651,5,"16046_Live individuals","Adults observed","CO",15,2022-03-12,"calendar",71,2022,FALSE,0,"16046_Live individuals_2022"
2803,39.971001,-105.397003,354,"Selasphorus","platycercus","broad-tailed hummingbird","Animalia",16048,292,"Live individuals",2022,5,9,129,2459709,8,"16048_Live individuals","Adults observed","CO",15,2022-05-09,"calendar",129,2022,FALSE,0,"16048_Live individuals_2022"
2803,39.971001,-105.397003,357,"Sialia","mexicana","western bluebird","Animalia",16214,292,"Live individuals",2022,4,20,110,2459690,36,"16214_Live individuals","Adults observed","CO",14,2022-04-20,"calendar",110,2022,FALSE,0,"16214_Live individuals_2022"
6481,42.456135,-72.344215,352,"Archilochus","colubris","ruby-throated hummingbird","Animalia",19040,292,"Live individuals",2022,5,13,133,2459713,4,"19040_Live individuals","Adults observed","MA",9,2022-05-13,"calendar",133,2022,FALSE,0,"19040_Live individuals_2022"
8496,46.328629,-96.061256,246,"Turdus","migratorius","American robin","Animalia",25780,292,"Live individuals",2022,3,27,86,2459666,NA,"25780_Live individuals","Adults observed","MN",14,2022-03-27,"calendar",86,2022,FALSE,0,"25780_Live individuals_2022"
8496,46.328629,-96.061256,352,"Archilochus","colubris","ruby-throated hummingbird","Animalia",25784,292,"Live individuals",2022,5,25,145,2459725,13,"25784_Live individuals","Adults observed","MN",14,2022-05-25,"calendar",145,2022,FALSE,0,"25784_Live individuals_2022"
8496,46.328629,-96.061256,1104,"Hirundo","rustica","barn swallow","Animalia",25894,292,"Live individuals",2022,5,25,145,2459725,13,"25894_Live individuals","Adults observed","MN",14,2022-05-25,"calendar",145,2022,FALSE,0,"25894_Live individuals_2022"
8496,46.328629,-96.061256,1117,"Sayornis","phoebe","eastern phoebe","Animalia",25896,292,"Live individuals",2022,5,8,128,2459708,NA,"25896_Live individuals","Adults observed","MN",9,2022-05-08,"calendar",128,2022,FALSE,0,"25896_Live individuals_2022"
8496,46.328629,-96.061256,355,"Troglodytes","aedon","house wren","Animalia",25897,292,"Live individuals",2022,5,25,145,2459725,13,"25897_Live individuals","Adults observed","MN",14,2022-05-25,"calendar",145,2022,FALSE,0,"25897_Live individuals_2022"
8496,46.328629,-96.061256,1124,"Tachycineta","bicolor","tree swallow","Animalia",25899,292,"Live individuals",2022,5,8,128,2459708,21,"25899_Live individuals","Adults observed","MN",14,2022-05-08,"calendar",128,2022,FALSE,0,"25899_Live individuals_2022"
8715,43.522804,-70.802277,352,"Archilochus","colubris","ruby-throated hummingbird","Animalia",28193,292,"Live individuals",2022,6,25,176,2459756,26,"28193_Live individuals","Adults observed","ME",14,2022-06-25,"calendar",176,2022,FALSE,0,"28193_Live individuals_2022"
8496,46.328629,-96.061256,375,"Zenaida","macroura","mourning dove","Animalia",32296,292,"Live individuals",2022,4,17,107,2459687,7,"32296_Live individuals","Adults observed","MN",14,2022-04-17,"calendar",107,2022,FALSE,0,"32296_Live individuals_2022"
9344,35.640373,-83.692863,377,"Vireo","olivaceus","red-eyed vireo","Animalia",32889,293,"Calls or song (birds)",2022,4,4,94,2459674,7,"32889_Calls or song (birds)","Adults observed","TN",10,2022-04-04,"calendar",94,2022,FALSE,0,"32889_Calls or song (birds)_2022"
10145,42.602543,-83.250992,360,"Icterus","galbula","Baltimore oriole","Animalia",38844,292,"Live individuals",2022,6,21,172,2459752,1,"38844_Live individuals","Adults observed","MI",10,2022-06-21,"calendar",172,2022,FALSE,0,"38844_Live individuals_2022"
10145,42.602543,-83.250992,1104,"Hirundo","rustica","barn swallow","Animalia",38845,292,"Live individuals",2022,5,7,127,2459707,1,"38845_Live individuals","Adults observed","MI",13,2022-05-07,"calendar",127,2022,FALSE,0,"38845_Live individuals_2022"
10145,42.602543,-83.250992,1098,"Setophaga","virens","black-throated green warbler","Animalia",38850,293,"Calls or song (birds)",2022,5,10,130,2459710,1,"38850_Calls or song (birds)","Adults observed","MI",9,2022-05-10,"calendar",130,2022,FALSE,0,"38850_Calls or song (birds)_2022"
10145,42.602543,-83.250992,363,"Molothrus","ater","brown-headed cowbird","Animalia",38857,292,"Live individuals",2022,4,1,91,2459671,1,"38857_Live individuals","Adults observed","MI",13,2022-04-01,"calendar",91,2022,FALSE,0,"38857_Live individuals_2022"
10145,42.602543,-83.250992,1093,"Chaetura","pelagica","chimney swift","Animalia",38864,292,"Live individuals",2022,5,10,130,2459710,1,"38864_Live individuals","Adults observed","MI",13,2022-05-10,"calendar",130,2022,FALSE,0,"38864_Live individuals_2022"
10145,42.602543,-83.250992,355,"Troglodytes","aedon","house wren","Animalia",38908,292,"Live individuals",2022,4,30,120,2459700,1,"38908_Live individuals","Adults observed","MI",13,2022-04-30,"calendar",120,2022,FALSE,0,"38908_Live individuals_2022"
10145,42.602543,-83.250992,248,"Pandion","haliaetus","osprey","Animalia",38931,292,"Live individuals",2022,8,9,221,2459801,1,"38931_Live individuals","Adults observed","MI",9,2022-08-09,"calendar",221,2022,FALSE,0,"38931_Live individuals_2022"
10145,42.602543,-83.250992,359,"Agelaius","phoeniceus","red-winged blackbird","Animalia",38946,292,"Live individuals",2022,3,10,69,2459649,1,"38946_Live individuals","Adults observed","MI",13,2022-03-10,"calendar",69,2022,FALSE,0,"38946_Live individuals_2022"
10145,42.602543,-83.250992,352,"Archilochus","colubris","ruby-throated hummingbird","Animalia",38951,292,"Live individuals",2022,5,19,139,2459719,1,"38951_Live individuals","Adults observed","MI",11,2022-05-19,"calendar",139,2022,FALSE,0,"38951_Live individuals_2022"
9652,44.768246,-94.155746,246,"Turdus","migratorius","American robin","Animalia",40107,292,"Live individuals",2022,1,18,18,2459598,NA,"40107_Live individuals","Adults observed","MN",13,2022-01-18,"calendar",18,2022,FALSE,0,"40107_Live individuals_2022"
9652,44.768246,-94.155746,240,"Spinus","tristis","American goldfinch","Animalia",40108,292,"Live individuals",2022,5,9,129,2459709,NA,"40108_Live individuals","Adults observed","MN",10,2022-05-09,"calendar",129,2022,FALSE,0,"40108_Live individuals_2022"
9652,44.768246,-94.155746,375,"Zenaida","macroura","mourning dove","Animalia",40109,292,"Live individuals",2022,4,19,109,2459689,NA,"40109_Live individuals","Adults observed","MN",11,2022-04-19,"calendar",109,2022,FALSE,0,"40109_Live individuals_2022"
9652,44.768246,-94.155746,1095,"Chordeiles","minor","common nighthawk","Animalia",40112,292,"Live individuals",2022,5,15,135,2459715,NA,"40112_Live individuals","Adults observed","MN",13,2022-05-15,"calendar",135,2022,FALSE,0,"40112_Live individuals_2022"
10717,38.285664,-111.246605,246,"Turdus","migratorius","American robin","Animalia",42593,292,"Live individuals",2022,3,4,63,2459643,33,"42593_Live individuals","Adults observed","UT",11,2022-03-04,"calendar",63,2022,FALSE,0,"42593_Live individuals_2022"
1419,42.011166,-88.503304,1117,"Sayornis","phoebe","eastern phoebe","Animalia",44642,292,"Live individuals",2022,4,15,105,2459685,33,"44642_Live individuals","Adults observed","IL",11,2022-04-15,"calendar",105,2022,FALSE,0,"44642_Live individuals_2022"
11598,43.073357,-71.150681,243,"Gavia","immer","common loon","Animalia",48357,292,"Live individuals",2022,4,18,108,2459688,NA,"48357_Live individuals","Adults observed","NH",13,2022-04-18,"calendar",108,2022,FALSE,0,"48357_Live individuals_2022"
6102,32.23188,-110.951012,353,"Archilochus","alexandri","black-chinned hummingbird","Animalia",49640,292,"Live individuals",2022,9,29,272,2459852,13,"49640_Live individuals","Adults observed","AZ",9,2022-09-29,"calendar",272,2022,FALSE,0,"49640_Live individuals_2022"
5428,48.033489,-122.598724,1119,"Selasphorus","rufus","rufous hummingbird","Animalia",60984,292,"Live individuals",2022,3,21,80,2459660,65,"60984_Live individuals","Adults observed","WA",11,2022-03-21,"calendar",80,2022,FALSE,0,"60984_Live individuals_2022"
17414,42.936153,-73.433449,1124,"Tachycineta","bicolor","tree swallow","Animalia",66940,292,"Live individuals",2022,4,15,105,2459685,5,"66940_Live individuals","Adults observed","NY",12,2022-04-15,"calendar",105,2022,FALSE,0,"66940_Live individuals_2022"
9341,35.639874,-83.687721,377,"Vireo","olivaceus","red-eyed vireo","Animalia",75374,292,"Live individuals",2022,4,11,101,2459681,6,"75374_Live individuals","Adults observed","TN",9,2022-04-11,"calendar",101,2022,FALSE,0,"75374_Live individuals_2022"
9341,35.639874,-83.687721,1098,"Setophaga","virens","black-throated green warbler","Animalia",75375,293,"Calls or song (birds)",2022,4,27,117,2459697,8,"75375_Calls or song (birds)","Adults observed","TN",13,2022-04-27,"calendar",117,2022,FALSE,0,"75375_Calls or song (birds)_2022"
9342,35.644516,-83.68988,1098,"Setophaga","virens","black-throated green warbler","Animalia",75386,292,"Live individuals",2022,4,9,99,2459679,NA,"75386_Live individuals","Adults observed","TN",10,2022-04-09,"calendar",99,2022,FALSE,0,"75386_Live individuals_2022"
9342,35.644516,-83.68988,377,"Vireo","olivaceus","red-eyed vireo","Animalia",75391,292,"Live individuals",2022,5,14,134,2459714,NA,"75391_Live individuals","Adults observed","TN",9,2022-05-14,"calendar",134,2022,FALSE,0,"75391_Live individuals_2022"
8806,35.640625,-83.689034,1098,"Setophaga","virens","black-throated green warbler","Animalia",75401,293,"Calls or song (birds)",2022,3,31,90,2459670,14,"75401_Calls or song (birds)","Adults observed","TN",14,2022-03-31,"calendar",90,2022,FALSE,0,"75401_Calls or song (birds)_2022"
8806,35.640625,-83.689034,1230,"Setophaga","americana","northern parula","Animalia",75406,293,"Calls or song (birds)",2022,4,12,102,2459682,12,"75406_Calls or song (birds)","Adults observed","TN",11,2022-04-12,"calendar",102,2022,FALSE,0,"75406_Calls or song (birds)_2022"
8806,35.640625,-83.689034,377,"Vireo","olivaceus","red-eyed vireo","Animalia",75407,293,"Calls or song (birds)",2022,3,31,90,2459670,14,"75407_Calls or song (birds)","Adults observed","TN",14,2022-03-31,"calendar",90,2022,FALSE,0,"75407_Calls or song (birds)_2022"
19944,33.66478,-117.843063,242,"Petrochelidon","pyrrhonota","cliff swallow","Animalia",81457,292,"Live individuals",2022,2,25,56,2459636,7,"81457_Live individuals","Adults observed","CA",11,2022-02-25,"calendar",56,2022,FALSE,0,"81457_Live individuals_2022"
17414,42.936153,-73.433449,1197,"Geothlypis","trichas","common yellowthroat","Animalia",86970,292,"Live individuals",2022,5,26,146,2459726,3,"86970_Live individuals","Adults observed","NY",10,2022-05-26,"calendar",146,2022,FALSE,0,"86970_Live individuals_2022"
5261,42.448402,-72.345314,1118,"Scolopax","minor","American woodcock","Animalia",87881,292,"Live individuals",2022,3,18,77,2459657,NA,"87881_Live individuals","Adults observed","MA",9,2022-03-18,"calendar",77,2022,FALSE,0,"87881_Live individuals_2022"
20765,33.632149,-117.55545,358,"Setophaga","petechia","yellow warbler","Animalia",88476,293,"Calls or song (birds)",2022,4,11,101,2459681,1,"88476_Calls or song (birds)","Adults observed","CA",9,2022-04-11,"calendar",101,2022,FALSE,0,"88476_Calls or song (birds)_2022"
22858,38.09404,-122.37149,1124,"Tachycineta","bicolor","tree swallow","Animalia",103160,292,"Live individuals",2022,1,24,24,2459604,7,"103160_Live individuals","Adults observed","CA",10,2022-01-24,"calendar",24,2022,FALSE,0,"103160_Live individuals_2022"
17414,42.936153,-73.433449,352,"Archilochus","colubris","ruby-throated hummingbird","Animalia",103211,292,"Live individuals",2022,5,5,125,2459705,4,"103211_Live individuals","Adults observed","NY",10,2022-05-05,"calendar",125,2022,FALSE,0,"103211_Live individuals_2022"
2803,39.971001,-105.397003,1095,"Chordeiles","minor","common nighthawk","Animalia",122048,292,"Live individuals",2022,6,26,177,2459757,33,"122048_Live individuals","Adults observed","CO",9,2022-06-26,"calendar",177,2022,FALSE,0,"122048_Live individuals_2022"
2803,39.971001,-105.397003,359,"Agelaius","phoeniceus","red-winged blackbird","Animalia",122051,292,"Live individuals",2022,3,12,71,2459651,5,"122051_Live individuals","Adults observed","CO",9,2022-03-12,"calendar",71,2022,FALSE,0,"122051_Live individuals_2022"
25568,45.140465,-93.312943,248,"Pandion","haliaetus","osprey","Animalia",123976,292,"Live individuals",2022,4,26,116,2459696,3,"123976_Live individuals","Adults observed","MN",9,2022-04-26,"calendar",116,2022,FALSE,0,"123976_Live individuals_2022"
27026,43.413593,-70.810211,352,"Archilochus","colubris","ruby-throated hummingbird","Animalia",137519,292,"Live individuals",2022,5,15,135,2459715,7,"137519_Live individuals","Adults observed","ME",9,2022-05-15,"calendar",135,2022,FALSE,0,"137519_Live individuals_2022"
27026,43.413593,-70.810211,360,"Icterus","galbula","Baltimore oriole","Animalia",137608,292,"Live individuals",2022,5,7,127,2459707,24,"137608_Live individuals","Adults observed","ME",9,2022-05-07,"calendar",127,2022,FALSE,0,"137608_Live individuals_2022"
681,41.296783,-105.5746,246,"Turdus","migratorius","American robin","Animalia",6025,292,"Live individuals",2023,4,2,92,2460037,NA,"6025_Live individuals","Adults observed","WY",10,2023-04-02,"calendar",92,2023,FALSE,0,"6025_Live individuals_2023"
1419,42.011166,-88.503304,244,"Charadrius","vociferus","killdeer","Animalia",10286,293,"Calls or song (birds)",2023,6,5,156,2460101,21,"10286_Calls or song (birds)","Adults observed","IL",12,2023-06-05,"calendar",156,2023,FALSE,0,"10286_Calls or song (birds)_2023"
5428,48.033489,-122.598724,240,"Spinus","tristis","American goldfinch","Animalia",11347,292,"Live individuals",2023,4,24,114,2460059,NA,"11347_Live individuals","Adults observed","WA",14,2023-04-24,"calendar",114,2023,FALSE,0,"11347_Live individuals_2023"
5674,44.910587,-70.266861,246,"Turdus","migratorius","American robin","Animalia",12709,292,"Live individuals",2023,5,5,125,2460070,11,"12709_Live individuals","Adults observed","ME",13,2023-05-05,"calendar",125,2023,FALSE,0,"12709_Live individuals_2023"
5674,44.910587,-70.266861,352,"Archilochus","colubris","ruby-throated hummingbird","Animalia",12712,292,"Live individuals",2023,5,5,125,2460070,11,"12712_Live individuals","Adults observed","ME",14,2023-05-05,"calendar",125,2023,FALSE,0,"12712_Live individuals_2023"
2803,39.971001,-105.397003,246,"Turdus","migratorius","American robin","Animalia",16046,292,"Live individuals",2023,1,2,2,2459947,NA,"16046_Live individuals","Adults observed","CO",15,2023-01-02,"calendar",2,2023,FALSE,0,"16046_Live individuals_2023"
2803,39.971001,-105.397003,354,"Selasphorus","platycercus","broad-tailed hummingbird","Animalia",16048,292,"Live individuals",2023,5,2,122,2460067,5,"16048_Live individuals","Adults observed","CO",15,2023-05-02,"calendar",122,2023,FALSE,0,"16048_Live individuals_2023"
2803,39.971001,-105.397003,357,"Sialia","mexicana","western bluebird","Animalia",16214,292,"Live individuals",2023,4,10,100,2460045,10,"16214_Live individuals","Adults observed","CO",14,2023-04-10,"calendar",100,2023,FALSE,0,"16214_Live individuals_2023"
6481,42.456135,-72.344215,352,"Archilochus","colubris","ruby-throated hummingbird","Animalia",19040,292,"Live individuals",2023,5,6,126,2460071,15,"19040_Live individuals","Adults observed","MA",9,2023-05-06,"calendar",126,2023,FALSE,0,"19040_Live individuals_2023"
8496,46.328629,-96.061256,246,"Turdus","migratorius","American robin","Animalia",25780,292,"Live individuals",2023,4,9,99,2460044,NA,"25780_Live individuals","Adults observed","MN",14,2023-04-09,"calendar",99,2023,FALSE,0,"25780_Live individuals_2023"
8496,46.328629,-96.061256,352,"Archilochus","colubris","ruby-throated hummingbird","Animalia",25784,292,"Live individuals",2023,5,18,138,2460083,24,"25784_Live individuals","Adults observed","MN",14,2023-05-18,"calendar",138,2023,FALSE,0,"25784_Live individuals_2023"
8496,46.328629,-96.061256,1104,"Hirundo","rustica","barn swallow","Animalia",25894,292,"Live individuals",2023,5,18,138,2460083,24,"25894_Live individuals","Adults observed","MN",14,2023-05-18,"calendar",138,2023,FALSE,0,"25894_Live individuals_2023"
8496,46.328629,-96.061256,1117,"Sayornis","phoebe","eastern phoebe","Animalia",25896,292,"Live individuals",2023,4,9,99,2460044,NA,"25896_Live individuals","Adults observed","MN",9,2023-04-09,"calendar",99,2023,FALSE,0,"25896_Live individuals_2023"
8496,46.328629,-96.061256,355,"Troglodytes","aedon","house wren","Animalia",25897,292,"Live individuals",2023,5,18,138,2460083,24,"25897_Live individuals","Adults observed","MN",14,2023-05-18,"calendar",138,2023,FALSE,0,"25897_Live individuals_2023"
8496,46.328629,-96.061256,1124,"Tachycineta","bicolor","tree swallow","Animalia",25899,292,"Live individuals",2023,5,18,138,2460083,24,"25899_Live individuals","Adults observed","MN",14,2023-05-18,"calendar",138,2023,FALSE,0,"25899_Live individuals_2023"
8715,43.522804,-70.802277,352,"Archilochus","colubris","ruby-throated hummingbird","Animalia",28193,292,"Live individuals",2023,6,15,166,2460111,7,"28193_Live individuals","Adults observed","ME",14,2023-06-15,"calendar",166,2023,FALSE,0,"28193_Live individuals_2023"
8418,32.363758,-94.873947,352,"Archilochus","colubris","ruby-throated hummingbird","Animalia",30980,292,"Live individuals",2023,4,6,96,2460041,5,"30980_Live individuals","Adults observed","TX",12,2023-04-06,"calendar",96,2023,FALSE,0,"30980_Live individuals_2023"
8496,46.328629,-96.061256,375,"Zenaida","macroura","mourning dove","Animalia",32296,292,"Live individuals",2023,4,18,108,2460053,9,"32296_Live individuals","Adults observed","MN",14,2023-04-18,"calendar",108,2023,FALSE,0,"32296_Live individuals_2023"
9344,35.640373,-83.692863,377,"Vireo","olivaceus","red-eyed vireo","Animalia",32889,293,"Calls or song (birds)",2023,4,21,111,2460056,8,"32889_Calls or song (birds)","Adults observed","TN",10,2023-04-21,"calendar",111,2023,FALSE,0,"32889_Calls or song (birds)_2023"
10145,42.602543,-83.250992,360,"Icterus","galbula","Baltimore oriole","Animalia",38844,292,"Live individuals",2023,5,12,132,2460077,1,"38844_Live individuals","Adults observed","MI",10,2023-05-12,"calendar",132,2023,FALSE,0,"38844_Live individuals_2023"
10145,42.602543,-83.250992,1104,"Hirundo","rustica","barn swallow","Animalia",38845,292,"Live individuals",2023,6,4,155,2460100,1,"38845_Live individuals","Adults observed","MI",13,2023-06-04,"calendar",155,2023,FALSE,0,"38845_Live individuals_2023"
10145,42.602543,-83.250992,363,"Molothrus","ater","brown-headed cowbird","Animalia",38857,292,"Live individuals",2023,3,22,81,2460026,1,"38857_Live individuals","Adults observed","MI",13,2023-03-22,"calendar",81,2023,FALSE,0,"38857_Live individuals_2023"
10145,42.602543,-83.250992,1093,"Chaetura","pelagica","chimney swift","Animalia",38864,292,"Live individuals",2023,5,10,130,2460075,1,"38864_Live individuals","Adults observed","MI",13,2023-05-10,"calendar",130,2023,FALSE,0,"38864_Live individuals_2023"
10145,42.602543,-83.250992,355,"Troglodytes","aedon","house wren","Animalia",38908,292,"Live individuals",2023,4,27,117,2460062,1,"38908_Live individuals","Adults observed","MI",13,2023-04-27,"calendar",117,2023,FALSE,0,"38908_Live individuals_2023"
10145,42.602543,-83.250992,248,"Pandion","haliaetus","osprey","Animalia",38931,292,"Live individuals",2023,2,18,49,2459994,NA,"38931_Live individuals","Adults observed","MI",9,2023-02-18,"calendar",49,2023,FALSE,0,"38931_Live individuals_2023"
10145,42.602543,-83.250992,359,"Agelaius","phoeniceus","red-winged blackbird","Animalia",38946,292,"Live individuals",2023,3,2,61,2460006,1,"38946_Live individuals","Adults observed","MI",13,2023-03-02,"calendar",61,2023,FALSE,0,"38946_Live individuals_2023"
10145,42.602543,-83.250992,352,"Archilochus","colubris","ruby-throated hummingbird","Animalia",38951,292,"Live individuals",2023,5,13,133,2460078,NA,"38951_Live individuals","Adults observed","MI",11,2023-05-13,"calendar",133,2023,FALSE,0,"38951_Live individuals_2023"
9652,44.768246,-94.155746,246,"Turdus","migratorius","American robin","Animalia",40107,292,"Live individuals",2023,1,2,2,2459947,NA,"40107_Live individuals","Adults observed","MN",13,2023-01-02,"calendar",2,2023,FALSE,0,"40107_Live individuals_2023"
9652,44.768246,-94.155746,240,"Spinus","tristis","American goldfinch","Animalia",40108,292,"Live individuals",2023,5,16,136,2460081,NA,"40108_Live individuals","Adults observed","MN",10,2023-05-16,"calendar",136,2023,FALSE,0,"40108_Live individuals_2023"
9652,44.768246,-94.155746,375,"Zenaida","macroura","mourning dove","Animalia",40109,292,"Live individuals",2023,4,27,117,2460062,NA,"40109_Live individuals","Adults observed","MN",11,2023-04-27,"calendar",117,2023,FALSE,0,"40109_Live individuals_2023"
9652,44.768246,-94.155746,1095,"Chordeiles","minor","common nighthawk","Animalia",40112,292,"Live individuals",2023,5,10,130,2460075,NA,"40112_Live individuals","Adults observed","MN",13,2023-05-10,"calendar",130,2023,FALSE,0,"40112_Live individuals_2023"
1419,42.011166,-88.503304,1117,"Sayornis","phoebe","eastern phoebe","Animalia",44642,292,"Live individuals",2023,4,3,93,2460038,3,"44642_Live individuals","Adults observed","IL",11,2023-04-03,"calendar",93,2023,FALSE,0,"44642_Live individuals_2023"
11598,43.073357,-71.150681,243,"Gavia","immer","common loon","Animalia",48357,292,"Live individuals",2023,4,9,99,2460044,NA,"48357_Live individuals","Adults observed","NH",13,2023-04-09,"calendar",99,2023,FALSE,0,"48357_Live individuals_2023"
5428,48.033489,-122.598724,1119,"Selasphorus","rufus","rufous hummingbird","Animalia",60984,292,"Live individuals",2023,3,15,74,2460019,NA,"60984_Live individuals","Adults observed","WA",11,2023-03-15,"calendar",74,2023,FALSE,0,"60984_Live individuals_2023"
17414,42.936153,-73.433449,1124,"Tachycineta","bicolor","tree swallow","Animalia",66940,292,"Live individuals",2023,3,28,87,2460032,5,"66940_Live individuals","Adults observed","NY",12,2023-03-28,"calendar",87,2023,FALSE,0,"66940_Live individuals_2023"
9341,35.639874,-83.687721,377,"Vireo","olivaceus","red-eyed vireo","Animalia",75374,292,"Live individuals",2023,4,19,109,2460054,2,"75374_Live individuals","Adults observed","TN",9,2023-04-19,"calendar",109,2023,FALSE,0,"75374_Live individuals_2023"
9341,35.639874,-83.687721,1098,"Setophaga","virens","black-throated green warbler","Animalia",75375,293,"Calls or song (birds)",2023,3,29,88,2460033,3,"75375_Calls or song (birds)","Adults observed","TN",13,2023-03-29,"calendar",88,2023,FALSE,0,"75375_Calls or song (birds)_2023"
9342,35.644516,-83.68988,1098,"Setophaga","virens","black-throated green warbler","Animalia",75386,292,"Live individuals",2023,4,19,109,2460054,6,"75386_Live individuals","Adults observed","TN",10,2023-04-19,"calendar",109,2023,FALSE,0,"75386_Live individuals_2023"
9342,35.644516,-83.68988,1236,"Setophaga","citrina","hooded warbler","Animalia",75388,292,"Live individuals",2023,4,25,115,2460060,6,"75388_Live individuals","Adults observed","TN",10,2023-04-25,"calendar",115,2023,FALSE,0,"75388_Live individuals_2023"
9342,35.644516,-83.68988,377,"Vireo","olivaceus","red-eyed vireo","Animalia",75391,292,"Live individuals",2023,4,19,109,2460054,6,"75391_Live individuals","Adults observed","TN",9,2023-04-19,"calendar",109,2023,FALSE,0,"75391_Live individuals_2023"
9340,35.642353,-83.687431,1236,"Setophaga","citrina","hooded warbler","Animalia",75396,293,"Calls or song (birds)",2023,10,8,281,2460226,85,"75396_Calls or song (birds)","Adults observed","TN",9,2023-10-08,"calendar",281,2023,FALSE,0,"75396_Calls or song (birds)_2023"
8806,35.640625,-83.689034,1098,"Setophaga","virens","black-throated green warbler","Animalia",75401,293,"Calls or song (birds)",2023,4,15,105,2460050,15,"75401_Calls or song (birds)","Adults observed","TN",14,2023-04-15,"calendar",105,2023,FALSE,0,"75401_Calls or song (birds)_2023"
8806,35.640625,-83.689034,1230,"Setophaga","americana","northern parula","Animalia",75406,293,"Calls or song (birds)",2023,4,28,118,2460063,13,"75406_Calls or song (birds)","Adults observed","TN",11,2023-04-28,"calendar",118,2023,FALSE,0,"75406_Calls or song (birds)_2023"
8806,35.640625,-83.689034,377,"Vireo","olivaceus","red-eyed vireo","Animalia",75407,293,"Calls or song (birds)",2023,4,28,118,2460063,13,"75407_Calls or song (birds)","Adults observed","TN",14,2023-04-28,"calendar",118,2023,FALSE,0,"75407_Calls or song (birds)_2023"
19944,33.66478,-117.843063,242,"Petrochelidon","pyrrhonota","cliff swallow","Animalia",81457,292,"Live individuals",2023,3,8,67,2460012,2,"81457_Live individuals","Adults observed","CA",11,2023-03-08,"calendar",67,2023,FALSE,0,"81457_Live individuals_2023"
17414,42.936153,-73.433449,1197,"Geothlypis","trichas","common yellowthroat","Animalia",86970,292,"Live individuals",2023,5,13,133,2460078,2,"86970_Live individuals","Adults observed","NY",10,2023-05-13,"calendar",133,2023,FALSE,0,"86970_Live individuals_2023"
5261,42.448402,-72.345314,1118,"Scolopax","minor","American woodcock","Animalia",87881,292,"Live individuals",2023,3,23,82,2460027,3,"87881_Live individuals","Adults observed","MA",9,2023-03-23,"calendar",82,2023,FALSE,0,"87881_Live individuals_2023"
20765,33.632149,-117.55545,358,"Setophaga","petechia","yellow warbler","Animalia",88476,293,"Calls or song (birds)",2023,4,13,103,2460048,25,"88476_Calls or song (birds)","Adults observed","CA",9,2023-04-13,"calendar",103,2023,FALSE,0,"88476_Calls or song (birds)_2023"
21729,44.913651,-69.939186,243,"Gavia","immer","common loon","Animalia",95310,292,"Live individuals",2023,5,5,125,2460070,NA,"95310_Live individuals","Adults observed","ME",9,2023-05-05,"calendar",125,2023,FALSE,0,"95310_Live individuals_2023"
22858,38.09404,-122.37149,1124,"Tachycineta","bicolor","tree swallow","Animalia",103160,292,"Live individuals",2023,1,17,17,2459962,15,"103160_Live individuals","Adults observed","CA",10,2023-01-17,"calendar",17,2023,FALSE,0,"103160_Live individuals_2023"
17414,42.936153,-73.433449,352,"Archilochus","colubris","ruby-throated hummingbird","Animalia",103211,292,"Live individuals",2023,5,11,131,2460076,5,"103211_Live individuals","Adults observed","NY",10,2023-05-11,"calendar",131,2023,FALSE,0,"103211_Live individuals_2023"
23690,44.966442,-70.773682,243,"Gavia","immer","common loon","Animalia",111658,292,"Live individuals",2023,5,20,140,2460085,NA,"111658_Live individuals","Adults observed","ME",9,2023-05-20,"calendar",140,2023,FALSE,0,"111658_Live individuals_2023"
2803,39.971001,-105.397003,1095,"Chordeiles","minor","common nighthawk","Animalia",122048,292,"Live individuals",2023,6,24,175,2460120,15,"122048_Live individuals","Adults observed","CO",9,2023-06-24,"calendar",175,2023,FALSE,0,"122048_Live individuals_2023"
2803,39.971001,-105.397003,359,"Agelaius","phoeniceus","red-winged blackbird","Animalia",122051,292,"Live individuals",2023,4,27,117,2460062,8,"122051_Live individuals","Adults observed","CO",9,2023-04-27,"calendar",117,2023,FALSE,0,"122051_Live individuals_2023"
25568,45.140465,-93.312943,248,"Pandion","haliaetus","osprey","Animalia",123976,292,"Live individuals",2023,4,15,105,2460050,NA,"123976_Live individuals","Adults observed","MN",9,2023-04-15,"calendar",105,2023,FALSE,0,"123976_Live individuals_2023"
27026,43.413593,-70.810211,352,"Archilochus","colubris","ruby-throated hummingbird","Animalia",137519,292,"Live individuals",2023,5,7,127,2460072,1,"137519_Live individuals","Adults observed","ME",9,2023-05-07,"calendar",127,2023,FALSE,0,"137519_Live individuals_2023"
27026,43.413593,-70.810211,360,"Icterus","galbula","Baltimore oriole","Animalia",137608,292,"Live individuals",2023,5,6,126,2460071,8,"137608_Live individuals","Adults observed","ME",9,2023-05-06,"calendar",126,2023,FALSE,0,"137608_Live individuals_2023"
5428,48.033489,-122.598724,240,"Spinus","tristis","American goldfinch","Animalia",11347,292,"Live individuals",2024,5,1,122,2460432,29,"11347_Live individuals","Adults observed","WA",14,2024-05-01,"calendar",122,2024,FALSE,0,"11347_Live individuals_2024"
5674,44.910587,-70.266861,246,"Turdus","migratorius","American robin","Animalia",12709,292,"Live individuals",2024,4,2,93,2460403,NA,"12709_Live individuals","Adults observed","ME",13,2024-04-02,"calendar",93,2024,FALSE,0,"12709_Live individuals_2024"
5674,44.910587,-70.266861,352,"Archilochus","colubris","ruby-throated hummingbird","Animalia",12712,292,"Live individuals",2024,5,6,127,2460437,3,"12712_Live individuals","Adults observed","ME",14,2024-05-06,"calendar",127,2024,FALSE,0,"12712_Live individuals_2024"
2803,39.971001,-105.397003,246,"Turdus","migratorius","American robin","Animalia",16046,292,"Live individuals",2024,3,4,64,2460374,5,"16046_Live individuals","Adults observed","CO",15,2024-03-04,"calendar",64,2024,FALSE,0,"16046_Live individuals_2024"
2803,39.971001,-105.397003,354,"Selasphorus","platycercus","broad-tailed hummingbird","Animalia",16048,292,"Live individuals",2024,5,3,124,2460434,3,"16048_Live individuals","Adults observed","CO",15,2024-05-03,"calendar",124,2024,FALSE,0,"16048_Live individuals_2024"
6481,42.456135,-72.344215,352,"Archilochus","colubris","ruby-throated hummingbird","Animalia",19040,292,"Live individuals",2024,5,2,123,2460433,3,"19040_Live individuals","Adults observed","MA",9,2024-05-02,"calendar",123,2024,FALSE,0,"19040_Live individuals_2024"
8496,46.328629,-96.061256,246,"Turdus","migratorius","American robin","Animalia",25780,292,"Live individuals",2024,4,21,112,2460422,NA,"25780_Live individuals","Adults observed","MN",14,2024-04-21,"calendar",112,2024,FALSE,0,"25780_Live individuals_2024"
8496,46.328629,-96.061256,352,"Archilochus","colubris","ruby-throated hummingbird","Animalia",25784,292,"Live individuals",2024,5,31,152,2460462,25,"25784_Live individuals","Adults observed","MN",14,2024-05-31,"calendar",152,2024,FALSE,0,"25784_Live individuals_2024"
8496,46.328629,-96.061256,1104,"Hirundo","rustica","barn swallow","Animalia",25894,292,"Live individuals",2024,5,31,152,2460462,25,"25894_Live individuals","Adults observed","MN",14,2024-05-31,"calendar",152,2024,FALSE,0,"25894_Live individuals_2024"
8496,46.328629,-96.061256,355,"Troglodytes","aedon","house wren","Animalia",25897,292,"Live individuals",2024,5,31,152,2460462,25,"25897_Live individuals","Adults observed","MN",14,2024-05-31,"calendar",152,2024,FALSE,0,"25897_Live individuals_2024"
8496,46.328629,-96.061256,1124,"Tachycineta","bicolor","tree swallow","Animalia",25899,292,"Live individuals",2024,4,21,112,2460422,NA,"25899_Live individuals","Adults observed","MN",14,2024-04-21,"calendar",112,2024,FALSE,0,"25899_Live individuals_2024"
8715,43.522804,-70.802277,352,"Archilochus","colubris","ruby-throated hummingbird","Animalia",28193,292,"Live individuals",2024,6,1,153,2460463,7,"28193_Live individuals","Adults observed","ME",14,2024-06-01,"calendar",153,2024,FALSE,0,"28193_Live individuals_2024"
8418,32.363758,-94.873947,352,"Archilochus","colubris","ruby-throated hummingbird","Animalia",30980,292,"Live individuals",2024,3,28,88,2460398,4,"30980_Live individuals","Adults observed","TX",12,2024-03-28,"calendar",88,2024,FALSE,0,"30980_Live individuals_2024"
8496,46.328629,-96.061256,375,"Zenaida","macroura","mourning dove","Animalia",32296,292,"Live individuals",2024,4,25,116,2460426,NA,"32296_Live individuals","Adults observed","MN",14,2024-04-25,"calendar",116,2024,FALSE,0,"32296_Live individuals_2024"
9344,35.640373,-83.692863,377,"Vireo","olivaceus","red-eyed vireo","Animalia",32889,293,"Calls or song (birds)",2024,4,25,116,2460426,13,"32889_Calls or song (birds)","Adults observed","TN",10,2024-04-25,"calendar",116,2024,FALSE,0,"32889_Calls or song (birds)_2024"
10145,42.602543,-83.250992,360,"Icterus","galbula","Baltimore oriole","Animalia",38844,292,"Live individuals",2024,5,8,129,2460439,1,"38844_Live individuals","Adults observed","MI",10,2024-05-08,"calendar",129,2024,FALSE,0,"38844_Live individuals_2024"
10145,42.602543,-83.250992,1104,"Hirundo","rustica","barn swallow","Animalia",38845,292,"Live individuals",2024,5,1,122,2460432,1,"38845_Live individuals","Adults observed","MI",13,2024-05-01,"calendar",122,2024,FALSE,0,"38845_Live individuals_2024"
10145,42.602543,-83.250992,1085,"Buteo","platypterus","broad-winged hawk","Animalia",38856,292,"Live individuals",2024,9,21,265,2460575,NA,"38856_Live individuals","Adults observed","MI",9,2024-09-21,"calendar",265,2024,FALSE,0,"38856_Live individuals_2024"
10145,42.602543,-83.250992,363,"Molothrus","ater","brown-headed cowbird","Animalia",38857,292,"Live individuals",2024,4,22,113,2460423,NA,"38857_Live individuals","Adults observed","MI",13,2024-04-22,"calendar",113,2024,FALSE,0,"38857_Live individuals_2024"
10145,42.602543,-83.250992,1093,"Chaetura","pelagica","chimney swift","Animalia",38864,292,"Live individuals",2024,5,1,122,2460432,1,"38864_Live individuals","Adults observed","MI",13,2024-05-01,"calendar",122,2024,FALSE,0,"38864_Live individuals_2024"
10145,42.602543,-83.250992,355,"Troglodytes","aedon","house wren","Animalia",38908,292,"Live individuals",2024,4,26,117,2460427,1,"38908_Live individuals","Adults observed","MI",13,2024-04-26,"calendar",117,2024,FALSE,0,"38908_Live individuals_2024"
10145,42.602543,-83.250992,248,"Pandion","haliaetus","osprey","Animalia",38931,292,"Live individuals",2024,3,22,82,2460392,NA,"38931_Live individuals","Adults observed","MI",9,2024-03-22,"calendar",82,2024,FALSE,0,"38931_Live individuals_2024"
10145,42.602543,-83.250992,359,"Agelaius","phoeniceus","red-winged blackbird","Animalia",38946,292,"Live individuals",2024,2,22,53,2460363,1,"38946_Live individuals","Adults observed","MI",13,2024-02-22,"calendar",53,2024,FALSE,0,"38946_Live individuals_2024"
9652,44.768246,-94.155746,246,"Turdus","migratorius","American robin","Animalia",40107,292,"Live individuals",2024,1,9,9,2460319,NA,"40107_Live individuals","Adults observed","MN",13,2024-01-09,"calendar",9,2024,FALSE,0,"40107_Live individuals_2024"
9652,44.768246,-94.155746,240,"Spinus","tristis","American goldfinch","Animalia",40108,292,"Live individuals",2024,5,17,138,2460448,NA,"40108_Live individuals","Adults observed","MN",10,2024-05-17,"calendar",138,2024,FALSE,0,"40108_Live individuals_2024"
9652,44.768246,-94.155746,375,"Zenaida","macroura","mourning dove","Animalia",40109,292,"Live individuals",2024,4,15,106,2460416,NA,"40109_Live individuals","Adults observed","MN",11,2024-04-15,"calendar",106,2024,FALSE,0,"40109_Live individuals_2024"
9652,44.768246,-94.155746,1095,"Chordeiles","minor","common nighthawk","Animalia",40112,292,"Live individuals",2024,5,12,133,2460443,NA,"40112_Live individuals","Adults observed","MN",13,2024-05-12,"calendar",133,2024,FALSE,0,"40112_Live individuals_2024"
10717,38.285664,-111.246605,246,"Turdus","migratorius","American robin","Animalia",42593,292,"Live individuals",2024,4,20,111,2460421,9,"42593_Live individuals","Adults observed","UT",11,2024-04-20,"calendar",111,2024,FALSE,0,"42593_Live individuals_2024"
1419,42.011166,-88.503304,1117,"Sayornis","phoebe","eastern phoebe","Animalia",44642,292,"Live individuals",2024,3,30,90,2460400,18,"44642_Live individuals","Adults observed","IL",11,2024-03-30,"calendar",90,2024,FALSE,0,"44642_Live individuals_2024"
11598,43.073357,-71.150681,243,"Gavia","immer","common loon","Animalia",48357,292,"Live individuals",2024,5,4,125,2460435,7,"48357_Live individuals","Adults observed","NH",13,2024-05-04,"calendar",125,2024,FALSE,0,"48357_Live individuals_2024"
5428,48.033489,-122.598724,1119,"Selasphorus","rufus","rufous hummingbird","Animalia",60984,292,"Live individuals",2024,3,14,74,2460384,2,"60984_Live individuals","Adults observed","WA",11,2024-03-14,"calendar",74,2024,FALSE,0,"60984_Live individuals_2024"
17414,42.936153,-73.433449,1124,"Tachycineta","bicolor","tree swallow","Animalia",66940,292,"Live individuals",2024,4,1,92,2460402,2,"66940_Live individuals","Adults observed","NY",12,2024-04-01,"calendar",92,2024,FALSE,0,"66940_Live individuals_2024"
9342,35.644516,-83.68988,1098,"Setophaga","virens","black-throated green warbler","Animalia",75386,292,"Live individuals",2024,4,2,93,2460403,9,"75386_Live individuals","Adults observed","TN",10,2024-04-02,"calendar",93,2024,FALSE,0,"75386_Live individuals_2024"
9342,35.644516,-83.68988,1236,"Setophaga","citrina","hooded warbler","Animalia",75388,292,"Live individuals",2024,4,18,109,2460419,5,"75388_Live individuals","Adults observed","TN",10,2024-04-18,"calendar",109,2024,FALSE,0,"75388_Live individuals_2024"
9342,35.644516,-83.68988,377,"Vireo","olivaceus","red-eyed vireo","Animalia",75391,292,"Live individuals",2024,4,18,109,2460419,5,"75391_Live individuals","Adults observed","TN",9,2024-04-18,"calendar",109,2024,FALSE,0,"75391_Live individuals_2024"
8806,35.640625,-83.689034,1098,"Setophaga","virens","black-throated green warbler","Animalia",75401,293,"Calls or song (birds)",2024,4,12,103,2460413,29,"75401_Calls or song (birds)","Adults observed","TN",14,2024-04-12,"calendar",103,2024,FALSE,0,"75401_Calls or song (birds)_2024"
8806,35.640625,-83.689034,1230,"Setophaga","americana","northern parula","Animalia",75406,293,"Calls or song (birds)",2024,5,10,131,2460441,13,"75406_Calls or song (birds)","Adults observed","TN",11,2024-05-10,"calendar",131,2024,FALSE,0,"75406_Calls or song (birds)_2024"
8806,35.640625,-83.689034,377,"Vireo","olivaceus","red-eyed vireo","Animalia",75407,293,"Calls or song (birds)",2024,5,22,143,2460453,12,"75407_Calls or song (birds)","Adults observed","TN",14,2024-05-22,"calendar",143,2024,FALSE,0,"75407_Calls or song (birds)_2024"
19944,33.66478,-117.843063,242,"Petrochelidon","pyrrhonota","cliff swallow","Animalia",81457,292,"Live individuals",2024,2,20,51,2460361,12,"81457_Live individuals","Adults observed","CA",11,2024-02-20,"calendar",51,2024,FALSE,0,"81457_Live individuals_2024"
17414,42.936153,-73.433449,1197,"Geothlypis","trichas","common yellowthroat","Animalia",86970,292,"Live individuals",2024,5,8,129,2460439,1,"86970_Live individuals","Adults observed","NY",10,2024-05-08,"calendar",129,2024,FALSE,0,"86970_Live individuals_2024"
5261,42.448402,-72.345314,1118,"Scolopax","minor","American woodcock","Animalia",87881,292,"Live individuals",2024,3,8,68,2460378,NA,"87881_Live individuals","Adults observed","MA",9,2024-03-08,"calendar",68,2024,FALSE,0,"87881_Live individuals_2024"
20765,33.632149,-117.55545,358,"Setophaga","petechia","yellow warbler","Animalia",88476,293,"Calls or song (birds)",2024,4,11,102,2460412,25,"88476_Calls or song (birds)","Adults observed","CA",9,2024-04-11,"calendar",102,2024,FALSE,0,"88476_Calls or song (birds)_2024"
21729,44.913651,-69.939186,243,"Gavia","immer","common loon","Animalia",95310,292,"Live individuals",2024,6,19,171,2460481,NA,"95310_Live individuals","Adults observed","ME",9,2024-06-19,"calendar",171,2024,FALSE,0,"95310_Live individuals_2024"
22858,38.09404,-122.37149,1124,"Tachycineta","bicolor","tree swallow","Animalia",103160,292,"Live individuals",2024,2,12,43,2460353,14,"103160_Live individuals","Adults observed","CA",10,2024-02-12,"calendar",43,2024,FALSE,0,"103160_Live individuals_2024"
17414,42.936153,-73.433449,352,"Archilochus","colubris","ruby-throated hummingbird","Animalia",103211,292,"Live individuals",2024,5,1,122,2460432,1,"103211_Live individuals","Adults observed","NY",10,2024-05-01,"calendar",122,2024,FALSE,0,"103211_Live individuals_2024"
23690,44.966442,-70.773682,243,"Gavia","immer","common loon","Animalia",111658,292,"Live individuals",2024,5,18,139,2460449,NA,"111658_Live individuals","Adults observed","ME",9,2024-05-18,"calendar",139,2024,FALSE,0,"111658_Live individuals_2024"
2803,39.971001,-105.397003,1095,"Chordeiles","minor","common nighthawk","Animalia",122048,292,"Live individuals",2024,6,1,153,2460463,4,"122048_Live individuals","Adults observed","CO",9,2024-06-01,"calendar",153,2024,FALSE,0,"122048_Live individuals_2024"
2803,39.971001,-105.397003,359,"Agelaius","phoeniceus","red-winged blackbird","Animalia",122051,292,"Live individuals",2024,4,9,100,2460410,32,"122051_Live individuals","Adults observed","CO",9,2024-04-09,"calendar",100,2024,FALSE,0,"122051_Live individuals_2024"
25568,45.140465,-93.312943,248,"Pandion","haliaetus","osprey","Animalia",123976,292,"Live individuals",2024,4,13,104,2460414,NA,"123976_Live individuals","Adults observed","MN",9,2024-04-13,"calendar",104,2024,FALSE,0,"123976_Live individuals_2024"
27026,43.413593,-70.810211,352,"Archilochus","colubris","ruby-throated hummingbird","Animalia",137519,292,"Live individuals",2024,5,11,132,2460442,11,"137519_Live individuals","Adults observed","ME",9,2024-05-11,"calendar",132,2024,FALSE,0,"137519_Live individuals_2024"
27026,43.413593,-70.810211,360,"Icterus","galbula","Baltimore oriole","Animalia",137608,292,"Live individuals",2024,5,11,132,2460442,11,"137608_Live individuals","Adults observed","ME",9,2024-05-11,"calendar",132,2024,FALSE,0,"137608_Live individuals_2024"
1419,42.011166,-88.503304,244,"Charadrius","vociferus","killdeer","Animalia",10286,293,"Calls or song (birds)",2025,3,28,87,2460763,18,"10286_Calls or song (birds)","Adults observed","IL",12,2025-03-28,"calendar",87,2025,FALSE,0,"10286_Calls or song (birds)_2025"
5428,48.033489,-122.598724,240,"Spinus","tristis","American goldfinch","Animalia",11347,292,"Live individuals",2025,4,16,106,2460782,NA,"11347_Live individuals","Adults observed","WA",14,2025-04-16,"calendar",106,2025,FALSE,0,"11347_Live individuals_2025"
5674,44.910587,-70.266861,246,"Turdus","migratorius","American robin","Animalia",12709,292,"Live individuals",2025,3,30,89,2460765,NA,"12709_Live individuals","Adults observed","ME",13,2025-03-30,"calendar",89,2025,FALSE,0,"12709_Live individuals_2025"
5674,44.910587,-70.266861,352,"Archilochus","colubris","ruby-throated hummingbird","Animalia",12712,292,"Live individuals",2025,5,12,132,2460808,2,"12712_Live individuals","Adults observed","ME",14,2025-05-12,"calendar",132,2025,FALSE,0,"12712_Live individuals_2025"
2803,39.971001,-105.397003,246,"Turdus","migratorius","American robin","Animalia",16046,292,"Live individuals",2025,3,17,76,2460752,9,"16046_Live individuals","Adults observed","CO",15,2025-03-17,"calendar",76,2025,FALSE,0,"16046_Live individuals_2025"
2803,39.971001,-105.397003,354,"Selasphorus","platycercus","broad-tailed hummingbird","Animalia",16048,292,"Live individuals",2025,4,25,115,2460791,8,"16048_Live individuals","Adults observed","CO",15,2025-04-25,"calendar",115,2025,FALSE,0,"16048_Live individuals_2025"
2803,39.971001,-105.397003,357,"Sialia","mexicana","western bluebird","Animalia",16214,292,"Live individuals",2025,4,17,107,2460783,3,"16214_Live individuals","Adults observed","CO",14,2025-04-17,"calendar",107,2025,FALSE,0,"16214_Live individuals_2025"
6481,42.456135,-72.344215,352,"Archilochus","colubris","ruby-throated hummingbird","Animalia",19040,292,"Live individuals",2025,5,1,121,2460797,5,"19040_Live individuals","Adults observed","MA",9,2025-05-01,"calendar",121,2025,FALSE,0,"19040_Live individuals_2025"
8496,46.328629,-96.061256,246,"Turdus","migratorius","American robin","Animalia",25780,292,"Live individuals",2025,5,25,145,2460821,NA,"25780_Live individuals","Adults observed","MN",14,2025-05-25,"calendar",145,2025,FALSE,0,"25780_Live individuals_2025"
8496,46.328629,-96.061256,352,"Archilochus","colubris","ruby-throated hummingbird","Animalia",25784,292,"Live individuals",2025,5,25,145,2460821,NA,"25784_Live individuals","Adults observed","MN",14,2025-05-25,"calendar",145,2025,FALSE,0,"25784_Live individuals_2025"
8496,46.328629,-96.061256,1104,"Hirundo","rustica","barn swallow","Animalia",25894,292,"Live individuals",2025,5,25,145,2460821,NA,"25894_Live individuals","Adults observed","MN",14,2025-05-25,"calendar",145,2025,FALSE,0,"25894_Live individuals_2025"
8496,46.328629,-96.061256,355,"Troglodytes","aedon","house wren","Animalia",25897,292,"Live individuals",2025,5,25,145,2460821,NA,"25897_Live individuals","Adults observed","MN",14,2025-05-25,"calendar",145,2025,FALSE,0,"25897_Live individuals_2025"
8496,46.328629,-96.061256,1124,"Tachycineta","bicolor","tree swallow","Animalia",25899,292,"Live individuals",2025,5,25,145,2460821,NA,"25899_Live individuals","Adults observed","MN",14,2025-05-25,"calendar",145,2025,FALSE,0,"25899_Live individuals_2025"
8715,43.522804,-70.802277,352,"Archilochus","colubris","ruby-throated hummingbird","Animalia",28193,292,"Live individuals",2025,5,3,123,2460799,5,"28193_Live individuals","Adults observed","ME",14,2025-05-03,"calendar",123,2025,FALSE,0,"28193_Live individuals_2025"
8418,32.363758,-94.873947,352,"Archilochus","colubris","ruby-throated hummingbird","Animalia",30980,292,"Live individuals",2025,3,26,85,2460761,3,"30980_Live individuals","Adults observed","TX",12,2025-03-26,"calendar",85,2025,FALSE,0,"30980_Live individuals_2025"
8496,46.328629,-96.061256,375,"Zenaida","macroura","mourning dove","Animalia",32296,292,"Live individuals",2025,5,25,145,2460821,NA,"32296_Live individuals","Adults observed","MN",14,2025-05-25,"calendar",145,2025,FALSE,0,"32296_Live individuals_2025"
9344,35.640373,-83.692863,377,"Vireo","olivaceus","red-eyed vireo","Animalia",32889,293,"Calls or song (birds)",2025,4,21,111,2460787,9,"32889_Calls or song (birds)","Adults observed","TN",10,2025-04-21,"calendar",111,2025,FALSE,0,"32889_Calls or song (birds)_2025"
10145,42.602543,-83.250992,1193,"Setophaga","ruticilla","American redstart","Animalia",38839,293,"Calls or song (birds)",2025,5,4,124,2460800,NA,"38839_Calls or song (birds)","Adults observed","MI",10,2025-05-04,"calendar",124,2025,FALSE,0,"38839_Calls or song (birds)_2025"
10145,42.602543,-83.250992,360,"Icterus","galbula","Baltimore oriole","Animalia",38844,292,"Live individuals",2025,5,2,122,2460798,1,"38844_Live individuals","Adults observed","MI",10,2025-05-02,"calendar",122,2025,FALSE,0,"38844_Live individuals_2025"
10145,42.602543,-83.250992,1104,"Hirundo","rustica","barn swallow","Animalia",38845,292,"Live individuals",2025,5,3,123,2460799,1,"38845_Live individuals","Adults observed","MI",13,2025-05-03,"calendar",123,2025,FALSE,0,"38845_Live individuals_2025"
10145,42.602543,-83.250992,1098,"Setophaga","virens","black-throated green warbler","Animalia",38850,293,"Calls or song (birds)",2025,5,4,124,2460800,NA,"38850_Calls or song (birds)","Adults observed","MI",9,2025-05-04,"calendar",124,2025,FALSE,0,"38850_Calls or song (birds)_2025"
10145,42.602543,-83.250992,363,"Molothrus","ater","brown-headed cowbird","Animalia",38857,292,"Live individuals",2025,3,30,89,2460765,NA,"38857_Live individuals","Adults observed","MI",13,2025-03-30,"calendar",89,2025,FALSE,0,"38857_Live individuals_2025"
10145,42.602543,-83.250992,1093,"Chaetura","pelagica","chimney swift","Animalia",38864,292,"Live individuals",2025,4,29,119,2460795,1,"38864_Live individuals","Adults observed","MI",13,2025-04-29,"calendar",119,2025,FALSE,0,"38864_Live individuals_2025"
10145,42.602543,-83.250992,355,"Troglodytes","aedon","house wren","Animalia",38908,292,"Live individuals",2025,4,29,119,2460795,1,"38908_Live individuals","Adults observed","MI",13,2025-04-29,"calendar",119,2025,FALSE,0,"38908_Live individuals_2025"
10145,42.602543,-83.250992,248,"Pandion","haliaetus","osprey","Animalia",38931,292,"Live individuals",2025,3,15,74,2460750,1,"38931_Live individuals","Adults observed","MI",9,2025-03-15,"calendar",74,2025,FALSE,0,"38931_Live individuals_2025"
10145,42.602543,-83.250992,359,"Agelaius","phoeniceus","red-winged blackbird","Animalia",38946,292,"Live individuals",2025,3,7,66,2460742,1,"38946_Live individuals","Adults observed","MI",13,2025-03-07,"calendar",66,2025,FALSE,0,"38946_Live individuals_2025"
10145,42.602543,-83.250992,352,"Archilochus","colubris","ruby-throated hummingbird","Animalia",38951,292,"Live individuals",2025,7,27,208,2460884,1,"38951_Live individuals","Adults observed","MI",11,2025-07-27,"calendar",208,2025,FALSE,0,"38951_Live individuals_2025"
9652,44.768246,-94.155746,246,"Turdus","migratorius","American robin","Animalia",40107,292,"Live individuals",2025,3,3,62,2460738,NA,"40107_Live individuals","Adults observed","MN",13,2025-03-03,"calendar",62,2025,FALSE,0,"40107_Live individuals_2025"
9652,44.768246,-94.155746,240,"Spinus","tristis","American goldfinch","Animalia",40108,292,"Live individuals",2025,6,5,156,2460832,NA,"40108_Live individuals","Adults observed","MN",10,2025-06-05,"calendar",156,2025,FALSE,0,"40108_Live individuals_2025"
9652,44.768246,-94.155746,375,"Zenaida","macroura","mourning dove","Animalia",40109,292,"Live individuals",2025,4,10,100,2460776,NA,"40109_Live individuals","Adults observed","MN",11,2025-04-10,"calendar",100,2025,FALSE,0,"40109_Live individuals_2025"
9652,44.768246,-94.155746,1095,"Chordeiles","minor","common nighthawk","Animalia",40112,292,"Live individuals",2025,5,26,146,2460822,NA,"40112_Live individuals","Adults observed","MN",13,2025-05-26,"calendar",146,2025,FALSE,0,"40112_Live individuals_2025"
10717,38.285664,-111.246605,246,"Turdus","migratorius","American robin","Animalia",42593,292,"Live individuals",2025,3,21,80,2460756,6,"42593_Live individuals","Adults observed","UT",11,2025-03-21,"calendar",80,2025,FALSE,0,"42593_Live individuals_2025"
1419,42.011166,-88.503304,1117,"Sayornis","phoebe","eastern phoebe","Animalia",44642,292,"Live individuals",2025,4,3,93,2460769,5,"44642_Live individuals","Adults observed","IL",11,2025-04-03,"calendar",93,2025,FALSE,0,"44642_Live individuals_2025"
11598,43.073357,-71.150681,243,"Gavia","immer","common loon","Animalia",48357,292,"Live individuals",2025,6,21,172,2460848,NA,"48357_Live individuals","Adults observed","NH",13,2025-06-21,"calendar",172,2025,FALSE,0,"48357_Live individuals_2025"
5428,48.033489,-122.598724,1119,"Selasphorus","rufus","rufous hummingbird","Animalia",60984,292,"Live individuals",2025,3,6,65,2460741,NA,"60984_Live individuals","Adults observed","WA",11,2025-03-06,"calendar",65,2025,FALSE,0,"60984_Live individuals_2025"
17414,42.936153,-73.433449,1124,"Tachycineta","bicolor","tree swallow","Animalia",66940,292,"Live individuals",2025,3,22,81,2460757,2,"66940_Live individuals","Adults observed","NY",12,2025-03-22,"calendar",81,2025,FALSE,0,"66940_Live individuals_2025"
9342,35.644516,-83.68988,1098,"Setophaga","virens","black-throated green warbler","Animalia",75386,292,"Live individuals",2025,4,20,110,2460786,12,"75386_Live individuals","Adults observed","TN",10,2025-04-20,"calendar",110,2025,FALSE,0,"75386_Live individuals_2025"
9342,35.644516,-83.68988,1236,"Setophaga","citrina","hooded warbler","Animalia",75388,292,"Live individuals",2025,4,20,110,2460786,12,"75388_Live individuals","Adults observed","TN",10,2025-04-20,"calendar",110,2025,FALSE,0,"75388_Live individuals_2025"
9342,35.644516,-83.68988,377,"Vireo","olivaceus","red-eyed vireo","Animalia",75391,292,"Live individuals",2025,4,20,110,2460786,12,"75391_Live individuals","Adults observed","TN",9,2025-04-20,"calendar",110,2025,FALSE,0,"75391_Live individuals_2025"
8806,35.640625,-83.689034,1098,"Setophaga","virens","black-throated green warbler","Animalia",75401,293,"Calls or song (birds)",2025,4,5,95,2460771,14,"75401_Calls or song (birds)","Adults observed","TN",14,2025-04-05,"calendar",95,2025,FALSE,0,"75401_Calls or song (birds)_2025"
8806,35.640625,-83.689034,1230,"Setophaga","americana","northern parula","Animalia",75406,293,"Calls or song (birds)",2025,4,5,95,2460771,14,"75406_Calls or song (birds)","Adults observed","TN",11,2025-04-05,"calendar",95,2025,FALSE,0,"75406_Calls or song (birds)_2025"
8806,35.640625,-83.689034,377,"Vireo","olivaceus","red-eyed vireo","Animalia",75407,293,"Calls or song (birds)",2025,5,1,121,2460797,12,"75407_Calls or song (birds)","Adults observed","TN",14,2025-05-01,"calendar",121,2025,FALSE,0,"75407_Calls or song (birds)_2025"
19944,33.66478,-117.843063,242,"Petrochelidon","pyrrhonota","cliff swallow","Animalia",81457,292,"Live individuals",2025,3,10,69,2460745,10,"81457_Live individuals","Adults observed","CA",11,2025-03-10,"calendar",69,2025,FALSE,0,"81457_Live individuals_2025"
17414,42.936153,-73.433449,1197,"Geothlypis","trichas","common yellowthroat","Animalia",86970,292,"Live individuals",2025,5,3,123,2460799,4,"86970_Live individuals","Adults observed","NY",10,2025-05-03,"calendar",123,2025,FALSE,0,"86970_Live individuals_2025"
5261,42.448402,-72.345314,1118,"Scolopax","minor","American woodcock","Animalia",87881,292,"Live individuals",2025,3,11,70,2460746,4,"87881_Live individuals","Adults observed","MA",9,2025-03-11,"calendar",70,2025,FALSE,0,"87881_Live individuals_2025"
20765,33.632149,-117.55545,358,"Setophaga","petechia","yellow warbler","Animalia",88476,293,"Calls or song (birds)",2025,4,10,100,2460776,7,"88476_Calls or song (birds)","Adults observed","CA",9,2025-04-10,"calendar",100,2025,FALSE,0,"88476_Calls or song (birds)_2025"
21729,44.913651,-69.939186,243,"Gavia","immer","common loon","Animalia",95310,292,"Live individuals",2025,7,5,186,2460862,29,"95310_Live individuals","Adults observed","ME",9,2025-07-05,"calendar",186,2025,FALSE,0,"95310_Live individuals_2025"
22858,38.09404,-122.37149,1124,"Tachycineta","bicolor","tree swallow","Animalia",103160,292,"Live individuals",2025,1,13,13,2460689,7,"103160_Live individuals","Adults observed","CA",10,2025-01-13,"calendar",13,2025,FALSE,0,"103160_Live individuals_2025"
17414,42.936153,-73.433449,352,"Archilochus","colubris","ruby-throated hummingbird","Animalia",103211,292,"Live individuals",2025,4,30,120,2460796,1,"103211_Live individuals","Adults observed","NY",10,2025-04-30,"calendar",120,2025,FALSE,0,"103211_Live individuals_2025"
23690,44.966442,-70.773682,243,"Gavia","immer","common loon","Animalia",111658,292,"Live individuals",2025,5,31,151,2460827,NA,"111658_Live individuals","Adults observed","ME",9,2025-05-31,"calendar",151,2025,FALSE,0,"111658_Live individuals_2025"
2803,39.971001,-105.397003,1095,"Chordeiles","minor","common nighthawk","Animalia",122048,292,"Live individuals",2025,6,27,178,2460854,4,"122048_Live individuals","Adults observed","CO",9,2025-06-27,"calendar",178,2025,FALSE,0,"122048_Live individuals_2025"
2803,39.971001,-105.397003,359,"Agelaius","phoeniceus","red-winged blackbird","Animalia",122051,292,"Live individuals",2025,2,28,59,2460735,11,"122051_Live individuals","Adults observed","CO",9,2025-02-28,"calendar",59,2025,FALSE,0,"122051_Live individuals_2025"
25568,45.140465,-93.312943,248,"Pandion","haliaetus","osprey","Animalia",123976,292,"Live individuals",2025,4,13,103,2460779,NA,"123976_Live individuals","Adults observed","MN",9,2025-04-13,"calendar",103,2025,FALSE,0,"123976_Live individuals_2025"
27026,43.413593,-70.810211,352,"Archilochus","colubris","ruby-throated hummingbird","Animalia",137519,292,"Live individuals",2025,4,30,120,2460796,NA,"137519_Live individuals","Adults observed","ME",9,2025-04-30,"calendar",120,2025,FALSE,0,"137519_Live individuals_2025"
27026,43.413593,-70.810211,360,"Icterus","galbula","Baltimore oriole","Animalia",137608,292,"Live individuals",2025,4,30,120,2460796,NA,"137608_Live individuals","Adults observed","ME",9,2025-04-30,"calendar",120,2025,FALSE,0,"137608_Live individuals_2025"
1447,42.176537,-85.892448,240,"Spinus","tristis","American goldfinch","Animalia",8332,310,"Fruit/seed consumption",2011,4,23,113,2455675,27,"8332_Fruit/seed consumption","Feeding","MI",9,2011-04-23,"calendar",113,2011,NA,NA,"8332_Fruit/seed consumption_2011"
1447,42.176537,-85.892448,245,"Poecile","atricapillus","black-capped chickadee","Animalia",8334,310,"Fruit/seed consumption",2011,4,15,105,2455667,19,"8334_Fruit/seed consumption","Feeding","MI",9,2011-04-15,"calendar",105,2011,NA,NA,"8334_Fruit/seed consumption_2011"
1419,42.011166,-88.503304,246,"Turdus","migratorius","American robin","Animalia",10282,294,"Singing individuals (birds)",2011,3,11,70,2455632,2,"10282_Singing individuals (birds)","Singing individuals","IL",15,2011-03-11,"calendar",70,2011,NA,NA,"10282_Singing individuals (birds)_2011"
1419,42.011166,-88.503304,246,"Turdus","migratorius","American robin","Animalia",10282,457,"Insect consumption",2011,5,9,129,2455691,2,"10282_Insect consumption","Feeding","IL",12,2011-05-09,"calendar",129,2011,NA,NA,"10282_Insect consumption_2011"
1419,42.011166,-88.503304,245,"Poecile","atricapillus","black-capped chickadee","Animalia",10283,294,"Singing individuals (birds)",2011,2,24,55,2455617,NA,"10283_Singing individuals (birds)","Singing individuals","IL",14,2011-02-24,"calendar",55,2011,NA,NA,"10283_Singing individuals (birds)_2011"
1419,42.011166,-88.503304,245,"Poecile","atricapillus","black-capped chickadee","Animalia",10283,310,"Fruit/seed consumption",2011,3,12,71,2455633,1,"10283_Fruit/seed consumption","Feeding","IL",13,2011-03-12,"calendar",71,2011,NA,NA,"10283_Fruit/seed consumption_2011"
5428,48.033489,-122.598724,240,"Spinus","tristis","American goldfinch","Animalia",11347,310,"Fruit/seed consumption",2011,5,1,121,2455683,NA,"11347_Fruit/seed consumption","Feeding","WA",14,2011-05-01,"calendar",121,2011,NA,NA,"11347_Fruit/seed consumption_2011"
5428,48.033489,-122.598724,245,"Poecile","atricapillus","black-capped chickadee","Animalia",11350,310,"Fruit/seed consumption",2011,4,17,107,2455669,NA,"11350_Fruit/seed consumption","Feeding","WA",13,2011-04-17,"calendar",107,2011,NA,NA,"11350_Fruit/seed consumption_2011"
5428,48.033489,-122.598724,362,"Junco","hyemalis","dark-eyed junco","Animalia",11351,310,"Fruit/seed consumption",2011,4,17,107,2455669,NA,"11351_Fruit/seed consumption","Feeding","WA",13,2011-04-17,"calendar",107,2011,NA,NA,"11351_Fruit/seed consumption_2011"
2803,39.971001,-105.397003,246,"Turdus","migratorius","American robin","Animalia",16046,310,"Fruit/seed consumption",2011,9,8,251,2455813,5,"16046_Fruit/seed consumption","Feeding","CO",10,2011-09-08,"calendar",251,2011,NA,NA,"16046_Fruit/seed consumption_2011"
2803,39.971001,-105.397003,246,"Turdus","migratorius","American robin","Animalia",16046,457,"Insect consumption",2011,9,22,265,2455827,4,"16046_Insect consumption","Feeding","CO",15,2011-09-22,"calendar",265,2011,NA,NA,"16046_Insect consumption_2011"
2803,39.971001,-105.397003,245,"Poecile","atricapillus","black-capped chickadee","Animalia",16047,310,"Fruit/seed consumption",2011,10,13,286,2455848,4,"16047_Fruit/seed consumption","Feeding","CO",15,2011-10-13,"calendar",286,2011,NA,NA,"16047_Fruit/seed consumption_2011"
2803,39.971001,-105.397003,354,"Selasphorus","platycercus","broad-tailed hummingbird","Animalia",16048,312,"Flower visitation",2011,9,3,246,2455808,NA,"16048_Flower visitation","Feeding","CO",15,2011-09-03,"calendar",246,2011,NA,NA,"16048_Flower visitation_2011"
2803,39.971001,-105.397003,354,"Selasphorus","platycercus","broad-tailed hummingbird","Animalia",16048,457,"Insect consumption",2011,9,3,246,2455808,NA,"16048_Insect consumption","Feeding","CO",15,2011-09-03,"calendar",246,2011,NA,NA,"16048_Insect consumption_2011"
2803,39.971001,-105.397003,362,"Junco","hyemalis","dark-eyed junco","Animalia",16213,310,"Fruit/seed consumption",2011,9,15,258,2455820,NA,"16213_Fruit/seed consumption","Feeding","CO",15,2011-09-15,"calendar",258,2011,NA,NA,"16213_Fruit/seed consumption_2011"
2803,39.971001,-105.397003,357,"Sialia","mexicana","western bluebird","Animalia",16214,457,"Insect consumption",2011,9,22,265,2455827,4,"16214_Insect consumption","Feeding","CO",12,2011-09-22,"calendar",265,2011,NA,NA,"16214_Insect consumption_2011"
1447,42.176537,-85.892448,240,"Spinus","tristis","American goldfinch","Animalia",8332,310,"Fruit/seed consumption",2012,2,5,36,2455963,NA,"8332_Fruit/seed consumption","Feeding","MI",9,2012-02-05,"calendar",36,2012,NA,NA,"8332_Fruit/seed consumption_2012"
1447,42.176537,-85.892448,245,"Poecile","atricapillus","black-capped chickadee","Animalia",8334,310,"Fruit/seed consumption",2012,2,5,36,2455963,NA,"8334_Fruit/seed consumption","Feeding","MI",9,2012-02-05,"calendar",36,2012,NA,NA,"8334_Fruit/seed consumption_2012"
1419,42.011166,-88.503304,246,"Turdus","migratorius","American robin","Animalia",10282,294,"Singing individuals (birds)",2012,3,12,72,2455999,2,"10282_Singing individuals (birds)","Singing individuals","IL",15,2012-03-12,"calendar",72,2012,NA,NA,"10282_Singing individuals (birds)_2012"
1419,42.011166,-88.503304,246,"Turdus","migratorius","American robin","Animalia",10282,457,"Insect consumption",2012,4,29,120,2456047,3,"10282_Insect consumption","Feeding","IL",12,2012-04-29,"calendar",120,2012,NA,NA,"10282_Insect consumption_2012"
1419,42.011166,-88.503304,245,"Poecile","atricapillus","black-capped chickadee","Animalia",10283,294,"Singing individuals (birds)",2012,4,1,92,2456019,5,"10283_Singing individuals (birds)","Singing individuals","IL",14,2012-04-01,"calendar",92,2012,NA,NA,"10283_Singing individuals (birds)_2012"
1419,42.011166,-88.503304,245,"Poecile","atricapillus","black-capped chickadee","Animalia",10283,310,"Fruit/seed consumption",2012,3,9,69,2455996,2,"10283_Fruit/seed consumption","Feeding","IL",13,2012-03-09,"calendar",69,2012,NA,NA,"10283_Fruit/seed consumption_2012"
5428,48.033489,-122.598724,245,"Poecile","atricapillus","black-capped chickadee","Animalia",11350,310,"Fruit/seed consumption",2012,1,8,8,2455935,NA,"11350_Fruit/seed consumption","Feeding","WA",13,2012-01-08,"calendar",8,2012,NA,NA,"11350_Fruit/seed consumption_2012"
5428,48.033489,-122.598724,362,"Junco","hyemalis","dark-eyed junco","Animalia",11351,310,"Fruit/seed consumption",2012,1,8,8,2455935,NA,"11351_Fruit/seed consumption","Feeding","WA",13,2012-01-08,"calendar",8,2012,NA,NA,"11351_Fruit/seed consumption_2012"
2803,39.971001,-105.397003,246,"Turdus","migratorius","American robin","Animalia",16046,294,"Singing individuals (birds)",2012,3,15,75,2456002,4,"16046_Singing individuals (birds)","Singing individuals","CO",14,2012-03-15,"calendar",75,2012,NA,NA,"16046_Singing individuals (birds)_2012"
2803,39.971001,-105.397003,246,"Turdus","migratorius","American robin","Animalia",16046,310,"Fruit/seed consumption",2012,2,17,48,2455975,5,"16046_Fruit/seed consumption","Feeding","CO",10,2012-02-17,"calendar",48,2012,NA,NA,"16046_Fruit/seed consumption_2012"
2803,39.971001,-105.397003,246,"Turdus","migratorius","American robin","Animalia",16046,457,"Insect consumption",2012,4,29,120,2456047,3,"16046_Insect consumption","Feeding","CO",15,2012-04-29,"calendar",120,2012,NA,NA,"16046_Insect consumption_2012"
2803,39.971001,-105.397003,245,"Poecile","atricapillus","black-capped chickadee","Animalia",16047,294,"Singing individuals (birds)",2012,5,10,131,2456058,5,"16047_Singing individuals (birds)","Singing individuals","CO",13,2012-05-10,"calendar",131,2012,NA,NA,"16047_Singing individuals (birds)_2012"
2803,39.971001,-105.397003,245,"Poecile","atricapillus","black-capped chickadee","Animalia",16047,310,"Fruit/seed consumption",2012,1,5,5,2455932,4,"16047_Fruit/seed consumption","Feeding","CO",15,2012-01-05,"calendar",5,2012,NA,NA,"16047_Fruit/seed consumption_2012"
2803,39.971001,-105.397003,354,"Selasphorus","platycercus","broad-tailed hummingbird","Animalia",16048,312,"Flower visitation",2012,5,10,131,2456058,5,"16048_Flower visitation","Feeding","CO",15,2012-05-10,"calendar",131,2012,NA,NA,"16048_Flower visitation_2012"
2803,39.971001,-105.397003,354,"Selasphorus","platycercus","broad-tailed hummingbird","Animalia",16048,457,"Insect consumption",2012,8,2,215,2456142,7,"16048_Insect consumption","Feeding","CO",15,2012-08-02,"calendar",215,2012,NA,NA,"16048_Insect consumption_2012"
2803,39.971001,-105.397003,362,"Junco","hyemalis","dark-eyed junco","Animalia",16213,294,"Singing individuals (birds)",2012,5,13,134,2456061,3,"16213_Singing individuals (birds)","Singing individuals","CO",12,2012-05-13,"calendar",134,2012,NA,NA,"16213_Singing individuals (birds)_2012"
2803,39.971001,-105.397003,362,"Junco","hyemalis","dark-eyed junco","Animalia",16213,310,"Fruit/seed consumption",2012,1,1,1,2455928,NA,"16213_Fruit/seed consumption","Feeding","CO",15,2012-01-01,"calendar",1,2012,NA,NA,"16213_Fruit/seed consumption_2012"
2803,39.971001,-105.397003,357,"Sialia","mexicana","western bluebird","Animalia",16214,294,"Singing individuals (birds)",2012,5,13,134,2456061,3,"16214_Singing individuals (birds)","Singing individuals","CO",10,2012-05-13,"calendar",134,2012,NA,NA,"16214_Singing individuals (birds)_2012"
2803,39.971001,-105.397003,357,"Sialia","mexicana","western bluebird","Animalia",16214,457,"Insect consumption",2012,7,5,187,2456114,7,"16214_Insect consumption","Feeding","CO",12,2012-07-05,"calendar",187,2012,NA,NA,"16214_Insect consumption_2012"
6481,42.456135,-72.344215,240,"Spinus","tristis","American goldfinch","Animalia",19034,310,"Fruit/seed consumption",2012,2,12,43,2455970,NA,"19034_Fruit/seed consumption","Feeding","MA",10,2012-02-12,"calendar",43,2012,NA,NA,"19034_Fruit/seed consumption_2012"
8242,31.596231,-110.575493,353,"Archilochus","alexandri","black-chinned hummingbird","Animalia",23606,312,"Flower visitation",2012,4,22,113,2456040,20,"23606_Flower visitation","Feeding","AZ",10,2012-04-22,"calendar",113,2012,NA,NA,"23606_Flower visitation_2012"
8418,32.363758,-94.873947,246,"Turdus","migratorius","American robin","Animalia",25349,294,"Singing individuals (birds)",2012,6,2,154,2456081,2,"25349_Singing individuals (birds)","Singing individuals","TX",12,2012-06-02,"calendar",154,2012,NA,NA,"25349_Singing individuals (birds)_2012"
8418,32.363758,-94.873947,246,"Turdus","migratorius","American robin","Animalia",25349,457,"Insect consumption",2012,5,27,148,2456075,2,"25349_Insect consumption","Feeding","TX",12,2012-05-27,"calendar",148,2012,NA,NA,"25349_Insect consumption_2012"
8418,32.363758,-94.873947,1108,"Mimus","polyglottos","northern mockingbird","Animalia",25351,294,"Singing individuals (birds)",2012,5,6,127,2456054,8,"25351_Singing individuals (birds)","Singing individuals","TX",12,2012-05-06,"calendar",127,2012,NA,NA,"25351_Singing individuals (birds)_2012"
8418,32.363758,-94.873947,1108,"Mimus","polyglottos","northern mockingbird","Animalia",25351,457,"Insect consumption",2012,7,28,210,2456137,4,"25351_Insect consumption","Feeding","TX",11,2012-07-28,"calendar",210,2012,NA,NA,"25351_Insect consumption_2012"
8496,46.328629,-96.061256,246,"Turdus","migratorius","American robin","Animalia",25780,310,"Fruit/seed consumption",2012,9,17,261,2456188,2,"25780_Fruit/seed consumption","Feeding","MN",12,2012-09-17,"calendar",261,2012,NA,NA,"25780_Fruit/seed consumption_2012"
8496,46.328629,-96.061256,245,"Poecile","atricapillus","black-capped chickadee","Animalia",25781,310,"Fruit/seed consumption",2012,4,22,113,2456040,NA,"25781_Fruit/seed consumption","Feeding","MN",14,2012-04-22,"calendar",113,2012,NA,NA,"25781_Fruit/seed consumption_2012"
8496,46.328629,-96.061256,352,"Archilochus","colubris","ruby-throated hummingbird","Animalia",25784,312,"Flower visitation",2012,6,21,173,2456100,2,"25784_Flower visitation","Feeding","MN",11,2012-06-21,"calendar",173,2012,NA,NA,"25784_Flower visitation_2012"
8496,46.328629,-96.061256,1104,"Hirundo","rustica","barn swallow","Animalia",25894,297,"Nest building (birds)",2012,5,5,126,2456053,3,"25894_Nest building (birds)","Nesting behavior","MN",12,2012-05-05,"calendar",126,2012,NA,NA,"25894_Nest building (birds)_2012"
8496,46.328629,-96.061256,1113,"Dryobates","pubescens","downy woodpecker","Animalia",25895,310,"Fruit/seed consumption",2012,4,24,115,2456042,NA,"25895_Fruit/seed consumption","Feeding","MN",14,2012-04-24,"calendar",115,2012,NA,NA,"25895_Fruit/seed consumption_2012"
8496,46.328629,-96.061256,355,"Troglodytes","aedon","house wren","Animalia",25897,297,"Nest building (birds)",2012,5,11,132,2456059,2,"25897_Nest building (birds)","Nesting behavior","MN",10,2012-05-11,"calendar",132,2012,NA,NA,"25897_Nest building (birds)_2012"
8496,46.328629,-96.061256,1090,"Cardinalis","cardinalis","northern cardinal","Animalia",25898,294,"Singing individuals (birds)",2012,4,24,115,2456042,NA,"25898_Singing individuals (birds)","Singing individuals","MN",13,2012-04-24,"calendar",115,2012,NA,NA,"25898_Singing individuals (birds)_2012"
8496,46.328629,-96.061256,1090,"Cardinalis","cardinalis","northern cardinal","Animalia",25898,310,"Fruit/seed consumption",2012,4,28,119,2456046,2,"25898_Fruit/seed consumption","Feeding","MN",13,2012-04-28,"calendar",119,2012,NA,NA,"25898_Fruit/seed consumption_2012"
8496,46.328629,-96.061256,1124,"Tachycineta","bicolor","tree swallow","Animalia",25899,297,"Nest building (birds)",2012,4,24,115,2456042,NA,"25899_Nest building (birds)","Nesting behavior","MN",9,2012-04-24,"calendar",115,2012,NA,NA,"25899_Nest building (birds)_2012"
8418,32.363758,-94.873947,1096,"Cyanocitta","cristata","blue jay","Animalia",28244,310,"Fruit/seed consumption",2012,9,4,248,2456175,3,"28244_Fruit/seed consumption","Feeding","TX",12,2012-09-04,"calendar",248,2012,NA,NA,"28244_Fruit/seed consumption_2012"
8418,32.363758,-94.873947,356,"Sialia","sialis","eastern bluebird","Animalia",28245,457,"Insect consumption",2012,10,3,277,2456204,1,"28245_Insect consumption","Feeding","TX",10,2012-10-03,"calendar",277,2012,NA,NA,"28245_Insect consumption_2012"
8418,32.363758,-94.873947,1090,"Cardinalis","cardinalis","northern cardinal","Animalia",28247,294,"Singing individuals (birds)",2012,5,20,141,2456068,NA,"28247_Singing individuals (birds)","Singing individuals","TX",11,2012-05-20,"calendar",141,2012,NA,NA,"28247_Singing individuals (birds)_2012"
8418,32.363758,-94.873947,1090,"Cardinalis","cardinalis","northern cardinal","Animalia",28247,310,"Fruit/seed consumption",2012,12,9,344,2456271,4,"28247_Fruit/seed consumption","Feeding","TX",12,2012-12-09,"calendar",344,2012,NA,NA,"28247_Fruit/seed consumption_2012"
8736,44.903229,-93.217445,240,"Spinus","tristis","American goldfinch","Animalia",28348,310,"Fruit/seed consumption",2012,7,14,196,2456123,4,"28348_Fruit/seed consumption","Feeding","MN",11,2012-07-14,"calendar",196,2012,NA,NA,"28348_Fruit/seed consumption_2012"
8736,44.903229,-93.217445,245,"Poecile","atricapillus","black-capped chickadee","Animalia",28349,294,"Singing individuals (birds)",2012,6,22,174,2456101,3,"28349_Singing individuals (birds)","Singing individuals","MN",10,2012-06-22,"calendar",174,2012,NA,NA,"28349_Singing individuals (birds)_2012"
8736,44.903229,-93.217445,245,"Poecile","atricapillus","black-capped chickadee","Animalia",28349,310,"Fruit/seed consumption",2012,7,16,198,2456125,2,"28349_Fruit/seed consumption","Feeding","MN",11,2012-07-16,"calendar",198,2012,NA,NA,"28349_Fruit/seed consumption_2012"
8736,44.903229,-93.217445,1090,"Cardinalis","cardinalis","northern cardinal","Animalia",28354,294,"Singing individuals (birds)",2012,5,27,148,2456075,NA,"28354_Singing individuals (birds)","Singing individuals","MN",9,2012-05-27,"calendar",148,2012,NA,NA,"28354_Singing individuals (birds)_2012"
8736,44.903229,-93.217445,1090,"Cardinalis","cardinalis","northern cardinal","Animalia",28354,310,"Fruit/seed consumption",2012,6,12,164,2456091,3,"28354_Fruit/seed consumption","Feeding","MN",11,2012-06-12,"calendar",164,2012,NA,NA,"28354_Fruit/seed consumption_2012"
8736,44.903229,-93.217445,362,"Junco","hyemalis","dark-eyed junco","Animalia",29145,310,"Fruit/seed consumption",2012,10,19,293,2456220,4,"29145_Fruit/seed consumption","Feeding","MN",11,2012-10-19,"calendar",293,2012,NA,NA,"29145_Fruit/seed consumption_2012"
8242,31.596231,-110.575493,740,"Toxostoma","curvirostre","curve-billed thrasher","Animalia",29639,310,"Fruit/seed consumption",2012,12,9,344,2456271,69,"29639_Fruit/seed consumption","Feeding","AZ",10,2012-12-09,"calendar",344,2012,NA,NA,"29639_Fruit/seed consumption_2012"
8242,31.596231,-110.575493,1091,"Spinus","psaltria","lesser goldfinch","Animalia",29640,310,"Fruit/seed consumption",2012,7,26,208,2456135,NA,"29640_Fruit/seed consumption","Feeding","AZ",10,2012-07-26,"calendar",208,2012,NA,NA,"29640_Fruit/seed consumption_2012"
8923,42.286381,-72.653831,356,"Sialia","sialis","eastern bluebird","Animalia",30029,294,"Singing individuals (birds)",2012,4,16,107,2456034,3,"30029_Singing individuals (birds)","Singing individuals","MA",9,2012-04-16,"calendar",107,2012,NA,NA,"30029_Singing individuals (birds)_2012"
8923,42.286381,-72.653831,356,"Sialia","sialis","eastern bluebird","Animalia",30029,457,"Insect consumption",2012,4,13,104,2456031,NA,"30029_Insect consumption","Feeding","MA",10,2012-04-13,"calendar",104,2012,NA,NA,"30029_Insect consumption_2012"
8923,42.286381,-72.653831,362,"Junco","hyemalis","dark-eyed junco","Animalia",30033,310,"Fruit/seed consumption",2012,10,30,304,2456231,NA,"30033_Fruit/seed consumption","Feeding","MA",10,2012-10-30,"calendar",304,2012,NA,NA,"30033_Fruit/seed consumption_2012"
8923,42.286381,-72.653831,1096,"Cyanocitta","cristata","blue jay","Animalia",30047,310,"Fruit/seed consumption",2012,11,5,310,2456237,4,"30047_Fruit/seed consumption","Feeding","MA",10,2012-11-05,"calendar",310,2012,NA,NA,"30047_Fruit/seed consumption_2012"
8923,42.286381,-72.653831,1126,"Thryothorus","ludovicianus","Carolina wren","Animalia",30059,310,"Fruit/seed consumption",2012,12,26,361,2456288,14,"30059_Fruit/seed consumption","Feeding","MA",9,2012-12-26,"calendar",361,2012,NA,NA,"30059_Fruit/seed consumption_2012"
8418,32.363758,-94.873947,352,"Archilochus","colubris","ruby-throated hummingbird","Animalia",30980,312,"Flower visitation",2012,8,18,231,2456158,NA,"30980_Flower visitation","Feeding","TX",12,2012-08-18,"calendar",231,2012,NA,NA,"30980_Flower visitation_2012"
8496,46.328629,-96.061256,1096,"Cyanocitta","cristata","blue jay","Animalia",32294,310,"Fruit/seed consumption",2012,10,31,305,2456232,2,"32294_Fruit/seed consumption","Feeding","MN",14,2012-10-31,"calendar",305,2012,NA,NA,"32294_Fruit/seed consumption_2012"
8496,46.328629,-96.061256,362,"Junco","hyemalis","dark-eyed junco","Animalia",32295,310,"Fruit/seed consumption",2012,10,29,303,2456230,NA,"32295_Fruit/seed consumption","Feeding","MN",13,2012-10-29,"calendar",303,2012,NA,NA,"32295_Fruit/seed consumption_2012"
8496,46.328629,-96.061256,1110,"Passer","domesticus","house sparrow","Animalia",32297,310,"Fruit/seed consumption",2012,10,29,303,2456230,NA,"32297_Fruit/seed consumption","Feeding","MN",14,2012-10-29,"calendar",303,2012,NA,NA,"32297_Fruit/seed consumption_2012"
8418,32.363758,-94.873947,362,"Junco","hyemalis","dark-eyed junco","Animalia",33174,310,"Fruit/seed consumption",2012,12,9,344,2456271,NA,"33174_Fruit/seed consumption","Feeding","TX",11,2012-12-09,"calendar",344,2012,NA,NA,"33174_Fruit/seed consumption_2012"
8418,32.363758,-94.873947,240,"Spinus","tristis","American goldfinch","Animalia",33798,310,"Fruit/seed consumption",2012,12,30,365,2456292,NA,"33798_Fruit/seed consumption","Feeding","TX",11,2012-12-30,"calendar",365,2012,NA,NA,"33798_Fruit/seed consumption_2012"
1447,42.176537,-85.892448,240,"Spinus","tristis","American goldfinch","Animalia",8332,310,"Fruit/seed consumption",2013,3,10,69,2456362,7,"8332_Fruit/seed consumption","Feeding","MI",9,2013-03-10,"calendar",69,2013,NA,NA,"8332_Fruit/seed consumption_2013"
1447,42.176537,-85.892448,245,"Poecile","atricapillus","black-capped chickadee","Animalia",8334,310,"Fruit/seed consumption",2013,3,3,62,2456355,NA,"8334_Fruit/seed consumption","Feeding","MI",9,2013-03-03,"calendar",62,2013,NA,NA,"8334_Fruit/seed consumption_2013"
1419,42.011166,-88.503304,246,"Turdus","migratorius","American robin","Animalia",10282,294,"Singing individuals (birds)",2013,3,28,87,2456380,2,"10282_Singing individuals (birds)","Singing individuals","IL",15,2013-03-28,"calendar",87,2013,NA,NA,"10282_Singing individuals (birds)_2013"
1419,42.011166,-88.503304,245,"Poecile","atricapillus","black-capped chickadee","Animalia",10283,294,"Singing individuals (birds)",2013,4,14,104,2456397,15,"10283_Singing individuals (birds)","Singing individuals","IL",14,2013-04-14,"calendar",104,2013,NA,NA,"10283_Singing individuals (birds)_2013"
1419,42.011166,-88.503304,245,"Poecile","atricapillus","black-capped chickadee","Animalia",10283,310,"Fruit/seed consumption",2013,3,9,68,2456361,6,"10283_Fruit/seed consumption","Feeding","IL",13,2013-03-09,"calendar",68,2013,NA,NA,"10283_Fruit/seed consumption_2013"
5428,48.033489,-122.598724,240,"Spinus","tristis","American goldfinch","Animalia",11347,310,"Fruit/seed consumption",2013,8,2,214,2456507,NA,"11347_Fruit/seed consumption","Feeding","WA",14,2013-08-02,"calendar",214,2013,NA,NA,"11347_Fruit/seed consumption_2013"
5428,48.033489,-122.598724,245,"Poecile","atricapillus","black-capped chickadee","Animalia",11350,310,"Fruit/seed consumption",2013,8,2,214,2456507,NA,"11350_Fruit/seed consumption","Feeding","WA",13,2013-08-02,"calendar",214,2013,NA,NA,"11350_Fruit/seed consumption_2013"
5428,48.033489,-122.598724,362,"Junco","hyemalis","dark-eyed junco","Animalia",11351,310,"Fruit/seed consumption",2013,12,28,362,2456655,148,"11351_Fruit/seed consumption","Feeding","WA",13,2013-12-28,"calendar",362,2013,NA,NA,"11351_Fruit/seed consumption_2013"
5674,44.910587,-70.266861,246,"Turdus","migratorius","American robin","Animalia",12709,310,"Fruit/seed consumption",2013,4,29,119,2456412,8,"12709_Fruit/seed consumption","Feeding","ME",12,2013-04-29,"calendar",119,2013,NA,NA,"12709_Fruit/seed consumption_2013"
5674,44.910587,-70.266861,246,"Turdus","migratorius","American robin","Animalia",12709,457,"Insect consumption",2013,5,13,133,2456426,2,"12709_Insect consumption","Feeding","ME",11,2013-05-13,"calendar",133,2013,NA,NA,"12709_Insect consumption_2013"
5674,44.910587,-70.266861,352,"Archilochus","colubris","ruby-throated hummingbird","Animalia",12712,312,"Flower visitation",2013,6,2,153,2456446,7,"12712_Flower visitation","Feeding","ME",13,2013-06-02,"calendar",153,2013,NA,NA,"12712_Flower visitation_2013"
2803,39.971001,-105.397003,246,"Turdus","migratorius","American robin","Animalia",16046,294,"Singing individuals (birds)",2013,3,31,90,2456383,2,"16046_Singing individuals (birds)","Singing individuals","CO",14,2013-03-31,"calendar",90,2013,NA,NA,"16046_Singing individuals (birds)_2013"
2803,39.971001,-105.397003,246,"Turdus","migratorius","American robin","Animalia",16046,310,"Fruit/seed consumption",2013,7,12,193,2456486,3,"16046_Fruit/seed consumption","Feeding","CO",10,2013-07-12,"calendar",193,2013,NA,NA,"16046_Fruit/seed consumption_2013"
2803,39.971001,-105.397003,246,"Turdus","migratorius","American robin","Animalia",16046,457,"Insect consumption",2013,7,12,193,2456486,3,"16046_Insect consumption","Feeding","CO",15,2013-07-12,"calendar",193,2013,NA,NA,"16046_Insect consumption_2013"
2803,39.971001,-105.397003,245,"Poecile","atricapillus","black-capped chickadee","Animalia",16047,294,"Singing individuals (birds)",2013,3,29,88,2456381,5,"16047_Singing individuals (birds)","Singing individuals","CO",13,2013-03-29,"calendar",88,2013,NA,NA,"16047_Singing individuals (birds)_2013"
2803,39.971001,-105.397003,245,"Poecile","atricapillus","black-capped chickadee","Animalia",16047,310,"Fruit/seed consumption",2013,2,3,34,2456327,3,"16047_Fruit/seed consumption","Feeding","CO",15,2013-02-03,"calendar",34,2013,NA,NA,"16047_Fruit/seed consumption_2013"
2803,39.971001,-105.397003,354,"Selasphorus","platycercus","broad-tailed hummingbird","Animalia",16048,312,"Flower visitation",2013,6,2,153,2456446,17,"16048_Flower visitation","Feeding","CO",15,2013-06-02,"calendar",153,2013,NA,NA,"16048_Flower visitation_2013"
2803,39.971001,-105.397003,354,"Selasphorus","platycercus","broad-tailed hummingbird","Animalia",16048,457,"Insect consumption",2013,6,11,162,2456455,2,"16048_Insect consumption","Feeding","CO",15,2013-06-11,"calendar",162,2013,NA,NA,"16048_Insect consumption_2013"
2803,39.971001,-105.397003,362,"Junco","hyemalis","dark-eyed junco","Animalia",16213,294,"Singing individuals (birds)",2013,5,5,125,2456418,49,"16213_Singing individuals (birds)","Singing individuals","CO",12,2013-05-05,"calendar",125,2013,NA,NA,"16213_Singing individuals (birds)_2013"
2803,39.971001,-105.397003,362,"Junco","hyemalis","dark-eyed junco","Animalia",16213,310,"Fruit/seed consumption",2013,1,6,6,2456299,NA,"16213_Fruit/seed consumption","Feeding","CO",15,2013-01-06,"calendar",6,2013,NA,NA,"16213_Fruit/seed consumption_2013"
2803,39.971001,-105.397003,357,"Sialia","mexicana","western bluebird","Animalia",16214,294,"Singing individuals (birds)",2013,4,6,96,2456389,2,"16214_Singing individuals (birds)","Singing individuals","CO",10,2013-04-06,"calendar",96,2013,NA,NA,"16214_Singing individuals (birds)_2013"
2803,39.971001,-105.397003,357,"Sialia","mexicana","western bluebird","Animalia",16214,457,"Insect consumption",2013,7,5,186,2456479,8,"16214_Insect consumption","Feeding","CO",12,2013-07-05,"calendar",186,2013,NA,NA,"16214_Insect consumption_2013"
6102,32.23188,-110.951012,740,"Toxostoma","curvirostre","curve-billed thrasher","Animalia",16420,294,"Singing individuals (birds)",2013,11,4,308,2456601,2,"16420_Singing individuals (birds)","Singing individuals","AZ",9,2013-11-04,"calendar",308,2013,NA,NA,"16420_Singing individuals (birds)_2013"
8242,31.596231,-110.575493,353,"Archilochus","alexandri","black-chinned hummingbird","Animalia",23606,312,"Flower visitation",2013,4,7,97,2456390,NA,"23606_Flower visitation","Feeding","AZ",10,2013-04-07,"calendar",97,2013,NA,NA,"23606_Flower visitation_2013"
8418,32.363758,-94.873947,246,"Turdus","migratorius","American robin","Animalia",25349,294,"Singing individuals (birds)",2013,2,10,41,2456334,7,"25349_Singing individuals (birds)","Singing individuals","TX",12,2013-02-10,"calendar",41,2013,NA,NA,"25349_Singing individuals (birds)_2013"
8418,32.363758,-94.873947,246,"Turdus","migratorius","American robin","Animalia",25349,310,"Fruit/seed consumption",2013,1,6,6,2456299,3,"25349_Fruit/seed consumption","Feeding","TX",10,2013-01-06,"calendar",6,2013,NA,NA,"25349_Fruit/seed consumption_2013"
8418,32.363758,-94.873947,246,"Turdus","migratorius","American robin","Animalia",25349,457,"Insect consumption",2013,2,13,44,2456337,26,"25349_Insect consumption","Feeding","TX",12,2013-02-13,"calendar",44,2013,NA,NA,"25349_Insect consumption_2013"
8418,32.363758,-94.873947,1108,"Mimus","polyglottos","northern mockingbird","Animalia",25351,294,"Singing individuals (birds)",2013,2,24,55,2456348,4,"25351_Singing individuals (birds)","Singing individuals","TX",12,2013-02-24,"calendar",55,2013,NA,NA,"25351_Singing individuals (birds)_2013"
8418,32.363758,-94.873947,1108,"Mimus","polyglottos","northern mockingbird","Animalia",25351,310,"Fruit/seed consumption",2013,4,24,114,2456407,14,"25351_Fruit/seed consumption","Feeding","TX",10,2013-04-24,"calendar",114,2013,NA,NA,"25351_Fruit/seed consumption_2013"
8418,32.363758,-94.873947,1108,"Mimus","polyglottos","northern mockingbird","Animalia",25351,457,"Insect consumption",2013,3,21,80,2456373,8,"25351_Insect consumption","Feeding","TX",11,2013-03-21,"calendar",80,2013,NA,NA,"25351_Insect consumption_2013"
8496,46.328629,-96.061256,246,"Turdus","migratorius","American robin","Animalia",25780,310,"Fruit/seed consumption",2013,3,30,89,2456382,3,"25780_Fruit/seed consumption","Feeding","MN",12,2013-03-30,"calendar",89,2013,NA,NA,"25780_Fruit/seed consumption_2013"
8496,46.328629,-96.061256,245,"Poecile","atricapillus","black-capped chickadee","Animalia",25781,310,"Fruit/seed consumption",2013,1,3,3,2456296,NA,"25781_Fruit/seed consumption","Feeding","MN",14,2013-01-03,"calendar",3,2013,NA,NA,"25781_Fruit/seed consumption_2013"
8496,46.328629,-96.061256,352,"Archilochus","colubris","ruby-throated hummingbird","Animalia",25784,312,"Flower visitation",2013,9,6,249,2456542,7,"25784_Flower visitation","Feeding","MN",11,2013-09-06,"calendar",249,2013,NA,NA,"25784_Flower visitation_2013"
8496,46.328629,-96.061256,1104,"Hirundo","rustica","barn swallow","Animalia",25894,297,"Nest building (birds)",2013,5,26,146,2456439,3,"25894_Nest building (birds)","Nesting behavior","MN",12,2013-05-26,"calendar",146,2013,NA,NA,"25894_Nest building (birds)_2013"
8496,46.328629,-96.061256,1113,"Dryobates","pubescens","downy woodpecker","Animalia",25895,310,"Fruit/seed consumption",2013,1,3,3,2456296,NA,"25895_Fruit/seed consumption","Feeding","MN",14,2013-01-03,"calendar",3,2013,NA,NA,"25895_Fruit/seed consumption_2013"
8496,46.328629,-96.061256,355,"Troglodytes","aedon","house wren","Animalia",25897,294,"Singing individuals (birds)",2013,5,23,143,2456436,6,"25897_Singing individuals (birds)","Singing individuals","MN",10,2013-05-23,"calendar",143,2013,NA,NA,"25897_Singing individuals (birds)_2013"
8496,46.328629,-96.061256,355,"Troglodytes","aedon","house wren","Animalia",25897,297,"Nest building (birds)",2013,5,23,143,2456436,3,"25897_Nest building (birds)","Nesting behavior","MN",10,2013-05-23,"calendar",143,2013,NA,NA,"25897_Nest building (birds)_2013"
8496,46.328629,-96.061256,1090,"Cardinalis","cardinalis","northern cardinal","Animalia",25898,294,"Singing individuals (birds)",2013,2,28,59,2456352,3,"25898_Singing individuals (birds)","Singing individuals","MN",13,2013-02-28,"calendar",59,2013,NA,NA,"25898_Singing individuals (birds)_2013"
8496,46.328629,-96.061256,1090,"Cardinalis","cardinalis","northern cardinal","Animalia",25898,310,"Fruit/seed consumption",2013,1,6,6,2456299,3,"25898_Fruit/seed consumption","Feeding","MN",13,2013-01-06,"calendar",6,2013,NA,NA,"25898_Fruit/seed consumption_2013"
8496,46.328629,-96.061256,1124,"Tachycineta","bicolor","tree swallow","Animalia",25899,297,"Nest building (birds)",2013,5,29,149,2456442,3,"25899_Nest building (birds)","Nesting behavior","MN",9,2013-05-29,"calendar",149,2013,NA,NA,"25899_Nest building (birds)_2013"
8418,32.363758,-94.873947,1096,"Cyanocitta","cristata","blue jay","Animalia",28244,310,"Fruit/seed consumption",2013,1,6,6,2456299,3,"28244_Fruit/seed consumption","Feeding","TX",12,2013-01-06,"calendar",6,2013,NA,NA,"28244_Fruit/seed consumption_2013"
8418,32.363758,-94.873947,1096,"Cyanocitta","cristata","blue jay","Animalia",28244,457,"Insect consumption",2013,6,8,159,2456452,2,"28244_Insect consumption","Feeding","TX",9,2013-06-08,"calendar",159,2013,NA,NA,"28244_Insect consumption_2013"
8418,32.363758,-94.873947,356,"Sialia","sialis","eastern bluebird","Animalia",28245,457,"Insect consumption",2013,5,18,138,2456431,3,"28245_Insect consumption","Feeding","TX",10,2013-05-18,"calendar",138,2013,NA,NA,"28245_Insect consumption_2013"
8418,32.363758,-94.873947,375,"Zenaida","macroura","mourning dove","Animalia",28246,294,"Singing individuals (birds)",2013,4,6,96,2456389,3,"28246_Singing individuals (birds)","Singing individuals","TX",11,2013-04-06,"calendar",96,2013,NA,NA,"28246_Singing individuals (birds)_2013"
8418,32.363758,-94.873947,1090,"Cardinalis","cardinalis","northern cardinal","Animalia",28247,294,"Singing individuals (birds)",2013,2,10,41,2456334,2,"28247_Singing individuals (birds)","Singing individuals","TX",11,2013-02-10,"calendar",41,2013,NA,NA,"28247_Singing individuals (birds)_2013"
8418,32.363758,-94.873947,1090,"Cardinalis","cardinalis","northern cardinal","Animalia",28247,310,"Fruit/seed consumption",2013,1,6,6,2456299,3,"28247_Fruit/seed consumption","Feeding","TX",12,2013-01-06,"calendar",6,2013,NA,NA,"28247_Fruit/seed consumption_2013"
8418,32.363758,-94.873947,1090,"Cardinalis","cardinalis","northern cardinal","Animalia",28247,457,"Insect consumption",2013,6,2,153,2456446,3,"28247_Insect consumption","Feeding","TX",10,2013-06-02,"calendar",153,2013,NA,NA,"28247_Insect consumption_2013"
8736,44.903229,-93.217445,240,"Spinus","tristis","American goldfinch","Animalia",28348,310,"Fruit/seed consumption",2013,1,17,17,2456310,NA,"28348_Fruit/seed consumption","Feeding","MN",11,2013-01-17,"calendar",17,2013,NA,NA,"28348_Fruit/seed consumption_2013"
8736,44.903229,-93.217445,245,"Poecile","atricapillus","black-capped chickadee","Animalia",28349,294,"Singing individuals (birds)",2013,8,3,215,2456508,22,"28349_Singing individuals (birds)","Singing individuals","MN",10,2013-08-03,"calendar",215,2013,NA,NA,"28349_Singing individuals (birds)_2013"
8736,44.903229,-93.217445,245,"Poecile","atricapillus","black-capped chickadee","Animalia",28349,310,"Fruit/seed consumption",2013,1,5,5,2456298,NA,"28349_Fruit/seed consumption","Feeding","MN",11,2013-01-05,"calendar",5,2013,NA,NA,"28349_Fruit/seed consumption_2013"
8736,44.903229,-93.217445,1090,"Cardinalis","cardinalis","northern cardinal","Animalia",28354,310,"Fruit/seed consumption",2013,1,5,5,2456298,NA,"28354_Fruit/seed consumption","Feeding","MN",11,2013-01-05,"calendar",5,2013,NA,NA,"28354_Fruit/seed consumption_2013"
8736,44.903229,-93.217445,362,"Junco","hyemalis","dark-eyed junco","Animalia",29145,310,"Fruit/seed consumption",2013,1,17,17,2456310,NA,"29145_Fruit/seed consumption","Feeding","MN",11,2013-01-17,"calendar",17,2013,NA,NA,"29145_Fruit/seed consumption_2013"
8242,31.596231,-110.575493,740,"Toxostoma","curvirostre","curve-billed thrasher","Animalia",29639,310,"Fruit/seed consumption",2013,1,20,20,2456313,NA,"29639_Fruit/seed consumption","Feeding","AZ",10,2013-01-20,"calendar",20,2013,NA,NA,"29639_Fruit/seed consumption_2013"
8242,31.596231,-110.575493,1091,"Spinus","psaltria","lesser goldfinch","Animalia",29640,310,"Fruit/seed consumption",2013,3,22,81,2456374,NA,"29640_Fruit/seed consumption","Feeding","AZ",10,2013-03-22,"calendar",81,2013,NA,NA,"29640_Fruit/seed consumption_2013"
8923,42.286381,-72.653831,356,"Sialia","sialis","eastern bluebird","Animalia",30029,294,"Singing individuals (birds)",2013,3,12,71,2456364,7,"30029_Singing individuals (birds)","Singing individuals","MA",9,2013-03-12,"calendar",71,2013,NA,NA,"30029_Singing individuals (birds)_2013"
8923,42.286381,-72.653831,356,"Sialia","sialis","eastern bluebird","Animalia",30029,457,"Insect consumption",2013,3,12,71,2456364,7,"30029_Insect consumption","Feeding","MA",10,2013-03-12,"calendar",71,2013,NA,NA,"30029_Insect consumption_2013"
8923,42.286381,-72.653831,362,"Junco","hyemalis","dark-eyed junco","Animalia",30033,310,"Fruit/seed consumption",2013,1,3,3,2456296,NA,"30033_Fruit/seed consumption","Feeding","MA",10,2013-01-03,"calendar",3,2013,NA,NA,"30033_Fruit/seed consumption_2013"
8923,42.286381,-72.653831,1096,"Cyanocitta","cristata","blue jay","Animalia",30047,310,"Fruit/seed consumption",2013,5,4,124,2456417,1,"30047_Fruit/seed consumption","Feeding","MA",10,2013-05-04,"calendar",124,2013,NA,NA,"30047_Fruit/seed consumption_2013"
8923,42.286381,-72.653831,1126,"Thryothorus","ludovicianus","Carolina wren","Animalia",30059,310,"Fruit/seed consumption",2013,1,7,7,2456300,4,"30059_Fruit/seed consumption","Feeding","MA",9,2013-01-07,"calendar",7,2013,NA,NA,"30059_Fruit/seed consumption_2013"
8418,32.363758,-94.873947,352,"Archilochus","colubris","ruby-throated hummingbird","Animalia",30980,312,"Flower visitation",2013,4,17,107,2456400,3,"30980_Flower visitation","Feeding","TX",12,2013-04-17,"calendar",107,2013,NA,NA,"30980_Flower visitation_2013"
8496,46.328629,-96.061256,1096,"Cyanocitta","cristata","blue jay","Animalia",32294,310,"Fruit/seed consumption",2013,1,6,6,2456299,3,"32294_Fruit/seed consumption","Feeding","MN",14,2013-01-06,"calendar",6,2013,NA,NA,"32294_Fruit/seed consumption_2013"
8496,46.328629,-96.061256,362,"Junco","hyemalis","dark-eyed junco","Animalia",32295,310,"Fruit/seed consumption",2013,1,3,3,2456296,NA,"32295_Fruit/seed consumption","Feeding","MN",13,2013-01-03,"calendar",3,2013,NA,NA,"32295_Fruit/seed consumption_2013"
8496,46.328629,-96.061256,1110,"Passer","domesticus","house sparrow","Animalia",32297,310,"Fruit/seed consumption",2013,1,3,3,2456296,NA,"32297_Fruit/seed consumption","Feeding","MN",14,2013-01-03,"calendar",3,2013,NA,NA,"32297_Fruit/seed consumption_2013"
8418,32.363758,-94.873947,362,"Junco","hyemalis","dark-eyed junco","Animalia",33174,310,"Fruit/seed consumption",2013,1,6,6,2456299,3,"33174_Fruit/seed consumption","Feeding","TX",11,2013-01-06,"calendar",6,2013,NA,NA,"33174_Fruit/seed consumption_2013"
8418,32.363758,-94.873947,240,"Spinus","tristis","American goldfinch","Animalia",33798,310,"Fruit/seed consumption",2013,1,3,3,2456296,NA,"33798_Fruit/seed consumption","Feeding","TX",11,2013-01-03,"calendar",3,2013,NA,NA,"33798_Fruit/seed consumption_2013"
8496,46.328629,-96.061256,240,"Spinus","tristis","American goldfinch","Animalia",34922,310,"Fruit/seed consumption",2013,1,25,25,2456318,NA,"34922_Fruit/seed consumption","Feeding","MN",12,2013-01-25,"calendar",25,2013,NA,NA,"34922_Fruit/seed consumption_2013"
8418,32.363758,-94.873947,1110,"Passer","domesticus","house sparrow","Animalia",35674,310,"Fruit/seed consumption",2013,2,10,41,2456334,NA,"35674_Fruit/seed consumption","Feeding","TX",11,2013-02-10,"calendar",41,2013,NA,NA,"35674_Fruit/seed consumption_2013"
10145,42.602543,-83.250992,240,"Spinus","tristis","American goldfinch","Animalia",38837,294,"Singing individuals (birds)",2013,4,16,106,2456399,6,"38837_Singing individuals (birds)","Singing individuals","MI",9,2013-04-16,"calendar",106,2013,NA,NA,"38837_Singing individuals (birds)_2013"
10145,42.602543,-83.250992,246,"Turdus","migratorius","American robin","Animalia",38840,310,"Fruit/seed consumption",2013,3,19,78,2456371,NA,"38840_Fruit/seed consumption","Feeding","MI",9,2013-03-19,"calendar",78,2013,NA,NA,"38840_Fruit/seed consumption_2013"
10145,42.602543,-83.250992,362,"Junco","hyemalis","dark-eyed junco","Animalia",38878,294,"Singing individuals (birds)",2013,3,19,78,2456371,NA,"38878_Singing individuals (birds)","Singing individuals","MI",11,2013-03-19,"calendar",78,2013,NA,NA,"38878_Singing individuals (birds)_2013"
10145,42.602543,-83.250992,355,"Troglodytes","aedon","house wren","Animalia",38908,294,"Singing individuals (birds)",2013,5,5,125,2456418,1,"38908_Singing individuals (birds)","Singing individuals","MI",10,2013-05-05,"calendar",125,2013,NA,NA,"38908_Singing individuals (birds)_2013"
10145,42.602543,-83.250992,359,"Agelaius","phoeniceus","red-winged blackbird","Animalia",38946,294,"Singing individuals (birds)",2013,3,31,90,2456383,NA,"38946_Singing individuals (birds)","Singing individuals","MI",11,2013-03-31,"calendar",90,2013,NA,NA,"38946_Singing individuals (birds)_2013"
9652,44.768246,-94.155746,246,"Turdus","migratorius","American robin","Animalia",40107,294,"Singing individuals (birds)",2013,3,29,88,2456381,NA,"40107_Singing individuals (birds)","Singing individuals","MN",13,2013-03-29,"calendar",88,2013,NA,NA,"40107_Singing individuals (birds)_2013"
9652,44.768246,-94.155746,246,"Turdus","migratorius","American robin","Animalia",40107,297,"Nest building (birds)",2013,5,9,129,2456422,21,"40107_Nest building (birds)","Nesting behavior","MN",11,2013-05-09,"calendar",129,2013,NA,NA,"40107_Nest building (birds)_2013"
9652,44.768246,-94.155746,246,"Turdus","migratorius","American robin","Animalia",40107,310,"Fruit/seed consumption",2013,3,29,88,2456381,NA,"40107_Fruit/seed consumption","Feeding","MN",13,2013-03-29,"calendar",88,2013,NA,NA,"40107_Fruit/seed consumption_2013"
9652,44.768246,-94.155746,246,"Turdus","migratorius","American robin","Animalia",40107,457,"Insect consumption",2013,5,9,129,2456422,21,"40107_Insect consumption","Feeding","MN",13,2013-05-09,"calendar",129,2013,NA,NA,"40107_Insect consumption_2013"
9652,44.768246,-94.155746,375,"Zenaida","macroura","mourning dove","Animalia",40109,294,"Singing individuals (birds)",2013,3,29,88,2456381,NA,"40109_Singing individuals (birds)","Singing individuals","MN",11,2013-03-29,"calendar",88,2013,NA,NA,"40109_Singing individuals (birds)_2013"
8418,32.363758,-94.873947,1113,"Dryobates","pubescens","downy woodpecker","Animalia",41679,310,"Fruit/seed consumption",2013,4,10,100,2456393,NA,"41679_Fruit/seed consumption","Feeding","TX",11,2013-04-10,"calendar",100,2013,NA,NA,"41679_Fruit/seed consumption_2013"
8418,32.363758,-94.873947,1113,"Dryobates","pubescens","downy woodpecker","Animalia",41679,457,"Insect consumption",2013,9,7,250,2456543,14,"41679_Insect consumption","Feeding","TX",9,2013-09-07,"calendar",250,2013,NA,NA,"41679_Insect consumption_2013"
10717,38.285664,-111.246605,246,"Turdus","migratorius","American robin","Animalia",42593,294,"Singing individuals (birds)",2013,5,4,124,2456417,1,"42593_Singing individuals (birds)","Singing individuals","UT",9,2013-05-04,"calendar",124,2013,NA,NA,"42593_Singing individuals (birds)_2013"
10717,38.285664,-111.246605,246,"Turdus","migratorius","American robin","Animalia",42593,457,"Insect consumption",2013,4,28,118,2456411,NA,"42593_Insect consumption","Feeding","UT",9,2013-04-28,"calendar",118,2013,NA,NA,"42593_Insect consumption_2013"
1419,42.011166,-88.503304,1117,"Sayornis","phoebe","eastern phoebe","Animalia",44642,457,"Insect consumption",2013,5,26,146,2456439,8,"44642_Insect consumption","Feeding","IL",9,2013-05-26,"calendar",146,2013,NA,NA,"44642_Insect consumption_2013"
8418,32.363758,-94.873947,1126,"Thryothorus","ludovicianus","Carolina wren","Animalia",46734,310,"Fruit/seed consumption",2013,6,21,172,2456465,NA,"46734_Fruit/seed consumption","Feeding","TX",10,2013-06-21,"calendar",172,2013,NA,NA,"46734_Fruit/seed consumption_2013"
6102,32.23188,-110.951012,1088,"Calypte","anna","Anna's hummingbird","Animalia",49639,312,"Flower visitation",2013,10,9,282,2456575,1,"49639_Flower visitation","Feeding","AZ",9,2013-10-09,"calendar",282,2013,NA,NA,"49639_Flower visitation_2013"
6102,32.23188,-110.951012,1110,"Passer","domesticus","house sparrow","Animalia",49643,294,"Singing individuals (birds)",2013,10,14,287,2456580,4,"49643_Singing individuals (birds)","Singing individuals","AZ",10,2013-10-14,"calendar",287,2013,NA,NA,"49643_Singing individuals (birds)_2013"
6102,32.23188,-110.951012,1110,"Passer","domesticus","house sparrow","Animalia",49643,310,"Fruit/seed consumption",2013,10,10,283,2456576,13,"49643_Fruit/seed consumption","Feeding","AZ",10,2013-10-10,"calendar",283,2013,NA,NA,"49643_Fruit/seed consumption_2013"
8418,32.363758,-94.873947,741,"Regulus","calendula","ruby-crowned kinglet","Animalia",60925,310,"Fruit/seed consumption",2013,12,15,349,2456642,NA,"60925_Fruit/seed consumption","Feeding","TX",9,2013-12-15,"calendar",349,2013,NA,NA,"60925_Fruit/seed consumption_2013"
8418,32.363758,-94.873947,739,"Zonotrichia","albicollis","white-throated sparrow","Animalia",60926,310,"Fruit/seed consumption",2013,12,15,349,2456642,NA,"60926_Fruit/seed consumption","Feeding","TX",9,2013-12-15,"calendar",349,2013,NA,NA,"60926_Fruit/seed consumption_2013"
18529,33.630066,-112.147385,1088,"Calypte","anna","Anna's hummingbird","Animalia",73449,312,"Flower visitation",2013,12,31,365,2456658,NA,"73449_Flower visitation","Feeding","AZ",10,2013-12-31,"calendar",365,2013,NA,NA,"73449_Flower visitation_2013"
18529,33.630066,-112.147385,1088,"Calypte","anna","Anna's hummingbird","Animalia",73449,457,"Insect consumption",2013,12,31,365,2456658,NA,"73449_Insect consumption","Feeding","AZ",10,2013-12-31,"calendar",365,2013,NA,NA,"73449_Insect consumption_2013"
18529,33.630066,-112.147385,740,"Toxostoma","curvirostre","curve-billed thrasher","Animalia",75309,457,"Insect consumption",2013,12,31,365,2456658,NA,"75309_Insect consumption","Feeding","AZ",10,2013-12-31,"calendar",365,2013,NA,NA,"75309_Insect consumption_2013"
1447,42.176537,-85.892448,240,"Spinus","tristis","American goldfinch","Animalia",8332,310,"Fruit/seed consumption",2014,3,31,90,2456748,1,"8332_Fruit/seed consumption","Feeding","MI",9,2014-03-31,"calendar",90,2014,NA,NA,"8332_Fruit/seed consumption_2014"
1447,42.176537,-85.892448,245,"Poecile","atricapillus","black-capped chickadee","Animalia",8334,310,"Fruit/seed consumption",2014,3,31,90,2456748,1,"8334_Fruit/seed consumption","Feeding","MI",9,2014-03-31,"calendar",90,2014,NA,NA,"8334_Fruit/seed consumption_2014"
1419,42.011166,-88.503304,246,"Turdus","migratorius","American robin","Animalia",10282,294,"Singing individuals (birds)",2014,5,3,123,2456781,12,"10282_Singing individuals (birds)","Singing individuals","IL",15,2014-05-03,"calendar",123,2014,NA,NA,"10282_Singing individuals (birds)_2014"
1419,42.011166,-88.503304,246,"Turdus","migratorius","American robin","Animalia",10282,457,"Insect consumption",2014,3,15,74,2456732,21,"10282_Insect consumption","Feeding","IL",12,2014-03-15,"calendar",74,2014,NA,NA,"10282_Insect consumption_2014"
1419,42.011166,-88.503304,245,"Poecile","atricapillus","black-capped chickadee","Animalia",10283,294,"Singing individuals (birds)",2014,3,22,81,2456739,7,"10283_Singing individuals (birds)","Singing individuals","IL",14,2014-03-22,"calendar",81,2014,NA,NA,"10283_Singing individuals (birds)_2014"
1419,42.011166,-88.503304,245,"Poecile","atricapillus","black-capped chickadee","Animalia",10283,310,"Fruit/seed consumption",2014,1,7,7,2456665,NA,"10283_Fruit/seed consumption","Feeding","IL",13,2014-01-07,"calendar",7,2014,NA,NA,"10283_Fruit/seed consumption_2014"
5428,48.033489,-122.598724,240,"Spinus","tristis","American goldfinch","Animalia",11347,310,"Fruit/seed consumption",2014,5,3,123,2456781,54,"11347_Fruit/seed consumption","Feeding","WA",14,2014-05-03,"calendar",123,2014,NA,NA,"11347_Fruit/seed consumption_2014"
5428,48.033489,-122.598724,245,"Poecile","atricapillus","black-capped chickadee","Animalia",11350,310,"Fruit/seed consumption",2014,1,9,9,2456667,NA,"11350_Fruit/seed consumption","Feeding","WA",13,2014-01-09,"calendar",9,2014,NA,NA,"11350_Fruit/seed consumption_2014"
5428,48.033489,-122.598724,362,"Junco","hyemalis","dark-eyed junco","Animalia",11351,310,"Fruit/seed consumption",2014,1,23,23,2456681,NA,"11351_Fruit/seed consumption","Feeding","WA",13,2014-01-23,"calendar",23,2014,NA,NA,"11351_Fruit/seed consumption_2014"
5674,44.910587,-70.266861,246,"Turdus","migratorius","American robin","Animalia",12709,310,"Fruit/seed consumption",2014,4,20,110,2456768,7,"12709_Fruit/seed consumption","Feeding","ME",12,2014-04-20,"calendar",110,2014,NA,NA,"12709_Fruit/seed consumption_2014"
5674,44.910587,-70.266861,246,"Turdus","migratorius","American robin","Animalia",12709,457,"Insect consumption",2014,5,25,145,2456803,7,"12709_Insect consumption","Feeding","ME",11,2014-05-25,"calendar",145,2014,NA,NA,"12709_Insect consumption_2014"
5674,44.910587,-70.266861,352,"Archilochus","colubris","ruby-throated hummingbird","Animalia",12712,312,"Flower visitation",2014,5,25,145,2456803,7,"12712_Flower visitation","Feeding","ME",13,2014-05-25,"calendar",145,2014,NA,NA,"12712_Flower visitation_2014"
2803,39.971001,-105.397003,246,"Turdus","migratorius","American robin","Animalia",16046,294,"Singing individuals (birds)",2014,4,10,100,2456758,6,"16046_Singing individuals (birds)","Singing individuals","CO",14,2014-04-10,"calendar",100,2014,NA,NA,"16046_Singing individuals (birds)_2014"
2803,39.971001,-105.397003,246,"Turdus","migratorius","American robin","Animalia",16046,457,"Insect consumption",2014,3,23,82,2456740,3,"16046_Insect consumption","Feeding","CO",15,2014-03-23,"calendar",82,2014,NA,NA,"16046_Insect consumption_2014"
2803,39.971001,-105.397003,245,"Poecile","atricapillus","black-capped chickadee","Animalia",16047,310,"Fruit/seed consumption",2014,1,23,23,2456681,3,"16047_Fruit/seed consumption","Feeding","CO",15,2014-01-23,"calendar",23,2014,NA,NA,"16047_Fruit/seed consumption_2014"
2803,39.971001,-105.397003,354,"Selasphorus","platycercus","broad-tailed hummingbird","Animalia",16048,312,"Flower visitation",2014,6,1,152,2456810,14,"16048_Flower visitation","Feeding","CO",15,2014-06-01,"calendar",152,2014,NA,NA,"16048_Flower visitation_2014"
2803,39.971001,-105.397003,354,"Selasphorus","platycercus","broad-tailed hummingbird","Animalia",16048,457,"Insect consumption",2014,8,11,223,2456881,25,"16048_Insect consumption","Feeding","CO",15,2014-08-11,"calendar",223,2014,NA,NA,"16048_Insect consumption_2014"
2803,39.971001,-105.397003,362,"Junco","hyemalis","dark-eyed junco","Animalia",16213,310,"Fruit/seed consumption",2014,1,5,5,2456663,4,"16213_Fruit/seed consumption","Feeding","CO",15,2014-01-05,"calendar",5,2014,NA,NA,"16213_Fruit/seed consumption_2014"
6102,32.23188,-110.951012,740,"Toxostoma","curvirostre","curve-billed thrasher","Animalia",16420,294,"Singing individuals (birds)",2014,5,27,147,2456805,5,"16420_Singing individuals (birds)","Singing individuals","AZ",9,2014-05-27,"calendar",147,2014,NA,NA,"16420_Singing individuals (birds)_2014"
8242,31.596231,-110.575493,353,"Archilochus","alexandri","black-chinned hummingbird","Animalia",23606,312,"Flower visitation",2014,3,27,86,2456744,37,"23606_Flower visitation","Feeding","AZ",10,2014-03-27,"calendar",86,2014,NA,NA,"23606_Flower visitation_2014"
8418,32.363758,-94.873947,246,"Turdus","migratorius","American robin","Animalia",25349,294,"Singing individuals (birds)",2014,3,5,64,2456722,3,"25349_Singing individuals (birds)","Singing individuals","TX",12,2014-03-05,"calendar",64,2014,NA,NA,"25349_Singing individuals (birds)_2014"
8418,32.363758,-94.873947,246,"Turdus","migratorius","American robin","Animalia",25349,310,"Fruit/seed consumption",2014,1,11,11,2456669,6,"25349_Fruit/seed consumption","Feeding","TX",10,2014-01-11,"calendar",11,2014,NA,NA,"25349_Fruit/seed consumption_2014"
8418,32.363758,-94.873947,246,"Turdus","migratorius","American robin","Animalia",25349,457,"Insect consumption",2014,2,19,50,2456708,7,"25349_Insect consumption","Feeding","TX",12,2014-02-19,"calendar",50,2014,NA,NA,"25349_Insect consumption_2014"
8418,32.363758,-94.873947,1108,"Mimus","polyglottos","northern mockingbird","Animalia",25351,294,"Singing individuals (birds)",2014,3,16,75,2456733,4,"25351_Singing individuals (birds)","Singing individuals","TX",12,2014-03-16,"calendar",75,2014,NA,NA,"25351_Singing individuals (birds)_2014"
8418,32.363758,-94.873947,1108,"Mimus","polyglottos","northern mockingbird","Animalia",25351,310,"Fruit/seed consumption",2014,1,26,26,2456684,8,"25351_Fruit/seed consumption","Feeding","TX",10,2014-01-26,"calendar",26,2014,NA,NA,"25351_Fruit/seed consumption_2014"
8418,32.363758,-94.873947,1108,"Mimus","polyglottos","northern mockingbird","Animalia",25351,457,"Insect consumption",2014,2,23,54,2456712,4,"25351_Insect consumption","Feeding","TX",11,2014-02-23,"calendar",54,2014,NA,NA,"25351_Insect consumption_2014"
8496,46.328629,-96.061256,246,"Turdus","migratorius","American robin","Animalia",25780,310,"Fruit/seed consumption",2014,4,5,95,2456753,4,"25780_Fruit/seed consumption","Feeding","MN",12,2014-04-05,"calendar",95,2014,NA,NA,"25780_Fruit/seed consumption_2014"
8496,46.328629,-96.061256,245,"Poecile","atricapillus","black-capped chickadee","Animalia",25781,310,"Fruit/seed consumption",2014,1,2,2,2456660,NA,"25781_Fruit/seed consumption","Feeding","MN",14,2014-01-02,"calendar",2,2014,NA,NA,"25781_Fruit/seed consumption_2014"
8496,46.328629,-96.061256,352,"Archilochus","colubris","ruby-throated hummingbird","Animalia",25784,312,"Flower visitation",2014,7,2,183,2456841,6,"25784_Flower visitation","Feeding","MN",11,2014-07-02,"calendar",183,2014,NA,NA,"25784_Flower visitation_2014"
8496,46.328629,-96.061256,1104,"Hirundo","rustica","barn swallow","Animalia",25894,297,"Nest building (birds)",2014,5,5,125,2456783,6,"25894_Nest building (birds)","Nesting behavior","MN",12,2014-05-05,"calendar",125,2014,NA,NA,"25894_Nest building (birds)_2014"
8496,46.328629,-96.061256,1113,"Dryobates","pubescens","downy woodpecker","Animalia",25895,310,"Fruit/seed consumption",2014,1,2,2,2456660,NA,"25895_Fruit/seed consumption","Feeding","MN",14,2014-01-02,"calendar",2,2014,NA,NA,"25895_Fruit/seed consumption_2014"
8496,46.328629,-96.061256,1090,"Cardinalis","cardinalis","northern cardinal","Animalia",25898,294,"Singing individuals (birds)",2014,3,18,77,2456735,8,"25898_Singing individuals (birds)","Singing individuals","MN",13,2014-03-18,"calendar",77,2014,NA,NA,"25898_Singing individuals (birds)_2014"
8496,46.328629,-96.061256,1090,"Cardinalis","cardinalis","northern cardinal","Animalia",25898,310,"Fruit/seed consumption",2014,1,11,11,2456669,9,"25898_Fruit/seed consumption","Feeding","MN",13,2014-01-11,"calendar",11,2014,NA,NA,"25898_Fruit/seed consumption_2014"
8496,46.328629,-96.061256,1124,"Tachycineta","bicolor","tree swallow","Animalia",25899,297,"Nest building (birds)",2014,5,11,131,2456789,3,"25899_Nest building (birds)","Nesting behavior","MN",9,2014-05-11,"calendar",131,2014,NA,NA,"25899_Nest building (birds)_2014"
8418,32.363758,-94.873947,1096,"Cyanocitta","cristata","blue jay","Animalia",28244,310,"Fruit/seed consumption",2014,1,11,11,2456669,6,"28244_Fruit/seed consumption","Feeding","TX",12,2014-01-11,"calendar",11,2014,NA,NA,"28244_Fruit/seed consumption_2014"
8418,32.363758,-94.873947,1096,"Cyanocitta","cristata","blue jay","Animalia",28244,457,"Insect consumption",2014,6,1,152,2456810,6,"28244_Insect consumption","Feeding","TX",9,2014-06-01,"calendar",152,2014,NA,NA,"28244_Insect consumption_2014"
8418,32.363758,-94.873947,356,"Sialia","sialis","eastern bluebird","Animalia",28245,457,"Insect consumption",2014,5,11,131,2456789,4,"28245_Insect consumption","Feeding","TX",10,2014-05-11,"calendar",131,2014,NA,NA,"28245_Insect consumption_2014"
8418,32.363758,-94.873947,375,"Zenaida","macroura","mourning dove","Animalia",28246,294,"Singing individuals (birds)",2014,3,9,68,2456726,4,"28246_Singing individuals (birds)","Singing individuals","TX",11,2014-03-09,"calendar",68,2014,NA,NA,"28246_Singing individuals (birds)_2014"
8418,32.363758,-94.873947,1090,"Cardinalis","cardinalis","northern cardinal","Animalia",28247,294,"Singing individuals (birds)",2014,2,16,47,2456705,4,"28247_Singing individuals (birds)","Singing individuals","TX",11,2014-02-16,"calendar",47,2014,NA,NA,"28247_Singing individuals (birds)_2014"
8418,32.363758,-94.873947,1090,"Cardinalis","cardinalis","northern cardinal","Animalia",28247,310,"Fruit/seed consumption",2014,1,2,2,2456660,NA,"28247_Fruit/seed consumption","Feeding","TX",12,2014-01-02,"calendar",2,2014,NA,NA,"28247_Fruit/seed consumption_2014"
8418,32.363758,-94.873947,1090,"Cardinalis","cardinalis","northern cardinal","Animalia",28247,457,"Insect consumption",2014,4,6,96,2456754,4,"28247_Insect consumption","Feeding","TX",10,2014-04-06,"calendar",96,2014,NA,NA,"28247_Insect consumption_2014"
8736,44.903229,-93.217445,240,"Spinus","tristis","American goldfinch","Animalia",28348,310,"Fruit/seed consumption",2014,1,1,1,2456659,NA,"28348_Fruit/seed consumption","Feeding","MN",11,2014-01-01,"calendar",1,2014,NA,NA,"28348_Fruit/seed consumption_2014"
8736,44.903229,-93.217445,245,"Poecile","atricapillus","black-capped chickadee","Animalia",28349,294,"Singing individuals (birds)",2014,1,20,20,2456678,19,"28349_Singing individuals (birds)","Singing individuals","MN",10,2014-01-20,"calendar",20,2014,NA,NA,"28349_Singing individuals (birds)_2014"
8736,44.903229,-93.217445,245,"Poecile","atricapillus","black-capped chickadee","Animalia",28349,310,"Fruit/seed consumption",2014,1,1,1,2456659,NA,"28349_Fruit/seed consumption","Feeding","MN",11,2014-01-01,"calendar",1,2014,NA,NA,"28349_Fruit/seed consumption_2014"
8736,44.903229,-93.217445,1090,"Cardinalis","cardinalis","northern cardinal","Animalia",28354,294,"Singing individuals (birds)",2014,4,3,93,2456751,33,"28354_Singing individuals (birds)","Singing individuals","MN",9,2014-04-03,"calendar",93,2014,NA,NA,"28354_Singing individuals (birds)_2014"
8736,44.903229,-93.217445,1090,"Cardinalis","cardinalis","northern cardinal","Animalia",28354,310,"Fruit/seed consumption",2014,1,1,1,2456659,NA,"28354_Fruit/seed consumption","Feeding","MN",11,2014-01-01,"calendar",1,2014,NA,NA,"28354_Fruit/seed consumption_2014"
8736,44.903229,-93.217445,362,"Junco","hyemalis","dark-eyed junco","Animalia",29145,310,"Fruit/seed consumption",2014,1,1,1,2456659,NA,"29145_Fruit/seed consumption","Feeding","MN",11,2014-01-01,"calendar",1,2014,NA,NA,"29145_Fruit/seed consumption_2014"
8242,31.596231,-110.575493,740,"Toxostoma","curvirostre","curve-billed thrasher","Animalia",29639,310,"Fruit/seed consumption",2014,1,15,15,2456673,NA,"29639_Fruit/seed consumption","Feeding","AZ",10,2014-01-15,"calendar",15,2014,NA,NA,"29639_Fruit/seed consumption_2014"
8242,31.596231,-110.575493,1091,"Spinus","psaltria","lesser goldfinch","Animalia",29640,310,"Fruit/seed consumption",2014,1,15,15,2456673,NA,"29640_Fruit/seed consumption","Feeding","AZ",10,2014-01-15,"calendar",15,2014,NA,NA,"29640_Fruit/seed consumption_2014"
8923,42.286381,-72.653831,356,"Sialia","sialis","eastern bluebird","Animalia",30029,294,"Singing individuals (birds)",2014,4,7,97,2456755,26,"30029_Singing individuals (birds)","Singing individuals","MA",9,2014-04-07,"calendar",97,2014,NA,NA,"30029_Singing individuals (birds)_2014"
8923,42.286381,-72.653831,356,"Sialia","sialis","eastern bluebird","Animalia",30029,457,"Insect consumption",2014,6,7,158,2456816,4,"30029_Insect consumption","Feeding","MA",10,2014-06-07,"calendar",158,2014,NA,NA,"30029_Insect consumption_2014"
8923,42.286381,-72.653831,362,"Junco","hyemalis","dark-eyed junco","Animalia",30033,310,"Fruit/seed consumption",2014,1,1,1,2456659,NA,"30033_Fruit/seed consumption","Feeding","MA",10,2014-01-01,"calendar",1,2014,NA,NA,"30033_Fruit/seed consumption_2014"
8923,42.286381,-72.653831,1096,"Cyanocitta","cristata","blue jay","Animalia",30047,310,"Fruit/seed consumption",2014,1,15,15,2456673,14,"30047_Fruit/seed consumption","Feeding","MA",10,2014-01-15,"calendar",15,2014,NA,NA,"30047_Fruit/seed consumption_2014"
8923,42.286381,-72.653831,1126,"Thryothorus","ludovicianus","Carolina wren","Animalia",30059,310,"Fruit/seed consumption",2014,4,11,101,2456759,4,"30059_Fruit/seed consumption","Feeding","MA",9,2014-04-11,"calendar",101,2014,NA,NA,"30059_Fruit/seed consumption_2014"
8418,32.363758,-94.873947,352,"Archilochus","colubris","ruby-throated hummingbird","Animalia",30980,312,"Flower visitation",2014,5,21,141,2456799,3,"30980_Flower visitation","Feeding","TX",12,2014-05-21,"calendar",141,2014,NA,NA,"30980_Flower visitation_2014"
8496,46.328629,-96.061256,1096,"Cyanocitta","cristata","blue jay","Animalia",32294,310,"Fruit/seed consumption",2014,1,2,2,2456660,NA,"32294_Fruit/seed consumption","Feeding","MN",14,2014-01-02,"calendar",2,2014,NA,NA,"32294_Fruit/seed consumption_2014"
8496,46.328629,-96.061256,362,"Junco","hyemalis","dark-eyed junco","Animalia",32295,310,"Fruit/seed consumption",2014,1,2,2,2456660,NA,"32295_Fruit/seed consumption","Feeding","MN",13,2014-01-02,"calendar",2,2014,NA,NA,"32295_Fruit/seed consumption_2014"
8496,46.328629,-96.061256,1110,"Passer","domesticus","house sparrow","Animalia",32297,310,"Fruit/seed consumption",2014,1,2,2,2456660,NA,"32297_Fruit/seed consumption","Feeding","MN",14,2014-01-02,"calendar",2,2014,NA,NA,"32297_Fruit/seed consumption_2014"
8418,32.363758,-94.873947,362,"Junco","hyemalis","dark-eyed junco","Animalia",33174,310,"Fruit/seed consumption",2014,1,2,2,2456660,NA,"33174_Fruit/seed consumption","Feeding","TX",11,2014-01-02,"calendar",2,2014,NA,NA,"33174_Fruit/seed consumption_2014"
8418,32.363758,-94.873947,240,"Spinus","tristis","American goldfinch","Animalia",33798,310,"Fruit/seed consumption",2014,1,2,2,2456660,NA,"33798_Fruit/seed consumption","Feeding","TX",11,2014-01-02,"calendar",2,2014,NA,NA,"33798_Fruit/seed consumption_2014"
8496,46.328629,-96.061256,240,"Spinus","tristis","American goldfinch","Animalia",34922,310,"Fruit/seed consumption",2014,1,2,2,2456660,NA,"34922_Fruit/seed consumption","Feeding","MN",12,2014-01-02,"calendar",2,2014,NA,NA,"34922_Fruit/seed consumption_2014"
8418,32.363758,-94.873947,1110,"Passer","domesticus","house sparrow","Animalia",35674,294,"Singing individuals (birds)",2014,2,23,54,2456712,4,"35674_Singing individuals (birds)","Singing individuals","TX",9,2014-02-23,"calendar",54,2014,NA,NA,"35674_Singing individuals (birds)_2014"
8418,32.363758,-94.873947,1110,"Passer","domesticus","house sparrow","Animalia",35674,310,"Fruit/seed consumption",2014,1,2,2,2456660,NA,"35674_Fruit/seed consumption","Feeding","TX",11,2014-01-02,"calendar",2,2014,NA,NA,"35674_Fruit/seed consumption_2014"
10145,42.602543,-83.250992,240,"Spinus","tristis","American goldfinch","Animalia",38837,294,"Singing individuals (birds)",2014,2,18,49,2456707,1,"38837_Singing individuals (birds)","Singing individuals","MI",9,2014-02-18,"calendar",49,2014,NA,NA,"38837_Singing individuals (birds)_2014"
10145,42.602543,-83.250992,246,"Turdus","migratorius","American robin","Animalia",38840,310,"Fruit/seed consumption",2014,5,26,146,2456804,1,"38840_Fruit/seed consumption","Feeding","MI",9,2014-05-26,"calendar",146,2014,NA,NA,"38840_Fruit/seed consumption_2014"
10145,42.602543,-83.250992,362,"Junco","hyemalis","dark-eyed junco","Animalia",38878,294,"Singing individuals (birds)",2014,3,21,80,2456738,1,"38878_Singing individuals (birds)","Singing individuals","MI",11,2014-03-21,"calendar",80,2014,NA,NA,"38878_Singing individuals (birds)_2014"
10145,42.602543,-83.250992,355,"Troglodytes","aedon","house wren","Animalia",38908,294,"Singing individuals (birds)",2014,5,5,125,2456783,NA,"38908_Singing individuals (birds)","Singing individuals","MI",10,2014-05-05,"calendar",125,2014,NA,NA,"38908_Singing individuals (birds)_2014"
10145,42.602543,-83.250992,359,"Agelaius","phoeniceus","red-winged blackbird","Animalia",38946,294,"Singing individuals (birds)",2014,3,13,72,2456730,NA,"38946_Singing individuals (birds)","Singing individuals","MI",11,2014-03-13,"calendar",72,2014,NA,NA,"38946_Singing individuals (birds)_2014"
9652,44.768246,-94.155746,246,"Turdus","migratorius","American robin","Animalia",40107,294,"Singing individuals (birds)",2014,5,5,125,2456783,9,"40107_Singing individuals (birds)","Singing individuals","MN",13,2014-05-05,"calendar",125,2014,NA,NA,"40107_Singing individuals (birds)_2014"
9652,44.768246,-94.155746,246,"Turdus","migratorius","American robin","Animalia",40107,297,"Nest building (birds)",2014,4,26,116,2456774,38,"40107_Nest building (birds)","Nesting behavior","MN",11,2014-04-26,"calendar",116,2014,NA,NA,"40107_Nest building (birds)_2014"
9652,44.768246,-94.155746,246,"Turdus","migratorius","American robin","Animalia",40107,310,"Fruit/seed consumption",2014,3,19,78,2456736,NA,"40107_Fruit/seed consumption","Feeding","MN",13,2014-03-19,"calendar",78,2014,NA,NA,"40107_Fruit/seed consumption_2014"
9652,44.768246,-94.155746,246,"Turdus","migratorius","American robin","Animalia",40107,457,"Insect consumption",2014,4,26,116,2456774,38,"40107_Insect consumption","Feeding","MN",13,2014-04-26,"calendar",116,2014,NA,NA,"40107_Insect consumption_2014"
8418,32.363758,-94.873947,1113,"Dryobates","pubescens","downy woodpecker","Animalia",41679,310,"Fruit/seed consumption",2014,1,2,2,2456660,NA,"41679_Fruit/seed consumption","Feeding","TX",11,2014-01-02,"calendar",2,2014,NA,NA,"41679_Fruit/seed consumption_2014"
8418,32.363758,-94.873947,1113,"Dryobates","pubescens","downy woodpecker","Animalia",41679,457,"Insect consumption",2014,1,11,11,2456669,6,"41679_Insect consumption","Feeding","TX",9,2014-01-11,"calendar",11,2014,NA,NA,"41679_Insect consumption_2014"
10717,38.285664,-111.246605,246,"Turdus","migratorius","American robin","Animalia",42593,294,"Singing individuals (birds)",2014,6,12,163,2456821,1,"42593_Singing individuals (birds)","Singing individuals","UT",9,2014-06-12,"calendar",163,2014,NA,NA,"42593_Singing individuals (birds)_2014"
10717,38.285664,-111.246605,246,"Turdus","migratorius","American robin","Animalia",42593,457,"Insect consumption",2014,4,12,102,2456760,1,"42593_Insect consumption","Feeding","UT",9,2014-04-12,"calendar",102,2014,NA,NA,"42593_Insect consumption_2014"
11313,44.201355,-92.646301,1090,"Cardinalis","cardinalis","northern cardinal","Animalia",46661,294,"Singing individuals (birds)",2014,2,9,40,2456698,4,"46661_Singing individuals (birds)","Singing individuals","MN",10,2014-02-09,"calendar",40,2014,NA,NA,"46661_Singing individuals (birds)_2014"
8418,32.363758,-94.873947,1126,"Thryothorus","ludovicianus","Carolina wren","Animalia",46734,310,"Fruit/seed consumption",2014,1,2,2,2456660,NA,"46734_Fruit/seed consumption","Feeding","TX",10,2014-01-02,"calendar",2,2014,NA,NA,"46734_Fruit/seed consumption_2014"
6102,32.23188,-110.951012,1088,"Calypte","anna","Anna's hummingbird","Animalia",49639,312,"Flower visitation",2014,9,19,262,2456920,1,"49639_Flower visitation","Feeding","AZ",9,2014-09-19,"calendar",262,2014,NA,NA,"49639_Flower visitation_2014"
6102,32.23188,-110.951012,1110,"Passer","domesticus","house sparrow","Animalia",49643,294,"Singing individuals (birds)",2014,4,29,119,2456777,50,"49643_Singing individuals (birds)","Singing individuals","AZ",10,2014-04-29,"calendar",119,2014,NA,NA,"49643_Singing individuals (birds)_2014"
6102,32.23188,-110.951012,1110,"Passer","domesticus","house sparrow","Animalia",49643,310,"Fruit/seed consumption",2014,4,29,119,2456777,50,"49643_Fruit/seed consumption","Feeding","AZ",10,2014-04-29,"calendar",119,2014,NA,NA,"49643_Fruit/seed consumption_2014"
8418,32.363758,-94.873947,741,"Regulus","calendula","ruby-crowned kinglet","Animalia",60925,310,"Fruit/seed consumption",2014,1,2,2,2456660,NA,"60925_Fruit/seed consumption","Feeding","TX",9,2014-01-02,"calendar",2,2014,NA,NA,"60925_Fruit/seed consumption_2014"
8418,32.363758,-94.873947,739,"Zonotrichia","albicollis","white-throated sparrow","Animalia",60926,310,"Fruit/seed consumption",2014,1,2,2,2456660,NA,"60926_Fruit/seed consumption","Feeding","TX",9,2014-01-02,"calendar",2,2014,NA,NA,"60926_Fruit/seed consumption_2014"
16295,27.929228,-82.725639,1108,"Mimus","polyglottos","northern mockingbird","Animalia",60950,294,"Singing individuals (birds)",2014,3,5,64,2456722,30,"60950_Singing individuals (birds)","Singing individuals","FL",9,2014-03-05,"calendar",64,2014,NA,NA,"60950_Singing individuals (birds)_2014"
8418,32.363758,-94.873947,359,"Agelaius","phoeniceus","red-winged blackbird","Animalia",62147,310,"Fruit/seed consumption",2014,1,26,26,2456684,NA,"62147_Fruit/seed consumption","Feeding","TX",10,2014-01-26,"calendar",26,2014,NA,NA,"62147_Fruit/seed consumption_2014"
8418,32.363758,-94.873947,1233,"Poecile","carolinensis","Carolina chickadee","Animalia",63335,310,"Fruit/seed consumption",2014,2,9,40,2456698,NA,"63335_Fruit/seed consumption","Feeding","TX",10,2014-02-09,"calendar",40,2014,NA,NA,"63335_Fruit/seed consumption_2014"
8418,32.363758,-94.873947,363,"Molothrus","ater","brown-headed cowbird","Animalia",64379,310,"Fruit/seed consumption",2014,2,27,58,2456716,NA,"64379_Fruit/seed consumption","Feeding","TX",9,2014-02-27,"calendar",58,2014,NA,NA,"64379_Fruit/seed consumption_2014"
17414,42.936153,-73.433449,1124,"Tachycineta","bicolor","tree swallow","Animalia",66940,297,"Nest building (birds)",2014,5,8,128,2456786,2,"66940_Nest building (birds)","Nesting behavior","NY",9,2014-05-08,"calendar",128,2014,NA,NA,"66940_Nest building (birds)_2014"
17707,37.360123,-122.128151,1229,"Melanerpes","formicivorus","acorn woodpecker","Animalia",68607,311,"Nut gathering",2014,5,2,122,2456780,2,"68607_Nut gathering","Feeding","CA",9,2014-05-02,"calendar",122,2014,NA,NA,"68607_Nut gathering_2014"
17707,37.360123,-122.128151,362,"Junco","hyemalis","dark-eyed junco","Animalia",68613,294,"Singing individuals (birds)",2014,5,21,141,2456799,2,"68613_Singing individuals (birds)","Singing individuals","CA",11,2014-05-21,"calendar",141,2014,NA,NA,"68613_Singing individuals (birds)_2014"
9652,44.768246,-94.155746,1090,"Cardinalis","cardinalis","northern cardinal","Animalia",69510,294,"Singing individuals (birds)",2014,3,19,78,2456736,NA,"69510_Singing individuals (birds)","Singing individuals","MN",11,2014-03-19,"calendar",78,2014,NA,NA,"69510_Singing individuals (birds)_2014"
9652,44.768246,-94.155746,1090,"Cardinalis","cardinalis","northern cardinal","Animalia",69510,310,"Fruit/seed consumption",2014,3,19,78,2456736,NA,"69510_Fruit/seed consumption","Feeding","MN",10,2014-03-19,"calendar",78,2014,NA,NA,"69510_Fruit/seed consumption_2014"
6099,34.119007,-118.760071,1229,"Melanerpes","formicivorus","acorn woodpecker","Animalia",72367,457,"Insect consumption",2014,9,3,246,2456904,5,"72367_Insect consumption","Feeding","CA",11,2014-09-03,"calendar",246,2014,NA,NA,"72367_Insect consumption_2014"
18529,33.630066,-112.147385,1088,"Calypte","anna","Anna's hummingbird","Animalia",73449,312,"Flower visitation",2014,1,28,28,2456686,NA,"73449_Flower visitation","Feeding","AZ",10,2014-01-28,"calendar",28,2014,NA,NA,"73449_Flower visitation_2014"
18529,33.630066,-112.147385,1088,"Calypte","anna","Anna's hummingbird","Animalia",73449,457,"Insect consumption",2014,1,28,28,2456686,NA,"73449_Insect consumption","Feeding","AZ",10,2014-01-28,"calendar",28,2014,NA,NA,"73449_Insect consumption_2014"
18529,33.630066,-112.147385,740,"Toxostoma","curvirostre","curve-billed thrasher","Animalia",75309,457,"Insect consumption",2014,1,28,28,2456686,NA,"75309_Insect consumption","Feeding","AZ",10,2014-01-28,"calendar",28,2014,NA,NA,"75309_Insect consumption_2014"
20765,33.632149,-117.55545,1088,"Calypte","anna","Anna's hummingbird","Animalia",88471,294,"Singing individuals (birds)",2014,3,15,74,2456732,9,"88471_Singing individuals (birds)","Singing individuals","CA",10,2014-03-15,"calendar",74,2014,NA,NA,"88471_Singing individuals (birds)_2014"
20765,33.632149,-117.55545,1088,"Calypte","anna","Anna's hummingbird","Animalia",88471,312,"Flower visitation",2014,3,15,74,2456732,9,"88471_Flower visitation","Feeding","CA",10,2014-03-15,"calendar",74,2014,NA,NA,"88471_Flower visitation_2014"
20765,33.632149,-117.55545,1380,"Melospiza","melodia","song sparrow","Animalia",88475,294,"Singing individuals (birds)",2014,4,10,100,2456758,7,"88475_Singing individuals (birds)","Singing individuals","CA",11,2014-04-10,"calendar",100,2014,NA,NA,"88475_Singing individuals (birds)_2014"
20956,33.632149,-117.55545,1378,"Chamaea","fasciata","wrentit","Animalia",90118,294,"Singing individuals (birds)",2014,3,8,67,2456725,NA,"90118_Singing individuals (birds)","Singing individuals","CA",11,2014-03-08,"calendar",67,2014,NA,NA,"90118_Singing individuals (birds)_2014"
20956,33.632149,-117.55545,1418,"Toxostoma","redivivum","California thrasher","Animalia",102436,294,"Singing individuals (birds)",2014,6,7,158,2456816,NA,"102436_Singing individuals (birds)","Singing individuals","CA",11,2014-06-07,"calendar",158,2014,NA,NA,"102436_Singing individuals (birds)_2014"
1419,42.011166,-88.503304,246,"Turdus","migratorius","American robin","Animalia",10282,294,"Singing individuals (birds)",2015,3,16,75,2457098,1,"10282_Singing individuals (birds)","Singing individuals","IL",15,2015-03-16,"calendar",75,2015,NA,NA,"10282_Singing individuals (birds)_2015"
1419,42.011166,-88.503304,246,"Turdus","migratorius","American robin","Animalia",10282,457,"Insect consumption",2015,3,22,81,2457104,6,"10282_Insect consumption","Feeding","IL",12,2015-03-22,"calendar",81,2015,NA,NA,"10282_Insect consumption_2015"
1419,42.011166,-88.503304,245,"Poecile","atricapillus","black-capped chickadee","Animalia",10283,294,"Singing individuals (birds)",2015,3,7,66,2457089,1,"10283_Singing individuals (birds)","Singing individuals","IL",14,2015-03-07,"calendar",66,2015,NA,NA,"10283_Singing individuals (birds)_2015"
1419,42.011166,-88.503304,245,"Poecile","atricapillus","black-capped chickadee","Animalia",10283,310,"Fruit/seed consumption",2015,1,7,7,2457030,NA,"10283_Fruit/seed consumption","Feeding","IL",13,2015-01-07,"calendar",7,2015,NA,NA,"10283_Fruit/seed consumption_2015"
5428,48.033489,-122.598724,240,"Spinus","tristis","American goldfinch","Animalia",11347,310,"Fruit/seed consumption",2015,3,26,85,2457108,NA,"11347_Fruit/seed consumption","Feeding","WA",14,2015-03-26,"calendar",85,2015,NA,NA,"11347_Fruit/seed consumption_2015"
5428,48.033489,-122.598724,245,"Poecile","atricapillus","black-capped chickadee","Animalia",11350,310,"Fruit/seed consumption",2015,3,26,85,2457108,NA,"11350_Fruit/seed consumption","Feeding","WA",13,2015-03-26,"calendar",85,2015,NA,NA,"11350_Fruit/seed consumption_2015"
5428,48.033489,-122.598724,362,"Junco","hyemalis","dark-eyed junco","Animalia",11351,310,"Fruit/seed consumption",2015,3,26,85,2457108,NA,"11351_Fruit/seed consumption","Feeding","WA",13,2015-03-26,"calendar",85,2015,NA,NA,"11351_Fruit/seed consumption_2015"
5674,44.910587,-70.266861,246,"Turdus","migratorius","American robin","Animalia",12709,310,"Fruit/seed consumption",2015,3,29,88,2457111,7,"12709_Fruit/seed consumption","Feeding","ME",12,2015-03-29,"calendar",88,2015,NA,NA,"12709_Fruit/seed consumption_2015"
5674,44.910587,-70.266861,246,"Turdus","migratorius","American robin","Animalia",12709,457,"Insect consumption",2015,5,11,131,2457154,7,"12709_Insect consumption","Feeding","ME",11,2015-05-11,"calendar",131,2015,NA,NA,"12709_Insect consumption_2015"
5674,44.910587,-70.266861,352,"Archilochus","colubris","ruby-throated hummingbird","Animalia",12712,312,"Flower visitation",2015,5,17,137,2457160,6,"12712_Flower visitation","Feeding","ME",13,2015-05-17,"calendar",137,2015,NA,NA,"12712_Flower visitation_2015"
2803,39.971001,-105.397003,246,"Turdus","migratorius","American robin","Animalia",16046,294,"Singing individuals (birds)",2015,3,20,79,2457102,5,"16046_Singing individuals (birds)","Singing individuals","CO",14,2015-03-20,"calendar",79,2015,NA,NA,"16046_Singing individuals (birds)_2015"
2803,39.971001,-105.397003,246,"Turdus","migratorius","American robin","Animalia",16046,457,"Insect consumption",2015,7,13,194,2457217,19,"16046_Insect consumption","Feeding","CO",15,2015-07-13,"calendar",194,2015,NA,NA,"16046_Insect consumption_2015"
2803,39.971001,-105.397003,245,"Poecile","atricapillus","black-capped chickadee","Animalia",16047,294,"Singing individuals (birds)",2015,3,22,81,2457104,2,"16047_Singing individuals (birds)","Singing individuals","CO",13,2015-03-22,"calendar",81,2015,NA,NA,"16047_Singing individuals (birds)_2015"
2803,39.971001,-105.397003,245,"Poecile","atricapillus","black-capped chickadee","Animalia",16047,310,"Fruit/seed consumption",2015,3,14,73,2457096,6,"16047_Fruit/seed consumption","Feeding","CO",15,2015-03-14,"calendar",73,2015,NA,NA,"16047_Fruit/seed consumption_2015"
2803,39.971001,-105.397003,354,"Selasphorus","platycercus","broad-tailed hummingbird","Animalia",16048,312,"Flower visitation",2015,5,25,145,2457168,8,"16048_Flower visitation","Feeding","CO",15,2015-05-25,"calendar",145,2015,NA,NA,"16048_Flower visitation_2015"
2803,39.971001,-105.397003,354,"Selasphorus","platycercus","broad-tailed hummingbird","Animalia",16048,457,"Insect consumption",2015,6,19,170,2457193,2,"16048_Insect consumption","Feeding","CO",15,2015-06-19,"calendar",170,2015,NA,NA,"16048_Insect consumption_2015"
2803,39.971001,-105.397003,362,"Junco","hyemalis","dark-eyed junco","Animalia",16213,294,"Singing individuals (birds)",2015,3,20,79,2457102,6,"16213_Singing individuals (birds)","Singing individuals","CO",12,2015-03-20,"calendar",79,2015,NA,NA,"16213_Singing individuals (birds)_2015"
2803,39.971001,-105.397003,362,"Junco","hyemalis","dark-eyed junco","Animalia",16213,310,"Fruit/seed consumption",2015,1,7,7,2457030,NA,"16213_Fruit/seed consumption","Feeding","CO",15,2015-01-07,"calendar",7,2015,NA,NA,"16213_Fruit/seed consumption_2015"
2803,39.971001,-105.397003,357,"Sialia","mexicana","western bluebird","Animalia",16214,457,"Insect consumption",2015,5,2,122,2457145,6,"16214_Insect consumption","Feeding","CO",12,2015-05-02,"calendar",122,2015,NA,NA,"16214_Insect consumption_2015"
6102,32.23188,-110.951012,740,"Toxostoma","curvirostre","curve-billed thrasher","Animalia",16420,294,"Singing individuals (birds)",2015,9,3,246,2457269,2,"16420_Singing individuals (birds)","Singing individuals","AZ",9,2015-09-03,"calendar",246,2015,NA,NA,"16420_Singing individuals (birds)_2015"
6481,42.456135,-72.344215,240,"Spinus","tristis","American goldfinch","Animalia",19034,310,"Fruit/seed consumption",2015,4,19,109,2457132,NA,"19034_Fruit/seed consumption","Feeding","MA",10,2015-04-19,"calendar",109,2015,NA,NA,"19034_Fruit/seed consumption_2015"
6481,42.456135,-72.344215,246,"Turdus","migratorius","American robin","Animalia",19035,294,"Singing individuals (birds)",2015,4,19,109,2457132,NA,"19035_Singing individuals (birds)","Singing individuals","MA",9,2015-04-19,"calendar",109,2015,NA,NA,"19035_Singing individuals (birds)_2015"
6481,42.456135,-72.344215,352,"Archilochus","colubris","ruby-throated hummingbird","Animalia",19040,312,"Flower visitation",2015,7,11,192,2457215,NA,"19040_Flower visitation","Feeding","MA",9,2015-07-11,"calendar",192,2015,NA,NA,"19040_Flower visitation_2015"
8242,31.596231,-110.575493,353,"Archilochus","alexandri","black-chinned hummingbird","Animalia",23606,312,"Flower visitation",2015,3,23,82,2457105,43,"23606_Flower visitation","Feeding","AZ",10,2015-03-23,"calendar",82,2015,NA,NA,"23606_Flower visitation_2015"
8418,32.363758,-94.873947,246,"Turdus","migratorius","American robin","Animalia",25349,294,"Singing individuals (birds)",2015,1,17,17,2457040,3,"25349_Singing individuals (birds)","Singing individuals","TX",12,2015-01-17,"calendar",17,2015,NA,NA,"25349_Singing individuals (birds)_2015"
8418,32.363758,-94.873947,246,"Turdus","migratorius","American robin","Animalia",25349,310,"Fruit/seed consumption",2015,1,22,22,2457045,5,"25349_Fruit/seed consumption","Feeding","TX",10,2015-01-22,"calendar",22,2015,NA,NA,"25349_Fruit/seed consumption_2015"
8418,32.363758,-94.873947,246,"Turdus","migratorius","American robin","Animalia",25349,457,"Insect consumption",2015,1,19,19,2457042,2,"25349_Insect consumption","Feeding","TX",12,2015-01-19,"calendar",19,2015,NA,NA,"25349_Insect consumption_2015"
8418,32.363758,-94.873947,1108,"Mimus","polyglottos","northern mockingbird","Animalia",25351,294,"Singing individuals (birds)",2015,3,18,77,2457100,3,"25351_Singing individuals (birds)","Singing individuals","TX",12,2015-03-18,"calendar",77,2015,NA,NA,"25351_Singing individuals (birds)_2015"
8418,32.363758,-94.873947,1108,"Mimus","polyglottos","northern mockingbird","Animalia",25351,310,"Fruit/seed consumption",2015,3,18,77,2457100,47,"25351_Fruit/seed consumption","Feeding","TX",10,2015-03-18,"calendar",77,2015,NA,NA,"25351_Fruit/seed consumption_2015"
8418,32.363758,-94.873947,1108,"Mimus","polyglottos","northern mockingbird","Animalia",25351,457,"Insect consumption",2015,1,25,25,2457048,3,"25351_Insect consumption","Feeding","TX",11,2015-01-25,"calendar",25,2015,NA,NA,"25351_Insect consumption_2015"
8496,46.328629,-96.061256,246,"Turdus","migratorius","American robin","Animalia",25780,310,"Fruit/seed consumption",2015,3,14,73,2457096,6,"25780_Fruit/seed consumption","Feeding","MN",12,2015-03-14,"calendar",73,2015,NA,NA,"25780_Fruit/seed consumption_2015"
8496,46.328629,-96.061256,245,"Poecile","atricapillus","black-capped chickadee","Animalia",25781,310,"Fruit/seed consumption",2015,1,2,2,2457025,NA,"25781_Fruit/seed consumption","Feeding","MN",14,2015-01-02,"calendar",2,2015,NA,NA,"25781_Fruit/seed consumption_2015"
8496,46.328629,-96.061256,352,"Archilochus","colubris","ruby-throated hummingbird","Animalia",25784,312,"Flower visitation",2015,6,16,167,2457190,5,"25784_Flower visitation","Feeding","MN",11,2015-06-16,"calendar",167,2015,NA,NA,"25784_Flower visitation_2015"
8496,46.328629,-96.061256,1104,"Hirundo","rustica","barn swallow","Animalia",25894,297,"Nest building (birds)",2015,5,1,121,2457144,2,"25894_Nest building (birds)","Nesting behavior","MN",12,2015-05-01,"calendar",121,2015,NA,NA,"25894_Nest building (birds)_2015"
8496,46.328629,-96.061256,1113,"Dryobates","pubescens","downy woodpecker","Animalia",25895,310,"Fruit/seed consumption",2015,1,2,2,2457025,NA,"25895_Fruit/seed consumption","Feeding","MN",14,2015-01-02,"calendar",2,2015,NA,NA,"25895_Fruit/seed consumption_2015"
8496,46.328629,-96.061256,355,"Troglodytes","aedon","house wren","Animalia",25897,297,"Nest building (birds)",2015,5,16,136,2457159,7,"25897_Nest building (birds)","Nesting behavior","MN",10,2015-05-16,"calendar",136,2015,NA,NA,"25897_Nest building (birds)_2015"
8496,46.328629,-96.061256,1090,"Cardinalis","cardinalis","northern cardinal","Animalia",25898,294,"Singing individuals (birds)",2015,2,11,42,2457065,4,"25898_Singing individuals (birds)","Singing individuals","MN",13,2015-02-11,"calendar",42,2015,NA,NA,"25898_Singing individuals (birds)_2015"
8496,46.328629,-96.061256,1090,"Cardinalis","cardinalis","northern cardinal","Animalia",25898,310,"Fruit/seed consumption",2015,1,2,2,2457025,NA,"25898_Fruit/seed consumption","Feeding","MN",13,2015-01-02,"calendar",2,2015,NA,NA,"25898_Fruit/seed consumption_2015"
8496,46.328629,-96.061256,1124,"Tachycineta","bicolor","tree swallow","Animalia",25899,297,"Nest building (birds)",2015,4,16,106,2457129,4,"25899_Nest building (birds)","Nesting behavior","MN",9,2015-04-16,"calendar",106,2015,NA,NA,"25899_Nest building (birds)_2015"
8418,32.363758,-94.873947,1096,"Cyanocitta","cristata","blue jay","Animalia",28244,310,"Fruit/seed consumption",2015,1,10,10,2457033,6,"28244_Fruit/seed consumption","Feeding","TX",12,2015-01-10,"calendar",10,2015,NA,NA,"28244_Fruit/seed consumption_2015"
8418,32.363758,-94.873947,1096,"Cyanocitta","cristata","blue jay","Animalia",28244,457,"Insect consumption",2015,3,22,81,2457104,4,"28244_Insect consumption","Feeding","TX",9,2015-03-22,"calendar",81,2015,NA,NA,"28244_Insect consumption_2015"
8418,32.363758,-94.873947,356,"Sialia","sialis","eastern bluebird","Animalia",28245,457,"Insect consumption",2015,1,25,25,2457048,3,"28245_Insect consumption","Feeding","TX",10,2015-01-25,"calendar",25,2015,NA,NA,"28245_Insect consumption_2015"
8418,32.363758,-94.873947,375,"Zenaida","macroura","mourning dove","Animalia",28246,294,"Singing individuals (birds)",2015,4,8,98,2457121,3,"28246_Singing individuals (birds)","Singing individuals","TX",11,2015-04-08,"calendar",98,2015,NA,NA,"28246_Singing individuals (birds)_2015"
8418,32.363758,-94.873947,1090,"Cardinalis","cardinalis","northern cardinal","Animalia",28247,294,"Singing individuals (birds)",2015,1,25,25,2457048,3,"28247_Singing individuals (birds)","Singing individuals","TX",11,2015-01-25,"calendar",25,2015,NA,NA,"28247_Singing individuals (birds)_2015"
8418,32.363758,-94.873947,1090,"Cardinalis","cardinalis","northern cardinal","Animalia",28247,310,"Fruit/seed consumption",2015,1,4,4,2457027,NA,"28247_Fruit/seed consumption","Feeding","TX",12,2015-01-04,"calendar",4,2015,NA,NA,"28247_Fruit/seed consumption_2015"
8418,32.363758,-94.873947,1090,"Cardinalis","cardinalis","northern cardinal","Animalia",28247,457,"Insect consumption",2015,4,12,102,2457125,7,"28247_Insect consumption","Feeding","TX",10,2015-04-12,"calendar",102,2015,NA,NA,"28247_Insect consumption_2015"
8736,44.903229,-93.217445,240,"Spinus","tristis","American goldfinch","Animalia",28348,310,"Fruit/seed consumption",2015,2,23,54,2457077,3,"28348_Fruit/seed consumption","Feeding","MN",11,2015-02-23,"calendar",54,2015,NA,NA,"28348_Fruit/seed consumption_2015"
8736,44.903229,-93.217445,245,"Poecile","atricapillus","black-capped chickadee","Animalia",28349,294,"Singing individuals (birds)",2015,3,16,75,2457098,21,"28349_Singing individuals (birds)","Singing individuals","MN",10,2015-03-16,"calendar",75,2015,NA,NA,"28349_Singing individuals (birds)_2015"
8736,44.903229,-93.217445,245,"Poecile","atricapillus","black-capped chickadee","Animalia",28349,310,"Fruit/seed consumption",2015,1,5,5,2457028,2,"28349_Fruit/seed consumption","Feeding","MN",11,2015-01-05,"calendar",5,2015,NA,NA,"28349_Fruit/seed consumption_2015"
8736,44.903229,-93.217445,1090,"Cardinalis","cardinalis","northern cardinal","Animalia",28354,294,"Singing individuals (birds)",2015,2,10,41,2457064,35,"28354_Singing individuals (birds)","Singing individuals","MN",9,2015-02-10,"calendar",41,2015,NA,NA,"28354_Singing individuals (birds)_2015"
8736,44.903229,-93.217445,1090,"Cardinalis","cardinalis","northern cardinal","Animalia",28354,310,"Fruit/seed consumption",2015,1,3,3,2457026,NA,"28354_Fruit/seed consumption","Feeding","MN",11,2015-01-03,"calendar",3,2015,NA,NA,"28354_Fruit/seed consumption_2015"
8736,44.903229,-93.217445,362,"Junco","hyemalis","dark-eyed junco","Animalia",29145,310,"Fruit/seed consumption",2015,1,3,3,2457026,NA,"29145_Fruit/seed consumption","Feeding","MN",11,2015-01-03,"calendar",3,2015,NA,NA,"29145_Fruit/seed consumption_2015"
8242,31.596231,-110.575493,740,"Toxostoma","curvirostre","curve-billed thrasher","Animalia",29639,310,"Fruit/seed consumption",2015,1,21,21,2457044,NA,"29639_Fruit/seed consumption","Feeding","AZ",10,2015-01-21,"calendar",21,2015,NA,NA,"29639_Fruit/seed consumption_2015"
8242,31.596231,-110.575493,1091,"Spinus","psaltria","lesser goldfinch","Animalia",29640,310,"Fruit/seed consumption",2015,1,21,21,2457044,NA,"29640_Fruit/seed consumption","Feeding","AZ",10,2015-01-21,"calendar",21,2015,NA,NA,"29640_Fruit/seed consumption_2015"
8923,42.286381,-72.653831,356,"Sialia","sialis","eastern bluebird","Animalia",30029,294,"Singing individuals (birds)",2015,3,10,69,2457092,2,"30029_Singing individuals (birds)","Singing individuals","MA",9,2015-03-10,"calendar",69,2015,NA,NA,"30029_Singing individuals (birds)_2015"
8923,42.286381,-72.653831,356,"Sialia","sialis","eastern bluebird","Animalia",30029,457,"Insect consumption",2015,1,11,11,2457034,1,"30029_Insect consumption","Feeding","MA",10,2015-01-11,"calendar",11,2015,NA,NA,"30029_Insect consumption_2015"
8923,42.286381,-72.653831,362,"Junco","hyemalis","dark-eyed junco","Animalia",30033,310,"Fruit/seed consumption",2015,1,10,10,2457033,NA,"30033_Fruit/seed consumption","Feeding","MA",10,2015-01-10,"calendar",10,2015,NA,NA,"30033_Fruit/seed consumption_2015"
8923,42.286381,-72.653831,1096,"Cyanocitta","cristata","blue jay","Animalia",30047,310,"Fruit/seed consumption",2015,1,10,10,2457033,NA,"30047_Fruit/seed consumption","Feeding","MA",10,2015-01-10,"calendar",10,2015,NA,NA,"30047_Fruit/seed consumption_2015"
8923,42.286381,-72.653831,1126,"Thryothorus","ludovicianus","Carolina wren","Animalia",30059,310,"Fruit/seed consumption",2015,1,10,10,2457033,NA,"30059_Fruit/seed consumption","Feeding","MA",9,2015-01-10,"calendar",10,2015,NA,NA,"30059_Fruit/seed consumption_2015"
8418,32.363758,-94.873947,352,"Archilochus","colubris","ruby-throated hummingbird","Animalia",30980,312,"Flower visitation",2015,3,29,88,2457111,4,"30980_Flower visitation","Feeding","TX",12,2015-03-29,"calendar",88,2015,NA,NA,"30980_Flower visitation_2015"
8496,46.328629,-96.061256,1096,"Cyanocitta","cristata","blue jay","Animalia",32294,310,"Fruit/seed consumption",2015,1,2,2,2457025,NA,"32294_Fruit/seed consumption","Feeding","MN",14,2015-01-02,"calendar",2,2015,NA,NA,"32294_Fruit/seed consumption_2015"
8496,46.328629,-96.061256,362,"Junco","hyemalis","dark-eyed junco","Animalia",32295,310,"Fruit/seed consumption",2015,1,2,2,2457025,NA,"32295_Fruit/seed consumption","Feeding","MN",13,2015-01-02,"calendar",2,2015,NA,NA,"32295_Fruit/seed consumption_2015"
8496,46.328629,-96.061256,1110,"Passer","domesticus","house sparrow","Animalia",32297,310,"Fruit/seed consumption",2015,1,2,2,2457025,NA,"32297_Fruit/seed consumption","Feeding","MN",14,2015-01-02,"calendar",2,2015,NA,NA,"32297_Fruit/seed consumption_2015"
8418,32.363758,-94.873947,362,"Junco","hyemalis","dark-eyed junco","Animalia",33174,310,"Fruit/seed consumption",2015,3,15,74,2457097,44,"33174_Fruit/seed consumption","Feeding","TX",11,2015-03-15,"calendar",74,2015,NA,NA,"33174_Fruit/seed consumption_2015"
8418,32.363758,-94.873947,240,"Spinus","tristis","American goldfinch","Animalia",33798,310,"Fruit/seed consumption",2015,1,10,10,2457033,NA,"33798_Fruit/seed consumption","Feeding","TX",11,2015-01-10,"calendar",10,2015,NA,NA,"33798_Fruit/seed consumption_2015"
8496,46.328629,-96.061256,240,"Spinus","tristis","American goldfinch","Animalia",34922,310,"Fruit/seed consumption",2015,1,2,2,2457025,NA,"34922_Fruit/seed consumption","Feeding","MN",12,2015-01-02,"calendar",2,2015,NA,NA,"34922_Fruit/seed consumption_2015"
8418,32.363758,-94.873947,1110,"Passer","domesticus","house sparrow","Animalia",35674,294,"Singing individuals (birds)",2015,1,25,25,2457048,3,"35674_Singing individuals (birds)","Singing individuals","TX",9,2015-01-25,"calendar",25,2015,NA,NA,"35674_Singing individuals (birds)_2015"
8418,32.363758,-94.873947,1110,"Passer","domesticus","house sparrow","Animalia",35674,310,"Fruit/seed consumption",2015,1,4,4,2457027,NA,"35674_Fruit/seed consumption","Feeding","TX",11,2015-01-04,"calendar",4,2015,NA,NA,"35674_Fruit/seed consumption_2015"
10145,42.602543,-83.250992,240,"Spinus","tristis","American goldfinch","Animalia",38837,294,"Singing individuals (birds)",2015,4,13,103,2457126,1,"38837_Singing individuals (birds)","Singing individuals","MI",9,2015-04-13,"calendar",103,2015,NA,NA,"38837_Singing individuals (birds)_2015"
10145,42.602543,-83.250992,362,"Junco","hyemalis","dark-eyed junco","Animalia",38878,294,"Singing individuals (birds)",2015,3,31,90,2457113,2,"38878_Singing individuals (birds)","Singing individuals","MI",11,2015-03-31,"calendar",90,2015,NA,NA,"38878_Singing individuals (birds)_2015"
10145,42.602543,-83.250992,355,"Troglodytes","aedon","house wren","Animalia",38908,294,"Singing individuals (birds)",2015,5,14,134,2457157,NA,"38908_Singing individuals (birds)","Singing individuals","MI",10,2015-05-14,"calendar",134,2015,NA,NA,"38908_Singing individuals (birds)_2015"
10145,42.602543,-83.250992,359,"Agelaius","phoeniceus","red-winged blackbird","Animalia",38946,294,"Singing individuals (birds)",2015,4,2,92,2457115,1,"38946_Singing individuals (birds)","Singing individuals","MI",11,2015-04-02,"calendar",92,2015,NA,NA,"38946_Singing individuals (birds)_2015"
9652,44.768246,-94.155746,246,"Turdus","migratorius","American robin","Animalia",40107,294,"Singing individuals (birds)",2015,4,14,104,2457127,29,"40107_Singing individuals (birds)","Singing individuals","MN",13,2015-04-14,"calendar",104,2015,NA,NA,"40107_Singing individuals (birds)_2015"
9652,44.768246,-94.155746,246,"Turdus","migratorius","American robin","Animalia",40107,297,"Nest building (birds)",2015,4,14,104,2457127,29,"40107_Nest building (birds)","Nesting behavior","MN",11,2015-04-14,"calendar",104,2015,NA,NA,"40107_Nest building (birds)_2015"
9652,44.768246,-94.155746,246,"Turdus","migratorius","American robin","Animalia",40107,310,"Fruit/seed consumption",2015,3,16,75,2457098,NA,"40107_Fruit/seed consumption","Feeding","MN",13,2015-03-16,"calendar",75,2015,NA,NA,"40107_Fruit/seed consumption_2015"
9652,44.768246,-94.155746,246,"Turdus","migratorius","American robin","Animalia",40107,457,"Insect consumption",2015,4,14,104,2457127,29,"40107_Insect consumption","Feeding","MN",13,2015-04-14,"calendar",104,2015,NA,NA,"40107_Insect consumption_2015"
9652,44.768246,-94.155746,375,"Zenaida","macroura","mourning dove","Animalia",40109,294,"Singing individuals (birds)",2015,4,16,106,2457129,NA,"40109_Singing individuals (birds)","Singing individuals","MN",11,2015-04-16,"calendar",106,2015,NA,NA,"40109_Singing individuals (birds)_2015"
8418,32.363758,-94.873947,1113,"Dryobates","pubescens","downy woodpecker","Animalia",41679,310,"Fruit/seed consumption",2015,1,4,4,2457027,NA,"41679_Fruit/seed consumption","Feeding","TX",11,2015-01-04,"calendar",4,2015,NA,NA,"41679_Fruit/seed consumption_2015"
8418,32.363758,-94.873947,1113,"Dryobates","pubescens","downy woodpecker","Animalia",41679,457,"Insect consumption",2015,1,4,4,2457027,NA,"41679_Insect consumption","Feeding","TX",9,2015-01-04,"calendar",4,2015,NA,NA,"41679_Insect consumption_2015"
10717,38.285664,-111.246605,246,"Turdus","migratorius","American robin","Animalia",42593,457,"Insect consumption",2015,4,9,99,2457122,5,"42593_Insect consumption","Feeding","UT",9,2015-04-09,"calendar",99,2015,NA,NA,"42593_Insect consumption_2015"
11313,44.201355,-92.646301,1090,"Cardinalis","cardinalis","northern cardinal","Animalia",46661,294,"Singing individuals (birds)",2015,3,28,87,2457110,NA,"46661_Singing individuals (birds)","Singing individuals","MN",10,2015-03-28,"calendar",87,2015,NA,NA,"46661_Singing individuals (birds)_2015"
8418,32.363758,-94.873947,1126,"Thryothorus","ludovicianus","Carolina wren","Animalia",46734,310,"Fruit/seed consumption",2015,3,22,81,2457104,4,"46734_Fruit/seed consumption","Feeding","TX",10,2015-03-22,"calendar",81,2015,NA,NA,"46734_Fruit/seed consumption_2015"
6102,32.23188,-110.951012,1088,"Calypte","anna","Anna's hummingbird","Animalia",49639,312,"Flower visitation",2015,9,9,252,2457275,1,"49639_Flower visitation","Feeding","AZ",9,2015-09-09,"calendar",252,2015,NA,NA,"49639_Flower visitation_2015"
6102,32.23188,-110.951012,1110,"Passer","domesticus","house sparrow","Animalia",49643,294,"Singing individuals (birds)",2015,8,31,243,2457266,NA,"49643_Singing individuals (birds)","Singing individuals","AZ",10,2015-08-31,"calendar",243,2015,NA,NA,"49643_Singing individuals (birds)_2015"
6102,32.23188,-110.951012,1110,"Passer","domesticus","house sparrow","Animalia",49643,310,"Fruit/seed consumption",2015,8,31,243,2457266,NA,"49643_Fruit/seed consumption","Feeding","AZ",10,2015-08-31,"calendar",243,2015,NA,NA,"49643_Fruit/seed consumption_2015"
8418,32.363758,-94.873947,741,"Regulus","calendula","ruby-crowned kinglet","Animalia",60925,310,"Fruit/seed consumption",2015,1,4,4,2457027,NA,"60925_Fruit/seed consumption","Feeding","TX",9,2015-01-04,"calendar",4,2015,NA,NA,"60925_Fruit/seed consumption_2015"
8418,32.363758,-94.873947,739,"Zonotrichia","albicollis","white-throated sparrow","Animalia",60926,310,"Fruit/seed consumption",2015,12,6,340,2457363,4,"60926_Fruit/seed consumption","Feeding","TX",9,2015-12-06,"calendar",340,2015,NA,NA,"60926_Fruit/seed consumption_2015"
16295,27.929228,-82.725639,1108,"Mimus","polyglottos","northern mockingbird","Animalia",60950,294,"Singing individuals (birds)",2015,3,11,70,2457093,6,"60950_Singing individuals (birds)","Singing individuals","FL",9,2015-03-11,"calendar",70,2015,NA,NA,"60950_Singing individuals (birds)_2015"
5428,48.033489,-122.598724,1088,"Calypte","anna","Anna's hummingbird","Animalia",60981,312,"Flower visitation",2015,2,20,51,2457074,NA,"60981_Flower visitation","Feeding","WA",10,2015-02-20,"calendar",51,2015,NA,NA,"60981_Flower visitation_2015"
5428,48.033489,-122.598724,1119,"Selasphorus","rufus","rufous hummingbird","Animalia",60984,312,"Flower visitation",2015,5,26,146,2457169,39,"60984_Flower visitation","Feeding","WA",9,2015-05-26,"calendar",146,2015,NA,NA,"60984_Flower visitation_2015"
8418,32.363758,-94.873947,359,"Agelaius","phoeniceus","red-winged blackbird","Animalia",62147,310,"Fruit/seed consumption",2015,3,18,77,2457100,3,"62147_Fruit/seed consumption","Feeding","TX",10,2015-03-18,"calendar",77,2015,NA,NA,"62147_Fruit/seed consumption_2015"
8418,32.363758,-94.873947,1233,"Poecile","carolinensis","Carolina chickadee","Animalia",63335,310,"Fruit/seed consumption",2015,1,4,4,2457027,NA,"63335_Fruit/seed consumption","Feeding","TX",10,2015-01-04,"calendar",4,2015,NA,NA,"63335_Fruit/seed consumption_2015"
8418,32.363758,-94.873947,363,"Molothrus","ater","brown-headed cowbird","Animalia",64379,310,"Fruit/seed consumption",2015,3,18,77,2457100,3,"64379_Fruit/seed consumption","Feeding","TX",9,2015-03-18,"calendar",77,2015,NA,NA,"64379_Fruit/seed consumption_2015"
17414,42.936153,-73.433449,1124,"Tachycineta","bicolor","tree swallow","Animalia",66940,297,"Nest building (birds)",2015,5,6,126,2457149,3,"66940_Nest building (birds)","Nesting behavior","NY",9,2015-05-06,"calendar",126,2015,NA,NA,"66940_Nest building (birds)_2015"
17707,37.360123,-122.128151,1229,"Melanerpes","formicivorus","acorn woodpecker","Animalia",68607,311,"Nut gathering",2015,5,11,131,2457154,4,"68607_Nut gathering","Feeding","CA",9,2015-05-11,"calendar",131,2015,NA,NA,"68607_Nut gathering_2015"
17707,37.360123,-122.128151,362,"Junco","hyemalis","dark-eyed junco","Animalia",68613,294,"Singing individuals (birds)",2015,1,29,29,2457052,2,"68613_Singing individuals (birds)","Singing individuals","CA",11,2015-01-29,"calendar",29,2015,NA,NA,"68613_Singing individuals (birds)_2015"
12725,37.360928,-122.130836,1088,"Calypte","anna","Anna's hummingbird","Animalia",71544,312,"Flower visitation",2015,4,13,103,2457126,NA,"71544_Flower visitation","Feeding","CA",9,2015-04-13,"calendar",103,2015,NA,NA,"71544_Flower visitation_2015"
6099,34.119007,-118.760071,1229,"Melanerpes","formicivorus","acorn woodpecker","Animalia",72367,457,"Insect consumption",2015,1,14,14,2457037,5,"72367_Insect consumption","Feeding","CA",11,2015-01-14,"calendar",14,2015,NA,NA,"72367_Insect consumption_2015"
18529,33.630066,-112.147385,1088,"Calypte","anna","Anna's hummingbird","Animalia",73449,312,"Flower visitation",2015,1,7,7,2457030,NA,"73449_Flower visitation","Feeding","AZ",10,2015-01-07,"calendar",7,2015,NA,NA,"73449_Flower visitation_2015"
18529,33.630066,-112.147385,1088,"Calypte","anna","Anna's hummingbird","Animalia",73449,457,"Insect consumption",2015,1,7,7,2457030,NA,"73449_Insect consumption","Feeding","AZ",10,2015-01-07,"calendar",7,2015,NA,NA,"73449_Insect consumption_2015"
18529,33.630066,-112.147385,740,"Toxostoma","curvirostre","curve-billed thrasher","Animalia",75309,457,"Insect consumption",2015,1,7,7,2457030,NA,"75309_Insect consumption","Feeding","AZ",10,2015-01-07,"calendar",7,2015,NA,NA,"75309_Insect consumption_2015"
9341,35.639874,-83.687721,377,"Vireo","olivaceus","red-eyed vireo","Animalia",75374,294,"Singing individuals (birds)",2015,4,24,114,2457137,NA,"75374_Singing individuals (birds)","Singing individuals","TN",9,2015-04-24,"calendar",114,2015,NA,NA,"75374_Singing individuals (birds)_2015"
9341,35.639874,-83.687721,1098,"Setophaga","virens","black-throated green warbler","Animalia",75375,294,"Singing individuals (birds)",2015,4,29,119,2457142,NA,"75375_Singing individuals (birds)","Singing individuals","TN",9,2015-04-29,"calendar",119,2015,NA,NA,"75375_Singing individuals (birds)_2015"
19944,33.66478,-117.843063,1088,"Calypte","anna","Anna's hummingbird","Animalia",81455,294,"Singing individuals (birds)",2015,4,5,95,2457118,NA,"81455_Singing individuals (birds)","Singing individuals","CA",11,2015-04-05,"calendar",95,2015,NA,NA,"81455_Singing individuals (birds)_2015"
19944,33.66478,-117.843063,1088,"Calypte","anna","Anna's hummingbird","Animalia",81455,312,"Flower visitation",2015,4,17,107,2457130,5,"81455_Flower visitation","Feeding","CA",11,2015-04-17,"calendar",107,2015,NA,NA,"81455_Flower visitation_2015"
19944,33.66478,-117.843063,1088,"Calypte","anna","Anna's hummingbird","Animalia",81455,457,"Insect consumption",2015,4,5,95,2457118,NA,"81455_Insect consumption","Feeding","CA",11,2015-04-05,"calendar",95,2015,NA,NA,"81455_Insect consumption_2015"
19944,33.66478,-117.843063,376,"Sayornis","nigricans","black phoebe","Animalia",81456,294,"Singing individuals (birds)",2015,4,10,100,2457123,5,"81456_Singing individuals (birds)","Singing individuals","CA",11,2015-04-10,"calendar",100,2015,NA,NA,"81456_Singing individuals (birds)_2015"
19944,33.66478,-117.843063,376,"Sayornis","nigricans","black phoebe","Animalia",81456,457,"Insect consumption",2015,4,5,95,2457118,NA,"81456_Insect consumption","Feeding","CA",11,2015-04-05,"calendar",95,2015,NA,NA,"81456_Insect consumption_2015"
19944,33.66478,-117.843063,242,"Petrochelidon","pyrrhonota","cliff swallow","Animalia",81457,297,"Nest building (birds)",2015,4,12,102,2457125,2,"81457_Nest building (birds)","Nesting behavior","CA",10,2015-04-12,"calendar",102,2015,NA,NA,"81457_Nest building (birds)_2015"
19944,33.66478,-117.843063,1197,"Geothlypis","trichas","common yellowthroat","Animalia",81458,294,"Singing individuals (birds)",2015,4,5,95,2457118,NA,"81458_Singing individuals (birds)","Singing individuals","CA",11,2015-04-05,"calendar",95,2015,NA,NA,"81458_Singing individuals (birds)_2015"
19944,33.66478,-117.843063,248,"Pandion","haliaetus","osprey","Animalia",81461,297,"Nest building (birds)",2015,12,29,363,2457386,12,"81461_Nest building (birds)","Nesting behavior","CA",9,2015-12-29,"calendar",363,2015,NA,NA,"81461_Nest building (birds)_2015"
8418,32.363758,-94.873947,1377,"Baeolophus","bicolor","tufted titmouse","Animalia",85005,310,"Fruit/seed consumption",2015,3,18,77,2457100,NA,"85005_Fruit/seed consumption","Feeding","TX",9,2015-03-18,"calendar",77,2015,NA,NA,"85005_Fruit/seed consumption_2015"
17414,42.936153,-73.433449,1197,"Geothlypis","trichas","common yellowthroat","Animalia",86970,294,"Singing individuals (birds)",2015,5,16,136,2457159,3,"86970_Singing individuals (birds)","Singing individuals","NY",11,2015-05-16,"calendar",136,2015,NA,NA,"86970_Singing individuals (birds)_2015"
20765,33.632149,-117.55545,1229,"Melanerpes","formicivorus","acorn woodpecker","Animalia",88470,311,"Nut gathering",2015,8,6,218,2457241,18,"88470_Nut gathering","Feeding","CA",9,2015-08-06,"calendar",218,2015,NA,NA,"88470_Nut gathering_2015"
20765,33.632149,-117.55545,1088,"Calypte","anna","Anna's hummingbird","Animalia",88471,294,"Singing individuals (birds)",2015,12,20,354,2457377,11,"88471_Singing individuals (birds)","Singing individuals","CA",10,2015-12-20,"calendar",354,2015,NA,NA,"88471_Singing individuals (birds)_2015"
20765,33.632149,-117.55545,1088,"Calypte","anna","Anna's hummingbird","Animalia",88471,312,"Flower visitation",2015,2,15,46,2457069,10,"88471_Flower visitation","Feeding","CA",10,2015-02-15,"calendar",46,2015,NA,NA,"88471_Flower visitation_2015"
20765,33.632149,-117.55545,376,"Sayornis","nigricans","black phoebe","Animalia",88472,457,"Insect consumption",2015,6,21,172,2457195,12,"88472_Insect consumption","Feeding","CA",9,2015-06-21,"calendar",172,2015,NA,NA,"88472_Insect consumption_2015"
20765,33.632149,-117.55545,355,"Troglodytes","aedon","house wren","Animalia",88474,294,"Singing individuals (birds)",2015,5,20,140,2457163,13,"88474_Singing individuals (birds)","Singing individuals","CA",10,2015-05-20,"calendar",140,2015,NA,NA,"88474_Singing individuals (birds)_2015"
20765,33.632149,-117.55545,1380,"Melospiza","melodia","song sparrow","Animalia",88475,294,"Singing individuals (birds)",2015,4,3,93,2457116,NA,"88475_Singing individuals (birds)","Singing individuals","CA",11,2015-04-03,"calendar",93,2015,NA,NA,"88475_Singing individuals (birds)_2015"
20956,33.632149,-117.55545,1378,"Chamaea","fasciata","wrentit","Animalia",90118,294,"Singing individuals (birds)",2015,1,3,3,2457026,NA,"90118_Singing individuals (birds)","Singing individuals","CA",11,2015-01-03,"calendar",3,2015,NA,NA,"90118_Singing individuals (birds)_2015"
20956,33.632149,-117.55545,1418,"Toxostoma","redivivum","California thrasher","Animalia",102436,294,"Singing individuals (birds)",2015,2,7,38,2457061,7,"102436_Singing individuals (birds)","Singing individuals","CA",11,2015-02-07,"calendar",38,2015,NA,NA,"102436_Singing individuals (birds)_2015"
1447,42.176537,-85.892448,240,"Spinus","tristis","American goldfinch","Animalia",8332,310,"Fruit/seed consumption",2016,2,7,38,2457426,NA,"8332_Fruit/seed consumption","Feeding","MI",9,2016-02-07,"calendar",38,2016,NA,NA,"8332_Fruit/seed consumption_2016"
1447,42.176537,-85.892448,245,"Poecile","atricapillus","black-capped chickadee","Animalia",8334,310,"Fruit/seed consumption",2016,2,7,38,2457426,NA,"8334_Fruit/seed consumption","Feeding","MI",9,2016-02-07,"calendar",38,2016,NA,NA,"8334_Fruit/seed consumption_2016"
1419,42.011166,-88.503304,246,"Turdus","migratorius","American robin","Animalia",10282,294,"Singing individuals (birds)",2016,4,23,114,2457502,8,"10282_Singing individuals (birds)","Singing individuals","IL",15,2016-04-23,"calendar",114,2016,NA,NA,"10282_Singing individuals (birds)_2016"
1419,42.011166,-88.503304,246,"Turdus","migratorius","American robin","Animalia",10282,457,"Insect consumption",2016,4,14,105,2457493,4,"10282_Insect consumption","Feeding","IL",12,2016-04-14,"calendar",105,2016,NA,NA,"10282_Insect consumption_2016"
1419,42.011166,-88.503304,245,"Poecile","atricapillus","black-capped chickadee","Animalia",10283,294,"Singing individuals (birds)",2016,4,23,114,2457502,8,"10283_Singing individuals (birds)","Singing individuals","IL",14,2016-04-23,"calendar",114,2016,NA,NA,"10283_Singing individuals (birds)_2016"
1419,42.011166,-88.503304,245,"Poecile","atricapillus","black-capped chickadee","Animalia",10283,310,"Fruit/seed consumption",2016,1,3,3,2457391,NA,"10283_Fruit/seed consumption","Feeding","IL",13,2016-01-03,"calendar",3,2016,NA,NA,"10283_Fruit/seed consumption_2016"
5428,48.033489,-122.598724,240,"Spinus","tristis","American goldfinch","Animalia",11347,310,"Fruit/seed consumption",2016,5,2,123,2457511,10,"11347_Fruit/seed consumption","Feeding","WA",14,2016-05-02,"calendar",123,2016,NA,NA,"11347_Fruit/seed consumption_2016"
5428,48.033489,-122.598724,245,"Poecile","atricapillus","black-capped chickadee","Animalia",11350,310,"Fruit/seed consumption",2016,3,25,85,2457473,NA,"11350_Fruit/seed consumption","Feeding","WA",13,2016-03-25,"calendar",85,2016,NA,NA,"11350_Fruit/seed consumption_2016"
5428,48.033489,-122.598724,362,"Junco","hyemalis","dark-eyed junco","Animalia",11351,310,"Fruit/seed consumption",2016,3,31,91,2457479,6,"11351_Fruit/seed consumption","Feeding","WA",13,2016-03-31,"calendar",91,2016,NA,NA,"11351_Fruit/seed consumption_2016"
5674,44.910587,-70.266861,246,"Turdus","migratorius","American robin","Animalia",12709,310,"Fruit/seed consumption",2016,3,20,80,2457468,7,"12709_Fruit/seed consumption","Feeding","ME",12,2016-03-20,"calendar",80,2016,NA,NA,"12709_Fruit/seed consumption_2016"
5674,44.910587,-70.266861,246,"Turdus","migratorius","American robin","Animalia",12709,457,"Insect consumption",2016,5,1,122,2457510,7,"12709_Insect consumption","Feeding","ME",11,2016-05-01,"calendar",122,2016,NA,NA,"12709_Insect consumption_2016"
5674,44.910587,-70.266861,352,"Archilochus","colubris","ruby-throated hummingbird","Animalia",12712,312,"Flower visitation",2016,5,15,136,2457524,7,"12712_Flower visitation","Feeding","ME",13,2016-05-15,"calendar",136,2016,NA,NA,"12712_Flower visitation_2016"
2803,39.971001,-105.397003,246,"Turdus","migratorius","American robin","Animalia",16046,294,"Singing individuals (birds)",2016,4,10,101,2457489,3,"16046_Singing individuals (birds)","Singing individuals","CO",14,2016-04-10,"calendar",101,2016,NA,NA,"16046_Singing individuals (birds)_2016"
2803,39.971001,-105.397003,246,"Turdus","migratorius","American robin","Animalia",16046,310,"Fruit/seed consumption",2016,8,29,242,2457630,3,"16046_Fruit/seed consumption","Feeding","CO",10,2016-08-29,"calendar",242,2016,NA,NA,"16046_Fruit/seed consumption_2016"
2803,39.971001,-105.397003,246,"Turdus","migratorius","American robin","Animalia",16046,457,"Insect consumption",2016,9,1,245,2457633,6,"16046_Insect consumption","Feeding","CO",15,2016-09-01,"calendar",245,2016,NA,NA,"16046_Insect consumption_2016"
2803,39.971001,-105.397003,245,"Poecile","atricapillus","black-capped chickadee","Animalia",16047,294,"Singing individuals (birds)",2016,4,10,101,2457489,3,"16047_Singing individuals (birds)","Singing individuals","CO",13,2016-04-10,"calendar",101,2016,NA,NA,"16047_Singing individuals (birds)_2016"
2803,39.971001,-105.397003,245,"Poecile","atricapillus","black-capped chickadee","Animalia",16047,310,"Fruit/seed consumption",2016,1,16,16,2457404,4,"16047_Fruit/seed consumption","Feeding","CO",15,2016-01-16,"calendar",16,2016,NA,NA,"16047_Fruit/seed consumption_2016"
2803,39.971001,-105.397003,354,"Selasphorus","platycercus","broad-tailed hummingbird","Animalia",16048,312,"Flower visitation",2016,5,22,143,2457531,2,"16048_Flower visitation","Feeding","CO",15,2016-05-22,"calendar",143,2016,NA,NA,"16048_Flower visitation_2016"
2803,39.971001,-105.397003,354,"Selasphorus","platycercus","broad-tailed hummingbird","Animalia",16048,457,"Insect consumption",2016,5,22,143,2457531,2,"16048_Insect consumption","Feeding","CO",15,2016-05-22,"calendar",143,2016,NA,NA,"16048_Insect consumption_2016"
2803,39.971001,-105.397003,362,"Junco","hyemalis","dark-eyed junco","Animalia",16213,310,"Fruit/seed consumption",2016,2,7,38,2457426,3,"16213_Fruit/seed consumption","Feeding","CO",15,2016-02-07,"calendar",38,2016,NA,NA,"16213_Fruit/seed consumption_2016"
2803,39.971001,-105.397003,357,"Sialia","mexicana","western bluebird","Animalia",16214,457,"Insect consumption",2016,8,19,232,2457620,3,"16214_Insect consumption","Feeding","CO",12,2016-08-19,"calendar",232,2016,NA,NA,"16214_Insect consumption_2016"
6102,32.23188,-110.951012,740,"Toxostoma","curvirostre","curve-billed thrasher","Animalia",16420,294,"Singing individuals (birds)",2016,9,12,256,2457644,1,"16420_Singing individuals (birds)","Singing individuals","AZ",9,2016-09-12,"calendar",256,2016,NA,NA,"16420_Singing individuals (birds)_2016"
8242,31.596231,-110.575493,353,"Archilochus","alexandri","black-chinned hummingbird","Animalia",23606,312,"Flower visitation",2016,3,23,83,2457471,40,"23606_Flower visitation","Feeding","AZ",10,2016-03-23,"calendar",83,2016,NA,NA,"23606_Flower visitation_2016"
8418,32.363758,-94.873947,246,"Turdus","migratorius","American robin","Animalia",25349,294,"Singing individuals (birds)",2016,3,13,73,2457461,11,"25349_Singing individuals (birds)","Singing individuals","TX",12,2016-03-13,"calendar",73,2016,NA,NA,"25349_Singing individuals (birds)_2016"
8418,32.363758,-94.873947,246,"Turdus","migratorius","American robin","Animalia",25349,310,"Fruit/seed consumption",2016,1,31,31,2457419,4,"25349_Fruit/seed consumption","Feeding","TX",10,2016-01-31,"calendar",31,2016,NA,NA,"25349_Fruit/seed consumption_2016"
8418,32.363758,-94.873947,246,"Turdus","migratorius","American robin","Animalia",25349,457,"Insect consumption",2016,3,2,62,2457450,14,"25349_Insect consumption","Feeding","TX",12,2016-03-02,"calendar",62,2016,NA,NA,"25349_Insect consumption_2016"
8418,32.363758,-94.873947,1108,"Mimus","polyglottos","northern mockingbird","Animalia",25351,294,"Singing individuals (birds)",2016,2,28,59,2457447,4,"25351_Singing individuals (birds)","Singing individuals","TX",12,2016-02-28,"calendar",59,2016,NA,NA,"25351_Singing individuals (birds)_2016"
8418,32.363758,-94.873947,1108,"Mimus","polyglottos","northern mockingbird","Animalia",25351,310,"Fruit/seed consumption",2016,3,20,80,2457468,7,"25351_Fruit/seed consumption","Feeding","TX",10,2016-03-20,"calendar",80,2016,NA,NA,"25351_Fruit/seed consumption_2016"
8418,32.363758,-94.873947,1108,"Mimus","polyglottos","northern mockingbird","Animalia",25351,457,"Insect consumption",2016,1,24,24,2457412,4,"25351_Insect consumption","Feeding","TX",11,2016-01-24,"calendar",24,2016,NA,NA,"25351_Insect consumption_2016"
8496,46.328629,-96.061256,246,"Turdus","migratorius","American robin","Animalia",25780,310,"Fruit/seed consumption",2016,3,9,69,2457457,6,"25780_Fruit/seed consumption","Feeding","MN",12,2016-03-09,"calendar",69,2016,NA,NA,"25780_Fruit/seed consumption_2016"
8496,46.328629,-96.061256,245,"Poecile","atricapillus","black-capped chickadee","Animalia",25781,310,"Fruit/seed consumption",2016,1,10,10,2457398,NA,"25781_Fruit/seed consumption","Feeding","MN",14,2016-01-10,"calendar",10,2016,NA,NA,"25781_Fruit/seed consumption_2016"
8496,46.328629,-96.061256,352,"Archilochus","colubris","ruby-throated hummingbird","Animalia",25784,312,"Flower visitation",2016,5,27,148,2457536,7,"25784_Flower visitation","Feeding","MN",11,2016-05-27,"calendar",148,2016,NA,NA,"25784_Flower visitation_2016"
8496,46.328629,-96.061256,1104,"Hirundo","rustica","barn swallow","Animalia",25894,297,"Nest building (birds)",2016,5,7,128,2457516,4,"25894_Nest building (birds)","Nesting behavior","MN",12,2016-05-07,"calendar",128,2016,NA,NA,"25894_Nest building (birds)_2016"
8496,46.328629,-96.061256,1113,"Dryobates","pubescens","downy woodpecker","Animalia",25895,310,"Fruit/seed consumption",2016,1,10,10,2457398,NA,"25895_Fruit/seed consumption","Feeding","MN",14,2016-01-10,"calendar",10,2016,NA,NA,"25895_Fruit/seed consumption_2016"
8496,46.328629,-96.061256,355,"Troglodytes","aedon","house wren","Animalia",25897,297,"Nest building (birds)",2016,5,20,141,2457529,6,"25897_Nest building (birds)","Nesting behavior","MN",10,2016-05-20,"calendar",141,2016,NA,NA,"25897_Nest building (birds)_2016"
8496,46.328629,-96.061256,1090,"Cardinalis","cardinalis","northern cardinal","Animalia",25898,294,"Singing individuals (birds)",2016,2,9,40,2457428,9,"25898_Singing individuals (birds)","Singing individuals","MN",13,2016-02-09,"calendar",40,2016,NA,NA,"25898_Singing individuals (birds)_2016"
8496,46.328629,-96.061256,1090,"Cardinalis","cardinalis","northern cardinal","Animalia",25898,310,"Fruit/seed consumption",2016,1,10,10,2457398,NA,"25898_Fruit/seed consumption","Feeding","MN",13,2016-01-10,"calendar",10,2016,NA,NA,"25898_Fruit/seed consumption_2016"
8496,46.328629,-96.061256,1124,"Tachycineta","bicolor","tree swallow","Animalia",25899,297,"Nest building (birds)",2016,4,24,115,2457503,4,"25899_Nest building (birds)","Nesting behavior","MN",9,2016-04-24,"calendar",115,2016,NA,NA,"25899_Nest building (birds)_2016"
8418,32.363758,-94.873947,1096,"Cyanocitta","cristata","blue jay","Animalia",28244,310,"Fruit/seed consumption",2016,1,10,10,2457398,4,"28244_Fruit/seed consumption","Feeding","TX",12,2016-01-10,"calendar",10,2016,NA,NA,"28244_Fruit/seed consumption_2016"
8418,32.363758,-94.873947,1096,"Cyanocitta","cristata","blue jay","Animalia",28244,457,"Insect consumption",2016,5,1,122,2457510,4,"28244_Insect consumption","Feeding","TX",9,2016-05-01,"calendar",122,2016,NA,NA,"28244_Insect consumption_2016"
8418,32.363758,-94.873947,356,"Sialia","sialis","eastern bluebird","Animalia",28245,457,"Insect consumption",2016,2,14,45,2457433,4,"28245_Insect consumption","Feeding","TX",10,2016-02-14,"calendar",45,2016,NA,NA,"28245_Insect consumption_2016"
8418,32.363758,-94.873947,375,"Zenaida","macroura","mourning dove","Animalia",28246,294,"Singing individuals (birds)",2016,2,21,52,2457440,4,"28246_Singing individuals (birds)","Singing individuals","TX",11,2016-02-21,"calendar",52,2016,NA,NA,"28246_Singing individuals (birds)_2016"
8418,32.363758,-94.873947,1090,"Cardinalis","cardinalis","northern cardinal","Animalia",28247,294,"Singing individuals (birds)",2016,1,24,24,2457412,4,"28247_Singing individuals (birds)","Singing individuals","TX",11,2016-01-24,"calendar",24,2016,NA,NA,"28247_Singing individuals (birds)_2016"
8418,32.363758,-94.873947,1090,"Cardinalis","cardinalis","northern cardinal","Animalia",28247,310,"Fruit/seed consumption",2016,1,3,3,2457391,NA,"28247_Fruit/seed consumption","Feeding","TX",12,2016-01-03,"calendar",3,2016,NA,NA,"28247_Fruit/seed consumption_2016"
8418,32.363758,-94.873947,1090,"Cardinalis","cardinalis","northern cardinal","Animalia",28247,457,"Insect consumption",2016,5,23,144,2457532,4,"28247_Insect consumption","Feeding","TX",10,2016-05-23,"calendar",144,2016,NA,NA,"28247_Insect consumption_2016"
8736,44.903229,-93.217445,240,"Spinus","tristis","American goldfinch","Animalia",28348,310,"Fruit/seed consumption",2016,1,19,19,2457407,1,"28348_Fruit/seed consumption","Feeding","MN",11,2016-01-19,"calendar",19,2016,NA,NA,"28348_Fruit/seed consumption_2016"
8736,44.903229,-93.217445,245,"Poecile","atricapillus","black-capped chickadee","Animalia",28349,294,"Singing individuals (birds)",2016,3,1,61,2457449,17,"28349_Singing individuals (birds)","Singing individuals","MN",10,2016-03-01,"calendar",61,2016,NA,NA,"28349_Singing individuals (birds)_2016"
8736,44.903229,-93.217445,245,"Poecile","atricapillus","black-capped chickadee","Animalia",28349,310,"Fruit/seed consumption",2016,1,12,12,2457400,1,"28349_Fruit/seed consumption","Feeding","MN",11,2016-01-12,"calendar",12,2016,NA,NA,"28349_Fruit/seed consumption_2016"
8736,44.903229,-93.217445,1090,"Cardinalis","cardinalis","northern cardinal","Animalia",28354,294,"Singing individuals (birds)",2016,4,15,106,2457494,9,"28354_Singing individuals (birds)","Singing individuals","MN",9,2016-04-15,"calendar",106,2016,NA,NA,"28354_Singing individuals (birds)_2016"
8736,44.903229,-93.217445,1090,"Cardinalis","cardinalis","northern cardinal","Animalia",28354,310,"Fruit/seed consumption",2016,1,12,12,2457400,1,"28354_Fruit/seed consumption","Feeding","MN",11,2016-01-12,"calendar",12,2016,NA,NA,"28354_Fruit/seed consumption_2016"
8736,44.903229,-93.217445,362,"Junco","hyemalis","dark-eyed junco","Animalia",29145,310,"Fruit/seed consumption",2016,1,11,11,2457399,NA,"29145_Fruit/seed consumption","Feeding","MN",11,2016-01-11,"calendar",11,2016,NA,NA,"29145_Fruit/seed consumption_2016"
8242,31.596231,-110.575493,740,"Toxostoma","curvirostre","curve-billed thrasher","Animalia",29639,310,"Fruit/seed consumption",2016,1,5,5,2457393,NA,"29639_Fruit/seed consumption","Feeding","AZ",10,2016-01-05,"calendar",5,2016,NA,NA,"29639_Fruit/seed consumption_2016"
8242,31.596231,-110.575493,1091,"Spinus","psaltria","lesser goldfinch","Animalia",29640,310,"Fruit/seed consumption",2016,1,5,5,2457393,NA,"29640_Fruit/seed consumption","Feeding","AZ",10,2016-01-05,"calendar",5,2016,NA,NA,"29640_Fruit/seed consumption_2016"
8923,42.286381,-72.653831,356,"Sialia","sialis","eastern bluebird","Animalia",30029,294,"Singing individuals (birds)",2016,3,25,85,2457473,19,"30029_Singing individuals (birds)","Singing individuals","MA",9,2016-03-25,"calendar",85,2016,NA,NA,"30029_Singing individuals (birds)_2016"
8923,42.286381,-72.653831,356,"Sialia","sialis","eastern bluebird","Animalia",30029,457,"Insect consumption",2016,4,9,100,2457488,8,"30029_Insect consumption","Feeding","MA",10,2016-04-09,"calendar",100,2016,NA,NA,"30029_Insect consumption_2016"
8923,42.286381,-72.653831,362,"Junco","hyemalis","dark-eyed junco","Animalia",30033,310,"Fruit/seed consumption",2016,1,1,1,2457389,NA,"30033_Fruit/seed consumption","Feeding","MA",10,2016-01-01,"calendar",1,2016,NA,NA,"30033_Fruit/seed consumption_2016"
8923,42.286381,-72.653831,1096,"Cyanocitta","cristata","blue jay","Animalia",30047,310,"Fruit/seed consumption",2016,11,2,307,2457695,3,"30047_Fruit/seed consumption","Feeding","MA",10,2016-11-02,"calendar",307,2016,NA,NA,"30047_Fruit/seed consumption_2016"
8923,42.286381,-72.653831,1126,"Thryothorus","ludovicianus","Carolina wren","Animalia",30059,310,"Fruit/seed consumption",2016,1,31,31,2457419,22,"30059_Fruit/seed consumption","Feeding","MA",9,2016-01-31,"calendar",31,2016,NA,NA,"30059_Fruit/seed consumption_2016"
8418,32.363758,-94.873947,352,"Archilochus","colubris","ruby-throated hummingbird","Animalia",30980,312,"Flower visitation",2016,9,18,262,2457650,4,"30980_Flower visitation","Feeding","TX",12,2016-09-18,"calendar",262,2016,NA,NA,"30980_Flower visitation_2016"
8496,46.328629,-96.061256,1096,"Cyanocitta","cristata","blue jay","Animalia",32294,310,"Fruit/seed consumption",2016,1,10,10,2457398,NA,"32294_Fruit/seed consumption","Feeding","MN",14,2016-01-10,"calendar",10,2016,NA,NA,"32294_Fruit/seed consumption_2016"
8496,46.328629,-96.061256,362,"Junco","hyemalis","dark-eyed junco","Animalia",32295,310,"Fruit/seed consumption",2016,1,10,10,2457398,NA,"32295_Fruit/seed consumption","Feeding","MN",13,2016-01-10,"calendar",10,2016,NA,NA,"32295_Fruit/seed consumption_2016"
8496,46.328629,-96.061256,1110,"Passer","domesticus","house sparrow","Animalia",32297,310,"Fruit/seed consumption",2016,5,20,141,2457529,6,"32297_Fruit/seed consumption","Feeding","MN",14,2016-05-20,"calendar",141,2016,NA,NA,"32297_Fruit/seed consumption_2016"
8418,32.363758,-94.873947,362,"Junco","hyemalis","dark-eyed junco","Animalia",33174,310,"Fruit/seed consumption",2016,1,6,6,2457394,3,"33174_Fruit/seed consumption","Feeding","TX",11,2016-01-06,"calendar",6,2016,NA,NA,"33174_Fruit/seed consumption_2016"
8418,32.363758,-94.873947,240,"Spinus","tristis","American goldfinch","Animalia",33798,310,"Fruit/seed consumption",2016,1,3,3,2457391,NA,"33798_Fruit/seed consumption","Feeding","TX",11,2016-01-03,"calendar",3,2016,NA,NA,"33798_Fruit/seed consumption_2016"
6091,34.11578,-118.757507,376,"Sayornis","nigricans","black phoebe","Animalia",33829,457,"Insect consumption",2016,12,9,344,2457732,NA,"33829_Insect consumption","Feeding","CA",9,2016-12-09,"calendar",344,2016,NA,NA,"33829_Insect consumption_2016"
8496,46.328629,-96.061256,240,"Spinus","tristis","American goldfinch","Animalia",34922,310,"Fruit/seed consumption",2016,1,10,10,2457398,NA,"34922_Fruit/seed consumption","Feeding","MN",12,2016-01-10,"calendar",10,2016,NA,NA,"34922_Fruit/seed consumption_2016"
8418,32.363758,-94.873947,1110,"Passer","domesticus","house sparrow","Animalia",35674,294,"Singing individuals (birds)",2016,2,21,52,2457440,4,"35674_Singing individuals (birds)","Singing individuals","TX",9,2016-02-21,"calendar",52,2016,NA,NA,"35674_Singing individuals (birds)_2016"
8418,32.363758,-94.873947,1110,"Passer","domesticus","house sparrow","Animalia",35674,310,"Fruit/seed consumption",2016,1,3,3,2457391,NA,"35674_Fruit/seed consumption","Feeding","TX",11,2016-01-03,"calendar",3,2016,NA,NA,"35674_Fruit/seed consumption_2016"
10145,42.602543,-83.250992,246,"Turdus","migratorius","American robin","Animalia",38840,310,"Fruit/seed consumption",2016,1,29,29,2457417,1,"38840_Fruit/seed consumption","Feeding","MI",9,2016-01-29,"calendar",29,2016,NA,NA,"38840_Fruit/seed consumption_2016"
10145,42.602543,-83.250992,362,"Junco","hyemalis","dark-eyed junco","Animalia",38878,294,"Singing individuals (birds)",2016,2,1,32,2457420,1,"38878_Singing individuals (birds)","Singing individuals","MI",11,2016-02-01,"calendar",32,2016,NA,NA,"38878_Singing individuals (birds)_2016"
10145,42.602543,-83.250992,355,"Troglodytes","aedon","house wren","Animalia",38908,294,"Singing individuals (birds)",2016,5,18,139,2457527,1,"38908_Singing individuals (birds)","Singing individuals","MI",10,2016-05-18,"calendar",139,2016,NA,NA,"38908_Singing individuals (birds)_2016"
10145,42.602543,-83.250992,359,"Agelaius","phoeniceus","red-winged blackbird","Animalia",38946,294,"Singing individuals (birds)",2016,4,16,107,2457495,1,"38946_Singing individuals (birds)","Singing individuals","MI",11,2016-04-16,"calendar",107,2016,NA,NA,"38946_Singing individuals (birds)_2016"
9652,44.768246,-94.155746,246,"Turdus","migratorius","American robin","Animalia",40107,294,"Singing individuals (birds)",2016,4,19,110,2457498,37,"40107_Singing individuals (birds)","Singing individuals","MN",13,2016-04-19,"calendar",110,2016,NA,NA,"40107_Singing individuals (birds)_2016"
9652,44.768246,-94.155746,246,"Turdus","migratorius","American robin","Animalia",40107,310,"Fruit/seed consumption",2016,3,13,73,2457461,NA,"40107_Fruit/seed consumption","Feeding","MN",13,2016-03-13,"calendar",73,2016,NA,NA,"40107_Fruit/seed consumption_2016"
9652,44.768246,-94.155746,246,"Turdus","migratorius","American robin","Animalia",40107,457,"Insect consumption",2016,4,19,110,2457498,36,"40107_Insect consumption","Feeding","MN",13,2016-04-19,"calendar",110,2016,NA,NA,"40107_Insect consumption_2016"
8418,32.363758,-94.873947,1113,"Dryobates","pubescens","downy woodpecker","Animalia",41679,310,"Fruit/seed consumption",2016,1,3,3,2457391,NA,"41679_Fruit/seed consumption","Feeding","TX",11,2016-01-03,"calendar",3,2016,NA,NA,"41679_Fruit/seed consumption_2016"
8418,32.363758,-94.873947,1113,"Dryobates","pubescens","downy woodpecker","Animalia",41679,457,"Insect consumption",2016,3,27,87,2457475,4,"41679_Insect consumption","Feeding","TX",9,2016-03-27,"calendar",87,2016,NA,NA,"41679_Insect consumption_2016"
10717,38.285664,-111.246605,246,"Turdus","migratorius","American robin","Animalia",42593,294,"Singing individuals (birds)",2016,4,18,109,2457497,1,"42593_Singing individuals (birds)","Singing individuals","UT",9,2016-04-18,"calendar",109,2016,NA,NA,"42593_Singing individuals (birds)_2016"
10717,38.285664,-111.246605,246,"Turdus","migratorius","American robin","Animalia",42593,457,"Insect consumption",2016,7,20,202,2457590,16,"42593_Insect consumption","Feeding","UT",9,2016-07-20,"calendar",202,2016,NA,NA,"42593_Insect consumption_2016"
11313,44.201355,-92.646301,1090,"Cardinalis","cardinalis","northern cardinal","Animalia",46661,294,"Singing individuals (birds)",2016,4,15,106,2457494,NA,"46661_Singing individuals (birds)","Singing individuals","MN",10,2016-04-15,"calendar",106,2016,NA,NA,"46661_Singing individuals (birds)_2016"
8418,32.363758,-94.873947,1126,"Thryothorus","ludovicianus","Carolina wren","Animalia",46734,310,"Fruit/seed consumption",2016,1,10,10,2457398,4,"46734_Fruit/seed consumption","Feeding","TX",10,2016-01-10,"calendar",10,2016,NA,NA,"46734_Fruit/seed consumption_2016"
6102,32.23188,-110.951012,1088,"Calypte","anna","Anna's hummingbird","Animalia",49639,312,"Flower visitation",2016,1,19,19,2457407,NA,"49639_Flower visitation","Feeding","AZ",9,2016-01-19,"calendar",19,2016,NA,NA,"49639_Flower visitation_2016"
6102,32.23188,-110.951012,1110,"Passer","domesticus","house sparrow","Animalia",49643,294,"Singing individuals (birds)",2016,8,31,244,2457632,1,"49643_Singing individuals (birds)","Singing individuals","AZ",10,2016-08-31,"calendar",244,2016,NA,NA,"49643_Singing individuals (birds)_2016"
6102,32.23188,-110.951012,1110,"Passer","domesticus","house sparrow","Animalia",49643,310,"Fruit/seed consumption",2016,2,5,36,2457424,1,"49643_Fruit/seed consumption","Feeding","AZ",10,2016-02-05,"calendar",36,2016,NA,NA,"49643_Fruit/seed consumption_2016"
8418,32.363758,-94.873947,741,"Regulus","calendula","ruby-crowned kinglet","Animalia",60925,310,"Fruit/seed consumption",2016,1,10,10,2457398,4,"60925_Fruit/seed consumption","Feeding","TX",9,2016-01-10,"calendar",10,2016,NA,NA,"60925_Fruit/seed consumption_2016"
8418,32.363758,-94.873947,739,"Zonotrichia","albicollis","white-throated sparrow","Animalia",60926,310,"Fruit/seed consumption",2016,1,17,17,2457405,4,"60926_Fruit/seed consumption","Feeding","TX",9,2016-01-17,"calendar",17,2016,NA,NA,"60926_Fruit/seed consumption_2016"
16295,27.929228,-82.725639,1108,"Mimus","polyglottos","northern mockingbird","Animalia",60950,294,"Singing individuals (birds)",2016,3,10,70,2457458,14,"60950_Singing individuals (birds)","Singing individuals","FL",9,2016-03-10,"calendar",70,2016,NA,NA,"60950_Singing individuals (birds)_2016"
5428,48.033489,-122.598724,1088,"Calypte","anna","Anna's hummingbird","Animalia",60981,312,"Flower visitation",2016,3,25,85,2457473,NA,"60981_Flower visitation","Feeding","WA",10,2016-03-25,"calendar",85,2016,NA,NA,"60981_Flower visitation_2016"
5428,48.033489,-122.598724,1119,"Selasphorus","rufus","rufous hummingbird","Animalia",60984,312,"Flower visitation",2016,3,25,85,2457473,NA,"60984_Flower visitation","Feeding","WA",9,2016-03-25,"calendar",85,2016,NA,NA,"60984_Flower visitation_2016"
8418,32.363758,-94.873947,359,"Agelaius","phoeniceus","red-winged blackbird","Animalia",62147,310,"Fruit/seed consumption",2016,1,10,10,2457398,4,"62147_Fruit/seed consumption","Feeding","TX",10,2016-01-10,"calendar",10,2016,NA,NA,"62147_Fruit/seed consumption_2016"
8418,32.363758,-94.873947,1233,"Poecile","carolinensis","Carolina chickadee","Animalia",63335,310,"Fruit/seed consumption",2016,1,3,3,2457391,NA,"63335_Fruit/seed consumption","Feeding","TX",10,2016-01-03,"calendar",3,2016,NA,NA,"63335_Fruit/seed consumption_2016"
8418,32.363758,-94.873947,363,"Molothrus","ater","brown-headed cowbird","Animalia",64379,310,"Fruit/seed consumption",2016,2,28,59,2457447,4,"64379_Fruit/seed consumption","Feeding","TX",9,2016-02-28,"calendar",59,2016,NA,NA,"64379_Fruit/seed consumption_2016"
17414,42.936153,-73.433449,1124,"Tachycineta","bicolor","tree swallow","Animalia",66940,297,"Nest building (birds)",2016,5,12,133,2457521,4,"66940_Nest building (birds)","Nesting behavior","NY",9,2016-05-12,"calendar",133,2016,NA,NA,"66940_Nest building (birds)_2016"
17707,37.360123,-122.128151,1229,"Melanerpes","formicivorus","acorn woodpecker","Animalia",68607,311,"Nut gathering",2016,4,18,109,2457497,5,"68607_Nut gathering","Feeding","CA",9,2016-04-18,"calendar",109,2016,NA,NA,"68607_Nut gathering_2016"
17707,37.360123,-122.128151,362,"Junco","hyemalis","dark-eyed junco","Animalia",68613,294,"Singing individuals (birds)",2016,4,14,105,2457493,35,"68613_Singing individuals (birds)","Singing individuals","CA",11,2016-04-14,"calendar",105,2016,NA,NA,"68613_Singing individuals (birds)_2016"
9652,44.768246,-94.155746,1090,"Cardinalis","cardinalis","northern cardinal","Animalia",69510,294,"Singing individuals (birds)",2016,5,5,126,2457514,59,"69510_Singing individuals (birds)","Singing individuals","MN",11,2016-05-05,"calendar",126,2016,NA,NA,"69510_Singing individuals (birds)_2016"
9652,44.768246,-94.155746,1090,"Cardinalis","cardinalis","northern cardinal","Animalia",69510,310,"Fruit/seed consumption",2016,6,18,170,2457558,20,"69510_Fruit/seed consumption","Feeding","MN",10,2016-06-18,"calendar",170,2016,NA,NA,"69510_Fruit/seed consumption_2016"
12725,37.360928,-122.130836,1088,"Calypte","anna","Anna's hummingbird","Animalia",71544,294,"Singing individuals (birds)",2016,1,12,12,2457400,NA,"71544_Singing individuals (birds)","Singing individuals","CA",9,2016-01-12,"calendar",12,2016,NA,NA,"71544_Singing individuals (birds)_2016"
6099,34.119007,-118.760071,1229,"Melanerpes","formicivorus","acorn woodpecker","Animalia",72367,457,"Insect consumption",2016,1,22,22,2457410,7,"72367_Insect consumption","Feeding","CA",11,2016-01-22,"calendar",22,2016,NA,NA,"72367_Insect consumption_2016"
18529,33.630066,-112.147385,1088,"Calypte","anna","Anna's hummingbird","Animalia",73449,312,"Flower visitation",2016,1,6,6,2457394,NA,"73449_Flower visitation","Feeding","AZ",10,2016-01-06,"calendar",6,2016,NA,NA,"73449_Flower visitation_2016"
18529,33.630066,-112.147385,1088,"Calypte","anna","Anna's hummingbird","Animalia",73449,457,"Insect consumption",2016,1,6,6,2457394,NA,"73449_Insect consumption","Feeding","AZ",10,2016-01-06,"calendar",6,2016,NA,NA,"73449_Insect consumption_2016"
18529,33.630066,-112.147385,740,"Toxostoma","curvirostre","curve-billed thrasher","Animalia",75309,457,"Insect consumption",2016,1,6,6,2457394,NA,"75309_Insect consumption","Feeding","AZ",10,2016-01-06,"calendar",6,2016,NA,NA,"75309_Insect consumption_2016"
9341,35.639874,-83.687721,377,"Vireo","olivaceus","red-eyed vireo","Animalia",75374,294,"Singing individuals (birds)",2016,4,28,119,2457507,7,"75374_Singing individuals (birds)","Singing individuals","TN",9,2016-04-28,"calendar",119,2016,NA,NA,"75374_Singing individuals (birds)_2016"
9341,35.639874,-83.687721,1098,"Setophaga","virens","black-throated green warbler","Animalia",75375,294,"Singing individuals (birds)",2016,4,5,96,2457484,7,"75375_Singing individuals (birds)","Singing individuals","TN",9,2016-04-05,"calendar",96,2016,NA,NA,"75375_Singing individuals (birds)_2016"
19944,33.66478,-117.843063,1088,"Calypte","anna","Anna's hummingbird","Animalia",81455,294,"Singing individuals (birds)",2016,1,2,2,2457390,NA,"81455_Singing individuals (birds)","Singing individuals","CA",11,2016-01-02,"calendar",2,2016,NA,NA,"81455_Singing individuals (birds)_2016"
19944,33.66478,-117.843063,1088,"Calypte","anna","Anna's hummingbird","Animalia",81455,312,"Flower visitation",2016,1,15,15,2457403,7,"81455_Flower visitation","Feeding","CA",11,2016-01-15,"calendar",15,2016,NA,NA,"81455_Flower visitation_2016"
19944,33.66478,-117.843063,1088,"Calypte","anna","Anna's hummingbird","Animalia",81455,457,"Insect consumption",2016,1,2,2,2457390,NA,"81455_Insect consumption","Feeding","CA",11,2016-01-02,"calendar",2,2016,NA,NA,"81455_Insect consumption_2016"
19944,33.66478,-117.843063,376,"Sayornis","nigricans","black phoebe","Animalia",81456,294,"Singing individuals (birds)",2016,1,15,15,2457403,7,"81456_Singing individuals (birds)","Singing individuals","CA",11,2016-01-15,"calendar",15,2016,NA,NA,"81456_Singing individuals (birds)_2016"
19944,33.66478,-117.843063,376,"Sayornis","nigricans","black phoebe","Animalia",81456,457,"Insect consumption",2016,1,21,21,2457409,3,"81456_Insect consumption","Feeding","CA",11,2016-01-21,"calendar",21,2016,NA,NA,"81456_Insect consumption_2016"
19944,33.66478,-117.843063,242,"Petrochelidon","pyrrhonota","cliff swallow","Animalia",81457,294,"Singing individuals (birds)",2016,6,18,170,2457558,3,"81457_Singing individuals (birds)","Singing individuals","CA",10,2016-06-18,"calendar",170,2016,NA,NA,"81457_Singing individuals (birds)_2016"
19944,33.66478,-117.843063,242,"Petrochelidon","pyrrhonota","cliff swallow","Animalia",81457,297,"Nest building (birds)",2016,4,23,114,2457502,6,"81457_Nest building (birds)","Nesting behavior","CA",10,2016-04-23,"calendar",114,2016,NA,NA,"81457_Nest building (birds)_2016"
19944,33.66478,-117.843063,1197,"Geothlypis","trichas","common yellowthroat","Animalia",81458,294,"Singing individuals (birds)",2016,1,26,26,2457414,5,"81458_Singing individuals (birds)","Singing individuals","CA",11,2016-01-26,"calendar",26,2016,NA,NA,"81458_Singing individuals (birds)_2016"
19944,33.66478,-117.843063,248,"Pandion","haliaetus","osprey","Animalia",81461,297,"Nest building (birds)",2016,1,2,2,2457390,NA,"81461_Nest building (birds)","Nesting behavior","CA",9,2016-01-02,"calendar",2,2016,NA,NA,"81461_Nest building (birds)_2016"
8418,32.363758,-94.873947,1377,"Baeolophus","bicolor","tufted titmouse","Animalia",85005,310,"Fruit/seed consumption",2016,1,3,3,2457391,NA,"85005_Fruit/seed consumption","Feeding","TX",9,2016-01-03,"calendar",3,2016,NA,NA,"85005_Fruit/seed consumption_2016"
17414,42.936153,-73.433449,1197,"Geothlypis","trichas","common yellowthroat","Animalia",86970,294,"Singing individuals (birds)",2016,5,12,133,2457521,5,"86970_Singing individuals (birds)","Singing individuals","NY",11,2016-05-12,"calendar",133,2016,NA,NA,"86970_Singing individuals (birds)_2016"
20765,33.632149,-117.55545,1229,"Melanerpes","formicivorus","acorn woodpecker","Animalia",88470,311,"Nut gathering",2016,3,20,80,2457468,11,"88470_Nut gathering","Feeding","CA",9,2016-03-20,"calendar",80,2016,NA,NA,"88470_Nut gathering_2016"
20765,33.632149,-117.55545,1088,"Calypte","anna","Anna's hummingbird","Animalia",88471,294,"Singing individuals (birds)",2016,1,17,17,2457405,6,"88471_Singing individuals (birds)","Singing individuals","CA",10,2016-01-17,"calendar",17,2016,NA,NA,"88471_Singing individuals (birds)_2016"
20765,33.632149,-117.55545,1088,"Calypte","anna","Anna's hummingbird","Animalia",88471,312,"Flower visitation",2016,2,20,51,2457439,1,"88471_Flower visitation","Feeding","CA",10,2016-02-20,"calendar",51,2016,NA,NA,"88471_Flower visitation_2016"
20765,33.632149,-117.55545,376,"Sayornis","nigricans","black phoebe","Animalia",88472,457,"Insect consumption",2016,1,17,17,2457405,6,"88472_Insect consumption","Feeding","CA",9,2016-01-17,"calendar",17,2016,NA,NA,"88472_Insect consumption_2016"
20765,33.632149,-117.55545,355,"Troglodytes","aedon","house wren","Animalia",88474,294,"Singing individuals (birds)",2016,3,9,69,2457457,12,"88474_Singing individuals (birds)","Singing individuals","CA",10,2016-03-09,"calendar",69,2016,NA,NA,"88474_Singing individuals (birds)_2016"
20765,33.632149,-117.55545,1380,"Melospiza","melodia","song sparrow","Animalia",88475,294,"Singing individuals (birds)",2016,3,9,69,2457457,6,"88475_Singing individuals (birds)","Singing individuals","CA",11,2016-03-09,"calendar",69,2016,NA,NA,"88475_Singing individuals (birds)_2016"
20765,33.632149,-117.55545,1091,"Spinus","psaltria","lesser goldfinch","Animalia",88478,294,"Singing individuals (birds)",2016,3,9,69,2457457,6,"88478_Singing individuals (birds)","Singing individuals","CA",9,2016-03-09,"calendar",69,2016,NA,NA,"88478_Singing individuals (birds)_2016"
20956,33.632149,-117.55545,1378,"Chamaea","fasciata","wrentit","Animalia",90118,294,"Singing individuals (birds)",2016,1,8,8,2457396,NA,"90118_Singing individuals (birds)","Singing individuals","CA",11,2016-01-08,"calendar",8,2016,NA,NA,"90118_Singing individuals (birds)_2016"
22740,38.525036,-121.970711,362,"Junco","hyemalis","dark-eyed junco","Animalia",102228,310,"Fruit/seed consumption",2016,3,16,76,2457464,7,"102228_Fruit/seed consumption","Feeding","CA",9,2016-03-16,"calendar",76,2016,NA,NA,"102228_Fruit/seed consumption_2016"
22740,38.525036,-121.970711,741,"Regulus","calendula","ruby-crowned kinglet","Animalia",102229,457,"Insect consumption",2016,9,21,265,2457653,35,"102229_Insect consumption","Feeding","CA",9,2016-09-21,"calendar",265,2016,NA,NA,"102229_Insect consumption_2016"
22740,38.525036,-121.970711,357,"Sialia","mexicana","western bluebird","Animalia",102231,457,"Insect consumption",2016,3,30,90,2457478,7,"102231_Insect consumption","Feeding","CA",9,2016-03-30,"calendar",90,2016,NA,NA,"102231_Insect consumption_2016"
22740,38.525036,-121.970711,1097,"Setophaga","coronata","yellow-rumped warbler","Animalia",102234,457,"Insect consumption",2016,3,16,76,2457464,7,"102234_Insect consumption","Feeding","CA",9,2016-03-16,"calendar",76,2016,NA,NA,"102234_Insect consumption_2016"
20956,33.632149,-117.55545,1418,"Toxostoma","redivivum","California thrasher","Animalia",102436,294,"Singing individuals (birds)",2016,2,19,50,2457438,NA,"102436_Singing individuals (birds)","Singing individuals","CA",11,2016-02-19,"calendar",50,2016,NA,NA,"102436_Singing individuals (birds)_2016"
22858,38.09404,-122.37149,1380,"Melospiza","melodia","song sparrow","Animalia",103159,294,"Singing individuals (birds)",2016,4,18,109,2457497,NA,"103159_Singing individuals (birds)","Singing individuals","CA",10,2016-04-18,"calendar",109,2016,NA,NA,"103159_Singing individuals (birds)_2016"
22858,38.09404,-122.37149,1380,"Melospiza","melodia","song sparrow","Animalia",103159,310,"Fruit/seed consumption",2016,10,3,277,2457665,21,"103159_Fruit/seed consumption","Feeding","CA",9,2016-10-03,"calendar",277,2016,NA,NA,"103159_Fruit/seed consumption_2016"
22858,38.09404,-122.37149,357,"Sialia","mexicana","western bluebird","Animalia",103161,457,"Insect consumption",2016,6,20,172,2457560,7,"103161_Insect consumption","Feeding","CA",9,2016-06-20,"calendar",172,2016,NA,NA,"103161_Insect consumption_2016"
22740,38.525036,-121.970711,1654,"Baeolophus","inornatus","oak titmouse","Animalia",148019,457,"Insect consumption",2016,9,21,265,2457653,NA,"148019_Insect consumption","Feeding","CA",9,2016-09-21,"calendar",265,2016,NA,NA,"148019_Insect consumption_2016"
1447,42.176537,-85.892448,240,"Spinus","tristis","American goldfinch","Animalia",8332,310,"Fruit/seed consumption",2017,3,19,78,2457832,14,"8332_Fruit/seed consumption","Feeding","MI",9,2017-03-19,"calendar",78,2017,NA,NA,"8332_Fruit/seed consumption_2017"
1447,42.176537,-85.892448,245,"Poecile","atricapillus","black-capped chickadee","Animalia",8334,310,"Fruit/seed consumption",2017,3,19,78,2457832,14,"8334_Fruit/seed consumption","Feeding","MI",9,2017-03-19,"calendar",78,2017,NA,NA,"8334_Fruit/seed consumption_2017"
1419,42.011166,-88.503304,246,"Turdus","migratorius","American robin","Animalia",10282,294,"Singing individuals (birds)",2017,5,27,147,2457901,20,"10282_Singing individuals (birds)","Singing individuals","IL",15,2017-05-27,"calendar",147,2017,NA,NA,"10282_Singing individuals (birds)_2017"
1419,42.011166,-88.503304,246,"Turdus","migratorius","American robin","Animalia",10282,542,"Feeding (or foraging)",2017,8,28,240,2457994,14,"10282_Feeding (or foraging)","Feeding","IL",9,2017-08-28,"calendar",240,2017,NA,NA,"10282_Feeding (or foraging)_2017"
1419,42.011166,-88.503304,245,"Poecile","atricapillus","black-capped chickadee","Animalia",10283,294,"Singing individuals (birds)",2017,5,7,127,2457881,24,"10283_Singing individuals (birds)","Singing individuals","IL",14,2017-05-07,"calendar",127,2017,NA,NA,"10283_Singing individuals (birds)_2017"
1419,42.011166,-88.503304,245,"Poecile","atricapillus","black-capped chickadee","Animalia",10283,310,"Fruit/seed consumption",2017,1,16,16,2457770,NA,"10283_Fruit/seed consumption","Feeding","IL",13,2017-01-16,"calendar",16,2017,NA,NA,"10283_Fruit/seed consumption_2017"
5428,48.033489,-122.598724,240,"Spinus","tristis","American goldfinch","Animalia",11347,310,"Fruit/seed consumption",2017,4,20,110,2457864,15,"11347_Fruit/seed consumption","Feeding","WA",14,2017-04-20,"calendar",110,2017,NA,NA,"11347_Fruit/seed consumption_2017"
5428,48.033489,-122.598724,240,"Spinus","tristis","American goldfinch","Animalia",11347,542,"Feeding (or foraging)",2017,4,20,110,2457864,15,"11347_Feeding (or foraging)","Feeding","WA",9,2017-04-20,"calendar",110,2017,NA,NA,"11347_Feeding (or foraging)_2017"
5428,48.033489,-122.598724,245,"Poecile","atricapillus","black-capped chickadee","Animalia",11350,310,"Fruit/seed consumption",2017,2,2,33,2457787,11,"11350_Fruit/seed consumption","Feeding","WA",13,2017-02-02,"calendar",33,2017,NA,NA,"11350_Fruit/seed consumption_2017"
5428,48.033489,-122.598724,362,"Junco","hyemalis","dark-eyed junco","Animalia",11351,310,"Fruit/seed consumption",2017,1,5,5,2457759,NA,"11351_Fruit/seed consumption","Feeding","WA",13,2017-01-05,"calendar",5,2017,NA,NA,"11351_Fruit/seed consumption_2017"
5674,44.910587,-70.266861,246,"Turdus","migratorius","American robin","Animalia",12709,310,"Fruit/seed consumption",2017,4,16,106,2457860,7,"12709_Fruit/seed consumption","Feeding","ME",12,2017-04-16,"calendar",106,2017,NA,NA,"12709_Fruit/seed consumption_2017"
5674,44.910587,-70.266861,246,"Turdus","migratorius","American robin","Animalia",12709,457,"Insect consumption",2017,4,23,113,2457867,7,"12709_Insect consumption","Feeding","ME",11,2017-04-23,"calendar",113,2017,NA,NA,"12709_Insect consumption_2017"
5674,44.910587,-70.266861,246,"Turdus","migratorius","American robin","Animalia",12709,542,"Feeding (or foraging)",2017,4,16,106,2457860,7,"12709_Feeding (or foraging)","Feeding","ME",9,2017-04-16,"calendar",106,2017,NA,NA,"12709_Feeding (or foraging)_2017"
5674,44.910587,-70.266861,352,"Archilochus","colubris","ruby-throated hummingbird","Animalia",12712,295,"Territorial individuals (birds)",2017,5,7,127,2457881,7,"12712_Territorial individuals (birds)","Territorial behavior","ME",9,2017-05-07,"calendar",127,2017,NA,NA,"12712_Territorial individuals (birds)_2017"
5674,44.910587,-70.266861,352,"Archilochus","colubris","ruby-throated hummingbird","Animalia",12712,312,"Flower visitation",2017,5,28,148,2457902,7,"12712_Flower visitation","Feeding","ME",13,2017-05-28,"calendar",148,2017,NA,NA,"12712_Flower visitation_2017"
5674,44.910587,-70.266861,352,"Archilochus","colubris","ruby-throated hummingbird","Animalia",12712,542,"Feeding (or foraging)",2017,5,7,127,2457881,7,"12712_Feeding (or foraging)","Feeding","ME",9,2017-05-07,"calendar",127,2017,NA,NA,"12712_Feeding (or foraging)_2017"
2803,39.971001,-105.397003,246,"Turdus","migratorius","American robin","Animalia",16046,294,"Singing individuals (birds)",2017,3,19,78,2457832,2,"16046_Singing individuals (birds)","Singing individuals","CO",14,2017-03-19,"calendar",78,2017,NA,NA,"16046_Singing individuals (birds)_2017"
2803,39.971001,-105.397003,246,"Turdus","migratorius","American robin","Animalia",16046,457,"Insect consumption",2017,4,1,91,2457845,1,"16046_Insect consumption","Feeding","CO",15,2017-04-01,"calendar",91,2017,NA,NA,"16046_Insect consumption_2017"
2803,39.971001,-105.397003,246,"Turdus","migratorius","American robin","Animalia",16046,542,"Feeding (or foraging)",2017,4,1,91,2457845,1,"16046_Feeding (or foraging)","Feeding","CO",9,2017-04-01,"calendar",91,2017,NA,NA,"16046_Feeding (or foraging)_2017"
2803,39.971001,-105.397003,245,"Poecile","atricapillus","black-capped chickadee","Animalia",16047,294,"Singing individuals (birds)",2017,2,10,41,2457795,4,"16047_Singing individuals (birds)","Singing individuals","CO",13,2017-02-10,"calendar",41,2017,NA,NA,"16047_Singing individuals (birds)_2017"
2803,39.971001,-105.397003,245,"Poecile","atricapillus","black-capped chickadee","Animalia",16047,310,"Fruit/seed consumption",2017,1,1,1,2457755,NA,"16047_Fruit/seed consumption","Feeding","CO",15,2017-01-01,"calendar",1,2017,NA,NA,"16047_Fruit/seed consumption_2017"
2803,39.971001,-105.397003,245,"Poecile","atricapillus","black-capped chickadee","Animalia",16047,542,"Feeding (or foraging)",2017,2,13,44,2457798,3,"16047_Feeding (or foraging)","Feeding","CO",9,2017-02-13,"calendar",44,2017,NA,NA,"16047_Feeding (or foraging)_2017"
2803,39.971001,-105.397003,354,"Selasphorus","platycercus","broad-tailed hummingbird","Animalia",16048,295,"Territorial individuals (birds)",2017,5,8,128,2457882,3,"16048_Territorial individuals (birds)","Territorial behavior","CO",9,2017-05-08,"calendar",128,2017,NA,NA,"16048_Territorial individuals (birds)_2017"
2803,39.971001,-105.397003,354,"Selasphorus","platycercus","broad-tailed hummingbird","Animalia",16048,312,"Flower visitation",2017,5,5,125,2457879,18,"16048_Flower visitation","Feeding","CO",15,2017-05-05,"calendar",125,2017,NA,NA,"16048_Flower visitation_2017"
2803,39.971001,-105.397003,354,"Selasphorus","platycercus","broad-tailed hummingbird","Animalia",16048,457,"Insect consumption",2017,5,15,135,2457889,28,"16048_Insect consumption","Feeding","CO",15,2017-05-15,"calendar",135,2017,NA,NA,"16048_Insect consumption_2017"
2803,39.971001,-105.397003,354,"Selasphorus","platycercus","broad-tailed hummingbird","Animalia",16048,542,"Feeding (or foraging)",2017,5,5,125,2457879,18,"16048_Feeding (or foraging)","Feeding","CO",9,2017-05-05,"calendar",125,2017,NA,NA,"16048_Feeding (or foraging)_2017"
2803,39.971001,-105.397003,362,"Junco","hyemalis","dark-eyed junco","Animalia",16213,294,"Singing individuals (birds)",2017,2,10,41,2457795,4,"16213_Singing individuals (birds)","Singing individuals","CO",12,2017-02-10,"calendar",41,2017,NA,NA,"16213_Singing individuals (birds)_2017"
2803,39.971001,-105.397003,362,"Junco","hyemalis","dark-eyed junco","Animalia",16213,310,"Fruit/seed consumption",2017,1,1,1,2457755,NA,"16213_Fruit/seed consumption","Feeding","CO",15,2017-01-01,"calendar",1,2017,NA,NA,"16213_Fruit/seed consumption_2017"
2803,39.971001,-105.397003,362,"Junco","hyemalis","dark-eyed junco","Animalia",16213,457,"Insect consumption",2017,7,21,202,2457956,4,"16213_Insect consumption","Feeding","CO",9,2017-07-21,"calendar",202,2017,NA,NA,"16213_Insect consumption_2017"
2803,39.971001,-105.397003,362,"Junco","hyemalis","dark-eyed junco","Animalia",16213,542,"Feeding (or foraging)",2017,2,10,41,2457795,NA,"16213_Feeding (or foraging)","Feeding","CO",9,2017-02-10,"calendar",41,2017,NA,NA,"16213_Feeding (or foraging)_2017"
2803,39.971001,-105.397003,357,"Sialia","mexicana","western bluebird","Animalia",16214,294,"Singing individuals (birds)",2017,5,12,132,2457886,4,"16214_Singing individuals (birds)","Singing individuals","CO",10,2017-05-12,"calendar",132,2017,NA,NA,"16214_Singing individuals (birds)_2017"
2803,39.971001,-105.397003,357,"Sialia","mexicana","western bluebird","Animalia",16214,457,"Insect consumption",2017,4,3,93,2457847,2,"16214_Insect consumption","Feeding","CO",12,2017-04-03,"calendar",93,2017,NA,NA,"16214_Insect consumption_2017"
6102,32.23188,-110.951012,740,"Toxostoma","curvirostre","curve-billed thrasher","Animalia",16420,294,"Singing individuals (birds)",2017,5,1,121,2457875,NA,"16420_Singing individuals (birds)","Singing individuals","AZ",9,2017-05-01,"calendar",121,2017,NA,NA,"16420_Singing individuals (birds)_2017"
6481,42.456135,-72.344215,240,"Spinus","tristis","American goldfinch","Animalia",19034,542,"Feeding (or foraging)",2017,4,10,100,2457854,NA,"19034_Feeding (or foraging)","Feeding","MA",9,2017-04-10,"calendar",100,2017,NA,NA,"19034_Feeding (or foraging)_2017"
6481,42.456135,-72.344215,246,"Turdus","migratorius","American robin","Animalia",19035,542,"Feeding (or foraging)",2017,3,4,63,2457817,25,"19035_Feeding (or foraging)","Feeding","MA",9,2017-03-04,"calendar",63,2017,NA,NA,"19035_Feeding (or foraging)_2017"
8242,31.596231,-110.575493,353,"Archilochus","alexandri","black-chinned hummingbird","Animalia",23606,312,"Flower visitation",2017,6,4,155,2457909,63,"23606_Flower visitation","Feeding","AZ",10,2017-06-04,"calendar",155,2017,NA,NA,"23606_Flower visitation_2017"
8418,32.363758,-94.873947,246,"Turdus","migratorius","American robin","Animalia",25349,294,"Singing individuals (birds)",2017,2,1,32,2457786,3,"25349_Singing individuals (birds)","Singing individuals","TX",12,2017-02-01,"calendar",32,2017,NA,NA,"25349_Singing individuals (birds)_2017"
8418,32.363758,-94.873947,246,"Turdus","migratorius","American robin","Animalia",25349,310,"Fruit/seed consumption",2017,1,29,29,2457783,4,"25349_Fruit/seed consumption","Feeding","TX",10,2017-01-29,"calendar",29,2017,NA,NA,"25349_Fruit/seed consumption_2017"
8418,32.363758,-94.873947,246,"Turdus","migratorius","American robin","Animalia",25349,457,"Insect consumption",2017,2,19,50,2457804,4,"25349_Insect consumption","Feeding","TX",12,2017-02-19,"calendar",50,2017,NA,NA,"25349_Insect consumption_2017"
8418,32.363758,-94.873947,1108,"Mimus","polyglottos","northern mockingbird","Animalia",25351,294,"Singing individuals (birds)",2017,2,19,50,2457804,4,"25351_Singing individuals (birds)","Singing individuals","TX",12,2017-02-19,"calendar",50,2017,NA,NA,"25351_Singing individuals (birds)_2017"
8418,32.363758,-94.873947,1108,"Mimus","polyglottos","northern mockingbird","Animalia",25351,310,"Fruit/seed consumption",2017,2,19,50,2457804,4,"25351_Fruit/seed consumption","Feeding","TX",10,2017-02-19,"calendar",50,2017,NA,NA,"25351_Fruit/seed consumption_2017"
8418,32.363758,-94.873947,1108,"Mimus","polyglottos","northern mockingbird","Animalia",25351,457,"Insect consumption",2017,2,19,50,2457804,4,"25351_Insect consumption","Feeding","TX",11,2017-02-19,"calendar",50,2017,NA,NA,"25351_Insect consumption_2017"
8496,46.328629,-96.061256,246,"Turdus","migratorius","American robin","Animalia",25780,310,"Fruit/seed consumption",2017,3,27,86,2457840,NA,"25780_Fruit/seed consumption","Feeding","MN",12,2017-03-27,"calendar",86,2017,NA,NA,"25780_Fruit/seed consumption_2017"
8496,46.328629,-96.061256,245,"Poecile","atricapillus","black-capped chickadee","Animalia",25781,310,"Fruit/seed consumption",2017,1,9,9,2457763,NA,"25781_Fruit/seed consumption","Feeding","MN",14,2017-01-09,"calendar",9,2017,NA,NA,"25781_Fruit/seed consumption_2017"
8496,46.328629,-96.061256,245,"Poecile","atricapillus","black-capped chickadee","Animalia",25781,542,"Feeding (or foraging)",2017,2,14,45,2457799,NA,"25781_Feeding (or foraging)","Feeding","MN",9,2017-02-14,"calendar",45,2017,NA,NA,"25781_Feeding (or foraging)_2017"
8496,46.328629,-96.061256,1104,"Hirundo","rustica","barn swallow","Animalia",25894,297,"Nest building (birds)",2017,5,7,127,2457881,4,"25894_Nest building (birds)","Nesting behavior","MN",12,2017-05-07,"calendar",127,2017,NA,NA,"25894_Nest building (birds)_2017"
8496,46.328629,-96.061256,1104,"Hirundo","rustica","barn swallow","Animalia",25894,542,"Feeding (or foraging)",2017,5,3,123,2457877,13,"25894_Feeding (or foraging)","Feeding","MN",9,2017-05-03,"calendar",123,2017,NA,NA,"25894_Feeding (or foraging)_2017"
8496,46.328629,-96.061256,1113,"Dryobates","pubescens","downy woodpecker","Animalia",25895,310,"Fruit/seed consumption",2017,1,9,9,2457763,NA,"25895_Fruit/seed consumption","Feeding","MN",14,2017-01-09,"calendar",9,2017,NA,NA,"25895_Fruit/seed consumption_2017"
8496,46.328629,-96.061256,1113,"Dryobates","pubescens","downy woodpecker","Animalia",25895,542,"Feeding (or foraging)",2017,2,14,45,2457799,NA,"25895_Feeding (or foraging)","Feeding","MN",9,2017-02-14,"calendar",45,2017,NA,NA,"25895_Feeding (or foraging)_2017"
8496,46.328629,-96.061256,355,"Troglodytes","aedon","house wren","Animalia",25897,294,"Singing individuals (birds)",2017,5,7,127,2457881,17,"25897_Singing individuals (birds)","Singing individuals","MN",10,2017-05-07,"calendar",127,2017,NA,NA,"25897_Singing individuals (birds)_2017"
8496,46.328629,-96.061256,355,"Troglodytes","aedon","house wren","Animalia",25897,297,"Nest building (birds)",2017,5,22,142,2457896,5,"25897_Nest building (birds)","Nesting behavior","MN",10,2017-05-22,"calendar",142,2017,NA,NA,"25897_Nest building (birds)_2017"
8496,46.328629,-96.061256,355,"Troglodytes","aedon","house wren","Animalia",25897,298,"Occupied nest",2017,6,15,166,2457920,6,"25897_Occupied nest","Nesting behavior","MN",9,2017-06-15,"calendar",166,2017,NA,NA,"25897_Occupied nest_2017"
8496,46.328629,-96.061256,1090,"Cardinalis","cardinalis","northern cardinal","Animalia",25898,294,"Singing individuals (birds)",2017,3,2,61,2457815,10,"25898_Singing individuals (birds)","Singing individuals","MN",13,2017-03-02,"calendar",61,2017,NA,NA,"25898_Singing individuals (birds)_2017"
8496,46.328629,-96.061256,1090,"Cardinalis","cardinalis","northern cardinal","Animalia",25898,310,"Fruit/seed consumption",2017,1,9,9,2457763,NA,"25898_Fruit/seed consumption","Feeding","MN",13,2017-01-09,"calendar",9,2017,NA,NA,"25898_Fruit/seed consumption_2017"
8496,46.328629,-96.061256,1124,"Tachycineta","bicolor","tree swallow","Animalia",25899,297,"Nest building (birds)",2017,4,11,101,2457855,4,"25899_Nest building (birds)","Nesting behavior","MN",9,2017-04-11,"calendar",101,2017,NA,NA,"25899_Nest building (birds)_2017"
8715,43.522804,-70.802277,352,"Archilochus","colubris","ruby-throated hummingbird","Animalia",28193,542,"Feeding (or foraging)",2017,5,10,130,2457884,7,"28193_Feeding (or foraging)","Feeding","ME",9,2017-05-10,"calendar",130,2017,NA,NA,"28193_Feeding (or foraging)_2017"
8418,32.363758,-94.873947,1096,"Cyanocitta","cristata","blue jay","Animalia",28244,310,"Fruit/seed consumption",2017,1,8,8,2457762,4,"28244_Fruit/seed consumption","Feeding","TX",12,2017-01-08,"calendar",8,2017,NA,NA,"28244_Fruit/seed consumption_2017"
8418,32.363758,-94.873947,1096,"Cyanocitta","cristata","blue jay","Animalia",28244,457,"Insect consumption",2017,4,16,106,2457860,4,"28244_Insect consumption","Feeding","TX",9,2017-04-16,"calendar",106,2017,NA,NA,"28244_Insect consumption_2017"
8418,32.363758,-94.873947,356,"Sialia","sialis","eastern bluebird","Animalia",28245,457,"Insect consumption",2017,3,1,60,2457814,3,"28245_Insect consumption","Feeding","TX",10,2017-03-01,"calendar",60,2017,NA,NA,"28245_Insect consumption_2017"
8418,32.363758,-94.873947,375,"Zenaida","macroura","mourning dove","Animalia",28246,294,"Singing individuals (birds)",2017,1,22,22,2457776,4,"28246_Singing individuals (birds)","Singing individuals","TX",11,2017-01-22,"calendar",22,2017,NA,NA,"28246_Singing individuals (birds)_2017"
8418,32.363758,-94.873947,1090,"Cardinalis","cardinalis","northern cardinal","Animalia",28247,294,"Singing individuals (birds)",2017,1,15,15,2457769,4,"28247_Singing individuals (birds)","Singing individuals","TX",11,2017-01-15,"calendar",15,2017,NA,NA,"28247_Singing individuals (birds)_2017"
8418,32.363758,-94.873947,1090,"Cardinalis","cardinalis","northern cardinal","Animalia",28247,310,"Fruit/seed consumption",2017,1,1,1,2457755,NA,"28247_Fruit/seed consumption","Feeding","TX",12,2017-01-01,"calendar",1,2017,NA,NA,"28247_Fruit/seed consumption_2017"
8418,32.363758,-94.873947,1090,"Cardinalis","cardinalis","northern cardinal","Animalia",28247,457,"Insect consumption",2017,4,19,109,2457863,21,"28247_Insect consumption","Feeding","TX",10,2017-04-19,"calendar",109,2017,NA,NA,"28247_Insect consumption_2017"
8736,44.903229,-93.217445,240,"Spinus","tristis","American goldfinch","Animalia",28348,310,"Fruit/seed consumption",2017,4,6,96,2457850,10,"28348_Fruit/seed consumption","Feeding","MN",11,2017-04-06,"calendar",96,2017,NA,NA,"28348_Fruit/seed consumption_2017"
8736,44.903229,-93.217445,245,"Poecile","atricapillus","black-capped chickadee","Animalia",28349,294,"Singing individuals (birds)",2017,4,6,96,2457850,10,"28349_Singing individuals (birds)","Singing individuals","MN",10,2017-04-06,"calendar",96,2017,NA,NA,"28349_Singing individuals (birds)_2017"
8736,44.903229,-93.217445,245,"Poecile","atricapillus","black-capped chickadee","Animalia",28349,310,"Fruit/seed consumption",2017,1,3,3,2457757,NA,"28349_Fruit/seed consumption","Feeding","MN",11,2017-01-03,"calendar",3,2017,NA,NA,"28349_Fruit/seed consumption_2017"
8736,44.903229,-93.217445,1090,"Cardinalis","cardinalis","northern cardinal","Animalia",28354,294,"Singing individuals (birds)",2017,3,27,86,2457840,6,"28354_Singing individuals (birds)","Singing individuals","MN",9,2017-03-27,"calendar",86,2017,NA,NA,"28354_Singing individuals (birds)_2017"
8736,44.903229,-93.217445,1090,"Cardinalis","cardinalis","northern cardinal","Animalia",28354,310,"Fruit/seed consumption",2017,3,21,80,2457834,15,"28354_Fruit/seed consumption","Feeding","MN",11,2017-03-21,"calendar",80,2017,NA,NA,"28354_Fruit/seed consumption_2017"
8736,44.903229,-93.217445,362,"Junco","hyemalis","dark-eyed junco","Animalia",29145,310,"Fruit/seed consumption",2017,1,3,3,2457757,NA,"29145_Fruit/seed consumption","Feeding","MN",11,2017-01-03,"calendar",3,2017,NA,NA,"29145_Fruit/seed consumption_2017"
8242,31.596231,-110.575493,740,"Toxostoma","curvirostre","curve-billed thrasher","Animalia",29639,310,"Fruit/seed consumption",2017,2,11,42,2457796,NA,"29639_Fruit/seed consumption","Feeding","AZ",10,2017-02-11,"calendar",42,2017,NA,NA,"29639_Fruit/seed consumption_2017"
8242,31.596231,-110.575493,1091,"Spinus","psaltria","lesser goldfinch","Animalia",29640,310,"Fruit/seed consumption",2017,2,11,42,2457796,NA,"29640_Fruit/seed consumption","Feeding","AZ",10,2017-02-11,"calendar",42,2017,NA,NA,"29640_Fruit/seed consumption_2017"
8923,42.286381,-72.653831,356,"Sialia","sialis","eastern bluebird","Animalia",30029,294,"Singing individuals (birds)",2017,2,19,50,2457804,5,"30029_Singing individuals (birds)","Singing individuals","MA",9,2017-02-19,"calendar",50,2017,NA,NA,"30029_Singing individuals (birds)_2017"
8923,42.286381,-72.653831,356,"Sialia","sialis","eastern bluebird","Animalia",30029,457,"Insect consumption",2017,2,25,56,2457810,4,"30029_Insect consumption","Feeding","MA",10,2017-02-25,"calendar",56,2017,NA,NA,"30029_Insect consumption_2017"
8923,42.286381,-72.653831,362,"Junco","hyemalis","dark-eyed junco","Animalia",30033,310,"Fruit/seed consumption",2017,1,1,1,2457755,NA,"30033_Fruit/seed consumption","Feeding","MA",10,2017-01-01,"calendar",1,2017,NA,NA,"30033_Fruit/seed consumption_2017"
8923,42.286381,-72.653831,1096,"Cyanocitta","cristata","blue jay","Animalia",30047,310,"Fruit/seed consumption",2017,5,6,126,2457880,3,"30047_Fruit/seed consumption","Feeding","MA",10,2017-05-06,"calendar",126,2017,NA,NA,"30047_Fruit/seed consumption_2017"
8923,42.286381,-72.653831,1126,"Thryothorus","ludovicianus","Carolina wren","Animalia",30059,310,"Fruit/seed consumption",2017,1,1,1,2457755,NA,"30059_Fruit/seed consumption","Feeding","MA",9,2017-01-01,"calendar",1,2017,NA,NA,"30059_Fruit/seed consumption_2017"
8418,32.363758,-94.873947,352,"Archilochus","colubris","ruby-throated hummingbird","Animalia",30980,312,"Flower visitation",2017,5,3,123,2457877,3,"30980_Flower visitation","Feeding","TX",12,2017-05-03,"calendar",123,2017,NA,NA,"30980_Flower visitation_2017"
8496,46.328629,-96.061256,1096,"Cyanocitta","cristata","blue jay","Animalia",32294,310,"Fruit/seed consumption",2017,1,9,9,2457763,NA,"32294_Fruit/seed consumption","Feeding","MN",14,2017-01-09,"calendar",9,2017,NA,NA,"32294_Fruit/seed consumption_2017"
8496,46.328629,-96.061256,1096,"Cyanocitta","cristata","blue jay","Animalia",32294,542,"Feeding (or foraging)",2017,2,14,45,2457799,NA,"32294_Feeding (or foraging)","Feeding","MN",9,2017-02-14,"calendar",45,2017,NA,NA,"32294_Feeding (or foraging)_2017"
8496,46.328629,-96.061256,362,"Junco","hyemalis","dark-eyed junco","Animalia",32295,310,"Fruit/seed consumption",2017,1,9,9,2457763,NA,"32295_Fruit/seed consumption","Feeding","MN",13,2017-01-09,"calendar",9,2017,NA,NA,"32295_Fruit/seed consumption_2017"
8496,46.328629,-96.061256,1110,"Passer","domesticus","house sparrow","Animalia",32297,310,"Fruit/seed consumption",2017,2,14,45,2457799,10,"32297_Fruit/seed consumption","Feeding","MN",14,2017-02-14,"calendar",45,2017,NA,NA,"32297_Fruit/seed consumption_2017"
8496,46.328629,-96.061256,1110,"Passer","domesticus","house sparrow","Animalia",32297,542,"Feeding (or foraging)",2017,2,14,45,2457799,NA,"32297_Feeding (or foraging)","Feeding","MN",9,2017-02-14,"calendar",45,2017,NA,NA,"32297_Feeding (or foraging)_2017"
8418,32.363758,-94.873947,362,"Junco","hyemalis","dark-eyed junco","Animalia",33174,310,"Fruit/seed consumption",2017,2,22,53,2457807,3,"33174_Fruit/seed consumption","Feeding","TX",11,2017-02-22,"calendar",53,2017,NA,NA,"33174_Fruit/seed consumption_2017"
8418,32.363758,-94.873947,240,"Spinus","tristis","American goldfinch","Animalia",33798,310,"Fruit/seed consumption",2017,1,1,1,2457755,NA,"33798_Fruit/seed consumption","Feeding","TX",11,2017-01-01,"calendar",1,2017,NA,NA,"33798_Fruit/seed consumption_2017"
6091,34.11578,-118.757507,376,"Sayornis","nigricans","black phoebe","Animalia",33829,457,"Insect consumption",2017,3,3,62,2457816,NA,"33829_Insect consumption","Feeding","CA",9,2017-03-03,"calendar",62,2017,NA,NA,"33829_Insect consumption_2017"
8496,46.328629,-96.061256,240,"Spinus","tristis","American goldfinch","Animalia",34922,310,"Fruit/seed consumption",2017,1,9,9,2457763,NA,"34922_Fruit/seed consumption","Feeding","MN",12,2017-01-09,"calendar",9,2017,NA,NA,"34922_Fruit/seed consumption_2017"
8418,32.363758,-94.873947,1110,"Passer","domesticus","house sparrow","Animalia",35674,294,"Singing individuals (birds)",2017,1,15,15,2457769,4,"35674_Singing individuals (birds)","Singing individuals","TX",9,2017-01-15,"calendar",15,2017,NA,NA,"35674_Singing individuals (birds)_2017"
8418,32.363758,-94.873947,1110,"Passer","domesticus","house sparrow","Animalia",35674,310,"Fruit/seed consumption",2017,1,1,1,2457755,NA,"35674_Fruit/seed consumption","Feeding","TX",11,2017-01-01,"calendar",1,2017,NA,NA,"35674_Fruit/seed consumption_2017"
10145,42.602543,-83.250992,240,"Spinus","tristis","American goldfinch","Animalia",38837,294,"Singing individuals (birds)",2017,6,1,152,2457906,1,"38837_Singing individuals (birds)","Singing individuals","MI",9,2017-06-01,"calendar",152,2017,NA,NA,"38837_Singing individuals (birds)_2017"
10145,42.602543,-83.250992,246,"Turdus","migratorius","American robin","Animalia",38840,310,"Fruit/seed consumption",2017,2,17,48,2457802,1,"38840_Fruit/seed consumption","Feeding","MI",9,2017-02-17,"calendar",48,2017,NA,NA,"38840_Fruit/seed consumption_2017"
10145,42.602543,-83.250992,355,"Troglodytes","aedon","house wren","Animalia",38908,294,"Singing individuals (birds)",2017,5,10,130,2457884,3,"38908_Singing individuals (birds)","Singing individuals","MI",10,2017-05-10,"calendar",130,2017,NA,NA,"38908_Singing individuals (birds)_2017"
10145,42.602543,-83.250992,359,"Agelaius","phoeniceus","red-winged blackbird","Animalia",38946,294,"Singing individuals (birds)",2017,3,5,64,2457818,NA,"38946_Singing individuals (birds)","Singing individuals","MI",11,2017-03-05,"calendar",64,2017,NA,NA,"38946_Singing individuals (birds)_2017"
9652,44.768246,-94.155746,246,"Turdus","migratorius","American robin","Animalia",40107,294,"Singing individuals (birds)",2017,3,7,66,2457820,1,"40107_Singing individuals (birds)","Singing individuals","MN",13,2017-03-07,"calendar",66,2017,NA,NA,"40107_Singing individuals (birds)_2017"
9652,44.768246,-94.155746,246,"Turdus","migratorius","American robin","Animalia",40107,295,"Territorial individuals (birds)",2017,3,6,65,2457819,NA,"40107_Territorial individuals (birds)","Territorial behavior","MN",9,2017-03-06,"calendar",65,2017,NA,NA,"40107_Territorial individuals (birds)_2017"
9652,44.768246,-94.155746,246,"Turdus","migratorius","American robin","Animalia",40107,297,"Nest building (birds)",2017,4,20,110,2457864,19,"40107_Nest building (birds)","Nesting behavior","MN",11,2017-04-20,"calendar",110,2017,NA,NA,"40107_Nest building (birds)_2017"
9652,44.768246,-94.155746,246,"Turdus","migratorius","American robin","Animalia",40107,308,"Fledged young (altricial birds)",2017,5,28,148,2457902,13,"40107_Fledged young (altricial birds)","Young observed","MN",9,2017-05-28,"calendar",148,2017,NA,NA,"40107_Fledged young (altricial birds)_2017"
9652,44.768246,-94.155746,246,"Turdus","migratorius","American robin","Animalia",40107,310,"Fruit/seed consumption",2017,3,6,65,2457819,NA,"40107_Fruit/seed consumption","Feeding","MN",13,2017-03-06,"calendar",65,2017,NA,NA,"40107_Fruit/seed consumption_2017"
9652,44.768246,-94.155746,246,"Turdus","migratorius","American robin","Animalia",40107,457,"Insect consumption",2017,4,20,110,2457864,19,"40107_Insect consumption","Feeding","MN",13,2017-04-20,"calendar",110,2017,NA,NA,"40107_Insect consumption_2017"
9652,44.768246,-94.155746,246,"Turdus","migratorius","American robin","Animalia",40107,542,"Feeding (or foraging)",2017,3,6,65,2457819,NA,"40107_Feeding (or foraging)","Feeding","MN",9,2017-03-06,"calendar",65,2017,NA,NA,"40107_Feeding (or foraging)_2017"
9652,44.768246,-94.155746,240,"Spinus","tristis","American goldfinch","Animalia",40108,310,"Fruit/seed consumption",2017,7,1,182,2457936,15,"40108_Fruit/seed consumption","Feeding","MN",9,2017-07-01,"calendar",182,2017,NA,NA,"40108_Fruit/seed consumption_2017"
9652,44.768246,-94.155746,240,"Spinus","tristis","American goldfinch","Animalia",40108,542,"Feeding (or foraging)",2017,6,16,167,2457921,19,"40108_Feeding (or foraging)","Feeding","MN",9,2017-06-16,"calendar",167,2017,NA,NA,"40108_Feeding (or foraging)_2017"
9652,44.768246,-94.155746,375,"Zenaida","macroura","mourning dove","Animalia",40109,294,"Singing individuals (birds)",2017,4,1,91,2457845,NA,"40109_Singing individuals (birds)","Singing individuals","MN",11,2017-04-01,"calendar",91,2017,NA,NA,"40109_Singing individuals (birds)_2017"
8418,32.363758,-94.873947,1113,"Dryobates","pubescens","downy woodpecker","Animalia",41679,310,"Fruit/seed consumption",2017,1,1,1,2457755,NA,"41679_Fruit/seed consumption","Feeding","TX",11,2017-01-01,"calendar",1,2017,NA,NA,"41679_Fruit/seed consumption_2017"
8418,32.363758,-94.873947,1113,"Dryobates","pubescens","downy woodpecker","Animalia",41679,457,"Insect consumption",2017,1,29,29,2457783,4,"41679_Insect consumption","Feeding","TX",9,2017-01-29,"calendar",29,2017,NA,NA,"41679_Insect consumption_2017"
10717,38.285664,-111.246605,246,"Turdus","migratorius","American robin","Animalia",42593,294,"Singing individuals (birds)",2017,5,26,146,2457900,37,"42593_Singing individuals (birds)","Singing individuals","UT",9,2017-05-26,"calendar",146,2017,NA,NA,"42593_Singing individuals (birds)_2017"
10717,38.285664,-111.246605,246,"Turdus","migratorius","American robin","Animalia",42593,457,"Insect consumption",2017,5,26,146,2457900,31,"42593_Insect consumption","Feeding","UT",9,2017-05-26,"calendar",146,2017,NA,NA,"42593_Insect consumption_2017"
1419,42.011166,-88.503304,1117,"Sayornis","phoebe","eastern phoebe","Animalia",44642,457,"Insect consumption",2017,5,27,147,2457901,46,"44642_Insect consumption","Feeding","IL",9,2017-05-27,"calendar",147,2017,NA,NA,"44642_Insect consumption_2017"
11313,44.201355,-92.646301,1090,"Cardinalis","cardinalis","northern cardinal","Animalia",46661,294,"Singing individuals (birds)",2017,2,17,48,2457802,8,"46661_Singing individuals (birds)","Singing individuals","MN",10,2017-02-17,"calendar",48,2017,NA,NA,"46661_Singing individuals (birds)_2017"
8418,32.363758,-94.873947,1126,"Thryothorus","ludovicianus","Carolina wren","Animalia",46734,310,"Fruit/seed consumption",2017,1,1,1,2457755,NA,"46734_Fruit/seed consumption","Feeding","TX",10,2017-01-01,"calendar",1,2017,NA,NA,"46734_Fruit/seed consumption_2017"
11598,43.073357,-71.150681,243,"Gavia","immer","common loon","Animalia",48357,298,"Occupied nest",2017,6,9,160,2457914,2,"48357_Occupied nest","Nesting behavior","NH",9,2017-06-09,"calendar",160,2017,NA,NA,"48357_Occupied nest_2017"
11598,43.073357,-71.150681,243,"Gavia","immer","common loon","Animalia",48357,542,"Feeding (or foraging)",2017,4,17,107,2457861,NA,"48357_Feeding (or foraging)","Feeding","NH",9,2017-04-17,"calendar",107,2017,NA,NA,"48357_Feeding (or foraging)_2017"
6102,32.23188,-110.951012,1088,"Calypte","anna","Anna's hummingbird","Animalia",49639,312,"Flower visitation",2017,9,16,259,2458013,NA,"49639_Flower visitation","Feeding","AZ",9,2017-09-16,"calendar",259,2017,NA,NA,"49639_Flower visitation_2017"
6102,32.23188,-110.951012,1110,"Passer","domesticus","house sparrow","Animalia",49643,294,"Singing individuals (birds)",2017,5,1,121,2457875,NA,"49643_Singing individuals (birds)","Singing individuals","AZ",10,2017-05-01,"calendar",121,2017,NA,NA,"49643_Singing individuals (birds)_2017"
6102,32.23188,-110.951012,1110,"Passer","domesticus","house sparrow","Animalia",49643,310,"Fruit/seed consumption",2017,7,28,209,2457963,NA,"49643_Fruit/seed consumption","Feeding","AZ",10,2017-07-28,"calendar",209,2017,NA,NA,"49643_Fruit/seed consumption_2017"
12064,32.248463,-110.909584,1088,"Calypte","anna","Anna's hummingbird","Animalia",50759,312,"Flower visitation",2017,6,9,160,2457914,NA,"50759_Flower visitation","Feeding","AZ",9,2017-06-09,"calendar",160,2017,NA,NA,"50759_Flower visitation_2017"
12064,32.248463,-110.909584,1088,"Calypte","anna","Anna's hummingbird","Animalia",50759,542,"Feeding (or foraging)",2017,6,16,167,2457921,7,"50759_Feeding (or foraging)","Feeding","AZ",9,2017-06-16,"calendar",167,2017,NA,NA,"50759_Feeding (or foraging)_2017"
8418,32.363758,-94.873947,741,"Regulus","calendula","ruby-crowned kinglet","Animalia",60925,310,"Fruit/seed consumption",2017,1,1,1,2457755,NA,"60925_Fruit/seed consumption","Feeding","TX",9,2017-01-01,"calendar",1,2017,NA,NA,"60925_Fruit/seed consumption_2017"
8418,32.363758,-94.873947,739,"Zonotrichia","albicollis","white-throated sparrow","Animalia",60926,310,"Fruit/seed consumption",2017,4,9,99,2457853,4,"60926_Fruit/seed consumption","Feeding","TX",9,2017-04-09,"calendar",99,2017,NA,NA,"60926_Fruit/seed consumption_2017"
16295,27.929228,-82.725639,1108,"Mimus","polyglottos","northern mockingbird","Animalia",60950,294,"Singing individuals (birds)",2017,2,2,33,2457787,7,"60950_Singing individuals (birds)","Singing individuals","FL",9,2017-02-02,"calendar",33,2017,NA,NA,"60950_Singing individuals (birds)_2017"
5428,48.033489,-122.598724,1088,"Calypte","anna","Anna's hummingbird","Animalia",60981,312,"Flower visitation",2017,3,31,90,2457844,7,"60981_Flower visitation","Feeding","WA",10,2017-03-31,"calendar",90,2017,NA,NA,"60981_Flower visitation_2017"
5428,48.033489,-122.598724,1119,"Selasphorus","rufus","rufous hummingbird","Animalia",60984,312,"Flower visitation",2017,3,31,90,2457844,7,"60984_Flower visitation","Feeding","WA",9,2017-03-31,"calendar",90,2017,NA,NA,"60984_Flower visitation_2017"
5428,48.033489,-122.598724,1119,"Selasphorus","rufus","rufous hummingbird","Animalia",60984,542,"Feeding (or foraging)",2017,3,24,83,2457837,7,"60984_Feeding (or foraging)","Feeding","WA",9,2017-03-24,"calendar",83,2017,NA,NA,"60984_Feeding (or foraging)_2017"
8418,32.363758,-94.873947,359,"Agelaius","phoeniceus","red-winged blackbird","Animalia",62147,310,"Fruit/seed consumption",2017,1,15,15,2457769,4,"62147_Fruit/seed consumption","Feeding","TX",10,2017-01-15,"calendar",15,2017,NA,NA,"62147_Fruit/seed consumption_2017"
8418,32.363758,-94.873947,1233,"Poecile","carolinensis","Carolina chickadee","Animalia",63335,310,"Fruit/seed consumption",2017,1,1,1,2457755,NA,"63335_Fruit/seed consumption","Feeding","TX",10,2017-01-01,"calendar",1,2017,NA,NA,"63335_Fruit/seed consumption_2017"
10145,42.602543,-83.250992,1224,"Branta","canadensis","Canada goose","Animalia",64229,541,"Fledged young (precocial birds)",2017,5,31,151,2457905,1,"64229_Fledged young (precocial birds)","Young observed","MI",9,2017-05-31,"calendar",151,2017,NA,NA,"64229_Fledged young (precocial birds)_2017"
8418,32.363758,-94.873947,363,"Molothrus","ater","brown-headed cowbird","Animalia",64379,310,"Fruit/seed consumption",2017,5,10,130,2457884,3,"64379_Fruit/seed consumption","Feeding","TX",9,2017-05-10,"calendar",130,2017,NA,NA,"64379_Fruit/seed consumption_2017"
17414,42.936153,-73.433449,1124,"Tachycineta","bicolor","tree swallow","Animalia",66940,297,"Nest building (birds)",2017,5,8,128,2457882,4,"66940_Nest building (birds)","Nesting behavior","NY",9,2017-05-08,"calendar",128,2017,NA,NA,"66940_Nest building (birds)_2017"
17414,42.936153,-73.433449,1124,"Tachycineta","bicolor","tree swallow","Animalia",66940,298,"Occupied nest",2017,5,12,132,2457886,4,"66940_Occupied nest","Nesting behavior","NY",9,2017-05-12,"calendar",132,2017,NA,NA,"66940_Occupied nest_2017"
17414,42.936153,-73.433449,1124,"Tachycineta","bicolor","tree swallow","Animalia",66940,457,"Insect consumption",2017,5,8,128,2457882,4,"66940_Insect consumption","Feeding","NY",9,2017-05-08,"calendar",128,2017,NA,NA,"66940_Insect consumption_2017"
17414,42.936153,-73.433449,1124,"Tachycineta","bicolor","tree swallow","Animalia",66940,542,"Feeding (or foraging)",2017,3,30,89,2457843,4,"66940_Feeding (or foraging)","Feeding","NY",9,2017-03-30,"calendar",89,2017,NA,NA,"66940_Feeding (or foraging)_2017"
17707,37.360123,-122.128151,1229,"Melanerpes","formicivorus","acorn woodpecker","Animalia",68607,311,"Nut gathering",2017,3,7,66,2457820,NA,"68607_Nut gathering","Feeding","CA",9,2017-03-07,"calendar",66,2017,NA,NA,"68607_Nut gathering_2017"
17707,37.360123,-122.128151,362,"Junco","hyemalis","dark-eyed junco","Animalia",68613,294,"Singing individuals (birds)",2017,2,8,39,2457793,NA,"68613_Singing individuals (birds)","Singing individuals","CA",11,2017-02-08,"calendar",39,2017,NA,NA,"68613_Singing individuals (birds)_2017"
9652,44.768246,-94.155746,1090,"Cardinalis","cardinalis","northern cardinal","Animalia",69510,294,"Singing individuals (birds)",2017,2,19,50,2457804,NA,"69510_Singing individuals (birds)","Singing individuals","MN",11,2017-02-19,"calendar",50,2017,NA,NA,"69510_Singing individuals (birds)_2017"
9652,44.768246,-94.155746,1090,"Cardinalis","cardinalis","northern cardinal","Animalia",69510,542,"Feeding (or foraging)",2017,9,23,266,2458020,49,"69510_Feeding (or foraging)","Feeding","MN",9,2017-09-23,"calendar",266,2017,NA,NA,"69510_Feeding (or foraging)_2017"
12725,37.360928,-122.130836,1088,"Calypte","anna","Anna's hummingbird","Animalia",71544,294,"Singing individuals (birds)",2017,2,7,38,2457792,NA,"71544_Singing individuals (birds)","Singing individuals","CA",9,2017-02-07,"calendar",38,2017,NA,NA,"71544_Singing individuals (birds)_2017"
12725,37.360928,-122.130836,1088,"Calypte","anna","Anna's hummingbird","Animalia",71544,312,"Flower visitation",2017,1,24,24,2457778,NA,"71544_Flower visitation","Feeding","CA",9,2017-01-24,"calendar",24,2017,NA,NA,"71544_Flower visitation_2017"
6099,34.119007,-118.760071,1229,"Melanerpes","formicivorus","acorn woodpecker","Animalia",72367,457,"Insect consumption",2017,1,21,21,2457775,8,"72367_Insect consumption","Feeding","CA",11,2017-01-21,"calendar",21,2017,NA,NA,"72367_Insect consumption_2017"
6091,34.11578,-118.757507,1229,"Melanerpes","formicivorus","acorn woodpecker","Animalia",72369,542,"Feeding (or foraging)",2017,11,16,320,2458074,20,"72369_Feeding (or foraging)","Feeding","CA",9,2017-11-16,"calendar",320,2017,NA,NA,"72369_Feeding (or foraging)_2017"
18529,33.630066,-112.147385,1088,"Calypte","anna","Anna's hummingbird","Animalia",73449,312,"Flower visitation",2017,1,4,4,2457758,NA,"73449_Flower visitation","Feeding","AZ",10,2017-01-04,"calendar",4,2017,NA,NA,"73449_Flower visitation_2017"
18529,33.630066,-112.147385,1088,"Calypte","anna","Anna's hummingbird","Animalia",73449,457,"Insect consumption",2017,1,4,4,2457758,NA,"73449_Insect consumption","Feeding","AZ",10,2017-01-04,"calendar",4,2017,NA,NA,"73449_Insect consumption_2017"
18529,33.630066,-112.147385,740,"Toxostoma","curvirostre","curve-billed thrasher","Animalia",75309,457,"Insect consumption",2017,1,4,4,2457758,NA,"75309_Insect consumption","Feeding","AZ",10,2017-01-04,"calendar",4,2017,NA,NA,"75309_Insect consumption_2017"
9341,35.639874,-83.687721,377,"Vireo","olivaceus","red-eyed vireo","Animalia",75374,294,"Singing individuals (birds)",2017,5,9,129,2457883,18,"75374_Singing individuals (birds)","Singing individuals","TN",9,2017-05-09,"calendar",129,2017,NA,NA,"75374_Singing individuals (birds)_2017"
9341,35.639874,-83.687721,1098,"Setophaga","virens","black-throated green warbler","Animalia",75375,294,"Singing individuals (birds)",2017,3,31,90,2457844,23,"75375_Singing individuals (birds)","Singing individuals","TN",9,2017-03-31,"calendar",90,2017,NA,NA,"75375_Singing individuals (birds)_2017"
19944,33.66478,-117.843063,1088,"Calypte","anna","Anna's hummingbird","Animalia",81455,294,"Singing individuals (birds)",2017,1,2,2,2457756,NA,"81455_Singing individuals (birds)","Singing individuals","CA",11,2017-01-02,"calendar",2,2017,NA,NA,"81455_Singing individuals (birds)_2017"
19944,33.66478,-117.843063,1088,"Calypte","anna","Anna's hummingbird","Animalia",81455,295,"Territorial individuals (birds)",2017,2,22,53,2457807,9,"81455_Territorial individuals (birds)","Territorial behavior","CA",9,2017-02-22,"calendar",53,2017,NA,NA,"81455_Territorial individuals (birds)_2017"
19944,33.66478,-117.843063,1088,"Calypte","anna","Anna's hummingbird","Animalia",81455,312,"Flower visitation",2017,1,4,4,2457758,2,"81455_Flower visitation","Feeding","CA",11,2017-01-04,"calendar",4,2017,NA,NA,"81455_Flower visitation_2017"
19944,33.66478,-117.843063,1088,"Calypte","anna","Anna's hummingbird","Animalia",81455,457,"Insect consumption",2017,2,15,46,2457800,2,"81455_Insect consumption","Feeding","CA",11,2017-02-15,"calendar",46,2017,NA,NA,"81455_Insect consumption_2017"
19944,33.66478,-117.843063,1088,"Calypte","anna","Anna's hummingbird","Animalia",81455,542,"Feeding (or foraging)",2017,2,13,44,2457798,5,"81455_Feeding (or foraging)","Feeding","CA",9,2017-02-13,"calendar",44,2017,NA,NA,"81455_Feeding (or foraging)_2017"
19944,33.66478,-117.843063,376,"Sayornis","nigricans","black phoebe","Animalia",81456,294,"Singing individuals (birds)",2017,1,11,11,2457765,7,"81456_Singing individuals (birds)","Singing individuals","CA",11,2017-01-11,"calendar",11,2017,NA,NA,"81456_Singing individuals (birds)_2017"
19944,33.66478,-117.843063,376,"Sayornis","nigricans","black phoebe","Animalia",81456,295,"Territorial individuals (birds)",2017,8,6,218,2457972,4,"81456_Territorial individuals (birds)","Territorial behavior","CA",9,2017-08-06,"calendar",218,2017,NA,NA,"81456_Territorial individuals (birds)_2017"
19944,33.66478,-117.843063,376,"Sayornis","nigricans","black phoebe","Animalia",81456,457,"Insect consumption",2017,1,2,2,2457756,NA,"81456_Insect consumption","Feeding","CA",11,2017-01-02,"calendar",2,2017,NA,NA,"81456_Insect consumption_2017"
19944,33.66478,-117.843063,376,"Sayornis","nigricans","black phoebe","Animalia",81456,542,"Feeding (or foraging)",2017,2,8,39,2457793,NA,"81456_Feeding (or foraging)","Feeding","CA",9,2017-02-08,"calendar",39,2017,NA,NA,"81456_Feeding (or foraging)_2017"
19944,33.66478,-117.843063,242,"Petrochelidon","pyrrhonota","cliff swallow","Animalia",81457,294,"Singing individuals (birds)",2017,2,22,53,2457807,7,"81457_Singing individuals (birds)","Singing individuals","CA",10,2017-02-22,"calendar",53,2017,NA,NA,"81457_Singing individuals (birds)_2017"
19944,33.66478,-117.843063,242,"Petrochelidon","pyrrhonota","cliff swallow","Animalia",81457,297,"Nest building (birds)",2017,4,6,96,2457850,4,"81457_Nest building (birds)","Nesting behavior","CA",10,2017-04-06,"calendar",96,2017,NA,NA,"81457_Nest building (birds)_2017"
19944,33.66478,-117.843063,242,"Petrochelidon","pyrrhonota","cliff swallow","Animalia",81457,298,"Occupied nest",2017,4,2,92,2457846,2,"81457_Occupied nest","Nesting behavior","CA",9,2017-04-02,"calendar",92,2017,NA,NA,"81457_Occupied nest_2017"
19944,33.66478,-117.843063,242,"Petrochelidon","pyrrhonota","cliff swallow","Animalia",81457,542,"Feeding (or foraging)",2017,3,1,60,2457814,7,"81457_Feeding (or foraging)","Feeding","CA",9,2017-03-01,"calendar",60,2017,NA,NA,"81457_Feeding (or foraging)_2017"
19944,33.66478,-117.843063,1197,"Geothlypis","trichas","common yellowthroat","Animalia",81458,294,"Singing individuals (birds)",2017,2,5,36,2457790,4,"81458_Singing individuals (birds)","Singing individuals","CA",11,2017-02-05,"calendar",36,2017,NA,NA,"81458_Singing individuals (birds)_2017"
19944,33.66478,-117.843063,1197,"Geothlypis","trichas","common yellowthroat","Animalia",81458,295,"Territorial individuals (birds)",2017,2,15,46,2457800,2,"81458_Territorial individuals (birds)","Territorial behavior","CA",9,2017-02-15,"calendar",46,2017,NA,NA,"81458_Territorial individuals (birds)_2017"
19944,33.66478,-117.843063,1197,"Geothlypis","trichas","common yellowthroat","Animalia",81458,542,"Feeding (or foraging)",2017,2,8,39,2457793,NA,"81458_Feeding (or foraging)","Feeding","CA",9,2017-02-08,"calendar",39,2017,NA,NA,"81458_Feeding (or foraging)_2017"
19944,33.66478,-117.843063,370,"Ardea","herodias","great blue heron","Animalia",81459,542,"Feeding (or foraging)",2017,5,10,130,2457884,2,"81459_Feeding (or foraging)","Feeding","CA",9,2017-05-10,"calendar",130,2017,NA,NA,"81459_Feeding (or foraging)_2017"
19944,33.66478,-117.843063,244,"Charadrius","vociferus","killdeer","Animalia",81460,295,"Territorial individuals (birds)",2017,4,24,114,2457868,4,"81460_Territorial individuals (birds)","Territorial behavior","CA",9,2017-04-24,"calendar",114,2017,NA,NA,"81460_Territorial individuals (birds)_2017"
19944,33.66478,-117.843063,244,"Charadrius","vociferus","killdeer","Animalia",81460,542,"Feeding (or foraging)",2017,3,22,81,2457835,8,"81460_Feeding (or foraging)","Feeding","CA",9,2017-03-22,"calendar",81,2017,NA,NA,"81460_Feeding (or foraging)_2017"
19944,33.66478,-117.843063,248,"Pandion","haliaetus","osprey","Animalia",81461,297,"Nest building (birds)",2017,1,18,18,2457772,2,"81461_Nest building (birds)","Nesting behavior","CA",9,2017-01-18,"calendar",18,2017,NA,NA,"81461_Nest building (birds)_2017"
19944,33.66478,-117.843063,248,"Pandion","haliaetus","osprey","Animalia",81461,298,"Occupied nest",2017,2,8,39,2457793,NA,"81461_Occupied nest","Nesting behavior","CA",9,2017-02-08,"calendar",39,2017,NA,NA,"81461_Occupied nest_2017"
19944,33.66478,-117.843063,248,"Pandion","haliaetus","osprey","Animalia",81461,542,"Feeding (or foraging)",2017,3,5,64,2457818,4,"81461_Feeding (or foraging)","Feeding","CA",9,2017-03-05,"calendar",64,2017,NA,NA,"81461_Feeding (or foraging)_2017"
19944,33.66478,-117.843063,373,"Actitis","macularius","spotted sandpiper","Animalia",81462,542,"Feeding (or foraging)",2017,2,15,46,2457800,2,"81462_Feeding (or foraging)","Feeding","CA",9,2017-02-15,"calendar",46,2017,NA,NA,"81462_Feeding (or foraging)_2017"
8418,32.363758,-94.873947,1377,"Baeolophus","bicolor","tufted titmouse","Animalia",85005,310,"Fruit/seed consumption",2017,1,1,1,2457755,NA,"85005_Fruit/seed consumption","Feeding","TX",9,2017-01-01,"calendar",1,2017,NA,NA,"85005_Fruit/seed consumption_2017"
17414,42.936153,-73.433449,1197,"Geothlypis","trichas","common yellowthroat","Animalia",86970,294,"Singing individuals (birds)",2017,5,8,128,2457882,5,"86970_Singing individuals (birds)","Singing individuals","NY",11,2017-05-08,"calendar",128,2017,NA,NA,"86970_Singing individuals (birds)_2017"
20765,33.632149,-117.55545,1229,"Melanerpes","formicivorus","acorn woodpecker","Animalia",88470,311,"Nut gathering",2017,10,15,288,2458042,5,"88470_Nut gathering","Feeding","CA",9,2017-10-15,"calendar",288,2017,NA,NA,"88470_Nut gathering_2017"
20765,33.632149,-117.55545,1088,"Calypte","anna","Anna's hummingbird","Animalia",88471,294,"Singing individuals (birds)",2017,3,2,61,2457815,11,"88471_Singing individuals (birds)","Singing individuals","CA",10,2017-03-02,"calendar",61,2017,NA,NA,"88471_Singing individuals (birds)_2017"
20765,33.632149,-117.55545,1088,"Calypte","anna","Anna's hummingbird","Animalia",88471,312,"Flower visitation",2017,4,7,97,2457851,19,"88471_Flower visitation","Feeding","CA",10,2017-04-07,"calendar",97,2017,NA,NA,"88471_Flower visitation_2017"
20765,33.632149,-117.55545,376,"Sayornis","nigricans","black phoebe","Animalia",88472,457,"Insect consumption",2017,2,19,50,2457804,10,"88472_Insect consumption","Feeding","CA",9,2017-02-19,"calendar",50,2017,NA,NA,"88472_Insect consumption_2017"
20765,33.632149,-117.55545,355,"Troglodytes","aedon","house wren","Animalia",88474,294,"Singing individuals (birds)",2017,2,19,50,2457804,10,"88474_Singing individuals (birds)","Singing individuals","CA",10,2017-02-19,"calendar",50,2017,NA,NA,"88474_Singing individuals (birds)_2017"
20765,33.632149,-117.55545,1380,"Melospiza","melodia","song sparrow","Animalia",88475,294,"Singing individuals (birds)",2017,3,2,61,2457815,11,"88475_Singing individuals (birds)","Singing individuals","CA",11,2017-03-02,"calendar",61,2017,NA,NA,"88475_Singing individuals (birds)_2017"
20765,33.632149,-117.55545,1091,"Spinus","psaltria","lesser goldfinch","Animalia",88478,294,"Singing individuals (birds)",2017,2,9,40,2457794,6,"88478_Singing individuals (birds)","Singing individuals","CA",9,2017-02-09,"calendar",40,2017,NA,NA,"88478_Singing individuals (birds)_2017"
20956,33.632149,-117.55545,1378,"Chamaea","fasciata","wrentit","Animalia",90118,294,"Singing individuals (birds)",2017,2,4,35,2457789,NA,"90118_Singing individuals (birds)","Singing individuals","CA",11,2017-02-04,"calendar",35,2017,NA,NA,"90118_Singing individuals (birds)_2017"
22740,38.525036,-121.970711,362,"Junco","hyemalis","dark-eyed junco","Animalia",102228,310,"Fruit/seed consumption",2017,1,25,25,2457779,14,"102228_Fruit/seed consumption","Feeding","CA",9,2017-01-25,"calendar",25,2017,NA,NA,"102228_Fruit/seed consumption_2017"
22740,38.525036,-121.970711,741,"Regulus","calendula","ruby-crowned kinglet","Animalia",102229,457,"Insect consumption",2017,1,25,25,2457779,14,"102229_Insect consumption","Feeding","CA",9,2017-01-25,"calendar",25,2017,NA,NA,"102229_Insect consumption_2017"
22740,38.525036,-121.970711,357,"Sialia","mexicana","western bluebird","Animalia",102231,457,"Insect consumption",2017,1,11,11,2457765,NA,"102231_Insect consumption","Feeding","CA",9,2017-01-11,"calendar",11,2017,NA,NA,"102231_Insect consumption_2017"
22740,38.525036,-121.970711,1097,"Setophaga","coronata","yellow-rumped warbler","Animalia",102234,457,"Insect consumption",2017,12,14,348,2458102,14,"102234_Insect consumption","Feeding","CA",9,2017-12-14,"calendar",348,2017,NA,NA,"102234_Insect consumption_2017"
20956,33.632149,-117.55545,1418,"Toxostoma","redivivum","California thrasher","Animalia",102436,294,"Singing individuals (birds)",2017,2,4,35,2457789,NA,"102436_Singing individuals (birds)","Singing individuals","CA",11,2017-02-04,"calendar",35,2017,NA,NA,"102436_Singing individuals (birds)_2017"
22858,38.09404,-122.37149,1380,"Melospiza","melodia","song sparrow","Animalia",103159,294,"Singing individuals (birds)",2017,1,9,9,2457763,7,"103159_Singing individuals (birds)","Singing individuals","CA",10,2017-01-09,"calendar",9,2017,NA,NA,"103159_Singing individuals (birds)_2017"
22858,38.09404,-122.37149,1380,"Melospiza","melodia","song sparrow","Animalia",103159,542,"Feeding (or foraging)",2017,4,10,100,2457854,7,"103159_Feeding (or foraging)","Feeding","CA",9,2017-04-10,"calendar",100,2017,NA,NA,"103159_Feeding (or foraging)_2017"
22858,38.09404,-122.37149,1124,"Tachycineta","bicolor","tree swallow","Animalia",103160,542,"Feeding (or foraging)",2017,2,27,58,2457812,14,"103160_Feeding (or foraging)","Feeding","CA",9,2017-02-27,"calendar",58,2017,NA,NA,"103160_Feeding (or foraging)_2017"
22858,38.09404,-122.37149,357,"Sialia","mexicana","western bluebird","Animalia",103161,457,"Insect consumption",2017,2,13,44,2457798,7,"103161_Insect consumption","Feeding","CA",9,2017-02-13,"calendar",44,2017,NA,NA,"103161_Insect consumption_2017"
22858,38.09404,-122.37149,357,"Sialia","mexicana","western bluebird","Animalia",103161,542,"Feeding (or foraging)",2017,2,13,44,2457798,7,"103161_Feeding (or foraging)","Feeding","CA",9,2017-02-13,"calendar",44,2017,NA,NA,"103161_Feeding (or foraging)_2017"
17414,42.936153,-73.433449,352,"Archilochus","colubris","ruby-throated hummingbird","Animalia",103211,542,"Feeding (or foraging)",2017,4,29,119,2457873,1,"103211_Feeding (or foraging)","Feeding","NY",9,2017-04-29,"calendar",119,2017,NA,NA,"103211_Feeding (or foraging)_2017"
22858,38.09404,-122.37149,1375,"Anas","platyrhynchos","mallard","Animalia",114733,542,"Feeding (or foraging)",2017,2,21,52,2457806,8,"114733_Feeding (or foraging)","Feeding","CA",9,2017-02-21,"calendar",52,2017,NA,NA,"114733_Feeding (or foraging)_2017"
22858,38.09404,-122.37149,359,"Agelaius","phoeniceus","red-winged blackbird","Animalia",114734,294,"Singing individuals (birds)",2017,2,13,44,2457798,7,"114734_Singing individuals (birds)","Singing individuals","CA",9,2017-02-13,"calendar",44,2017,NA,NA,"114734_Singing individuals (birds)_2017"
22858,38.09404,-122.37149,359,"Agelaius","phoeniceus","red-winged blackbird","Animalia",114734,310,"Fruit/seed consumption",2017,9,11,254,2458008,6,"114734_Fruit/seed consumption","Feeding","CA",9,2017-09-11,"calendar",254,2017,NA,NA,"114734_Fruit/seed consumption_2017"
22858,38.09404,-122.37149,359,"Agelaius","phoeniceus","red-winged blackbird","Animalia",114734,542,"Feeding (or foraging)",2017,9,11,254,2458008,14,"114734_Feeding (or foraging)","Feeding","CA",9,2017-09-11,"calendar",254,2017,NA,NA,"114734_Feeding (or foraging)_2017"
22858,38.09404,-122.37149,1088,"Calypte","anna","Anna's hummingbird","Animalia",114826,295,"Territorial individuals (birds)",2017,2,21,52,2457806,8,"114826_Territorial individuals (birds)","Territorial behavior","CA",9,2017-02-21,"calendar",52,2017,NA,NA,"114826_Territorial individuals (birds)_2017"
22858,38.09404,-122.37149,1088,"Calypte","anna","Anna's hummingbird","Animalia",114826,542,"Feeding (or foraging)",2017,3,27,86,2457840,7,"114826_Feeding (or foraging)","Feeding","CA",9,2017-03-27,"calendar",86,2017,NA,NA,"114826_Feeding (or foraging)_2017"
2803,39.971001,-105.397003,1232,"Pica","hudsonia","black-billed magpie","Animalia",122046,310,"Fruit/seed consumption",2017,2,10,41,2457795,NA,"122046_Fruit/seed consumption","Feeding","CO",9,2017-02-10,"calendar",41,2017,NA,NA,"122046_Fruit/seed consumption_2017"
2803,39.971001,-105.397003,1232,"Pica","hudsonia","black-billed magpie","Animalia",122046,457,"Insect consumption",2017,2,10,41,2457795,NA,"122046_Insect consumption","Feeding","CO",9,2017-02-10,"calendar",41,2017,NA,NA,"122046_Insect consumption_2017"
2803,39.971001,-105.397003,1232,"Pica","hudsonia","black-billed magpie","Animalia",122046,542,"Feeding (or foraging)",2017,2,10,41,2457795,NA,"122046_Feeding (or foraging)","Feeding","CO",9,2017-02-10,"calendar",41,2017,NA,NA,"122046_Feeding (or foraging)_2017"
2803,39.971001,-105.397003,1113,"Dryobates","pubescens","downy woodpecker","Animalia",122049,310,"Fruit/seed consumption",2017,2,10,41,2457795,NA,"122049_Fruit/seed consumption","Feeding","CO",9,2017-02-10,"calendar",41,2017,NA,NA,"122049_Fruit/seed consumption_2017"
2803,39.971001,-105.397003,1113,"Dryobates","pubescens","downy woodpecker","Animalia",122049,542,"Feeding (or foraging)",2017,2,10,41,2457795,NA,"122049_Feeding (or foraging)","Feeding","CO",9,2017-02-10,"calendar",41,2017,NA,NA,"122049_Feeding (or foraging)_2017"
2803,39.971001,-105.397003,1411,"Poecile","gambeli","mountain chickadee","Animalia",122050,294,"Singing individuals (birds)",2017,2,10,41,2457795,NA,"122050_Singing individuals (birds)","Singing individuals","CO",9,2017-02-10,"calendar",41,2017,NA,NA,"122050_Singing individuals (birds)_2017"
2803,39.971001,-105.397003,1411,"Poecile","gambeli","mountain chickadee","Animalia",122050,310,"Fruit/seed consumption",2017,2,10,41,2457795,NA,"122050_Fruit/seed consumption","Feeding","CO",9,2017-02-10,"calendar",41,2017,NA,NA,"122050_Fruit/seed consumption_2017"
2803,39.971001,-105.397003,1411,"Poecile","gambeli","mountain chickadee","Animalia",122050,542,"Feeding (or foraging)",2017,2,10,41,2457795,NA,"122050_Feeding (or foraging)","Feeding","CO",9,2017-02-10,"calendar",41,2017,NA,NA,"122050_Feeding (or foraging)_2017"
2803,39.971001,-105.397003,359,"Agelaius","phoeniceus","red-winged blackbird","Animalia",122051,294,"Singing individuals (birds)",2017,2,13,44,2457798,3,"122051_Singing individuals (birds)","Singing individuals","CO",9,2017-02-13,"calendar",44,2017,NA,NA,"122051_Singing individuals (birds)_2017"
2803,39.971001,-105.397003,359,"Agelaius","phoeniceus","red-winged blackbird","Animalia",122051,310,"Fruit/seed consumption",2017,2,13,44,2457798,3,"122051_Fruit/seed consumption","Feeding","CO",9,2017-02-13,"calendar",44,2017,NA,NA,"122051_Fruit/seed consumption_2017"
2803,39.971001,-105.397003,359,"Agelaius","phoeniceus","red-winged blackbird","Animalia",122051,542,"Feeding (or foraging)",2017,2,13,44,2457798,3,"122051_Feeding (or foraging)","Feeding","CO",9,2017-02-13,"calendar",44,2017,NA,NA,"122051_Feeding (or foraging)_2017"
2803,39.971001,-105.397003,1398,"Cyanocitta","stelleri","Steller's jay","Animalia",122052,310,"Fruit/seed consumption",2017,2,10,41,2457795,NA,"122052_Fruit/seed consumption","Feeding","CO",9,2017-02-10,"calendar",41,2017,NA,NA,"122052_Fruit/seed consumption_2017"
2803,39.971001,-105.397003,1398,"Cyanocitta","stelleri","Steller's jay","Animalia",122052,457,"Insect consumption",2017,4,13,103,2457857,5,"122052_Insect consumption","Feeding","CO",9,2017-04-13,"calendar",103,2017,NA,NA,"122052_Insect consumption_2017"
2803,39.971001,-105.397003,1398,"Cyanocitta","stelleri","Steller's jay","Animalia",122052,542,"Feeding (or foraging)",2017,2,10,41,2457795,NA,"122052_Feeding (or foraging)","Feeding","CO",9,2017-02-10,"calendar",41,2017,NA,NA,"122052_Feeding (or foraging)_2017"
2803,39.971001,-105.397003,1415,"Sitta","carolinensis","white-breasted nuthatch","Animalia",122053,294,"Singing individuals (birds)",2017,2,10,41,2457795,NA,"122053_Singing individuals (birds)","Singing individuals","CO",9,2017-02-10,"calendar",41,2017,NA,NA,"122053_Singing individuals (birds)_2017"
2803,39.971001,-105.397003,1415,"Sitta","carolinensis","white-breasted nuthatch","Animalia",122053,310,"Fruit/seed consumption",2017,2,10,41,2457795,NA,"122053_Fruit/seed consumption","Feeding","CO",9,2017-02-10,"calendar",41,2017,NA,NA,"122053_Fruit/seed consumption_2017"
2803,39.971001,-105.397003,1415,"Sitta","carolinensis","white-breasted nuthatch","Animalia",122053,457,"Insect consumption",2017,5,22,142,2457896,3,"122053_Insect consumption","Feeding","CO",9,2017-05-22,"calendar",142,2017,NA,NA,"122053_Insect consumption_2017"
2803,39.971001,-105.397003,1415,"Sitta","carolinensis","white-breasted nuthatch","Animalia",122053,542,"Feeding (or foraging)",2017,2,10,41,2457795,NA,"122053_Feeding (or foraging)","Feeding","CO",9,2017-02-10,"calendar",41,2017,NA,NA,"122053_Feeding (or foraging)_2017"
25568,45.140465,-93.312943,1113,"Dryobates","pubescens","downy woodpecker","Animalia",123975,542,"Feeding (or foraging)",2017,8,18,230,2457984,62,"123975_Feeding (or foraging)","Feeding","MN",9,2017-08-18,"calendar",230,2017,NA,NA,"123975_Feeding (or foraging)_2017"
22613,32.33926,-110.981728,1088,"Calypte","anna","Anna's hummingbird","Animalia",136792,542,"Feeding (or foraging)",2017,5,25,145,2457899,9,"136792_Feeding (or foraging)","Feeding","AZ",9,2017-05-25,"calendar",145,2017,NA,NA,"136792_Feeding (or foraging)_2017"
27026,43.413593,-70.810211,352,"Archilochus","colubris","ruby-throated hummingbird","Animalia",137519,294,"Singing individuals (birds)",2017,6,2,153,2457907,NA,"137519_Singing individuals (birds)","Singing individuals","ME",9,2017-06-02,"calendar",153,2017,NA,NA,"137519_Singing individuals (birds)_2017"
27026,43.413593,-70.810211,352,"Archilochus","colubris","ruby-throated hummingbird","Animalia",137519,295,"Territorial individuals (birds)",2017,9,24,267,2458021,31,"137519_Territorial individuals (birds)","Territorial behavior","ME",9,2017-09-24,"calendar",267,2017,NA,NA,"137519_Territorial individuals (birds)_2017"
27026,43.413593,-70.810211,352,"Archilochus","colubris","ruby-throated hummingbird","Animalia",137519,542,"Feeding (or foraging)",2017,5,25,145,2457899,NA,"137519_Feeding (or foraging)","Feeding","ME",9,2017-05-25,"calendar",145,2017,NA,NA,"137519_Feeding (or foraging)_2017"
27026,43.413593,-70.810211,246,"Turdus","migratorius","American robin","Animalia",137607,310,"Fruit/seed consumption",2017,5,12,132,2457886,NA,"137607_Fruit/seed consumption","Feeding","ME",9,2017-05-12,"calendar",132,2017,NA,NA,"137607_Fruit/seed consumption_2017"
27026,43.413593,-70.810211,246,"Turdus","migratorius","American robin","Animalia",137607,457,"Insect consumption",2017,5,12,132,2457886,NA,"137607_Insect consumption","Feeding","ME",9,2017-05-12,"calendar",132,2017,NA,NA,"137607_Insect consumption_2017"
27026,43.413593,-70.810211,246,"Turdus","migratorius","American robin","Animalia",137607,542,"Feeding (or foraging)",2017,5,12,132,2457886,NA,"137607_Feeding (or foraging)","Feeding","ME",9,2017-05-12,"calendar",132,2017,NA,NA,"137607_Feeding (or foraging)_2017"
27026,43.413593,-70.810211,360,"Icterus","galbula","Baltimore oriole","Animalia",137608,294,"Singing individuals (birds)",2017,5,31,151,2457905,17,"137608_Singing individuals (birds)","Singing individuals","ME",9,2017-05-31,"calendar",151,2017,NA,NA,"137608_Singing individuals (birds)_2017"
27026,43.413593,-70.810211,360,"Icterus","galbula","Baltimore oriole","Animalia",137608,295,"Territorial individuals (birds)",2017,5,25,145,2457899,11,"137608_Territorial individuals (birds)","Territorial behavior","ME",9,2017-05-25,"calendar",145,2017,NA,NA,"137608_Territorial individuals (birds)_2017"
27026,43.413593,-70.810211,360,"Icterus","galbula","Baltimore oriole","Animalia",137608,340,"Courtship",2017,5,31,151,2457905,6,"137608_Courtship","Mating activity","ME",9,2017-05-31,"calendar",151,2017,NA,NA,"137608_Courtship_2017"
27026,43.413593,-70.810211,360,"Icterus","galbula","Baltimore oriole","Animalia",137608,542,"Feeding (or foraging)",2017,5,12,132,2457886,NA,"137608_Feeding (or foraging)","Feeding","ME",9,2017-05-12,"calendar",132,2017,NA,NA,"137608_Feeding (or foraging)_2017"
12064,32.248463,-110.909584,740,"Toxostoma","curvirostre","curve-billed thrasher","Animalia",139416,542,"Feeding (or foraging)",2017,9,29,272,2458026,42,"139416_Feeding (or foraging)","Feeding","AZ",9,2017-09-29,"calendar",272,2017,NA,NA,"139416_Feeding (or foraging)_2017"
12064,32.248463,-110.909584,1223,"Auriparus","flaviceps","verdin","Animalia",139417,294,"Singing individuals (birds)",2017,9,29,272,2458026,42,"139417_Singing individuals (birds)","Singing individuals","AZ",9,2017-09-29,"calendar",272,2017,NA,NA,"139417_Singing individuals (birds)_2017"
12064,32.248463,-110.909584,1223,"Auriparus","flaviceps","verdin","Animalia",139417,542,"Feeding (or foraging)",2017,9,22,265,2458019,35,"139417_Feeding (or foraging)","Feeding","AZ",9,2017-09-22,"calendar",265,2017,NA,NA,"139417_Feeding (or foraging)_2017"
9652,44.768246,-94.155746,245,"Poecile","atricapillus","black-capped chickadee","Animalia",139453,310,"Fruit/seed consumption",2017,7,12,193,2457947,NA,"139453_Fruit/seed consumption","Feeding","MN",9,2017-07-12,"calendar",193,2017,NA,NA,"139453_Fruit/seed consumption_2017"
9652,44.768246,-94.155746,245,"Poecile","atricapillus","black-capped chickadee","Animalia",139453,542,"Feeding (or foraging)",2017,7,12,193,2457947,NA,"139453_Feeding (or foraging)","Feeding","MN",9,2017-07-12,"calendar",193,2017,NA,NA,"139453_Feeding (or foraging)_2017"
27407,38.037094,-122.394722,244,"Charadrius","vociferus","killdeer","Animalia",141455,542,"Feeding (or foraging)",2017,6,12,163,2457917,7,"141455_Feeding (or foraging)","Feeding","CA",9,2017-06-12,"calendar",163,2017,NA,NA,"141455_Feeding (or foraging)_2017"
27407,38.037094,-122.394722,1375,"Anas","platyrhynchos","mallard","Animalia",141456,542,"Feeding (or foraging)",2017,6,12,163,2457917,7,"141456_Feeding (or foraging)","Feeding","CA",9,2017-06-12,"calendar",163,2017,NA,NA,"141456_Feeding (or foraging)_2017"
27407,38.037094,-122.394722,375,"Zenaida","macroura","mourning dove","Animalia",141460,294,"Singing individuals (birds)",2017,6,19,170,2457924,7,"141460_Singing individuals (birds)","Singing individuals","CA",9,2017-06-19,"calendar",170,2017,NA,NA,"141460_Singing individuals (birds)_2017"
27407,38.037094,-122.394722,376,"Sayornis","nigricans","black phoebe","Animalia",141461,294,"Singing individuals (birds)",2017,7,24,205,2457959,7,"141461_Singing individuals (birds)","Singing individuals","CA",9,2017-07-24,"calendar",205,2017,NA,NA,"141461_Singing individuals (birds)_2017"
27407,38.037094,-122.394722,376,"Sayornis","nigricans","black phoebe","Animalia",141461,457,"Insect consumption",2017,6,12,163,2457917,7,"141461_Insect consumption","Feeding","CA",9,2017-06-12,"calendar",163,2017,NA,NA,"141461_Insect consumption_2017"
27407,38.037094,-122.394722,376,"Sayornis","nigricans","black phoebe","Animalia",141461,542,"Feeding (or foraging)",2017,6,19,170,2457924,7,"141461_Feeding (or foraging)","Feeding","CA",9,2017-06-19,"calendar",170,2017,NA,NA,"141461_Feeding (or foraging)_2017"
22740,38.525036,-121.970711,1654,"Baeolophus","inornatus","oak titmouse","Animalia",148019,457,"Insect consumption",2017,1,25,25,2457779,NA,"148019_Insect consumption","Feeding","CA",9,2017-01-25,"calendar",25,2017,NA,NA,"148019_Insect consumption_2017"
1447,42.176537,-85.892448,240,"Spinus","tristis","American goldfinch","Animalia",8332,310,"Fruit/seed consumption",2018,1,21,21,2458140,14,"8332_Fruit/seed consumption","Feeding","MI",9,2018-01-21,"calendar",21,2018,NA,NA,"8332_Fruit/seed consumption_2018"
1447,42.176537,-85.892448,245,"Poecile","atricapillus","black-capped chickadee","Animalia",8334,310,"Fruit/seed consumption",2018,1,7,7,2458126,NA,"8334_Fruit/seed consumption","Feeding","MI",9,2018-01-07,"calendar",7,2018,NA,NA,"8334_Fruit/seed consumption_2018"
1419,42.011166,-88.503304,246,"Turdus","migratorius","American robin","Animalia",10282,294,"Singing individuals (birds)",2018,5,1,121,2458240,9,"10282_Singing individuals (birds)","Singing individuals","IL",15,2018-05-01,"calendar",121,2018,NA,NA,"10282_Singing individuals (birds)_2018"
1419,42.011166,-88.503304,246,"Turdus","migratorius","American robin","Animalia",10282,457,"Insect consumption",2018,6,15,166,2458285,6,"10282_Insect consumption","Feeding","IL",12,2018-06-15,"calendar",166,2018,NA,NA,"10282_Insect consumption_2018"
1419,42.011166,-88.503304,246,"Turdus","migratorius","American robin","Animalia",10282,542,"Feeding (or foraging)",2018,6,15,166,2458285,6,"10282_Feeding (or foraging)","Feeding","IL",9,2018-06-15,"calendar",166,2018,NA,NA,"10282_Feeding (or foraging)_2018"
1419,42.011166,-88.503304,245,"Poecile","atricapillus","black-capped chickadee","Animalia",10283,294,"Singing individuals (birds)",2018,4,22,112,2458231,50,"10283_Singing individuals (birds)","Singing individuals","IL",14,2018-04-22,"calendar",112,2018,NA,NA,"10283_Singing individuals (birds)_2018"
5428,48.033489,-122.598724,240,"Spinus","tristis","American goldfinch","Animalia",11347,310,"Fruit/seed consumption",2018,4,1,91,2458210,2,"11347_Fruit/seed consumption","Feeding","WA",14,2018-04-01,"calendar",91,2018,NA,NA,"11347_Fruit/seed consumption_2018"
5428,48.033489,-122.598724,240,"Spinus","tristis","American goldfinch","Animalia",11347,542,"Feeding (or foraging)",2018,4,1,91,2458210,2,"11347_Feeding (or foraging)","Feeding","WA",9,2018-04-01,"calendar",91,2018,NA,NA,"11347_Feeding (or foraging)_2018"
5428,48.033489,-122.598724,245,"Poecile","atricapillus","black-capped chickadee","Animalia",11350,310,"Fruit/seed consumption",2018,1,4,4,2458123,NA,"11350_Fruit/seed consumption","Feeding","WA",13,2018-01-04,"calendar",4,2018,NA,NA,"11350_Fruit/seed consumption_2018"
5428,48.033489,-122.598724,362,"Junco","hyemalis","dark-eyed junco","Animalia",11351,310,"Fruit/seed consumption",2018,1,4,4,2458123,NA,"11351_Fruit/seed consumption","Feeding","WA",13,2018-01-04,"calendar",4,2018,NA,NA,"11351_Fruit/seed consumption_2018"
5674,44.910587,-70.266861,246,"Turdus","migratorius","American robin","Animalia",12709,310,"Fruit/seed consumption",2018,2,18,49,2458168,7,"12709_Fruit/seed consumption","Feeding","ME",12,2018-02-18,"calendar",49,2018,NA,NA,"12709_Fruit/seed consumption_2018"
5674,44.910587,-70.266861,246,"Turdus","migratorius","American robin","Animalia",12709,457,"Insect consumption",2018,6,3,154,2458273,7,"12709_Insect consumption","Feeding","ME",11,2018-06-03,"calendar",154,2018,NA,NA,"12709_Insect consumption_2018"
5674,44.910587,-70.266861,246,"Turdus","migratorius","American robin","Animalia",12709,542,"Feeding (or foraging)",2018,2,18,49,2458168,7,"12709_Feeding (or foraging)","Feeding","ME",9,2018-02-18,"calendar",49,2018,NA,NA,"12709_Feeding (or foraging)_2018"
5674,44.910587,-70.266861,352,"Archilochus","colubris","ruby-throated hummingbird","Animalia",12712,295,"Territorial individuals (birds)",2018,5,13,133,2458252,7,"12712_Territorial individuals (birds)","Territorial behavior","ME",9,2018-05-13,"calendar",133,2018,NA,NA,"12712_Territorial individuals (birds)_2018"
5674,44.910587,-70.266861,352,"Archilochus","colubris","ruby-throated hummingbird","Animalia",12712,312,"Flower visitation",2018,5,13,133,2458252,7,"12712_Flower visitation","Feeding","ME",13,2018-05-13,"calendar",133,2018,NA,NA,"12712_Flower visitation_2018"
5674,44.910587,-70.266861,352,"Archilochus","colubris","ruby-throated hummingbird","Animalia",12712,542,"Feeding (or foraging)",2018,5,13,133,2458252,7,"12712_Feeding (or foraging)","Feeding","ME",9,2018-05-13,"calendar",133,2018,NA,NA,"12712_Feeding (or foraging)_2018"
2803,39.971001,-105.397003,246,"Turdus","migratorius","American robin","Animalia",16046,294,"Singing individuals (birds)",2018,3,22,81,2458200,3,"16046_Singing individuals (birds)","Singing individuals","CO",14,2018-03-22,"calendar",81,2018,NA,NA,"16046_Singing individuals (birds)_2018"
2803,39.971001,-105.397003,246,"Turdus","migratorius","American robin","Animalia",16046,310,"Fruit/seed consumption",2018,7,16,197,2458316,3,"16046_Fruit/seed consumption","Feeding","CO",10,2018-07-16,"calendar",197,2018,NA,NA,"16046_Fruit/seed consumption_2018"
2803,39.971001,-105.397003,246,"Turdus","migratorius","American robin","Animalia",16046,457,"Insect consumption",2018,5,4,124,2458243,4,"16046_Insect consumption","Feeding","CO",15,2018-05-04,"calendar",124,2018,NA,NA,"16046_Insect consumption_2018"
2803,39.971001,-105.397003,246,"Turdus","migratorius","American robin","Animalia",16046,542,"Feeding (or foraging)",2018,5,4,124,2458243,4,"16046_Feeding (or foraging)","Feeding","CO",9,2018-05-04,"calendar",124,2018,NA,NA,"16046_Feeding (or foraging)_2018"
2803,39.971001,-105.397003,245,"Poecile","atricapillus","black-capped chickadee","Animalia",16047,294,"Singing individuals (birds)",2018,1,2,2,2458121,NA,"16047_Singing individuals (birds)","Singing individuals","CO",13,2018-01-02,"calendar",2,2018,NA,NA,"16047_Singing individuals (birds)_2018"
2803,39.971001,-105.397003,245,"Poecile","atricapillus","black-capped chickadee","Animalia",16047,310,"Fruit/seed consumption",2018,1,2,2,2458121,NA,"16047_Fruit/seed consumption","Feeding","CO",15,2018-01-02,"calendar",2,2018,NA,NA,"16047_Fruit/seed consumption_2018"
2803,39.971001,-105.397003,245,"Poecile","atricapillus","black-capped chickadee","Animalia",16047,542,"Feeding (or foraging)",2018,1,2,2,2458121,NA,"16047_Feeding (or foraging)","Feeding","CO",9,2018-01-02,"calendar",2,2018,NA,NA,"16047_Feeding (or foraging)_2018"
2803,39.971001,-105.397003,354,"Selasphorus","platycercus","broad-tailed hummingbird","Animalia",16048,295,"Territorial individuals (birds)",2018,4,30,120,2458239,3,"16048_Territorial individuals (birds)","Territorial behavior","CO",9,2018-04-30,"calendar",120,2018,NA,NA,"16048_Territorial individuals (birds)_2018"
2803,39.971001,-105.397003,354,"Selasphorus","platycercus","broad-tailed hummingbird","Animalia",16048,312,"Flower visitation",2018,5,4,124,2458243,4,"16048_Flower visitation","Feeding","CO",15,2018-05-04,"calendar",124,2018,NA,NA,"16048_Flower visitation_2018"
2803,39.971001,-105.397003,354,"Selasphorus","platycercus","broad-tailed hummingbird","Animalia",16048,457,"Insect consumption",2018,5,18,138,2458257,4,"16048_Insect consumption","Feeding","CO",15,2018-05-18,"calendar",138,2018,NA,NA,"16048_Insect consumption_2018"
2803,39.971001,-105.397003,354,"Selasphorus","platycercus","broad-tailed hummingbird","Animalia",16048,542,"Feeding (or foraging)",2018,4,30,120,2458239,3,"16048_Feeding (or foraging)","Feeding","CO",9,2018-04-30,"calendar",120,2018,NA,NA,"16048_Feeding (or foraging)_2018"
2803,39.971001,-105.397003,362,"Junco","hyemalis","dark-eyed junco","Animalia",16213,294,"Singing individuals (birds)",2018,3,12,71,2458190,3,"16213_Singing individuals (birds)","Singing individuals","CO",12,2018-03-12,"calendar",71,2018,NA,NA,"16213_Singing individuals (birds)_2018"
2803,39.971001,-105.397003,362,"Junco","hyemalis","dark-eyed junco","Animalia",16213,310,"Fruit/seed consumption",2018,1,2,2,2458121,NA,"16213_Fruit/seed consumption","Feeding","CO",15,2018-01-02,"calendar",2,2018,NA,NA,"16213_Fruit/seed consumption_2018"
2803,39.971001,-105.397003,362,"Junco","hyemalis","dark-eyed junco","Animalia",16213,457,"Insect consumption",2018,3,9,68,2458187,4,"16213_Insect consumption","Feeding","CO",9,2018-03-09,"calendar",68,2018,NA,NA,"16213_Insect consumption_2018"
2803,39.971001,-105.397003,362,"Junco","hyemalis","dark-eyed junco","Animalia",16213,542,"Feeding (or foraging)",2018,1,2,2,2458121,NA,"16213_Feeding (or foraging)","Feeding","CO",9,2018-01-02,"calendar",2,2018,NA,NA,"16213_Feeding (or foraging)_2018"
2803,39.971001,-105.397003,357,"Sialia","mexicana","western bluebird","Animalia",16214,294,"Singing individuals (birds)",2018,7,30,211,2458330,2,"16214_Singing individuals (birds)","Singing individuals","CO",10,2018-07-30,"calendar",211,2018,NA,NA,"16214_Singing individuals (birds)_2018"
2803,39.971001,-105.397003,357,"Sialia","mexicana","western bluebird","Animalia",16214,457,"Insect consumption",2018,5,4,124,2458243,4,"16214_Insect consumption","Feeding","CO",12,2018-05-04,"calendar",124,2018,NA,NA,"16214_Insect consumption_2018"
6102,32.23188,-110.951012,740,"Toxostoma","curvirostre","curve-billed thrasher","Animalia",16420,294,"Singing individuals (birds)",2018,10,4,277,2458396,39,"16420_Singing individuals (birds)","Singing individuals","AZ",9,2018-10-04,"calendar",277,2018,NA,NA,"16420_Singing individuals (birds)_2018"
6481,42.456135,-72.344215,240,"Spinus","tristis","American goldfinch","Animalia",19034,310,"Fruit/seed consumption",2018,4,2,92,2458211,NA,"19034_Fruit/seed consumption","Feeding","MA",10,2018-04-02,"calendar",92,2018,NA,NA,"19034_Fruit/seed consumption_2018"
6481,42.456135,-72.344215,240,"Spinus","tristis","American goldfinch","Animalia",19034,542,"Feeding (or foraging)",2018,4,2,92,2458211,NA,"19034_Feeding (or foraging)","Feeding","MA",9,2018-04-02,"calendar",92,2018,NA,NA,"19034_Feeding (or foraging)_2018"
6481,42.456135,-72.344215,246,"Turdus","migratorius","American robin","Animalia",19035,294,"Singing individuals (birds)",2018,4,23,113,2458232,2,"19035_Singing individuals (birds)","Singing individuals","MA",9,2018-04-23,"calendar",113,2018,NA,NA,"19035_Singing individuals (birds)_2018"
6481,42.456135,-72.344215,246,"Turdus","migratorius","American robin","Animalia",19035,542,"Feeding (or foraging)",2018,4,2,92,2458211,NA,"19035_Feeding (or foraging)","Feeding","MA",9,2018-04-02,"calendar",92,2018,NA,NA,"19035_Feeding (or foraging)_2018"
6481,42.456135,-72.344215,352,"Archilochus","colubris","ruby-throated hummingbird","Animalia",19040,312,"Flower visitation",2018,8,6,218,2458337,NA,"19040_Flower visitation","Feeding","MA",9,2018-08-06,"calendar",218,2018,NA,NA,"19040_Flower visitation_2018"
8242,31.596231,-110.575493,353,"Archilochus","alexandri","black-chinned hummingbird","Animalia",23606,312,"Flower visitation",2018,3,17,76,2458195,31,"23606_Flower visitation","Feeding","AZ",10,2018-03-17,"calendar",76,2018,NA,NA,"23606_Flower visitation_2018"
8418,32.363758,-94.873947,246,"Turdus","migratorius","American robin","Animalia",25349,294,"Singing individuals (birds)",2018,2,7,38,2458157,3,"25349_Singing individuals (birds)","Singing individuals","TX",12,2018-02-07,"calendar",38,2018,NA,NA,"25349_Singing individuals (birds)_2018"
8418,32.363758,-94.873947,246,"Turdus","migratorius","American robin","Animalia",25349,310,"Fruit/seed consumption",2018,1,7,7,2458126,4,"25349_Fruit/seed consumption","Feeding","TX",10,2018-01-07,"calendar",7,2018,NA,NA,"25349_Fruit/seed consumption_2018"
8418,32.363758,-94.873947,246,"Turdus","migratorius","American robin","Animalia",25349,457,"Insect consumption",2018,3,21,80,2458199,3,"25349_Insect consumption","Feeding","TX",12,2018-03-21,"calendar",80,2018,NA,NA,"25349_Insect consumption_2018"
8418,32.363758,-94.873947,1108,"Mimus","polyglottos","northern mockingbird","Animalia",25351,294,"Singing individuals (birds)",2018,2,25,56,2458175,4,"25351_Singing individuals (birds)","Singing individuals","TX",12,2018-02-25,"calendar",56,2018,NA,NA,"25351_Singing individuals (birds)_2018"
8418,32.363758,-94.873947,1108,"Mimus","polyglottos","northern mockingbird","Animalia",25351,310,"Fruit/seed consumption",2018,1,3,3,2458122,NA,"25351_Fruit/seed consumption","Feeding","TX",10,2018-01-03,"calendar",3,2018,NA,NA,"25351_Fruit/seed consumption_2018"
8418,32.363758,-94.873947,1108,"Mimus","polyglottos","northern mockingbird","Animalia",25351,457,"Insect consumption",2018,3,25,84,2458203,4,"25351_Insect consumption","Feeding","TX",11,2018-03-25,"calendar",84,2018,NA,NA,"25351_Insect consumption_2018"
8496,46.328629,-96.061256,246,"Turdus","migratorius","American robin","Animalia",25780,310,"Fruit/seed consumption",2018,3,16,75,2458194,NA,"25780_Fruit/seed consumption","Feeding","MN",12,2018-03-16,"calendar",75,2018,NA,NA,"25780_Fruit/seed consumption_2018"
8496,46.328629,-96.061256,245,"Poecile","atricapillus","black-capped chickadee","Animalia",25781,310,"Fruit/seed consumption",2018,1,7,7,2458126,NA,"25781_Fruit/seed consumption","Feeding","MN",14,2018-01-07,"calendar",7,2018,NA,NA,"25781_Fruit/seed consumption_2018"
8496,46.328629,-96.061256,245,"Poecile","atricapillus","black-capped chickadee","Animalia",25781,542,"Feeding (or foraging)",2018,1,7,7,2458126,NA,"25781_Feeding (or foraging)","Feeding","MN",9,2018-01-07,"calendar",7,2018,NA,NA,"25781_Feeding (or foraging)_2018"
8496,46.328629,-96.061256,352,"Archilochus","colubris","ruby-throated hummingbird","Animalia",25784,312,"Flower visitation",2018,5,20,140,2458259,6,"25784_Flower visitation","Feeding","MN",11,2018-05-20,"calendar",140,2018,NA,NA,"25784_Flower visitation_2018"
8496,46.328629,-96.061256,1104,"Hirundo","rustica","barn swallow","Animalia",25894,297,"Nest building (birds)",2018,5,6,126,2458245,4,"25894_Nest building (birds)","Nesting behavior","MN",12,2018-05-06,"calendar",126,2018,NA,NA,"25894_Nest building (birds)_2018"
8496,46.328629,-96.061256,1104,"Hirundo","rustica","barn swallow","Animalia",25894,542,"Feeding (or foraging)",2018,5,14,134,2458253,12,"25894_Feeding (or foraging)","Feeding","MN",9,2018-05-14,"calendar",134,2018,NA,NA,"25894_Feeding (or foraging)_2018"
8496,46.328629,-96.061256,1113,"Dryobates","pubescens","downy woodpecker","Animalia",25895,310,"Fruit/seed consumption",2018,1,7,7,2458126,NA,"25895_Fruit/seed consumption","Feeding","MN",14,2018-01-07,"calendar",7,2018,NA,NA,"25895_Fruit/seed consumption_2018"
8496,46.328629,-96.061256,1113,"Dryobates","pubescens","downy woodpecker","Animalia",25895,542,"Feeding (or foraging)",2018,1,7,7,2458126,NA,"25895_Feeding (or foraging)","Feeding","MN",9,2018-01-07,"calendar",7,2018,NA,NA,"25895_Feeding (or foraging)_2018"
8496,46.328629,-96.061256,355,"Troglodytes","aedon","house wren","Animalia",25897,294,"Singing individuals (birds)",2018,5,14,134,2458253,4,"25897_Singing individuals (birds)","Singing individuals","MN",10,2018-05-14,"calendar",134,2018,NA,NA,"25897_Singing individuals (birds)_2018"
8496,46.328629,-96.061256,355,"Troglodytes","aedon","house wren","Animalia",25897,297,"Nest building (birds)",2018,5,14,134,2458253,4,"25897_Nest building (birds)","Nesting behavior","MN",10,2018-05-14,"calendar",134,2018,NA,NA,"25897_Nest building (birds)_2018"
8496,46.328629,-96.061256,355,"Troglodytes","aedon","house wren","Animalia",25897,298,"Occupied nest",2018,5,20,140,2458259,6,"25897_Occupied nest","Nesting behavior","MN",9,2018-05-20,"calendar",140,2018,NA,NA,"25897_Occupied nest_2018"
8496,46.328629,-96.061256,1090,"Cardinalis","cardinalis","northern cardinal","Animalia",25898,294,"Singing individuals (birds)",2018,3,12,71,2458190,24,"25898_Singing individuals (birds)","Singing individuals","MN",13,2018-03-12,"calendar",71,2018,NA,NA,"25898_Singing individuals (birds)_2018"
8496,46.328629,-96.061256,1090,"Cardinalis","cardinalis","northern cardinal","Animalia",25898,310,"Fruit/seed consumption",2018,11,5,309,2458428,12,"25898_Fruit/seed consumption","Feeding","MN",13,2018-11-05,"calendar",309,2018,NA,NA,"25898_Fruit/seed consumption_2018"
8496,46.328629,-96.061256,1124,"Tachycineta","bicolor","tree swallow","Animalia",25899,297,"Nest building (birds)",2018,5,14,134,2458253,4,"25899_Nest building (birds)","Nesting behavior","MN",9,2018-05-14,"calendar",134,2018,NA,NA,"25899_Nest building (birds)_2018"
8715,43.522804,-70.802277,352,"Archilochus","colubris","ruby-throated hummingbird","Animalia",28193,542,"Feeding (or foraging)",2018,6,13,164,2458283,8,"28193_Feeding (or foraging)","Feeding","ME",9,2018-06-13,"calendar",164,2018,NA,NA,"28193_Feeding (or foraging)_2018"
8418,32.363758,-94.873947,1096,"Cyanocitta","cristata","blue jay","Animalia",28244,310,"Fruit/seed consumption",2018,1,7,7,2458126,4,"28244_Fruit/seed consumption","Feeding","TX",12,2018-01-07,"calendar",7,2018,NA,NA,"28244_Fruit/seed consumption_2018"
8418,32.363758,-94.873947,1096,"Cyanocitta","cristata","blue jay","Animalia",28244,457,"Insect consumption",2018,4,15,105,2458224,4,"28244_Insect consumption","Feeding","TX",9,2018-04-15,"calendar",105,2018,NA,NA,"28244_Insect consumption_2018"
8418,32.363758,-94.873947,356,"Sialia","sialis","eastern bluebird","Animalia",28245,457,"Insect consumption",2018,4,1,91,2458210,4,"28245_Insect consumption","Feeding","TX",10,2018-04-01,"calendar",91,2018,NA,NA,"28245_Insect consumption_2018"
8418,32.363758,-94.873947,375,"Zenaida","macroura","mourning dove","Animalia",28246,294,"Singing individuals (birds)",2018,1,28,28,2458147,4,"28246_Singing individuals (birds)","Singing individuals","TX",11,2018-01-28,"calendar",28,2018,NA,NA,"28246_Singing individuals (birds)_2018"
8418,32.363758,-94.873947,1090,"Cardinalis","cardinalis","northern cardinal","Animalia",28247,294,"Singing individuals (birds)",2018,1,28,28,2458147,4,"28247_Singing individuals (birds)","Singing individuals","TX",11,2018-01-28,"calendar",28,2018,NA,NA,"28247_Singing individuals (birds)_2018"
8418,32.363758,-94.873947,1090,"Cardinalis","cardinalis","northern cardinal","Animalia",28247,310,"Fruit/seed consumption",2018,1,3,3,2458122,NA,"28247_Fruit/seed consumption","Feeding","TX",12,2018-01-03,"calendar",3,2018,NA,NA,"28247_Fruit/seed consumption_2018"
8418,32.363758,-94.873947,1090,"Cardinalis","cardinalis","northern cardinal","Animalia",28247,457,"Insect consumption",2018,4,15,105,2458224,4,"28247_Insect consumption","Feeding","TX",10,2018-04-15,"calendar",105,2018,NA,NA,"28247_Insect consumption_2018"
8736,44.903229,-93.217445,240,"Spinus","tristis","American goldfinch","Animalia",28348,310,"Fruit/seed consumption",2018,4,8,98,2458217,16,"28348_Fruit/seed consumption","Feeding","MN",11,2018-04-08,"calendar",98,2018,NA,NA,"28348_Fruit/seed consumption_2018"
8736,44.903229,-93.217445,245,"Poecile","atricapillus","black-capped chickadee","Animalia",28349,294,"Singing individuals (birds)",2018,4,8,98,2458217,45,"28349_Singing individuals (birds)","Singing individuals","MN",10,2018-04-08,"calendar",98,2018,NA,NA,"28349_Singing individuals (birds)_2018"
8736,44.903229,-93.217445,245,"Poecile","atricapillus","black-capped chickadee","Animalia",28349,310,"Fruit/seed consumption",2018,1,3,3,2458122,NA,"28349_Fruit/seed consumption","Feeding","MN",11,2018-01-03,"calendar",3,2018,NA,NA,"28349_Fruit/seed consumption_2018"
8736,44.903229,-93.217445,1090,"Cardinalis","cardinalis","northern cardinal","Animalia",28354,294,"Singing individuals (birds)",2018,4,19,109,2458228,27,"28354_Singing individuals (birds)","Singing individuals","MN",9,2018-04-19,"calendar",109,2018,NA,NA,"28354_Singing individuals (birds)_2018"
8736,44.903229,-93.217445,1090,"Cardinalis","cardinalis","northern cardinal","Animalia",28354,310,"Fruit/seed consumption",2018,5,3,123,2458242,1,"28354_Fruit/seed consumption","Feeding","MN",11,2018-05-03,"calendar",123,2018,NA,NA,"28354_Fruit/seed consumption_2018"
8736,44.903229,-93.217445,362,"Junco","hyemalis","dark-eyed junco","Animalia",29145,310,"Fruit/seed consumption",2018,1,3,3,2458122,NA,"29145_Fruit/seed consumption","Feeding","MN",11,2018-01-03,"calendar",3,2018,NA,NA,"29145_Fruit/seed consumption_2018"
8242,31.596231,-110.575493,740,"Toxostoma","curvirostre","curve-billed thrasher","Animalia",29639,310,"Fruit/seed consumption",2018,2,14,45,2458164,NA,"29639_Fruit/seed consumption","Feeding","AZ",10,2018-02-14,"calendar",45,2018,NA,NA,"29639_Fruit/seed consumption_2018"
8242,31.596231,-110.575493,1091,"Spinus","psaltria","lesser goldfinch","Animalia",29640,310,"Fruit/seed consumption",2018,2,14,45,2458164,NA,"29640_Fruit/seed consumption","Feeding","AZ",10,2018-02-14,"calendar",45,2018,NA,NA,"29640_Fruit/seed consumption_2018"
8923,42.286381,-72.653831,356,"Sialia","sialis","eastern bluebird","Animalia",30029,294,"Singing individuals (birds)",2018,3,2,61,2458180,4,"30029_Singing individuals (birds)","Singing individuals","MA",9,2018-03-02,"calendar",61,2018,NA,NA,"30029_Singing individuals (birds)_2018"
8923,42.286381,-72.653831,356,"Sialia","sialis","eastern bluebird","Animalia",30029,457,"Insect consumption",2018,4,10,100,2458219,21,"30029_Insect consumption","Feeding","MA",10,2018-04-10,"calendar",100,2018,NA,NA,"30029_Insect consumption_2018"
8923,42.286381,-72.653831,362,"Junco","hyemalis","dark-eyed junco","Animalia",30033,310,"Fruit/seed consumption",2018,1,2,2,2458121,NA,"30033_Fruit/seed consumption","Feeding","MA",10,2018-01-02,"calendar",2,2018,NA,NA,"30033_Fruit/seed consumption_2018"
8923,42.286381,-72.653831,1096,"Cyanocitta","cristata","blue jay","Animalia",30047,310,"Fruit/seed consumption",2018,1,9,9,2458128,3,"30047_Fruit/seed consumption","Feeding","MA",10,2018-01-09,"calendar",9,2018,NA,NA,"30047_Fruit/seed consumption_2018"
8923,42.286381,-72.653831,1126,"Thryothorus","ludovicianus","Carolina wren","Animalia",30059,310,"Fruit/seed consumption",2018,2,13,44,2458163,8,"30059_Fruit/seed consumption","Feeding","MA",9,2018-02-13,"calendar",44,2018,NA,NA,"30059_Fruit/seed consumption_2018"
8418,32.363758,-94.873947,352,"Archilochus","colubris","ruby-throated hummingbird","Animalia",30980,312,"Flower visitation",2018,4,8,98,2458217,4,"30980_Flower visitation","Feeding","TX",12,2018-04-08,"calendar",98,2018,NA,NA,"30980_Flower visitation_2018"
8496,46.328629,-96.061256,1096,"Cyanocitta","cristata","blue jay","Animalia",32294,310,"Fruit/seed consumption",2018,3,24,83,2458202,8,"32294_Fruit/seed consumption","Feeding","MN",14,2018-03-24,"calendar",83,2018,NA,NA,"32294_Fruit/seed consumption_2018"
8496,46.328629,-96.061256,1096,"Cyanocitta","cristata","blue jay","Animalia",32294,542,"Feeding (or foraging)",2018,3,24,83,2458202,8,"32294_Feeding (or foraging)","Feeding","MN",9,2018-03-24,"calendar",83,2018,NA,NA,"32294_Feeding (or foraging)_2018"
8496,46.328629,-96.061256,362,"Junco","hyemalis","dark-eyed junco","Animalia",32295,310,"Fruit/seed consumption",2018,2,16,47,2458166,NA,"32295_Fruit/seed consumption","Feeding","MN",13,2018-02-16,"calendar",47,2018,NA,NA,"32295_Fruit/seed consumption_2018"
8496,46.328629,-96.061256,1110,"Passer","domesticus","house sparrow","Animalia",32297,310,"Fruit/seed consumption",2018,7,11,192,2458311,10,"32297_Fruit/seed consumption","Feeding","MN",14,2018-07-11,"calendar",192,2018,NA,NA,"32297_Fruit/seed consumption_2018"
8496,46.328629,-96.061256,1110,"Passer","domesticus","house sparrow","Animalia",32297,542,"Feeding (or foraging)",2018,7,11,192,2458311,10,"32297_Feeding (or foraging)","Feeding","MN",9,2018-07-11,"calendar",192,2018,NA,NA,"32297_Feeding (or foraging)_2018"
8418,32.363758,-94.873947,362,"Junco","hyemalis","dark-eyed junco","Animalia",33174,310,"Fruit/seed consumption",2018,1,14,14,2458133,4,"33174_Fruit/seed consumption","Feeding","TX",11,2018-01-14,"calendar",14,2018,NA,NA,"33174_Fruit/seed consumption_2018"
8418,32.363758,-94.873947,240,"Spinus","tristis","American goldfinch","Animalia",33798,310,"Fruit/seed consumption",2018,1,3,3,2458122,NA,"33798_Fruit/seed consumption","Feeding","TX",11,2018-01-03,"calendar",3,2018,NA,NA,"33798_Fruit/seed consumption_2018"
6091,34.11578,-118.757507,376,"Sayornis","nigricans","black phoebe","Animalia",33829,457,"Insect consumption",2018,1,4,4,2458123,NA,"33829_Insect consumption","Feeding","CA",9,2018-01-04,"calendar",4,2018,NA,NA,"33829_Insect consumption_2018"
8496,46.328629,-96.061256,240,"Spinus","tristis","American goldfinch","Animalia",34922,310,"Fruit/seed consumption",2018,5,6,126,2458245,4,"34922_Fruit/seed consumption","Feeding","MN",12,2018-05-06,"calendar",126,2018,NA,NA,"34922_Fruit/seed consumption_2018"
8418,32.363758,-94.873947,1110,"Passer","domesticus","house sparrow","Animalia",35674,294,"Singing individuals (birds)",2018,1,7,7,2458126,4,"35674_Singing individuals (birds)","Singing individuals","TX",9,2018-01-07,"calendar",7,2018,NA,NA,"35674_Singing individuals (birds)_2018"
8418,32.363758,-94.873947,1110,"Passer","domesticus","house sparrow","Animalia",35674,310,"Fruit/seed consumption",2018,1,3,3,2458122,NA,"35674_Fruit/seed consumption","Feeding","TX",11,2018-01-03,"calendar",3,2018,NA,NA,"35674_Fruit/seed consumption_2018"
10145,42.602543,-83.250992,240,"Spinus","tristis","American goldfinch","Animalia",38837,294,"Singing individuals (birds)",2018,4,15,105,2458224,2,"38837_Singing individuals (birds)","Singing individuals","MI",9,2018-04-15,"calendar",105,2018,NA,NA,"38837_Singing individuals (birds)_2018"
10145,42.602543,-83.250992,246,"Turdus","migratorius","American robin","Animalia",38840,310,"Fruit/seed consumption",2018,1,4,4,2458123,1,"38840_Fruit/seed consumption","Feeding","MI",9,2018-01-04,"calendar",4,2018,NA,NA,"38840_Fruit/seed consumption_2018"
10145,42.602543,-83.250992,362,"Junco","hyemalis","dark-eyed junco","Animalia",38878,294,"Singing individuals (birds)",2018,3,15,74,2458193,1,"38878_Singing individuals (birds)","Singing individuals","MI",11,2018-03-15,"calendar",74,2018,NA,NA,"38878_Singing individuals (birds)_2018"
10145,42.602543,-83.250992,355,"Troglodytes","aedon","house wren","Animalia",38908,294,"Singing individuals (birds)",2018,5,26,146,2458265,2,"38908_Singing individuals (birds)","Singing individuals","MI",10,2018-05-26,"calendar",146,2018,NA,NA,"38908_Singing individuals (birds)_2018"
10145,42.602543,-83.250992,359,"Agelaius","phoeniceus","red-winged blackbird","Animalia",38946,294,"Singing individuals (birds)",2018,4,29,119,2458238,1,"38946_Singing individuals (birds)","Singing individuals","MI",11,2018-04-29,"calendar",119,2018,NA,NA,"38946_Singing individuals (birds)_2018"
9652,44.768246,-94.155746,246,"Turdus","migratorius","American robin","Animalia",40107,294,"Singing individuals (birds)",2018,5,17,137,2458256,1,"40107_Singing individuals (birds)","Singing individuals","MN",13,2018-05-17,"calendar",137,2018,NA,NA,"40107_Singing individuals (birds)_2018"
9652,44.768246,-94.155746,246,"Turdus","migratorius","American robin","Animalia",40107,295,"Territorial individuals (birds)",2018,5,24,144,2458263,1,"40107_Territorial individuals (birds)","Territorial behavior","MN",9,2018-05-24,"calendar",144,2018,NA,NA,"40107_Territorial individuals (birds)_2018"
9652,44.768246,-94.155746,246,"Turdus","migratorius","American robin","Animalia",40107,308,"Fledged young (altricial birds)",2018,6,1,152,2458271,1,"40107_Fledged young (altricial birds)","Young observed","MN",9,2018-06-01,"calendar",152,2018,NA,NA,"40107_Fledged young (altricial birds)_2018"
9652,44.768246,-94.155746,246,"Turdus","migratorius","American robin","Animalia",40107,310,"Fruit/seed consumption",2018,3,25,84,2458203,NA,"40107_Fruit/seed consumption","Feeding","MN",13,2018-03-25,"calendar",84,2018,NA,NA,"40107_Fruit/seed consumption_2018"
9652,44.768246,-94.155746,246,"Turdus","migratorius","American robin","Animalia",40107,457,"Insect consumption",2018,5,23,143,2458262,6,"40107_Insect consumption","Feeding","MN",13,2018-05-23,"calendar",143,2018,NA,NA,"40107_Insect consumption_2018"
9652,44.768246,-94.155746,246,"Turdus","migratorius","American robin","Animalia",40107,542,"Feeding (or foraging)",2018,3,25,84,2458203,NA,"40107_Feeding (or foraging)","Feeding","MN",9,2018-03-25,"calendar",84,2018,NA,NA,"40107_Feeding (or foraging)_2018"
9652,44.768246,-94.155746,240,"Spinus","tristis","American goldfinch","Animalia",40108,310,"Fruit/seed consumption",2018,6,14,165,2458284,22,"40108_Fruit/seed consumption","Feeding","MN",9,2018-06-14,"calendar",165,2018,NA,NA,"40108_Fruit/seed consumption_2018"
9652,44.768246,-94.155746,240,"Spinus","tristis","American goldfinch","Animalia",40108,542,"Feeding (or foraging)",2018,6,14,165,2458284,22,"40108_Feeding (or foraging)","Feeding","MN",9,2018-06-14,"calendar",165,2018,NA,NA,"40108_Feeding (or foraging)_2018"
9652,44.768246,-94.155746,375,"Zenaida","macroura","mourning dove","Animalia",40109,294,"Singing individuals (birds)",2018,5,17,137,2458256,16,"40109_Singing individuals (birds)","Singing individuals","MN",11,2018-05-17,"calendar",137,2018,NA,NA,"40109_Singing individuals (birds)_2018"
8418,32.363758,-94.873947,1113,"Dryobates","pubescens","downy woodpecker","Animalia",41679,310,"Fruit/seed consumption",2018,2,21,52,2458171,3,"41679_Fruit/seed consumption","Feeding","TX",11,2018-02-21,"calendar",52,2018,NA,NA,"41679_Fruit/seed consumption_2018"
8418,32.363758,-94.873947,1113,"Dryobates","pubescens","downy woodpecker","Animalia",41679,457,"Insect consumption",2018,4,29,119,2458238,4,"41679_Insect consumption","Feeding","TX",9,2018-04-29,"calendar",119,2018,NA,NA,"41679_Insect consumption_2018"
1419,42.011166,-88.503304,1117,"Sayornis","phoebe","eastern phoebe","Animalia",44642,457,"Insect consumption",2018,4,21,111,2458230,2,"44642_Insect consumption","Feeding","IL",9,2018-04-21,"calendar",111,2018,NA,NA,"44642_Insect consumption_2018"
8418,32.363758,-94.873947,1126,"Thryothorus","ludovicianus","Carolina wren","Animalia",46734,310,"Fruit/seed consumption",2018,1,17,17,2458136,3,"46734_Fruit/seed consumption","Feeding","TX",10,2018-01-17,"calendar",17,2018,NA,NA,"46734_Fruit/seed consumption_2018"
11598,43.073357,-71.150681,243,"Gavia","immer","common loon","Animalia",48357,298,"Occupied nest",2018,6,3,154,2458273,6,"48357_Occupied nest","Nesting behavior","NH",9,2018-06-03,"calendar",154,2018,NA,NA,"48357_Occupied nest_2018"
11598,43.073357,-71.150681,243,"Gavia","immer","common loon","Animalia",48357,542,"Feeding (or foraging)",2018,5,14,134,2458253,21,"48357_Feeding (or foraging)","Feeding","NH",9,2018-05-14,"calendar",134,2018,NA,NA,"48357_Feeding (or foraging)_2018"
6102,32.23188,-110.951012,1088,"Calypte","anna","Anna's hummingbird","Animalia",49639,312,"Flower visitation",2018,10,16,289,2458408,NA,"49639_Flower visitation","Feeding","AZ",9,2018-10-16,"calendar",289,2018,NA,NA,"49639_Flower visitation_2018"
6102,32.23188,-110.951012,1110,"Passer","domesticus","house sparrow","Animalia",49643,294,"Singing individuals (birds)",2018,1,16,16,2458135,NA,"49643_Singing individuals (birds)","Singing individuals","AZ",10,2018-01-16,"calendar",16,2018,NA,NA,"49643_Singing individuals (birds)_2018"
6102,32.23188,-110.951012,1110,"Passer","domesticus","house sparrow","Animalia",49643,310,"Fruit/seed consumption",2018,2,20,51,2458170,35,"49643_Fruit/seed consumption","Feeding","AZ",10,2018-02-20,"calendar",51,2018,NA,NA,"49643_Fruit/seed consumption_2018"
12064,32.248463,-110.909584,1088,"Calypte","anna","Anna's hummingbird","Animalia",50759,312,"Flower visitation",2018,2,1,32,2458151,5,"50759_Flower visitation","Feeding","AZ",9,2018-02-01,"calendar",32,2018,NA,NA,"50759_Flower visitation_2018"
12064,32.248463,-110.909584,1088,"Calypte","anna","Anna's hummingbird","Animalia",50759,542,"Feeding (or foraging)",2018,2,1,32,2458151,5,"50759_Feeding (or foraging)","Feeding","AZ",9,2018-02-01,"calendar",32,2018,NA,NA,"50759_Feeding (or foraging)_2018"
8418,32.363758,-94.873947,741,"Regulus","calendula","ruby-crowned kinglet","Animalia",60925,310,"Fruit/seed consumption",2018,1,7,7,2458126,4,"60925_Fruit/seed consumption","Feeding","TX",9,2018-01-07,"calendar",7,2018,NA,NA,"60925_Fruit/seed consumption_2018"
8418,32.363758,-94.873947,739,"Zonotrichia","albicollis","white-throated sparrow","Animalia",60926,310,"Fruit/seed consumption",2018,11,14,318,2458437,3,"60926_Fruit/seed consumption","Feeding","TX",9,2018-11-14,"calendar",318,2018,NA,NA,"60926_Fruit/seed consumption_2018"
16295,27.929228,-82.725639,1108,"Mimus","polyglottos","northern mockingbird","Animalia",60950,294,"Singing individuals (birds)",2018,2,15,46,2458165,7,"60950_Singing individuals (birds)","Singing individuals","FL",9,2018-02-15,"calendar",46,2018,NA,NA,"60950_Singing individuals (birds)_2018"
5428,48.033489,-122.598724,1088,"Calypte","anna","Anna's hummingbird","Animalia",60981,312,"Flower visitation",2018,1,4,4,2458123,NA,"60981_Flower visitation","Feeding","WA",10,2018-01-04,"calendar",4,2018,NA,NA,"60981_Flower visitation_2018"
5428,48.033489,-122.598724,1119,"Selasphorus","rufus","rufous hummingbird","Animalia",60984,312,"Flower visitation",2018,3,19,78,2458197,33,"60984_Flower visitation","Feeding","WA",9,2018-03-19,"calendar",78,2018,NA,NA,"60984_Flower visitation_2018"
5428,48.033489,-122.598724,1119,"Selasphorus","rufus","rufous hummingbird","Animalia",60984,542,"Feeding (or foraging)",2018,3,19,78,2458197,33,"60984_Feeding (or foraging)","Feeding","WA",9,2018-03-19,"calendar",78,2018,NA,NA,"60984_Feeding (or foraging)_2018"
8418,32.363758,-94.873947,359,"Agelaius","phoeniceus","red-winged blackbird","Animalia",62147,310,"Fruit/seed consumption",2018,1,21,21,2458140,4,"62147_Fruit/seed consumption","Feeding","TX",10,2018-01-21,"calendar",21,2018,NA,NA,"62147_Fruit/seed consumption_2018"
8418,32.363758,-94.873947,1233,"Poecile","carolinensis","Carolina chickadee","Animalia",63335,310,"Fruit/seed consumption",2018,1,7,7,2458126,4,"63335_Fruit/seed consumption","Feeding","TX",10,2018-01-07,"calendar",7,2018,NA,NA,"63335_Fruit/seed consumption_2018"
10145,42.602543,-83.250992,1224,"Branta","canadensis","Canada goose","Animalia",64229,541,"Fledged young (precocial birds)",2018,6,19,170,2458289,1,"64229_Fledged young (precocial birds)","Young observed","MI",9,2018-06-19,"calendar",170,2018,NA,NA,"64229_Fledged young (precocial birds)_2018"
8418,32.363758,-94.873947,363,"Molothrus","ater","brown-headed cowbird","Animalia",64379,310,"Fruit/seed consumption",2018,3,18,77,2458196,11,"64379_Fruit/seed consumption","Feeding","TX",9,2018-03-18,"calendar",77,2018,NA,NA,"64379_Fruit/seed consumption_2018"
17414,42.936153,-73.433449,1124,"Tachycineta","bicolor","tree swallow","Animalia",66940,297,"Nest building (birds)",2018,4,22,112,2458231,9,"66940_Nest building (birds)","Nesting behavior","NY",9,2018-04-22,"calendar",112,2018,NA,NA,"66940_Nest building (birds)_2018"
17414,42.936153,-73.433449,1124,"Tachycineta","bicolor","tree swallow","Animalia",66940,298,"Occupied nest",2018,5,4,124,2458243,1,"66940_Occupied nest","Nesting behavior","NY",9,2018-05-04,"calendar",124,2018,NA,NA,"66940_Occupied nest_2018"
17414,42.936153,-73.433449,1124,"Tachycineta","bicolor","tree swallow","Animalia",66940,457,"Insect consumption",2018,5,10,130,2458249,6,"66940_Insect consumption","Feeding","NY",9,2018-05-10,"calendar",130,2018,NA,NA,"66940_Insect consumption_2018"
17414,42.936153,-73.433449,1124,"Tachycineta","bicolor","tree swallow","Animalia",66940,542,"Feeding (or foraging)",2018,4,10,100,2458219,2,"66940_Feeding (or foraging)","Feeding","NY",9,2018-04-10,"calendar",100,2018,NA,NA,"66940_Feeding (or foraging)_2018"
17707,37.360123,-122.128151,1229,"Melanerpes","formicivorus","acorn woodpecker","Animalia",68607,311,"Nut gathering",2018,11,7,311,2458430,140,"68607_Nut gathering","Feeding","CA",9,2018-11-07,"calendar",311,2018,NA,NA,"68607_Nut gathering_2018"
17707,37.360123,-122.128151,362,"Junco","hyemalis","dark-eyed junco","Animalia",68613,294,"Singing individuals (birds)",2018,1,16,16,2458135,NA,"68613_Singing individuals (birds)","Singing individuals","CA",11,2018-01-16,"calendar",16,2018,NA,NA,"68613_Singing individuals (birds)_2018"
9652,44.768246,-94.155746,1090,"Cardinalis","cardinalis","northern cardinal","Animalia",69510,294,"Singing individuals (birds)",2018,5,17,137,2458256,1,"69510_Singing individuals (birds)","Singing individuals","MN",11,2018-05-17,"calendar",137,2018,NA,NA,"69510_Singing individuals (birds)_2018"
9652,44.768246,-94.155746,1090,"Cardinalis","cardinalis","northern cardinal","Animalia",69510,310,"Fruit/seed consumption",2018,1,28,28,2458147,NA,"69510_Fruit/seed consumption","Feeding","MN",10,2018-01-28,"calendar",28,2018,NA,NA,"69510_Fruit/seed consumption_2018"
9652,44.768246,-94.155746,1090,"Cardinalis","cardinalis","northern cardinal","Animalia",69510,542,"Feeding (or foraging)",2018,1,28,28,2458147,NA,"69510_Feeding (or foraging)","Feeding","MN",9,2018-01-28,"calendar",28,2018,NA,NA,"69510_Feeding (or foraging)_2018"
12725,37.360928,-122.130836,1088,"Calypte","anna","Anna's hummingbird","Animalia",71544,294,"Singing individuals (birds)",2018,1,18,18,2458137,1,"71544_Singing individuals (birds)","Singing individuals","CA",9,2018-01-18,"calendar",18,2018,NA,NA,"71544_Singing individuals (birds)_2018"
12725,37.360928,-122.130836,1088,"Calypte","anna","Anna's hummingbird","Animalia",71544,312,"Flower visitation",2018,1,17,17,2458136,NA,"71544_Flower visitation","Feeding","CA",9,2018-01-17,"calendar",17,2018,NA,NA,"71544_Flower visitation_2018"
6099,34.119007,-118.760071,1229,"Melanerpes","formicivorus","acorn woodpecker","Animalia",72367,457,"Insect consumption",2018,1,18,18,2458137,NA,"72367_Insect consumption","Feeding","CA",11,2018-01-18,"calendar",18,2018,NA,NA,"72367_Insect consumption_2018"
6091,34.11578,-118.757507,1229,"Melanerpes","formicivorus","acorn woodpecker","Animalia",72369,542,"Feeding (or foraging)",2018,1,25,25,2458144,NA,"72369_Feeding (or foraging)","Feeding","CA",9,2018-01-25,"calendar",25,2018,NA,NA,"72369_Feeding (or foraging)_2018"
18529,33.630066,-112.147385,1088,"Calypte","anna","Anna's hummingbird","Animalia",73449,312,"Flower visitation",2018,1,3,3,2458122,NA,"73449_Flower visitation","Feeding","AZ",10,2018-01-03,"calendar",3,2018,NA,NA,"73449_Flower visitation_2018"
18529,33.630066,-112.147385,1088,"Calypte","anna","Anna's hummingbird","Animalia",73449,457,"Insect consumption",2018,1,3,3,2458122,NA,"73449_Insect consumption","Feeding","AZ",10,2018-01-03,"calendar",3,2018,NA,NA,"73449_Insect consumption_2018"
18529,33.630066,-112.147385,740,"Toxostoma","curvirostre","curve-billed thrasher","Animalia",75309,457,"Insect consumption",2018,1,3,3,2458122,NA,"75309_Insect consumption","Feeding","AZ",10,2018-01-03,"calendar",3,2018,NA,NA,"75309_Insect consumption_2018"
9341,35.639874,-83.687721,377,"Vireo","olivaceus","red-eyed vireo","Animalia",75374,294,"Singing individuals (birds)",2018,5,21,141,2458260,19,"75374_Singing individuals (birds)","Singing individuals","TN",9,2018-05-21,"calendar",141,2018,NA,NA,"75374_Singing individuals (birds)_2018"
9341,35.639874,-83.687721,1098,"Setophaga","virens","black-throated green warbler","Animalia",75375,294,"Singing individuals (birds)",2018,4,4,94,2458213,7,"75375_Singing individuals (birds)","Singing individuals","TN",9,2018-04-04,"calendar",94,2018,NA,NA,"75375_Singing individuals (birds)_2018"
19944,33.66478,-117.843063,1088,"Calypte","anna","Anna's hummingbird","Animalia",81455,294,"Singing individuals (birds)",2018,1,1,1,2458120,NA,"81455_Singing individuals (birds)","Singing individuals","CA",11,2018-01-01,"calendar",1,2018,NA,NA,"81455_Singing individuals (birds)_2018"
19944,33.66478,-117.843063,1088,"Calypte","anna","Anna's hummingbird","Animalia",81455,295,"Territorial individuals (birds)",2018,1,7,7,2458126,6,"81455_Territorial individuals (birds)","Territorial behavior","CA",9,2018-01-07,"calendar",7,2018,NA,NA,"81455_Territorial individuals (birds)_2018"
19944,33.66478,-117.843063,1088,"Calypte","anna","Anna's hummingbird","Animalia",81455,312,"Flower visitation",2018,1,6,6,2458125,5,"81455_Flower visitation","Feeding","CA",11,2018-01-06,"calendar",6,2018,NA,NA,"81455_Flower visitation_2018"
19944,33.66478,-117.843063,1088,"Calypte","anna","Anna's hummingbird","Animalia",81455,457,"Insect consumption",2018,1,19,19,2458138,1,"81455_Insect consumption","Feeding","CA",11,2018-01-19,"calendar",19,2018,NA,NA,"81455_Insect consumption_2018"
19944,33.66478,-117.843063,1088,"Calypte","anna","Anna's hummingbird","Animalia",81455,542,"Feeding (or foraging)",2018,1,1,1,2458120,NA,"81455_Feeding (or foraging)","Feeding","CA",9,2018-01-01,"calendar",1,2018,NA,NA,"81455_Feeding (or foraging)_2018"
19944,33.66478,-117.843063,376,"Sayornis","nigricans","black phoebe","Animalia",81456,294,"Singing individuals (birds)",2018,1,6,6,2458125,5,"81456_Singing individuals (birds)","Singing individuals","CA",11,2018-01-06,"calendar",6,2018,NA,NA,"81456_Singing individuals (birds)_2018"
19944,33.66478,-117.843063,376,"Sayornis","nigricans","black phoebe","Animalia",81456,295,"Territorial individuals (birds)",2018,2,18,49,2458168,1,"81456_Territorial individuals (birds)","Territorial behavior","CA",9,2018-02-18,"calendar",49,2018,NA,NA,"81456_Territorial individuals (birds)_2018"
19944,33.66478,-117.843063,376,"Sayornis","nigricans","black phoebe","Animalia",81456,457,"Insect consumption",2018,1,1,1,2458120,NA,"81456_Insect consumption","Feeding","CA",11,2018-01-01,"calendar",1,2018,NA,NA,"81456_Insect consumption_2018"
19944,33.66478,-117.843063,376,"Sayornis","nigricans","black phoebe","Animalia",81456,542,"Feeding (or foraging)",2018,1,1,1,2458120,NA,"81456_Feeding (or foraging)","Feeding","CA",9,2018-01-01,"calendar",1,2018,NA,NA,"81456_Feeding (or foraging)_2018"
19944,33.66478,-117.843063,242,"Petrochelidon","pyrrhonota","cliff swallow","Animalia",81457,294,"Singing individuals (birds)",2018,2,28,59,2458178,7,"81457_Singing individuals (birds)","Singing individuals","CA",10,2018-02-28,"calendar",59,2018,NA,NA,"81457_Singing individuals (birds)_2018"
19944,33.66478,-117.843063,242,"Petrochelidon","pyrrhonota","cliff swallow","Animalia",81457,298,"Occupied nest",2018,4,9,99,2458218,8,"81457_Occupied nest","Nesting behavior","CA",9,2018-04-09,"calendar",99,2018,NA,NA,"81457_Occupied nest_2018"
19944,33.66478,-117.843063,242,"Petrochelidon","pyrrhonota","cliff swallow","Animalia",81457,542,"Feeding (or foraging)",2018,2,17,48,2458167,3,"81457_Feeding (or foraging)","Feeding","CA",9,2018-02-17,"calendar",48,2018,NA,NA,"81457_Feeding (or foraging)_2018"
19944,33.66478,-117.843063,1197,"Geothlypis","trichas","common yellowthroat","Animalia",81458,294,"Singing individuals (birds)",2018,1,24,24,2458143,5,"81458_Singing individuals (birds)","Singing individuals","CA",11,2018-01-24,"calendar",24,2018,NA,NA,"81458_Singing individuals (birds)_2018"
19944,33.66478,-117.843063,1197,"Geothlypis","trichas","common yellowthroat","Animalia",81458,295,"Territorial individuals (birds)",2018,1,7,7,2458126,1,"81458_Territorial individuals (birds)","Territorial behavior","CA",9,2018-01-07,"calendar",7,2018,NA,NA,"81458_Territorial individuals (birds)_2018"
19944,33.66478,-117.843063,1197,"Geothlypis","trichas","common yellowthroat","Animalia",81458,542,"Feeding (or foraging)",2018,1,1,1,2458120,NA,"81458_Feeding (or foraging)","Feeding","CA",9,2018-01-01,"calendar",1,2018,NA,NA,"81458_Feeding (or foraging)_2018"
19944,33.66478,-117.843063,370,"Ardea","herodias","great blue heron","Animalia",81459,542,"Feeding (or foraging)",2018,1,6,6,2458125,5,"81459_Feeding (or foraging)","Feeding","CA",9,2018-01-06,"calendar",6,2018,NA,NA,"81459_Feeding (or foraging)_2018"
19944,33.66478,-117.843063,244,"Charadrius","vociferus","killdeer","Animalia",81460,295,"Territorial individuals (birds)",2018,3,18,77,2458196,3,"81460_Territorial individuals (birds)","Territorial behavior","CA",9,2018-03-18,"calendar",77,2018,NA,NA,"81460_Territorial individuals (birds)_2018"
19944,33.66478,-117.843063,244,"Charadrius","vociferus","killdeer","Animalia",81460,542,"Feeding (or foraging)",2018,1,1,1,2458120,NA,"81460_Feeding (or foraging)","Feeding","CA",9,2018-01-01,"calendar",1,2018,NA,NA,"81460_Feeding (or foraging)_2018"
19944,33.66478,-117.843063,248,"Pandion","haliaetus","osprey","Animalia",81461,297,"Nest building (birds)",2018,1,19,19,2458138,1,"81461_Nest building (birds)","Nesting behavior","CA",9,2018-01-19,"calendar",19,2018,NA,NA,"81461_Nest building (birds)_2018"
19944,33.66478,-117.843063,248,"Pandion","haliaetus","osprey","Animalia",81461,298,"Occupied nest",2018,1,6,6,2458125,5,"81461_Occupied nest","Nesting behavior","CA",9,2018-01-06,"calendar",6,2018,NA,NA,"81461_Occupied nest_2018"
19944,33.66478,-117.843063,248,"Pandion","haliaetus","osprey","Animalia",81461,542,"Feeding (or foraging)",2018,1,18,18,2458137,6,"81461_Feeding (or foraging)","Feeding","CA",9,2018-01-18,"calendar",18,2018,NA,NA,"81461_Feeding (or foraging)_2018"
19944,33.66478,-117.843063,373,"Actitis","macularius","spotted sandpiper","Animalia",81462,542,"Feeding (or foraging)",2018,1,7,7,2458126,1,"81462_Feeding (or foraging)","Feeding","CA",9,2018-01-07,"calendar",7,2018,NA,NA,"81462_Feeding (or foraging)_2018"
8418,32.363758,-94.873947,1377,"Baeolophus","bicolor","tufted titmouse","Animalia",85005,310,"Fruit/seed consumption",2018,1,7,7,2458126,4,"85005_Fruit/seed consumption","Feeding","TX",9,2018-01-07,"calendar",7,2018,NA,NA,"85005_Fruit/seed consumption_2018"
17414,42.936153,-73.433449,1197,"Geothlypis","trichas","common yellowthroat","Animalia",86970,294,"Singing individuals (birds)",2018,5,24,144,2458263,6,"86970_Singing individuals (birds)","Singing individuals","NY",11,2018-05-24,"calendar",144,2018,NA,NA,"86970_Singing individuals (birds)_2018"
20765,33.632149,-117.55545,1229,"Melanerpes","formicivorus","acorn woodpecker","Animalia",88470,311,"Nut gathering",2018,1,11,11,2458130,7,"88470_Nut gathering","Feeding","CA",9,2018-01-11,"calendar",11,2018,NA,NA,"88470_Nut gathering_2018"
20765,33.632149,-117.55545,1088,"Calypte","anna","Anna's hummingbird","Animalia",88471,294,"Singing individuals (birds)",2018,2,19,50,2458169,6,"88471_Singing individuals (birds)","Singing individuals","CA",10,2018-02-19,"calendar",50,2018,NA,NA,"88471_Singing individuals (birds)_2018"
20765,33.632149,-117.55545,1088,"Calypte","anna","Anna's hummingbird","Animalia",88471,312,"Flower visitation",2018,2,13,44,2458163,5,"88471_Flower visitation","Feeding","CA",10,2018-02-13,"calendar",44,2018,NA,NA,"88471_Flower visitation_2018"
20765,33.632149,-117.55545,376,"Sayornis","nigricans","black phoebe","Animalia",88472,457,"Insect consumption",2018,7,16,197,2458316,11,"88472_Insect consumption","Feeding","CA",9,2018-07-16,"calendar",197,2018,NA,NA,"88472_Insect consumption_2018"
20765,33.632149,-117.55545,355,"Troglodytes","aedon","house wren","Animalia",88474,294,"Singing individuals (birds)",2018,1,11,11,2458130,7,"88474_Singing individuals (birds)","Singing individuals","CA",10,2018-01-11,"calendar",11,2018,NA,NA,"88474_Singing individuals (birds)_2018"
20765,33.632149,-117.55545,1380,"Melospiza","melodia","song sparrow","Animalia",88475,294,"Singing individuals (birds)",2018,2,13,44,2458163,5,"88475_Singing individuals (birds)","Singing individuals","CA",11,2018-02-13,"calendar",44,2018,NA,NA,"88475_Singing individuals (birds)_2018"
20765,33.632149,-117.55545,1091,"Spinus","psaltria","lesser goldfinch","Animalia",88478,294,"Singing individuals (birds)",2018,2,8,39,2458158,18,"88478_Singing individuals (birds)","Singing individuals","CA",9,2018-02-08,"calendar",39,2018,NA,NA,"88478_Singing individuals (birds)_2018"
20956,33.632149,-117.55545,1378,"Chamaea","fasciata","wrentit","Animalia",90118,294,"Singing individuals (birds)",2018,1,6,6,2458125,NA,"90118_Singing individuals (birds)","Singing individuals","CA",11,2018-01-06,"calendar",6,2018,NA,NA,"90118_Singing individuals (birds)_2018"
22740,38.525036,-121.970711,362,"Junco","hyemalis","dark-eyed junco","Animalia",102228,310,"Fruit/seed consumption",2018,1,11,11,2458130,7,"102228_Fruit/seed consumption","Feeding","CA",9,2018-01-11,"calendar",11,2018,NA,NA,"102228_Fruit/seed consumption_2018"
22740,38.525036,-121.970711,741,"Regulus","calendula","ruby-crowned kinglet","Animalia",102229,457,"Insect consumption",2018,1,4,4,2458123,NA,"102229_Insect consumption","Feeding","CA",9,2018-01-04,"calendar",4,2018,NA,NA,"102229_Insect consumption_2018"
22740,38.525036,-121.970711,357,"Sialia","mexicana","western bluebird","Animalia",102231,457,"Insect consumption",2018,1,11,11,2458130,7,"102231_Insect consumption","Feeding","CA",9,2018-01-11,"calendar",11,2018,NA,NA,"102231_Insect consumption_2018"
22740,38.525036,-121.970711,1097,"Setophaga","coronata","yellow-rumped warbler","Animalia",102234,457,"Insect consumption",2018,2,8,39,2458158,14,"102234_Insect consumption","Feeding","CA",9,2018-02-08,"calendar",39,2018,NA,NA,"102234_Insect consumption_2018"
20956,33.632149,-117.55545,1418,"Toxostoma","redivivum","California thrasher","Animalia",102436,294,"Singing individuals (birds)",2018,1,6,6,2458125,NA,"102436_Singing individuals (birds)","Singing individuals","CA",11,2018-01-06,"calendar",6,2018,NA,NA,"102436_Singing individuals (birds)_2018"
22858,38.09404,-122.37149,1380,"Melospiza","melodia","song sparrow","Animalia",103159,294,"Singing individuals (birds)",2018,1,7,7,2458126,NA,"103159_Singing individuals (birds)","Singing individuals","CA",10,2018-01-07,"calendar",7,2018,NA,NA,"103159_Singing individuals (birds)_2018"
22858,38.09404,-122.37149,1380,"Melospiza","melodia","song sparrow","Animalia",103159,310,"Fruit/seed consumption",2018,6,4,155,2458274,7,"103159_Fruit/seed consumption","Feeding","CA",9,2018-06-04,"calendar",155,2018,NA,NA,"103159_Fruit/seed consumption_2018"
22858,38.09404,-122.37149,1380,"Melospiza","melodia","song sparrow","Animalia",103159,542,"Feeding (or foraging)",2018,6,4,155,2458274,7,"103159_Feeding (or foraging)","Feeding","CA",9,2018-06-04,"calendar",155,2018,NA,NA,"103159_Feeding (or foraging)_2018"
22858,38.09404,-122.37149,1124,"Tachycineta","bicolor","tree swallow","Animalia",103160,542,"Feeding (or foraging)",2018,4,9,99,2458218,21,"103160_Feeding (or foraging)","Feeding","CA",9,2018-04-09,"calendar",99,2018,NA,NA,"103160_Feeding (or foraging)_2018"
22858,38.09404,-122.37149,357,"Sialia","mexicana","western bluebird","Animalia",103161,542,"Feeding (or foraging)",2018,2,26,57,2458176,28,"103161_Feeding (or foraging)","Feeding","CA",9,2018-02-26,"calendar",57,2018,NA,NA,"103161_Feeding (or foraging)_2018"
17414,42.936153,-73.433449,352,"Archilochus","colubris","ruby-throated hummingbird","Animalia",103211,542,"Feeding (or foraging)",2018,5,3,123,2458242,2,"103211_Feeding (or foraging)","Feeding","NY",9,2018-05-03,"calendar",123,2018,NA,NA,"103211_Feeding (or foraging)_2018"
22858,38.09404,-122.37149,1375,"Anas","platyrhynchos","mallard","Animalia",114733,542,"Feeding (or foraging)",2018,1,29,29,2458148,14,"114733_Feeding (or foraging)","Feeding","CA",9,2018-01-29,"calendar",29,2018,NA,NA,"114733_Feeding (or foraging)_2018"
22858,38.09404,-122.37149,359,"Agelaius","phoeniceus","red-winged blackbird","Animalia",114734,294,"Singing individuals (birds)",2018,3,12,71,2458190,7,"114734_Singing individuals (birds)","Singing individuals","CA",9,2018-03-12,"calendar",71,2018,NA,NA,"114734_Singing individuals (birds)_2018"
22858,38.09404,-122.37149,359,"Agelaius","phoeniceus","red-winged blackbird","Animalia",114734,310,"Fruit/seed consumption",2018,6,25,176,2458295,63,"114734_Fruit/seed consumption","Feeding","CA",9,2018-06-25,"calendar",176,2018,NA,NA,"114734_Fruit/seed consumption_2018"
22858,38.09404,-122.37149,359,"Agelaius","phoeniceus","red-winged blackbird","Animalia",114734,542,"Feeding (or foraging)",2018,4,9,99,2458218,14,"114734_Feeding (or foraging)","Feeding","CA",9,2018-04-09,"calendar",99,2018,NA,NA,"114734_Feeding (or foraging)_2018"
22858,38.09404,-122.37149,1088,"Calypte","anna","Anna's hummingbird","Animalia",114826,295,"Territorial individuals (birds)",2018,1,7,7,2458126,NA,"114826_Territorial individuals (birds)","Territorial behavior","CA",9,2018-01-07,"calendar",7,2018,NA,NA,"114826_Territorial individuals (birds)_2018"
22858,38.09404,-122.37149,1088,"Calypte","anna","Anna's hummingbird","Animalia",114826,542,"Feeding (or foraging)",2018,1,29,29,2458148,14,"114826_Feeding (or foraging)","Feeding","CA",9,2018-01-29,"calendar",29,2018,NA,NA,"114826_Feeding (or foraging)_2018"
2803,39.971001,-105.397003,1232,"Pica","hudsonia","black-billed magpie","Animalia",122046,310,"Fruit/seed consumption",2018,1,2,2,2458121,NA,"122046_Fruit/seed consumption","Feeding","CO",9,2018-01-02,"calendar",2,2018,NA,NA,"122046_Fruit/seed consumption_2018"
2803,39.971001,-105.397003,1232,"Pica","hudsonia","black-billed magpie","Animalia",122046,457,"Insect consumption",2018,1,2,2,2458121,NA,"122046_Insect consumption","Feeding","CO",9,2018-01-02,"calendar",2,2018,NA,NA,"122046_Insect consumption_2018"
2803,39.971001,-105.397003,1232,"Pica","hudsonia","black-billed magpie","Animalia",122046,542,"Feeding (or foraging)",2018,1,2,2,2458121,NA,"122046_Feeding (or foraging)","Feeding","CO",9,2018-01-02,"calendar",2,2018,NA,NA,"122046_Feeding (or foraging)_2018"
2803,39.971001,-105.397003,1113,"Dryobates","pubescens","downy woodpecker","Animalia",122049,310,"Fruit/seed consumption",2018,1,2,2,2458121,NA,"122049_Fruit/seed consumption","Feeding","CO",9,2018-01-02,"calendar",2,2018,NA,NA,"122049_Fruit/seed consumption_2018"
2803,39.971001,-105.397003,1113,"Dryobates","pubescens","downy woodpecker","Animalia",122049,542,"Feeding (or foraging)",2018,1,2,2,2458121,NA,"122049_Feeding (or foraging)","Feeding","CO",9,2018-01-02,"calendar",2,2018,NA,NA,"122049_Feeding (or foraging)_2018"
2803,39.971001,-105.397003,1411,"Poecile","gambeli","mountain chickadee","Animalia",122050,294,"Singing individuals (birds)",2018,1,2,2,2458121,NA,"122050_Singing individuals (birds)","Singing individuals","CO",9,2018-01-02,"calendar",2,2018,NA,NA,"122050_Singing individuals (birds)_2018"
2803,39.971001,-105.397003,1411,"Poecile","gambeli","mountain chickadee","Animalia",122050,310,"Fruit/seed consumption",2018,1,2,2,2458121,NA,"122050_Fruit/seed consumption","Feeding","CO",9,2018-01-02,"calendar",2,2018,NA,NA,"122050_Fruit/seed consumption_2018"
2803,39.971001,-105.397003,1411,"Poecile","gambeli","mountain chickadee","Animalia",122050,542,"Feeding (or foraging)",2018,1,2,2,2458121,NA,"122050_Feeding (or foraging)","Feeding","CO",9,2018-01-02,"calendar",2,2018,NA,NA,"122050_Feeding (or foraging)_2018"
2803,39.971001,-105.397003,359,"Agelaius","phoeniceus","red-winged blackbird","Animalia",122051,294,"Singing individuals (birds)",2018,4,2,92,2458211,3,"122051_Singing individuals (birds)","Singing individuals","CO",9,2018-04-02,"calendar",92,2018,NA,NA,"122051_Singing individuals (birds)_2018"
2803,39.971001,-105.397003,359,"Agelaius","phoeniceus","red-winged blackbird","Animalia",122051,310,"Fruit/seed consumption",2018,5,11,131,2458250,4,"122051_Fruit/seed consumption","Feeding","CO",9,2018-05-11,"calendar",131,2018,NA,NA,"122051_Fruit/seed consumption_2018"
2803,39.971001,-105.397003,359,"Agelaius","phoeniceus","red-winged blackbird","Animalia",122051,542,"Feeding (or foraging)",2018,3,16,75,2458194,4,"122051_Feeding (or foraging)","Feeding","CO",9,2018-03-16,"calendar",75,2018,NA,NA,"122051_Feeding (or foraging)_2018"
2803,39.971001,-105.397003,1398,"Cyanocitta","stelleri","Steller's jay","Animalia",122052,310,"Fruit/seed consumption",2018,1,2,2,2458121,NA,"122052_Fruit/seed consumption","Feeding","CO",9,2018-01-02,"calendar",2,2018,NA,NA,"122052_Fruit/seed consumption_2018"
2803,39.971001,-105.397003,1398,"Cyanocitta","stelleri","Steller's jay","Animalia",122052,457,"Insect consumption",2018,2,3,34,2458153,7,"122052_Insect consumption","Feeding","CO",9,2018-02-03,"calendar",34,2018,NA,NA,"122052_Insect consumption_2018"
2803,39.971001,-105.397003,1398,"Cyanocitta","stelleri","Steller's jay","Animalia",122052,542,"Feeding (or foraging)",2018,1,2,2,2458121,NA,"122052_Feeding (or foraging)","Feeding","CO",9,2018-01-02,"calendar",2,2018,NA,NA,"122052_Feeding (or foraging)_2018"
2803,39.971001,-105.397003,1415,"Sitta","carolinensis","white-breasted nuthatch","Animalia",122053,294,"Singing individuals (birds)",2018,1,2,2,2458121,NA,"122053_Singing individuals (birds)","Singing individuals","CO",9,2018-01-02,"calendar",2,2018,NA,NA,"122053_Singing individuals (birds)_2018"
2803,39.971001,-105.397003,1415,"Sitta","carolinensis","white-breasted nuthatch","Animalia",122053,310,"Fruit/seed consumption",2018,1,2,2,2458121,NA,"122053_Fruit/seed consumption","Feeding","CO",9,2018-01-02,"calendar",2,2018,NA,NA,"122053_Fruit/seed consumption_2018"
2803,39.971001,-105.397003,1415,"Sitta","carolinensis","white-breasted nuthatch","Animalia",122053,457,"Insect consumption",2018,5,4,124,2458243,4,"122053_Insect consumption","Feeding","CO",9,2018-05-04,"calendar",124,2018,NA,NA,"122053_Insect consumption_2018"
2803,39.971001,-105.397003,1415,"Sitta","carolinensis","white-breasted nuthatch","Animalia",122053,542,"Feeding (or foraging)",2018,1,2,2,2458121,NA,"122053_Feeding (or foraging)","Feeding","CO",9,2018-01-02,"calendar",2,2018,NA,NA,"122053_Feeding (or foraging)_2018"
25568,45.140465,-93.312943,1113,"Dryobates","pubescens","downy woodpecker","Animalia",123975,542,"Feeding (or foraging)",2018,4,12,102,2458221,11,"123975_Feeding (or foraging)","Feeding","MN",9,2018-04-12,"calendar",102,2018,NA,NA,"123975_Feeding (or foraging)_2018"
22613,32.33926,-110.981728,1088,"Calypte","anna","Anna's hummingbird","Animalia",136792,542,"Feeding (or foraging)",2018,1,2,2,2458121,NA,"136792_Feeding (or foraging)","Feeding","AZ",9,2018-01-02,"calendar",2,2018,NA,NA,"136792_Feeding (or foraging)_2018"
27026,43.413593,-70.810211,352,"Archilochus","colubris","ruby-throated hummingbird","Animalia",137519,294,"Singing individuals (birds)",2018,5,12,132,2458251,26,"137519_Singing individuals (birds)","Singing individuals","ME",9,2018-05-12,"calendar",132,2018,NA,NA,"137519_Singing individuals (birds)_2018"
27026,43.413593,-70.810211,352,"Archilochus","colubris","ruby-throated hummingbird","Animalia",137519,295,"Territorial individuals (birds)",2018,5,22,142,2458261,7,"137519_Territorial individuals (birds)","Territorial behavior","ME",9,2018-05-22,"calendar",142,2018,NA,NA,"137519_Territorial individuals (birds)_2018"
27026,43.413593,-70.810211,352,"Archilochus","colubris","ruby-throated hummingbird","Animalia",137519,542,"Feeding (or foraging)",2018,5,12,132,2458251,26,"137519_Feeding (or foraging)","Feeding","ME",9,2018-05-12,"calendar",132,2018,NA,NA,"137519_Feeding (or foraging)_2018"
27026,43.413593,-70.810211,246,"Turdus","migratorius","American robin","Animalia",137607,310,"Fruit/seed consumption",2018,5,22,142,2458261,7,"137607_Fruit/seed consumption","Feeding","ME",9,2018-05-22,"calendar",142,2018,NA,NA,"137607_Fruit/seed consumption_2018"
27026,43.413593,-70.810211,246,"Turdus","migratorius","American robin","Animalia",137607,457,"Insect consumption",2018,5,22,142,2458261,7,"137607_Insect consumption","Feeding","ME",9,2018-05-22,"calendar",142,2018,NA,NA,"137607_Insect consumption_2018"
27026,43.413593,-70.810211,246,"Turdus","migratorius","American robin","Animalia",137607,542,"Feeding (or foraging)",2018,4,16,106,2458225,NA,"137607_Feeding (or foraging)","Feeding","ME",9,2018-04-16,"calendar",106,2018,NA,NA,"137607_Feeding (or foraging)_2018"
27026,43.413593,-70.810211,360,"Icterus","galbula","Baltimore oriole","Animalia",137608,294,"Singing individuals (birds)",2018,5,12,132,2458251,26,"137608_Singing individuals (birds)","Singing individuals","ME",9,2018-05-12,"calendar",132,2018,NA,NA,"137608_Singing individuals (birds)_2018"
27026,43.413593,-70.810211,360,"Icterus","galbula","Baltimore oriole","Animalia",137608,295,"Territorial individuals (birds)",2018,5,12,132,2458251,26,"137608_Territorial individuals (birds)","Territorial behavior","ME",9,2018-05-12,"calendar",132,2018,NA,NA,"137608_Territorial individuals (birds)_2018"
27026,43.413593,-70.810211,360,"Icterus","galbula","Baltimore oriole","Animalia",137608,340,"Courtship",2018,5,12,132,2458251,26,"137608_Courtship","Mating activity","ME",9,2018-05-12,"calendar",132,2018,NA,NA,"137608_Courtship_2018"
27026,43.413593,-70.810211,360,"Icterus","galbula","Baltimore oriole","Animalia",137608,542,"Feeding (or foraging)",2018,5,12,132,2458251,26,"137608_Feeding (or foraging)","Feeding","ME",9,2018-05-12,"calendar",132,2018,NA,NA,"137608_Feeding (or foraging)_2018"
12064,32.248463,-110.909584,740,"Toxostoma","curvirostre","curve-billed thrasher","Animalia",139416,542,"Feeding (or foraging)",2018,2,1,32,2458151,5,"139416_Feeding (or foraging)","Feeding","AZ",9,2018-02-01,"calendar",32,2018,NA,NA,"139416_Feeding (or foraging)_2018"
12064,32.248463,-110.909584,1223,"Auriparus","flaviceps","verdin","Animalia",139417,294,"Singing individuals (birds)",2018,1,12,12,2458131,NA,"139417_Singing individuals (birds)","Singing individuals","AZ",9,2018-01-12,"calendar",12,2018,NA,NA,"139417_Singing individuals (birds)_2018"
12064,32.248463,-110.909584,1223,"Auriparus","flaviceps","verdin","Animalia",139417,542,"Feeding (or foraging)",2018,2,1,32,2458151,5,"139417_Feeding (or foraging)","Feeding","AZ",9,2018-02-01,"calendar",32,2018,NA,NA,"139417_Feeding (or foraging)_2018"
9652,44.768246,-94.155746,245,"Poecile","atricapillus","black-capped chickadee","Animalia",139453,310,"Fruit/seed consumption",2018,1,26,26,2458145,NA,"139453_Fruit/seed consumption","Feeding","MN",9,2018-01-26,"calendar",26,2018,NA,NA,"139453_Fruit/seed consumption_2018"
9652,44.768246,-94.155746,245,"Poecile","atricapillus","black-capped chickadee","Animalia",139453,542,"Feeding (or foraging)",2018,1,26,26,2458145,NA,"139453_Feeding (or foraging)","Feeding","MN",9,2018-01-26,"calendar",26,2018,NA,NA,"139453_Feeding (or foraging)_2018"
27407,38.037094,-122.394722,244,"Charadrius","vociferus","killdeer","Animalia",141455,542,"Feeding (or foraging)",2018,6,11,162,2458281,7,"141455_Feeding (or foraging)","Feeding","CA",9,2018-06-11,"calendar",162,2018,NA,NA,"141455_Feeding (or foraging)_2018"
27407,38.037094,-122.394722,1375,"Anas","platyrhynchos","mallard","Animalia",141456,542,"Feeding (or foraging)",2018,1,15,15,2458134,8,"141456_Feeding (or foraging)","Feeding","CA",9,2018-01-15,"calendar",15,2018,NA,NA,"141456_Feeding (or foraging)_2018"
27407,38.037094,-122.394722,375,"Zenaida","macroura","mourning dove","Animalia",141460,294,"Singing individuals (birds)",2018,3,26,85,2458204,7,"141460_Singing individuals (birds)","Singing individuals","CA",9,2018-03-26,"calendar",85,2018,NA,NA,"141460_Singing individuals (birds)_2018"
27407,38.037094,-122.394722,376,"Sayornis","nigricans","black phoebe","Animalia",141461,294,"Singing individuals (birds)",2018,2,5,36,2458155,7,"141461_Singing individuals (birds)","Singing individuals","CA",9,2018-02-05,"calendar",36,2018,NA,NA,"141461_Singing individuals (birds)_2018"
27407,38.037094,-122.394722,376,"Sayornis","nigricans","black phoebe","Animalia",141461,457,"Insect consumption",2018,1,15,15,2458134,8,"141461_Insect consumption","Feeding","CA",9,2018-01-15,"calendar",15,2018,NA,NA,"141461_Insect consumption_2018"
27407,38.037094,-122.394722,376,"Sayornis","nigricans","black phoebe","Animalia",141461,542,"Feeding (or foraging)",2018,1,15,15,2458134,8,"141461_Feeding (or foraging)","Feeding","CA",9,2018-01-15,"calendar",15,2018,NA,NA,"141461_Feeding (or foraging)_2018"
22740,38.525036,-121.970711,1654,"Baeolophus","inornatus","oak titmouse","Animalia",148019,457,"Insect consumption",2018,1,11,11,2458130,7,"148019_Insect consumption","Feeding","CA",9,2018-01-11,"calendar",11,2018,NA,NA,"148019_Insect consumption_2018"
1419,42.011166,-88.503304,246,"Turdus","migratorius","American robin","Animalia",10282,294,"Singing individuals (birds)",2019,3,25,84,2458568,65,"10282_Singing individuals (birds)","Singing individuals","IL",15,2019-03-25,"calendar",84,2019,NA,NA,"10282_Singing individuals (birds)_2019"
1419,42.011166,-88.503304,246,"Turdus","migratorius","American robin","Animalia",10282,457,"Insect consumption",2019,5,6,126,2458610,15,"10282_Insect consumption","Feeding","IL",12,2019-05-06,"calendar",126,2019,NA,NA,"10282_Insect consumption_2019"
1419,42.011166,-88.503304,246,"Turdus","migratorius","American robin","Animalia",10282,542,"Feeding (or foraging)",2019,5,6,126,2458610,15,"10282_Feeding (or foraging)","Feeding","IL",9,2019-05-06,"calendar",126,2019,NA,NA,"10282_Feeding (or foraging)_2019"
1419,42.011166,-88.503304,245,"Poecile","atricapillus","black-capped chickadee","Animalia",10283,294,"Singing individuals (birds)",2019,3,28,87,2458571,68,"10283_Singing individuals (birds)","Singing individuals","IL",14,2019-03-28,"calendar",87,2019,NA,NA,"10283_Singing individuals (birds)_2019"
1419,42.011166,-88.503304,245,"Poecile","atricapillus","black-capped chickadee","Animalia",10283,310,"Fruit/seed consumption",2019,1,4,4,2458488,NA,"10283_Fruit/seed consumption","Feeding","IL",13,2019-01-04,"calendar",4,2019,NA,NA,"10283_Fruit/seed consumption_2019"
5428,48.033489,-122.598724,240,"Spinus","tristis","American goldfinch","Animalia",11347,310,"Fruit/seed consumption",2019,3,22,81,2458565,4,"11347_Fruit/seed consumption","Feeding","WA",14,2019-03-22,"calendar",81,2019,NA,NA,"11347_Fruit/seed consumption_2019"
5428,48.033489,-122.598724,240,"Spinus","tristis","American goldfinch","Animalia",11347,542,"Feeding (or foraging)",2019,3,22,81,2458565,4,"11347_Feeding (or foraging)","Feeding","WA",9,2019-03-22,"calendar",81,2019,NA,NA,"11347_Feeding (or foraging)_2019"
5428,48.033489,-122.598724,245,"Poecile","atricapillus","black-capped chickadee","Animalia",11350,310,"Fruit/seed consumption",2019,1,25,25,2458509,7,"11350_Fruit/seed consumption","Feeding","WA",13,2019-01-25,"calendar",25,2019,NA,NA,"11350_Fruit/seed consumption_2019"
5428,48.033489,-122.598724,362,"Junco","hyemalis","dark-eyed junco","Animalia",11351,310,"Fruit/seed consumption",2019,1,11,11,2458495,NA,"11351_Fruit/seed consumption","Feeding","WA",13,2019-01-11,"calendar",11,2019,NA,NA,"11351_Fruit/seed consumption_2019"
5674,44.910587,-70.266861,246,"Turdus","migratorius","American robin","Animalia",12709,310,"Fruit/seed consumption",2019,4,14,104,2458588,7,"12709_Fruit/seed consumption","Feeding","ME",12,2019-04-14,"calendar",104,2019,NA,NA,"12709_Fruit/seed consumption_2019"
5674,44.910587,-70.266861,246,"Turdus","migratorius","American robin","Animalia",12709,457,"Insect consumption",2019,5,26,146,2458630,7,"12709_Insect consumption","Feeding","ME",11,2019-05-26,"calendar",146,2019,NA,NA,"12709_Insect consumption_2019"
5674,44.910587,-70.266861,246,"Turdus","migratorius","American robin","Animalia",12709,542,"Feeding (or foraging)",2019,4,14,104,2458588,7,"12709_Feeding (or foraging)","Feeding","ME",9,2019-04-14,"calendar",104,2019,NA,NA,"12709_Feeding (or foraging)_2019"
5674,44.910587,-70.266861,352,"Archilochus","colubris","ruby-throated hummingbird","Animalia",12712,295,"Territorial individuals (birds)",2019,5,12,132,2458616,7,"12712_Territorial individuals (birds)","Territorial behavior","ME",9,2019-05-12,"calendar",132,2019,NA,NA,"12712_Territorial individuals (birds)_2019"
5674,44.910587,-70.266861,352,"Archilochus","colubris","ruby-throated hummingbird","Animalia",12712,312,"Flower visitation",2019,5,26,146,2458630,7,"12712_Flower visitation","Feeding","ME",13,2019-05-26,"calendar",146,2019,NA,NA,"12712_Flower visitation_2019"
5674,44.910587,-70.266861,352,"Archilochus","colubris","ruby-throated hummingbird","Animalia",12712,542,"Feeding (or foraging)",2019,5,12,132,2458616,7,"12712_Feeding (or foraging)","Feeding","ME",9,2019-05-12,"calendar",132,2019,NA,NA,"12712_Feeding (or foraging)_2019"
2803,39.971001,-105.397003,246,"Turdus","migratorius","American robin","Animalia",16046,294,"Singing individuals (birds)",2019,4,1,91,2458575,16,"16046_Singing individuals (birds)","Singing individuals","CO",14,2019-04-01,"calendar",91,2019,NA,NA,"16046_Singing individuals (birds)_2019"
2803,39.971001,-105.397003,246,"Turdus","migratorius","American robin","Animalia",16046,310,"Fruit/seed consumption",2019,8,24,236,2458720,7,"16046_Fruit/seed consumption","Feeding","CO",10,2019-08-24,"calendar",236,2019,NA,NA,"16046_Fruit/seed consumption_2019"
2803,39.971001,-105.397003,246,"Turdus","migratorius","American robin","Animalia",16046,457,"Insect consumption",2019,4,1,91,2458575,16,"16046_Insect consumption","Feeding","CO",15,2019-04-01,"calendar",91,2019,NA,NA,"16046_Insect consumption_2019"
2803,39.971001,-105.397003,246,"Turdus","migratorius","American robin","Animalia",16046,542,"Feeding (or foraging)",2019,4,1,91,2458575,16,"16046_Feeding (or foraging)","Feeding","CO",9,2019-04-01,"calendar",91,2019,NA,NA,"16046_Feeding (or foraging)_2019"
2803,39.971001,-105.397003,245,"Poecile","atricapillus","black-capped chickadee","Animalia",16047,294,"Singing individuals (birds)",2019,1,1,1,2458485,NA,"16047_Singing individuals (birds)","Singing individuals","CO",13,2019-01-01,"calendar",1,2019,NA,NA,"16047_Singing individuals (birds)_2019"
2803,39.971001,-105.397003,245,"Poecile","atricapillus","black-capped chickadee","Animalia",16047,310,"Fruit/seed consumption",2019,1,1,1,2458485,NA,"16047_Fruit/seed consumption","Feeding","CO",15,2019-01-01,"calendar",1,2019,NA,NA,"16047_Fruit/seed consumption_2019"
2803,39.971001,-105.397003,245,"Poecile","atricapillus","black-capped chickadee","Animalia",16047,542,"Feeding (or foraging)",2019,1,1,1,2458485,NA,"16047_Feeding (or foraging)","Feeding","CO",9,2019-01-01,"calendar",1,2019,NA,NA,"16047_Feeding (or foraging)_2019"
2803,39.971001,-105.397003,354,"Selasphorus","platycercus","broad-tailed hummingbird","Animalia",16048,295,"Territorial individuals (birds)",2019,5,13,133,2458617,2,"16048_Territorial individuals (birds)","Territorial behavior","CO",9,2019-05-13,"calendar",133,2019,NA,NA,"16048_Territorial individuals (birds)_2019"
2803,39.971001,-105.397003,354,"Selasphorus","platycercus","broad-tailed hummingbird","Animalia",16048,312,"Flower visitation",2019,5,27,147,2458631,7,"16048_Flower visitation","Feeding","CO",15,2019-05-27,"calendar",147,2019,NA,NA,"16048_Flower visitation_2019"
2803,39.971001,-105.397003,354,"Selasphorus","platycercus","broad-tailed hummingbird","Animalia",16048,457,"Insect consumption",2019,5,13,133,2458617,2,"16048_Insect consumption","Feeding","CO",15,2019-05-13,"calendar",133,2019,NA,NA,"16048_Insect consumption_2019"
2803,39.971001,-105.397003,354,"Selasphorus","platycercus","broad-tailed hummingbird","Animalia",16048,542,"Feeding (or foraging)",2019,4,27,117,2458601,5,"16048_Feeding (or foraging)","Feeding","CO",9,2019-04-27,"calendar",117,2019,NA,NA,"16048_Feeding (or foraging)_2019"
2803,39.971001,-105.397003,362,"Junco","hyemalis","dark-eyed junco","Animalia",16213,294,"Singing individuals (birds)",2019,1,1,1,2458485,NA,"16213_Singing individuals (birds)","Singing individuals","CO",12,2019-01-01,"calendar",1,2019,NA,NA,"16213_Singing individuals (birds)_2019"
2803,39.971001,-105.397003,362,"Junco","hyemalis","dark-eyed junco","Animalia",16213,310,"Fruit/seed consumption",2019,1,1,1,2458485,NA,"16213_Fruit/seed consumption","Feeding","CO",15,2019-01-01,"calendar",1,2019,NA,NA,"16213_Fruit/seed consumption_2019"
2803,39.971001,-105.397003,362,"Junco","hyemalis","dark-eyed junco","Animalia",16213,457,"Insect consumption",2019,6,24,175,2458659,2,"16213_Insect consumption","Feeding","CO",9,2019-06-24,"calendar",175,2019,NA,NA,"16213_Insect consumption_2019"
2803,39.971001,-105.397003,362,"Junco","hyemalis","dark-eyed junco","Animalia",16213,542,"Feeding (or foraging)",2019,1,1,1,2458485,NA,"16213_Feeding (or foraging)","Feeding","CO",9,2019-01-01,"calendar",1,2019,NA,NA,"16213_Feeding (or foraging)_2019"
2803,39.971001,-105.397003,357,"Sialia","mexicana","western bluebird","Animalia",16214,294,"Singing individuals (birds)",2019,4,22,112,2458596,2,"16214_Singing individuals (birds)","Singing individuals","CO",10,2019-04-22,"calendar",112,2019,NA,NA,"16214_Singing individuals (birds)_2019"
2803,39.971001,-105.397003,357,"Sialia","mexicana","western bluebird","Animalia",16214,457,"Insect consumption",2019,4,22,112,2458596,2,"16214_Insect consumption","Feeding","CO",12,2019-04-22,"calendar",112,2019,NA,NA,"16214_Insect consumption_2019"
6102,32.23188,-110.951012,740,"Toxostoma","curvirostre","curve-billed thrasher","Animalia",16420,294,"Singing individuals (birds)",2019,10,17,290,2458774,2,"16420_Singing individuals (birds)","Singing individuals","AZ",9,2019-10-17,"calendar",290,2019,NA,NA,"16420_Singing individuals (birds)_2019"
6481,42.456135,-72.344215,240,"Spinus","tristis","American goldfinch","Animalia",19034,310,"Fruit/seed consumption",2019,4,20,110,2458594,NA,"19034_Fruit/seed consumption","Feeding","MA",10,2019-04-20,"calendar",110,2019,NA,NA,"19034_Fruit/seed consumption_2019"
6481,42.456135,-72.344215,240,"Spinus","tristis","American goldfinch","Animalia",19034,542,"Feeding (or foraging)",2019,4,20,110,2458594,NA,"19034_Feeding (or foraging)","Feeding","MA",9,2019-04-20,"calendar",110,2019,NA,NA,"19034_Feeding (or foraging)_2019"
6481,42.456135,-72.344215,246,"Turdus","migratorius","American robin","Animalia",19035,294,"Singing individuals (birds)",2019,6,23,174,2458658,4,"19035_Singing individuals (birds)","Singing individuals","MA",9,2019-06-23,"calendar",174,2019,NA,NA,"19035_Singing individuals (birds)_2019"
6481,42.456135,-72.344215,246,"Turdus","migratorius","American robin","Animalia",19035,542,"Feeding (or foraging)",2019,3,16,75,2458559,1,"19035_Feeding (or foraging)","Feeding","MA",9,2019-03-16,"calendar",75,2019,NA,NA,"19035_Feeding (or foraging)_2019"
6481,42.456135,-72.344215,352,"Archilochus","colubris","ruby-throated hummingbird","Animalia",19040,312,"Flower visitation",2019,5,22,142,2458626,NA,"19040_Flower visitation","Feeding","MA",9,2019-05-22,"calendar",142,2019,NA,NA,"19040_Flower visitation_2019"
8242,31.596231,-110.575493,353,"Archilochus","alexandri","black-chinned hummingbird","Animalia",23606,312,"Flower visitation",2019,4,11,101,2458585,NA,"23606_Flower visitation","Feeding","AZ",10,2019-04-11,"calendar",101,2019,NA,NA,"23606_Flower visitation_2019"
8418,32.363758,-94.873947,246,"Turdus","migratorius","American robin","Animalia",25349,294,"Singing individuals (birds)",2019,2,6,37,2458521,3,"25349_Singing individuals (birds)","Singing individuals","TX",12,2019-02-06,"calendar",37,2019,NA,NA,"25349_Singing individuals (birds)_2019"
8418,32.363758,-94.873947,246,"Turdus","migratorius","American robin","Animalia",25349,310,"Fruit/seed consumption",2019,3,17,76,2458560,7,"25349_Fruit/seed consumption","Feeding","TX",10,2019-03-17,"calendar",76,2019,NA,NA,"25349_Fruit/seed consumption_2019"
8418,32.363758,-94.873947,246,"Turdus","migratorius","American robin","Animalia",25349,457,"Insect consumption",2019,2,18,49,2458533,5,"25349_Insect consumption","Feeding","TX",12,2019-02-18,"calendar",49,2019,NA,NA,"25349_Insect consumption_2019"
8418,32.363758,-94.873947,1108,"Mimus","polyglottos","northern mockingbird","Animalia",25351,294,"Singing individuals (birds)",2019,3,10,69,2458553,7,"25351_Singing individuals (birds)","Singing individuals","TX",12,2019-03-10,"calendar",69,2019,NA,NA,"25351_Singing individuals (birds)_2019"
8418,32.363758,-94.873947,1108,"Mimus","polyglottos","northern mockingbird","Animalia",25351,310,"Fruit/seed consumption",2019,3,17,76,2458560,7,"25351_Fruit/seed consumption","Feeding","TX",10,2019-03-17,"calendar",76,2019,NA,NA,"25351_Fruit/seed consumption_2019"
8418,32.363758,-94.873947,1108,"Mimus","polyglottos","northern mockingbird","Animalia",25351,457,"Insect consumption",2019,4,7,97,2458581,4,"25351_Insect consumption","Feeding","TX",11,2019-04-07,"calendar",97,2019,NA,NA,"25351_Insect consumption_2019"
8496,46.328629,-96.061256,246,"Turdus","migratorius","American robin","Animalia",25780,310,"Fruit/seed consumption",2019,4,1,91,2458575,NA,"25780_Fruit/seed consumption","Feeding","MN",12,2019-04-01,"calendar",91,2019,NA,NA,"25780_Fruit/seed consumption_2019"
8496,46.328629,-96.061256,245,"Poecile","atricapillus","black-capped chickadee","Animalia",25781,310,"Fruit/seed consumption",2019,1,20,20,2458504,NA,"25781_Fruit/seed consumption","Feeding","MN",14,2019-01-20,"calendar",20,2019,NA,NA,"25781_Fruit/seed consumption_2019"
8496,46.328629,-96.061256,245,"Poecile","atricapillus","black-capped chickadee","Animalia",25781,542,"Feeding (or foraging)",2019,1,20,20,2458504,NA,"25781_Feeding (or foraging)","Feeding","MN",9,2019-01-20,"calendar",20,2019,NA,NA,"25781_Feeding (or foraging)_2019"
8496,46.328629,-96.061256,352,"Archilochus","colubris","ruby-throated hummingbird","Animalia",25784,312,"Flower visitation",2019,6,26,177,2458661,7,"25784_Flower visitation","Feeding","MN",11,2019-06-26,"calendar",177,2019,NA,NA,"25784_Flower visitation_2019"
8496,46.328629,-96.061256,1104,"Hirundo","rustica","barn swallow","Animalia",25894,297,"Nest building (birds)",2019,5,10,130,2458614,9,"25894_Nest building (birds)","Nesting behavior","MN",12,2019-05-10,"calendar",130,2019,NA,NA,"25894_Nest building (birds)_2019"
8496,46.328629,-96.061256,1104,"Hirundo","rustica","barn swallow","Animalia",25894,542,"Feeding (or foraging)",2019,5,10,130,2458614,9,"25894_Feeding (or foraging)","Feeding","MN",9,2019-05-10,"calendar",130,2019,NA,NA,"25894_Feeding (or foraging)_2019"
8496,46.328629,-96.061256,1113,"Dryobates","pubescens","downy woodpecker","Animalia",25895,310,"Fruit/seed consumption",2019,1,20,20,2458504,NA,"25895_Fruit/seed consumption","Feeding","MN",14,2019-01-20,"calendar",20,2019,NA,NA,"25895_Fruit/seed consumption_2019"
8496,46.328629,-96.061256,1113,"Dryobates","pubescens","downy woodpecker","Animalia",25895,542,"Feeding (or foraging)",2019,1,20,20,2458504,NA,"25895_Feeding (or foraging)","Feeding","MN",9,2019-01-20,"calendar",20,2019,NA,NA,"25895_Feeding (or foraging)_2019"
8496,46.328629,-96.061256,355,"Troglodytes","aedon","house wren","Animalia",25897,294,"Singing individuals (birds)",2019,5,18,138,2458622,NA,"25897_Singing individuals (birds)","Singing individuals","MN",10,2019-05-18,"calendar",138,2019,NA,NA,"25897_Singing individuals (birds)_2019"
8496,46.328629,-96.061256,355,"Troglodytes","aedon","house wren","Animalia",25897,297,"Nest building (birds)",2019,5,18,138,2458622,NA,"25897_Nest building (birds)","Nesting behavior","MN",10,2019-05-18,"calendar",138,2019,NA,NA,"25897_Nest building (birds)_2019"
8496,46.328629,-96.061256,355,"Troglodytes","aedon","house wren","Animalia",25897,298,"Occupied nest",2019,5,31,151,2458635,5,"25897_Occupied nest","Nesting behavior","MN",9,2019-05-31,"calendar",151,2019,NA,NA,"25897_Occupied nest_2019"
8496,46.328629,-96.061256,1090,"Cardinalis","cardinalis","northern cardinal","Animalia",25898,294,"Singing individuals (birds)",2019,4,1,91,2458575,35,"25898_Singing individuals (birds)","Singing individuals","MN",13,2019-04-01,"calendar",91,2019,NA,NA,"25898_Singing individuals (birds)_2019"
8496,46.328629,-96.061256,1090,"Cardinalis","cardinalis","northern cardinal","Animalia",25898,310,"Fruit/seed consumption",2019,1,20,20,2458504,NA,"25898_Fruit/seed consumption","Feeding","MN",13,2019-01-20,"calendar",20,2019,NA,NA,"25898_Fruit/seed consumption_2019"
8715,43.522804,-70.802277,352,"Archilochus","colubris","ruby-throated hummingbird","Animalia",28193,542,"Feeding (or foraging)",2019,5,19,139,2458623,6,"28193_Feeding (or foraging)","Feeding","ME",9,2019-05-19,"calendar",139,2019,NA,NA,"28193_Feeding (or foraging)_2019"
8418,32.363758,-94.873947,1096,"Cyanocitta","cristata","blue jay","Animalia",28244,310,"Fruit/seed consumption",2019,1,14,14,2458498,13,"28244_Fruit/seed consumption","Feeding","TX",12,2019-01-14,"calendar",14,2019,NA,NA,"28244_Fruit/seed consumption_2019"
8418,32.363758,-94.873947,1096,"Cyanocitta","cristata","blue jay","Animalia",28244,457,"Insect consumption",2019,3,20,79,2458563,10,"28244_Insect consumption","Feeding","TX",9,2019-03-20,"calendar",79,2019,NA,NA,"28244_Insect consumption_2019"
8418,32.363758,-94.873947,356,"Sialia","sialis","eastern bluebird","Animalia",28245,457,"Insect consumption",2019,2,24,55,2458539,4,"28245_Insect consumption","Feeding","TX",10,2019-02-24,"calendar",55,2019,NA,NA,"28245_Insect consumption_2019"
8418,32.363758,-94.873947,375,"Zenaida","macroura","mourning dove","Animalia",28246,294,"Singing individuals (birds)",2019,2,24,55,2458539,4,"28246_Singing individuals (birds)","Singing individuals","TX",11,2019-02-24,"calendar",55,2019,NA,NA,"28246_Singing individuals (birds)_2019"
8418,32.363758,-94.873947,1090,"Cardinalis","cardinalis","northern cardinal","Animalia",28247,294,"Singing individuals (birds)",2019,2,24,55,2458539,4,"28247_Singing individuals (birds)","Singing individuals","TX",11,2019-02-24,"calendar",55,2019,NA,NA,"28247_Singing individuals (birds)_2019"
8418,32.363758,-94.873947,1090,"Cardinalis","cardinalis","northern cardinal","Animalia",28247,310,"Fruit/seed consumption",2019,1,14,14,2458498,13,"28247_Fruit/seed consumption","Feeding","TX",12,2019-01-14,"calendar",14,2019,NA,NA,"28247_Fruit/seed consumption_2019"
8418,32.363758,-94.873947,1090,"Cardinalis","cardinalis","northern cardinal","Animalia",28247,457,"Insect consumption",2019,5,12,132,2458616,4,"28247_Insect consumption","Feeding","TX",10,2019-05-12,"calendar",132,2019,NA,NA,"28247_Insect consumption_2019"
8736,44.903229,-93.217445,240,"Spinus","tristis","American goldfinch","Animalia",28348,310,"Fruit/seed consumption",2019,4,11,101,2458585,14,"28348_Fruit/seed consumption","Feeding","MN",11,2019-04-11,"calendar",101,2019,NA,NA,"28348_Fruit/seed consumption_2019"
8736,44.903229,-93.217445,245,"Poecile","atricapillus","black-capped chickadee","Animalia",28349,294,"Singing individuals (birds)",2019,3,28,87,2458571,NA,"28349_Singing individuals (birds)","Singing individuals","MN",10,2019-03-28,"calendar",87,2019,NA,NA,"28349_Singing individuals (birds)_2019"
8736,44.903229,-93.217445,245,"Poecile","atricapillus","black-capped chickadee","Animalia",28349,310,"Fruit/seed consumption",2019,3,28,87,2458571,NA,"28349_Fruit/seed consumption","Feeding","MN",11,2019-03-28,"calendar",87,2019,NA,NA,"28349_Fruit/seed consumption_2019"
8736,44.903229,-93.217445,1090,"Cardinalis","cardinalis","northern cardinal","Animalia",28354,294,"Singing individuals (birds)",2019,3,12,71,2458555,NA,"28354_Singing individuals (birds)","Singing individuals","MN",9,2019-03-12,"calendar",71,2019,NA,NA,"28354_Singing individuals (birds)_2019"
8736,44.903229,-93.217445,1090,"Cardinalis","cardinalis","northern cardinal","Animalia",28354,310,"Fruit/seed consumption",2019,3,28,87,2458571,16,"28354_Fruit/seed consumption","Feeding","MN",11,2019-03-28,"calendar",87,2019,NA,NA,"28354_Fruit/seed consumption_2019"
8736,44.903229,-93.217445,362,"Junco","hyemalis","dark-eyed junco","Animalia",29145,310,"Fruit/seed consumption",2019,3,12,71,2458555,NA,"29145_Fruit/seed consumption","Feeding","MN",11,2019-03-12,"calendar",71,2019,NA,NA,"29145_Fruit/seed consumption_2019"
8242,31.596231,-110.575493,740,"Toxostoma","curvirostre","curve-billed thrasher","Animalia",29639,310,"Fruit/seed consumption",2019,4,11,101,2458585,NA,"29639_Fruit/seed consumption","Feeding","AZ",10,2019-04-11,"calendar",101,2019,NA,NA,"29639_Fruit/seed consumption_2019"
8242,31.596231,-110.575493,1091,"Spinus","psaltria","lesser goldfinch","Animalia",29640,310,"Fruit/seed consumption",2019,4,11,101,2458585,NA,"29640_Fruit/seed consumption","Feeding","AZ",10,2019-04-11,"calendar",101,2019,NA,NA,"29640_Fruit/seed consumption_2019"
8923,42.286381,-72.653831,1096,"Cyanocitta","cristata","blue jay","Animalia",30047,310,"Fruit/seed consumption",2019,5,7,127,2458611,NA,"30047_Fruit/seed consumption","Feeding","MA",10,2019-05-07,"calendar",127,2019,NA,NA,"30047_Fruit/seed consumption_2019"
8418,32.363758,-94.873947,352,"Archilochus","colubris","ruby-throated hummingbird","Animalia",30980,312,"Flower visitation",2019,3,27,86,2458570,4,"30980_Flower visitation","Feeding","TX",12,2019-03-27,"calendar",86,2019,NA,NA,"30980_Flower visitation_2019"
8496,46.328629,-96.061256,1096,"Cyanocitta","cristata","blue jay","Animalia",32294,310,"Fruit/seed consumption",2019,1,20,20,2458504,NA,"32294_Fruit/seed consumption","Feeding","MN",14,2019-01-20,"calendar",20,2019,NA,NA,"32294_Fruit/seed consumption_2019"
8496,46.328629,-96.061256,1096,"Cyanocitta","cristata","blue jay","Animalia",32294,542,"Feeding (or foraging)",2019,1,20,20,2458504,NA,"32294_Feeding (or foraging)","Feeding","MN",9,2019-01-20,"calendar",20,2019,NA,NA,"32294_Feeding (or foraging)_2019"
8496,46.328629,-96.061256,362,"Junco","hyemalis","dark-eyed junco","Animalia",32295,310,"Fruit/seed consumption",2019,1,20,20,2458504,NA,"32295_Fruit/seed consumption","Feeding","MN",13,2019-01-20,"calendar",20,2019,NA,NA,"32295_Fruit/seed consumption_2019"
8496,46.328629,-96.061256,1110,"Passer","domesticus","house sparrow","Animalia",32297,310,"Fruit/seed consumption",2019,11,30,334,2458818,29,"32297_Fruit/seed consumption","Feeding","MN",14,2019-11-30,"calendar",334,2019,NA,NA,"32297_Fruit/seed consumption_2019"
8496,46.328629,-96.061256,1110,"Passer","domesticus","house sparrow","Animalia",32297,542,"Feeding (or foraging)",2019,11,30,334,2458818,29,"32297_Feeding (or foraging)","Feeding","MN",9,2019-11-30,"calendar",334,2019,NA,NA,"32297_Feeding (or foraging)_2019"
8418,32.363758,-94.873947,362,"Junco","hyemalis","dark-eyed junco","Animalia",33174,310,"Fruit/seed consumption",2019,1,14,14,2458498,13,"33174_Fruit/seed consumption","Feeding","TX",11,2019-01-14,"calendar",14,2019,NA,NA,"33174_Fruit/seed consumption_2019"
8418,32.363758,-94.873947,240,"Spinus","tristis","American goldfinch","Animalia",33798,310,"Fruit/seed consumption",2019,1,14,14,2458498,13,"33798_Fruit/seed consumption","Feeding","TX",11,2019-01-14,"calendar",14,2019,NA,NA,"33798_Fruit/seed consumption_2019"
6091,34.11578,-118.757507,376,"Sayornis","nigricans","black phoebe","Animalia",33829,457,"Insect consumption",2019,12,13,347,2458831,49,"33829_Insect consumption","Feeding","CA",9,2019-12-13,"calendar",347,2019,NA,NA,"33829_Insect consumption_2019"
8496,46.328629,-96.061256,240,"Spinus","tristis","American goldfinch","Animalia",34922,310,"Fruit/seed consumption",2019,2,25,56,2458540,NA,"34922_Fruit/seed consumption","Feeding","MN",12,2019-02-25,"calendar",56,2019,NA,NA,"34922_Fruit/seed consumption_2019"
8418,32.363758,-94.873947,1110,"Passer","domesticus","house sparrow","Animalia",35674,294,"Singing individuals (birds)",2019,4,7,97,2458581,4,"35674_Singing individuals (birds)","Singing individuals","TX",9,2019-04-07,"calendar",97,2019,NA,NA,"35674_Singing individuals (birds)_2019"
8418,32.363758,-94.873947,1110,"Passer","domesticus","house sparrow","Animalia",35674,310,"Fruit/seed consumption",2019,1,14,14,2458498,13,"35674_Fruit/seed consumption","Feeding","TX",11,2019-01-14,"calendar",14,2019,NA,NA,"35674_Fruit/seed consumption_2019"
10145,42.602543,-83.250992,240,"Spinus","tristis","American goldfinch","Animalia",38837,294,"Singing individuals (birds)",2019,3,18,77,2458561,1,"38837_Singing individuals (birds)","Singing individuals","MI",9,2019-03-18,"calendar",77,2019,NA,NA,"38837_Singing individuals (birds)_2019"
10145,42.602543,-83.250992,362,"Junco","hyemalis","dark-eyed junco","Animalia",38878,294,"Singing individuals (birds)",2019,3,28,87,2458571,1,"38878_Singing individuals (birds)","Singing individuals","MI",11,2019-03-28,"calendar",87,2019,NA,NA,"38878_Singing individuals (birds)_2019"
10145,42.602543,-83.250992,355,"Troglodytes","aedon","house wren","Animalia",38908,294,"Singing individuals (birds)",2019,5,10,130,2458614,NA,"38908_Singing individuals (birds)","Singing individuals","MI",10,2019-05-10,"calendar",130,2019,NA,NA,"38908_Singing individuals (birds)_2019"
10145,42.602543,-83.250992,359,"Agelaius","phoeniceus","red-winged blackbird","Animalia",38946,294,"Singing individuals (birds)",2019,4,7,97,2458581,1,"38946_Singing individuals (birds)","Singing individuals","MI",11,2019-04-07,"calendar",97,2019,NA,NA,"38946_Singing individuals (birds)_2019"
9652,44.768246,-94.155746,246,"Turdus","migratorius","American robin","Animalia",40107,294,"Singing individuals (birds)",2019,1,5,5,2458489,NA,"40107_Singing individuals (birds)","Singing individuals","MN",13,2019-01-05,"calendar",5,2019,NA,NA,"40107_Singing individuals (birds)_2019"
9652,44.768246,-94.155746,246,"Turdus","migratorius","American robin","Animalia",40107,295,"Territorial individuals (birds)",2019,1,5,5,2458489,NA,"40107_Territorial individuals (birds)","Territorial behavior","MN",9,2019-01-05,"calendar",5,2019,NA,NA,"40107_Territorial individuals (birds)_2019"
9652,44.768246,-94.155746,246,"Turdus","migratorius","American robin","Animalia",40107,297,"Nest building (birds)",2019,4,27,117,2458601,7,"40107_Nest building (birds)","Nesting behavior","MN",11,2019-04-27,"calendar",117,2019,NA,NA,"40107_Nest building (birds)_2019"
9652,44.768246,-94.155746,246,"Turdus","migratorius","American robin","Animalia",40107,308,"Fledged young (altricial birds)",2019,6,1,152,2458636,2,"40107_Fledged young (altricial birds)","Young observed","MN",9,2019-06-01,"calendar",152,2019,NA,NA,"40107_Fledged young (altricial birds)_2019"
9652,44.768246,-94.155746,246,"Turdus","migratorius","American robin","Animalia",40107,310,"Fruit/seed consumption",2019,1,5,5,2458489,NA,"40107_Fruit/seed consumption","Feeding","MN",13,2019-01-05,"calendar",5,2019,NA,NA,"40107_Fruit/seed consumption_2019"
9652,44.768246,-94.155746,246,"Turdus","migratorius","American robin","Animalia",40107,457,"Insect consumption",2019,4,7,97,2458581,22,"40107_Insect consumption","Feeding","MN",13,2019-04-07,"calendar",97,2019,NA,NA,"40107_Insect consumption_2019"
9652,44.768246,-94.155746,246,"Turdus","migratorius","American robin","Animalia",40107,542,"Feeding (or foraging)",2019,1,5,5,2458489,NA,"40107_Feeding (or foraging)","Feeding","MN",9,2019-01-05,"calendar",5,2019,NA,NA,"40107_Feeding (or foraging)_2019"
9652,44.768246,-94.155746,240,"Spinus","tristis","American goldfinch","Animalia",40108,310,"Fruit/seed consumption",2019,6,16,167,2458651,27,"40108_Fruit/seed consumption","Feeding","MN",9,2019-06-16,"calendar",167,2019,NA,NA,"40108_Fruit/seed consumption_2019"
9652,44.768246,-94.155746,240,"Spinus","tristis","American goldfinch","Animalia",40108,542,"Feeding (or foraging)",2019,6,16,167,2458651,27,"40108_Feeding (or foraging)","Feeding","MN",9,2019-06-16,"calendar",167,2019,NA,NA,"40108_Feeding (or foraging)_2019"
9652,44.768246,-94.155746,375,"Zenaida","macroura","mourning dove","Animalia",40109,294,"Singing individuals (birds)",2019,5,14,134,2458618,24,"40109_Singing individuals (birds)","Singing individuals","MN",11,2019-05-14,"calendar",134,2019,NA,NA,"40109_Singing individuals (birds)_2019"
8418,32.363758,-94.873947,1113,"Dryobates","pubescens","downy woodpecker","Animalia",41679,310,"Fruit/seed consumption",2019,1,1,1,2458485,NA,"41679_Fruit/seed consumption","Feeding","TX",11,2019-01-01,"calendar",1,2019,NA,NA,"41679_Fruit/seed consumption_2019"
8418,32.363758,-94.873947,1113,"Dryobates","pubescens","downy woodpecker","Animalia",41679,457,"Insect consumption",2019,2,6,37,2458521,7,"41679_Insect consumption","Feeding","TX",9,2019-02-06,"calendar",37,2019,NA,NA,"41679_Insect consumption_2019"
10717,38.285664,-111.246605,246,"Turdus","migratorius","American robin","Animalia",42593,457,"Insect consumption",2019,7,23,204,2458688,10,"42593_Insect consumption","Feeding","UT",9,2019-07-23,"calendar",204,2019,NA,NA,"42593_Insect consumption_2019"
1419,42.011166,-88.503304,1117,"Sayornis","phoebe","eastern phoebe","Animalia",44642,457,"Insect consumption",2019,6,2,153,2458637,1,"44642_Insect consumption","Feeding","IL",9,2019-06-02,"calendar",153,2019,NA,NA,"44642_Insect consumption_2019"
11313,44.201355,-92.646301,1090,"Cardinalis","cardinalis","northern cardinal","Animalia",46661,294,"Singing individuals (birds)",2019,4,5,95,2458579,9,"46661_Singing individuals (birds)","Singing individuals","MN",10,2019-04-05,"calendar",95,2019,NA,NA,"46661_Singing individuals (birds)_2019"
8418,32.363758,-94.873947,1126,"Thryothorus","ludovicianus","Carolina wren","Animalia",46734,310,"Fruit/seed consumption",2019,1,14,14,2458498,13,"46734_Fruit/seed consumption","Feeding","TX",10,2019-01-14,"calendar",14,2019,NA,NA,"46734_Fruit/seed consumption_2019"
11598,43.073357,-71.150681,243,"Gavia","immer","common loon","Animalia",48357,298,"Occupied nest",2019,5,27,147,2458631,15,"48357_Occupied nest","Nesting behavior","NH",9,2019-05-27,"calendar",147,2019,NA,NA,"48357_Occupied nest_2019"
11598,43.073357,-71.150681,243,"Gavia","immer","common loon","Animalia",48357,542,"Feeding (or foraging)",2019,6,15,166,2458650,19,"48357_Feeding (or foraging)","Feeding","NH",9,2019-06-15,"calendar",166,2019,NA,NA,"48357_Feeding (or foraging)_2019"
6102,32.23188,-110.951012,1088,"Calypte","anna","Anna's hummingbird","Animalia",49639,312,"Flower visitation",2019,9,17,260,2458744,2,"49639_Flower visitation","Feeding","AZ",9,2019-09-17,"calendar",260,2019,NA,NA,"49639_Flower visitation_2019"
6102,32.23188,-110.951012,1110,"Passer","domesticus","house sparrow","Animalia",49643,294,"Singing individuals (birds)",2019,9,8,251,2458735,199,"49643_Singing individuals (birds)","Singing individuals","AZ",10,2019-09-08,"calendar",251,2019,NA,NA,"49643_Singing individuals (birds)_2019"
6102,32.23188,-110.951012,1110,"Passer","domesticus","house sparrow","Animalia",49643,310,"Fruit/seed consumption",2019,2,7,38,2458522,NA,"49643_Fruit/seed consumption","Feeding","AZ",10,2019-02-07,"calendar",38,2019,NA,NA,"49643_Fruit/seed consumption_2019"
12064,32.248463,-110.909584,1088,"Calypte","anna","Anna's hummingbird","Animalia",50759,312,"Flower visitation",2019,2,14,45,2458529,34,"50759_Flower visitation","Feeding","AZ",9,2019-02-14,"calendar",45,2019,NA,NA,"50759_Flower visitation_2019"
12064,32.248463,-110.909584,1088,"Calypte","anna","Anna's hummingbird","Animalia",50759,542,"Feeding (or foraging)",2019,2,14,45,2458529,34,"50759_Feeding (or foraging)","Feeding","AZ",9,2019-02-14,"calendar",45,2019,NA,NA,"50759_Feeding (or foraging)_2019"
8418,32.363758,-94.873947,741,"Regulus","calendula","ruby-crowned kinglet","Animalia",60925,310,"Fruit/seed consumption",2019,1,14,14,2458498,13,"60925_Fruit/seed consumption","Feeding","TX",9,2019-01-14,"calendar",14,2019,NA,NA,"60925_Fruit/seed consumption_2019"
16295,27.929228,-82.725639,1108,"Mimus","polyglottos","northern mockingbird","Animalia",60950,294,"Singing individuals (birds)",2019,2,16,47,2458531,14,"60950_Singing individuals (birds)","Singing individuals","FL",9,2019-02-16,"calendar",47,2019,NA,NA,"60950_Singing individuals (birds)_2019"
5428,48.033489,-122.598724,1088,"Calypte","anna","Anna's hummingbird","Animalia",60981,312,"Flower visitation",2019,4,12,102,2458586,9,"60981_Flower visitation","Feeding","WA",10,2019-04-12,"calendar",102,2019,NA,NA,"60981_Flower visitation_2019"
5428,48.033489,-122.598724,1119,"Selasphorus","rufus","rufous hummingbird","Animalia",60984,312,"Flower visitation",2019,3,29,88,2458572,7,"60984_Flower visitation","Feeding","WA",9,2019-03-29,"calendar",88,2019,NA,NA,"60984_Flower visitation_2019"
5428,48.033489,-122.598724,1119,"Selasphorus","rufus","rufous hummingbird","Animalia",60984,542,"Feeding (or foraging)",2019,3,22,81,2458565,4,"60984_Feeding (or foraging)","Feeding","WA",9,2019-03-22,"calendar",81,2019,NA,NA,"60984_Feeding (or foraging)_2019"
8418,32.363758,-94.873947,359,"Agelaius","phoeniceus","red-winged blackbird","Animalia",62147,310,"Fruit/seed consumption",2019,2,3,34,2458518,4,"62147_Fruit/seed consumption","Feeding","TX",10,2019-02-03,"calendar",34,2019,NA,NA,"62147_Fruit/seed consumption_2019"
8418,32.363758,-94.873947,1233,"Poecile","carolinensis","Carolina chickadee","Animalia",63335,310,"Fruit/seed consumption",2019,1,1,1,2458485,NA,"63335_Fruit/seed consumption","Feeding","TX",10,2019-01-01,"calendar",1,2019,NA,NA,"63335_Fruit/seed consumption_2019"
10145,42.602543,-83.250992,1224,"Branta","canadensis","Canada goose","Animalia",64229,541,"Fledged young (precocial birds)",2019,5,22,142,2458626,1,"64229_Fledged young (precocial birds)","Young observed","MI",9,2019-05-22,"calendar",142,2019,NA,NA,"64229_Fledged young (precocial birds)_2019"
8418,32.363758,-94.873947,363,"Molothrus","ater","brown-headed cowbird","Animalia",64379,310,"Fruit/seed consumption",2019,3,27,86,2458570,4,"64379_Fruit/seed consumption","Feeding","TX",9,2019-03-27,"calendar",86,2019,NA,NA,"64379_Fruit/seed consumption_2019"
17414,42.936153,-73.433449,1124,"Tachycineta","bicolor","tree swallow","Animalia",66940,297,"Nest building (birds)",2019,5,7,127,2458611,4,"66940_Nest building (birds)","Nesting behavior","NY",9,2019-05-07,"calendar",127,2019,NA,NA,"66940_Nest building (birds)_2019"
17414,42.936153,-73.433449,1124,"Tachycineta","bicolor","tree swallow","Animalia",66940,298,"Occupied nest",2019,5,19,139,2458623,4,"66940_Occupied nest","Nesting behavior","NY",9,2019-05-19,"calendar",139,2019,NA,NA,"66940_Occupied nest_2019"
17414,42.936153,-73.433449,1124,"Tachycineta","bicolor","tree swallow","Animalia",66940,457,"Insect consumption",2019,4,7,97,2458581,8,"66940_Insect consumption","Feeding","NY",9,2019-04-07,"calendar",97,2019,NA,NA,"66940_Insect consumption_2019"
17414,42.936153,-73.433449,1124,"Tachycineta","bicolor","tree swallow","Animalia",66940,542,"Feeding (or foraging)",2019,4,7,97,2458581,8,"66940_Feeding (or foraging)","Feeding","NY",9,2019-04-07,"calendar",97,2019,NA,NA,"66940_Feeding (or foraging)_2019"
17707,37.360123,-122.128151,1229,"Melanerpes","formicivorus","acorn woodpecker","Animalia",68607,311,"Nut gathering",2019,4,18,108,2458592,30,"68607_Nut gathering","Feeding","CA",9,2019-04-18,"calendar",108,2019,NA,NA,"68607_Nut gathering_2019"
17707,37.360123,-122.128151,362,"Junco","hyemalis","dark-eyed junco","Animalia",68613,294,"Singing individuals (birds)",2019,4,24,114,2458598,NA,"68613_Singing individuals (birds)","Singing individuals","CA",11,2019-04-24,"calendar",114,2019,NA,NA,"68613_Singing individuals (birds)_2019"
9652,44.768246,-94.155746,1090,"Cardinalis","cardinalis","northern cardinal","Animalia",69510,294,"Singing individuals (birds)",2019,3,16,75,2458559,7,"69510_Singing individuals (birds)","Singing individuals","MN",11,2019-03-16,"calendar",75,2019,NA,NA,"69510_Singing individuals (birds)_2019"
9652,44.768246,-94.155746,1090,"Cardinalis","cardinalis","northern cardinal","Animalia",69510,310,"Fruit/seed consumption",2019,1,5,5,2458489,NA,"69510_Fruit/seed consumption","Feeding","MN",10,2019-01-05,"calendar",5,2019,NA,NA,"69510_Fruit/seed consumption_2019"
9652,44.768246,-94.155746,1090,"Cardinalis","cardinalis","northern cardinal","Animalia",69510,542,"Feeding (or foraging)",2019,1,5,5,2458489,NA,"69510_Feeding (or foraging)","Feeding","MN",9,2019-01-05,"calendar",5,2019,NA,NA,"69510_Feeding (or foraging)_2019"
12725,37.360928,-122.130836,1088,"Calypte","anna","Anna's hummingbird","Animalia",71544,294,"Singing individuals (birds)",2019,1,17,17,2458501,2,"71544_Singing individuals (birds)","Singing individuals","CA",9,2019-01-17,"calendar",17,2019,NA,NA,"71544_Singing individuals (birds)_2019"
12725,37.360928,-122.130836,1088,"Calypte","anna","Anna's hummingbird","Animalia",71544,312,"Flower visitation",2019,1,29,29,2458513,7,"71544_Flower visitation","Feeding","CA",9,2019-01-29,"calendar",29,2019,NA,NA,"71544_Flower visitation_2019"
6099,34.119007,-118.760071,1229,"Melanerpes","formicivorus","acorn woodpecker","Animalia",72367,457,"Insect consumption",2019,2,1,32,2458516,21,"72367_Insect consumption","Feeding","CA",11,2019-02-01,"calendar",32,2019,NA,NA,"72367_Insect consumption_2019"
6091,34.11578,-118.757507,1229,"Melanerpes","formicivorus","acorn woodpecker","Animalia",72369,542,"Feeding (or foraging)",2019,1,11,11,2458495,NA,"72369_Feeding (or foraging)","Feeding","CA",9,2019-01-11,"calendar",11,2019,NA,NA,"72369_Feeding (or foraging)_2019"
18529,33.630066,-112.147385,1088,"Calypte","anna","Anna's hummingbird","Animalia",73449,312,"Flower visitation",2019,1,2,2,2458486,NA,"73449_Flower visitation","Feeding","AZ",10,2019-01-02,"calendar",2,2019,NA,NA,"73449_Flower visitation_2019"
18529,33.630066,-112.147385,1088,"Calypte","anna","Anna's hummingbird","Animalia",73449,457,"Insect consumption",2019,1,2,2,2458486,NA,"73449_Insect consumption","Feeding","AZ",10,2019-01-02,"calendar",2,2019,NA,NA,"73449_Insect consumption_2019"
18529,33.630066,-112.147385,740,"Toxostoma","curvirostre","curve-billed thrasher","Animalia",75309,457,"Insect consumption",2019,1,2,2,2458486,NA,"75309_Insect consumption","Feeding","AZ",10,2019-01-02,"calendar",2,2019,NA,NA,"75309_Insect consumption_2019"
9341,35.639874,-83.687721,377,"Vireo","olivaceus","red-eyed vireo","Animalia",75374,294,"Singing individuals (birds)",2019,5,16,136,2458620,7,"75374_Singing individuals (birds)","Singing individuals","TN",9,2019-05-16,"calendar",136,2019,NA,NA,"75374_Singing individuals (birds)_2019"
9341,35.639874,-83.687721,1098,"Setophaga","virens","black-throated green warbler","Animalia",75375,294,"Singing individuals (birds)",2019,4,3,93,2458577,7,"75375_Singing individuals (birds)","Singing individuals","TN",9,2019-04-03,"calendar",93,2019,NA,NA,"75375_Singing individuals (birds)_2019"
19944,33.66478,-117.843063,1088,"Calypte","anna","Anna's hummingbird","Animalia",81455,294,"Singing individuals (birds)",2019,1,4,4,2458488,NA,"81455_Singing individuals (birds)","Singing individuals","CA",11,2019-01-04,"calendar",4,2019,NA,NA,"81455_Singing individuals (birds)_2019"
19944,33.66478,-117.843063,1088,"Calypte","anna","Anna's hummingbird","Animalia",81455,295,"Territorial individuals (birds)",2019,1,9,9,2458493,5,"81455_Territorial individuals (birds)","Territorial behavior","CA",9,2019-01-09,"calendar",9,2019,NA,NA,"81455_Territorial individuals (birds)_2019"
19944,33.66478,-117.843063,1088,"Calypte","anna","Anna's hummingbird","Animalia",81455,312,"Flower visitation",2019,1,11,11,2458495,2,"81455_Flower visitation","Feeding","CA",11,2019-01-11,"calendar",11,2019,NA,NA,"81455_Flower visitation_2019"
19944,33.66478,-117.843063,1088,"Calypte","anna","Anna's hummingbird","Animalia",81455,457,"Insect consumption",2019,1,16,16,2458500,5,"81455_Insect consumption","Feeding","CA",11,2019-01-16,"calendar",16,2019,NA,NA,"81455_Insect consumption_2019"
19944,33.66478,-117.843063,1088,"Calypte","anna","Anna's hummingbird","Animalia",81455,542,"Feeding (or foraging)",2019,1,11,11,2458495,2,"81455_Feeding (or foraging)","Feeding","CA",9,2019-01-11,"calendar",11,2019,NA,NA,"81455_Feeding (or foraging)_2019"
19944,33.66478,-117.843063,376,"Sayornis","nigricans","black phoebe","Animalia",81456,294,"Singing individuals (birds)",2019,1,4,4,2458488,NA,"81456_Singing individuals (birds)","Singing individuals","CA",11,2019-01-04,"calendar",4,2019,NA,NA,"81456_Singing individuals (birds)_2019"
19944,33.66478,-117.843063,376,"Sayornis","nigricans","black phoebe","Animalia",81456,295,"Territorial individuals (birds)",2019,2,26,57,2458541,10,"81456_Territorial individuals (birds)","Territorial behavior","CA",9,2019-02-26,"calendar",57,2019,NA,NA,"81456_Territorial individuals (birds)_2019"
19944,33.66478,-117.843063,376,"Sayornis","nigricans","black phoebe","Animalia",81456,457,"Insect consumption",2019,1,27,27,2458511,2,"81456_Insect consumption","Feeding","CA",11,2019-01-27,"calendar",27,2019,NA,NA,"81456_Insect consumption_2019"
19944,33.66478,-117.843063,376,"Sayornis","nigricans","black phoebe","Animalia",81456,542,"Feeding (or foraging)",2019,1,4,4,2458488,NA,"81456_Feeding (or foraging)","Feeding","CA",9,2019-01-04,"calendar",4,2019,NA,NA,"81456_Feeding (or foraging)_2019"
19944,33.66478,-117.843063,242,"Petrochelidon","pyrrhonota","cliff swallow","Animalia",81457,294,"Singing individuals (birds)",2019,3,14,73,2458557,3,"81457_Singing individuals (birds)","Singing individuals","CA",10,2019-03-14,"calendar",73,2019,NA,NA,"81457_Singing individuals (birds)_2019"
19944,33.66478,-117.843063,242,"Petrochelidon","pyrrhonota","cliff swallow","Animalia",81457,297,"Nest building (birds)",2019,4,15,105,2458589,7,"81457_Nest building (birds)","Nesting behavior","CA",10,2019-04-15,"calendar",105,2019,NA,NA,"81457_Nest building (birds)_2019"
19944,33.66478,-117.843063,242,"Petrochelidon","pyrrhonota","cliff swallow","Animalia",81457,298,"Occupied nest",2019,3,31,90,2458574,2,"81457_Occupied nest","Nesting behavior","CA",9,2019-03-31,"calendar",90,2019,NA,NA,"81457_Occupied nest_2019"
19944,33.66478,-117.843063,242,"Petrochelidon","pyrrhonota","cliff swallow","Animalia",81457,542,"Feeding (or foraging)",2019,2,16,47,2458531,3,"81457_Feeding (or foraging)","Feeding","CA",9,2019-02-16,"calendar",47,2019,NA,NA,"81457_Feeding (or foraging)_2019"
19944,33.66478,-117.843063,1197,"Geothlypis","trichas","common yellowthroat","Animalia",81458,294,"Singing individuals (birds)",2019,2,1,32,2458516,5,"81458_Singing individuals (birds)","Singing individuals","CA",11,2019-02-01,"calendar",32,2019,NA,NA,"81458_Singing individuals (birds)_2019"
19944,33.66478,-117.843063,1197,"Geothlypis","trichas","common yellowthroat","Animalia",81458,295,"Territorial individuals (birds)",2019,1,25,25,2458509,9,"81458_Territorial individuals (birds)","Territorial behavior","CA",9,2019-01-25,"calendar",25,2019,NA,NA,"81458_Territorial individuals (birds)_2019"
19944,33.66478,-117.843063,1197,"Geothlypis","trichas","common yellowthroat","Animalia",81458,542,"Feeding (or foraging)",2019,1,4,4,2458488,NA,"81458_Feeding (or foraging)","Feeding","CA",9,2019-01-04,"calendar",4,2019,NA,NA,"81458_Feeding (or foraging)_2019"
19944,33.66478,-117.843063,370,"Ardea","herodias","great blue heron","Animalia",81459,542,"Feeding (or foraging)",2019,2,4,35,2458519,3,"81459_Feeding (or foraging)","Feeding","CA",9,2019-02-04,"calendar",35,2019,NA,NA,"81459_Feeding (or foraging)_2019"
19944,33.66478,-117.843063,244,"Charadrius","vociferus","killdeer","Animalia",81460,295,"Territorial individuals (birds)",2019,3,19,78,2458562,5,"81460_Territorial individuals (birds)","Territorial behavior","CA",9,2019-03-19,"calendar",78,2019,NA,NA,"81460_Territorial individuals (birds)_2019"
19944,33.66478,-117.843063,244,"Charadrius","vociferus","killdeer","Animalia",81460,542,"Feeding (or foraging)",2019,1,25,25,2458509,9,"81460_Feeding (or foraging)","Feeding","CA",9,2019-01-25,"calendar",25,2019,NA,NA,"81460_Feeding (or foraging)_2019"
19944,33.66478,-117.843063,248,"Pandion","haliaetus","osprey","Animalia",81461,297,"Nest building (birds)",2019,1,16,16,2458500,5,"81461_Nest building (birds)","Nesting behavior","CA",9,2019-01-16,"calendar",16,2019,NA,NA,"81461_Nest building (birds)_2019"
19944,33.66478,-117.843063,248,"Pandion","haliaetus","osprey","Animalia",81461,298,"Occupied nest",2019,1,16,16,2458500,5,"81461_Occupied nest","Nesting behavior","CA",9,2019-01-16,"calendar",16,2019,NA,NA,"81461_Occupied nest_2019"
19944,33.66478,-117.843063,248,"Pandion","haliaetus","osprey","Animalia",81461,542,"Feeding (or foraging)",2019,1,11,11,2458495,2,"81461_Feeding (or foraging)","Feeding","CA",9,2019-01-11,"calendar",11,2019,NA,NA,"81461_Feeding (or foraging)_2019"
19944,33.66478,-117.843063,373,"Actitis","macularius","spotted sandpiper","Animalia",81462,542,"Feeding (or foraging)",2019,1,4,4,2458488,NA,"81462_Feeding (or foraging)","Feeding","CA",9,2019-01-04,"calendar",4,2019,NA,NA,"81462_Feeding (or foraging)_2019"
8418,32.363758,-94.873947,1377,"Baeolophus","bicolor","tufted titmouse","Animalia",85005,310,"Fruit/seed consumption",2019,1,14,14,2458498,13,"85005_Fruit/seed consumption","Feeding","TX",9,2019-01-14,"calendar",14,2019,NA,NA,"85005_Fruit/seed consumption_2019"
17414,42.936153,-73.433449,1197,"Geothlypis","trichas","common yellowthroat","Animalia",86970,294,"Singing individuals (birds)",2019,5,17,137,2458621,2,"86970_Singing individuals (birds)","Singing individuals","NY",11,2019-05-17,"calendar",137,2019,NA,NA,"86970_Singing individuals (birds)_2019"
20765,33.632149,-117.55545,1229,"Melanerpes","formicivorus","acorn woodpecker","Animalia",88470,311,"Nut gathering",2019,3,17,76,2458560,10,"88470_Nut gathering","Feeding","CA",9,2019-03-17,"calendar",76,2019,NA,NA,"88470_Nut gathering_2019"
20765,33.632149,-117.55545,1088,"Calypte","anna","Anna's hummingbird","Animalia",88471,294,"Singing individuals (birds)",2019,1,20,20,2458504,10,"88471_Singing individuals (birds)","Singing individuals","CA",10,2019-01-20,"calendar",20,2019,NA,NA,"88471_Singing individuals (birds)_2019"
20765,33.632149,-117.55545,1088,"Calypte","anna","Anna's hummingbird","Animalia",88471,312,"Flower visitation",2019,4,21,111,2458595,12,"88471_Flower visitation","Feeding","CA",10,2019-04-21,"calendar",111,2019,NA,NA,"88471_Flower visitation_2019"
20765,33.632149,-117.55545,376,"Sayornis","nigricans","black phoebe","Animalia",88472,457,"Insect consumption",2019,2,18,49,2458533,6,"88472_Insect consumption","Feeding","CA",9,2019-02-18,"calendar",49,2019,NA,NA,"88472_Insect consumption_2019"
20765,33.632149,-117.55545,355,"Troglodytes","aedon","house wren","Animalia",88474,294,"Singing individuals (birds)",2019,1,10,10,2458494,7,"88474_Singing individuals (birds)","Singing individuals","CA",10,2019-01-10,"calendar",10,2019,NA,NA,"88474_Singing individuals (birds)_2019"
20765,33.632149,-117.55545,1380,"Melospiza","melodia","song sparrow","Animalia",88475,294,"Singing individuals (birds)",2019,2,12,43,2458527,23,"88475_Singing individuals (birds)","Singing individuals","CA",11,2019-02-12,"calendar",43,2019,NA,NA,"88475_Singing individuals (birds)_2019"
20765,33.632149,-117.55545,1091,"Spinus","psaltria","lesser goldfinch","Animalia",88478,294,"Singing individuals (birds)",2019,2,12,43,2458527,23,"88478_Singing individuals (birds)","Singing individuals","CA",9,2019-02-12,"calendar",43,2019,NA,NA,"88478_Singing individuals (birds)_2019"
20956,33.632149,-117.55545,1378,"Chamaea","fasciata","wrentit","Animalia",90118,294,"Singing individuals (birds)",2019,1,5,5,2458489,NA,"90118_Singing individuals (birds)","Singing individuals","CA",11,2019-01-05,"calendar",5,2019,NA,NA,"90118_Singing individuals (birds)_2019"
22740,38.525036,-121.970711,362,"Junco","hyemalis","dark-eyed junco","Animalia",102228,310,"Fruit/seed consumption",2019,1,24,24,2458508,14,"102228_Fruit/seed consumption","Feeding","CA",9,2019-01-24,"calendar",24,2019,NA,NA,"102228_Fruit/seed consumption_2019"
22740,38.525036,-121.970711,741,"Regulus","calendula","ruby-crowned kinglet","Animalia",102229,457,"Insect consumption",2019,1,24,24,2458508,14,"102229_Insect consumption","Feeding","CA",9,2019-01-24,"calendar",24,2019,NA,NA,"102229_Insect consumption_2019"
22740,38.525036,-121.970711,357,"Sialia","mexicana","western bluebird","Animalia",102231,457,"Insect consumption",2019,3,7,66,2458550,14,"102231_Insect consumption","Feeding","CA",9,2019-03-07,"calendar",66,2019,NA,NA,"102231_Insect consumption_2019"
22740,38.525036,-121.970711,1097,"Setophaga","coronata","yellow-rumped warbler","Animalia",102234,457,"Insect consumption",2019,2,21,52,2458536,14,"102234_Insect consumption","Feeding","CA",9,2019-02-21,"calendar",52,2019,NA,NA,"102234_Insect consumption_2019"
20956,33.632149,-117.55545,1418,"Toxostoma","redivivum","California thrasher","Animalia",102436,294,"Singing individuals (birds)",2019,1,5,5,2458489,NA,"102436_Singing individuals (birds)","Singing individuals","CA",11,2019-01-05,"calendar",5,2019,NA,NA,"102436_Singing individuals (birds)_2019"
22858,38.09404,-122.37149,1380,"Melospiza","melodia","song sparrow","Animalia",103159,294,"Singing individuals (birds)",2019,1,21,21,2458505,7,"103159_Singing individuals (birds)","Singing individuals","CA",10,2019-01-21,"calendar",21,2019,NA,NA,"103159_Singing individuals (birds)_2019"
22858,38.09404,-122.37149,1380,"Melospiza","melodia","song sparrow","Animalia",103159,310,"Fruit/seed consumption",2019,3,18,77,2458561,7,"103159_Fruit/seed consumption","Feeding","CA",9,2019-03-18,"calendar",77,2019,NA,NA,"103159_Fruit/seed consumption_2019"
22858,38.09404,-122.37149,1380,"Melospiza","melodia","song sparrow","Animalia",103159,542,"Feeding (or foraging)",2019,3,18,77,2458561,7,"103159_Feeding (or foraging)","Feeding","CA",9,2019-03-18,"calendar",77,2019,NA,NA,"103159_Feeding (or foraging)_2019"
22858,38.09404,-122.37149,1124,"Tachycineta","bicolor","tree swallow","Animalia",103160,542,"Feeding (or foraging)",2019,1,28,28,2458512,7,"103160_Feeding (or foraging)","Feeding","CA",9,2019-01-28,"calendar",28,2019,NA,NA,"103160_Feeding (or foraging)_2019"
22858,38.09404,-122.37149,357,"Sialia","mexicana","western bluebird","Animalia",103161,457,"Insect consumption",2019,4,22,112,2458596,14,"103161_Insect consumption","Feeding","CA",9,2019-04-22,"calendar",112,2019,NA,NA,"103161_Insect consumption_2019"
22858,38.09404,-122.37149,357,"Sialia","mexicana","western bluebird","Animalia",103161,542,"Feeding (or foraging)",2019,1,7,7,2458491,NA,"103161_Feeding (or foraging)","Feeding","CA",9,2019-01-07,"calendar",7,2019,NA,NA,"103161_Feeding (or foraging)_2019"
17414,42.936153,-73.433449,352,"Archilochus","colubris","ruby-throated hummingbird","Animalia",103211,542,"Feeding (or foraging)",2019,4,30,120,2458604,3,"103211_Feeding (or foraging)","Feeding","NY",9,2019-04-30,"calendar",120,2019,NA,NA,"103211_Feeding (or foraging)_2019"
22858,38.09404,-122.37149,1375,"Anas","platyrhynchos","mallard","Animalia",114733,542,"Feeding (or foraging)",2019,2,7,38,2458522,10,"114733_Feeding (or foraging)","Feeding","CA",9,2019-02-07,"calendar",38,2019,NA,NA,"114733_Feeding (or foraging)_2019"
22858,38.09404,-122.37149,359,"Agelaius","phoeniceus","red-winged blackbird","Animalia",114734,294,"Singing individuals (birds)",2019,3,11,70,2458554,7,"114734_Singing individuals (birds)","Singing individuals","CA",9,2019-03-11,"calendar",70,2019,NA,NA,"114734_Singing individuals (birds)_2019"
22858,38.09404,-122.37149,359,"Agelaius","phoeniceus","red-winged blackbird","Animalia",114734,310,"Fruit/seed consumption",2019,9,9,252,2458736,42,"114734_Fruit/seed consumption","Feeding","CA",9,2019-09-09,"calendar",252,2019,NA,NA,"114734_Fruit/seed consumption_2019"
22858,38.09404,-122.37149,359,"Agelaius","phoeniceus","red-winged blackbird","Animalia",114734,542,"Feeding (or foraging)",2019,3,25,84,2458568,14,"114734_Feeding (or foraging)","Feeding","CA",9,2019-03-25,"calendar",84,2019,NA,NA,"114734_Feeding (or foraging)_2019"
22858,38.09404,-122.37149,1088,"Calypte","anna","Anna's hummingbird","Animalia",114826,295,"Territorial individuals (birds)",2019,1,7,7,2458491,NA,"114826_Territorial individuals (birds)","Territorial behavior","CA",9,2019-01-07,"calendar",7,2019,NA,NA,"114826_Territorial individuals (birds)_2019"
22858,38.09404,-122.37149,1088,"Calypte","anna","Anna's hummingbird","Animalia",114826,542,"Feeding (or foraging)",2019,3,25,84,2458568,7,"114826_Feeding (or foraging)","Feeding","CA",9,2019-03-25,"calendar",84,2019,NA,NA,"114826_Feeding (or foraging)_2019"
2803,39.971001,-105.397003,1232,"Pica","hudsonia","black-billed magpie","Animalia",122046,310,"Fruit/seed consumption",2019,1,1,1,2458485,NA,"122046_Fruit/seed consumption","Feeding","CO",9,2019-01-01,"calendar",1,2019,NA,NA,"122046_Fruit/seed consumption_2019"
2803,39.971001,-105.397003,1232,"Pica","hudsonia","black-billed magpie","Animalia",122046,457,"Insect consumption",2019,4,6,96,2458580,5,"122046_Insect consumption","Feeding","CO",9,2019-04-06,"calendar",96,2019,NA,NA,"122046_Insect consumption_2019"
2803,39.971001,-105.397003,1232,"Pica","hudsonia","black-billed magpie","Animalia",122046,542,"Feeding (or foraging)",2019,1,1,1,2458485,NA,"122046_Feeding (or foraging)","Feeding","CO",9,2019-01-01,"calendar",1,2019,NA,NA,"122046_Feeding (or foraging)_2019"
2803,39.971001,-105.397003,1113,"Dryobates","pubescens","downy woodpecker","Animalia",122049,310,"Fruit/seed consumption",2019,1,1,1,2458485,NA,"122049_Fruit/seed consumption","Feeding","CO",9,2019-01-01,"calendar",1,2019,NA,NA,"122049_Fruit/seed consumption_2019"
2803,39.971001,-105.397003,1113,"Dryobates","pubescens","downy woodpecker","Animalia",122049,542,"Feeding (or foraging)",2019,1,1,1,2458485,NA,"122049_Feeding (or foraging)","Feeding","CO",9,2019-01-01,"calendar",1,2019,NA,NA,"122049_Feeding (or foraging)_2019"
2803,39.971001,-105.397003,1411,"Poecile","gambeli","mountain chickadee","Animalia",122050,294,"Singing individuals (birds)",2019,1,1,1,2458485,NA,"122050_Singing individuals (birds)","Singing individuals","CO",9,2019-01-01,"calendar",1,2019,NA,NA,"122050_Singing individuals (birds)_2019"
2803,39.971001,-105.397003,1411,"Poecile","gambeli","mountain chickadee","Animalia",122050,310,"Fruit/seed consumption",2019,1,1,1,2458485,NA,"122050_Fruit/seed consumption","Feeding","CO",9,2019-01-01,"calendar",1,2019,NA,NA,"122050_Fruit/seed consumption_2019"
2803,39.971001,-105.397003,1411,"Poecile","gambeli","mountain chickadee","Animalia",122050,542,"Feeding (or foraging)",2019,1,1,1,2458485,NA,"122050_Feeding (or foraging)","Feeding","CO",9,2019-01-01,"calendar",1,2019,NA,NA,"122050_Feeding (or foraging)_2019"
2803,39.971001,-105.397003,359,"Agelaius","phoeniceus","red-winged blackbird","Animalia",122051,294,"Singing individuals (birds)",2019,4,1,91,2458575,16,"122051_Singing individuals (birds)","Singing individuals","CO",9,2019-04-01,"calendar",91,2019,NA,NA,"122051_Singing individuals (birds)_2019"
2803,39.971001,-105.397003,359,"Agelaius","phoeniceus","red-winged blackbird","Animalia",122051,310,"Fruit/seed consumption",2019,4,1,91,2458575,16,"122051_Fruit/seed consumption","Feeding","CO",9,2019-04-01,"calendar",91,2019,NA,NA,"122051_Fruit/seed consumption_2019"
2803,39.971001,-105.397003,359,"Agelaius","phoeniceus","red-winged blackbird","Animalia",122051,542,"Feeding (or foraging)",2019,4,1,91,2458575,16,"122051_Feeding (or foraging)","Feeding","CO",9,2019-04-01,"calendar",91,2019,NA,NA,"122051_Feeding (or foraging)_2019"
2803,39.971001,-105.397003,1398,"Cyanocitta","stelleri","Steller's jay","Animalia",122052,310,"Fruit/seed consumption",2019,1,1,1,2458485,NA,"122052_Fruit/seed consumption","Feeding","CO",9,2019-01-01,"calendar",1,2019,NA,NA,"122052_Fruit/seed consumption_2019"
2803,39.971001,-105.397003,1398,"Cyanocitta","stelleri","Steller's jay","Animalia",122052,457,"Insect consumption",2019,4,20,110,2458594,5,"122052_Insect consumption","Feeding","CO",9,2019-04-20,"calendar",110,2019,NA,NA,"122052_Insect consumption_2019"
2803,39.971001,-105.397003,1398,"Cyanocitta","stelleri","Steller's jay","Animalia",122052,542,"Feeding (or foraging)",2019,1,1,1,2458485,NA,"122052_Feeding (or foraging)","Feeding","CO",9,2019-01-01,"calendar",1,2019,NA,NA,"122052_Feeding (or foraging)_2019"
2803,39.971001,-105.397003,1415,"Sitta","carolinensis","white-breasted nuthatch","Animalia",122053,294,"Singing individuals (birds)",2019,1,1,1,2458485,NA,"122053_Singing individuals (birds)","Singing individuals","CO",9,2019-01-01,"calendar",1,2019,NA,NA,"122053_Singing individuals (birds)_2019"
2803,39.971001,-105.397003,1415,"Sitta","carolinensis","white-breasted nuthatch","Animalia",122053,310,"Fruit/seed consumption",2019,1,1,1,2458485,NA,"122053_Fruit/seed consumption","Feeding","CO",9,2019-01-01,"calendar",1,2019,NA,NA,"122053_Fruit/seed consumption_2019"
2803,39.971001,-105.397003,1415,"Sitta","carolinensis","white-breasted nuthatch","Animalia",122053,457,"Insect consumption",2019,5,27,147,2458631,7,"122053_Insect consumption","Feeding","CO",9,2019-05-27,"calendar",147,2019,NA,NA,"122053_Insect consumption_2019"
2803,39.971001,-105.397003,1415,"Sitta","carolinensis","white-breasted nuthatch","Animalia",122053,542,"Feeding (or foraging)",2019,1,1,1,2458485,NA,"122053_Feeding (or foraging)","Feeding","CO",9,2019-01-01,"calendar",1,2019,NA,NA,"122053_Feeding (or foraging)_2019"
25568,45.140465,-93.312943,1113,"Dryobates","pubescens","downy woodpecker","Animalia",123975,542,"Feeding (or foraging)",2019,5,18,138,2458622,8,"123975_Feeding (or foraging)","Feeding","MN",9,2019-05-18,"calendar",138,2019,NA,NA,"123975_Feeding (or foraging)_2019"
22613,32.33926,-110.981728,1088,"Calypte","anna","Anna's hummingbird","Animalia",136792,542,"Feeding (or foraging)",2019,1,10,10,2458494,7,"136792_Feeding (or foraging)","Feeding","AZ",9,2019-01-10,"calendar",10,2019,NA,NA,"136792_Feeding (or foraging)_2019"
27026,43.413593,-70.810211,352,"Archilochus","colubris","ruby-throated hummingbird","Animalia",137519,294,"Singing individuals (birds)",2019,5,23,143,2458627,12,"137519_Singing individuals (birds)","Singing individuals","ME",9,2019-05-23,"calendar",143,2019,NA,NA,"137519_Singing individuals (birds)_2019"
27026,43.413593,-70.810211,352,"Archilochus","colubris","ruby-throated hummingbird","Animalia",137519,295,"Territorial individuals (birds)",2019,6,19,170,2458654,18,"137519_Territorial individuals (birds)","Territorial behavior","ME",9,2019-06-19,"calendar",170,2019,NA,NA,"137519_Territorial individuals (birds)_2019"
27026,43.413593,-70.810211,352,"Archilochus","colubris","ruby-throated hummingbird","Animalia",137519,542,"Feeding (or foraging)",2019,5,11,131,2458615,NA,"137519_Feeding (or foraging)","Feeding","ME",9,2019-05-11,"calendar",131,2019,NA,NA,"137519_Feeding (or foraging)_2019"
27026,43.413593,-70.810211,246,"Turdus","migratorius","American robin","Animalia",137607,310,"Fruit/seed consumption",2019,5,11,131,2458615,NA,"137607_Fruit/seed consumption","Feeding","ME",9,2019-05-11,"calendar",131,2019,NA,NA,"137607_Fruit/seed consumption_2019"
27026,43.413593,-70.810211,246,"Turdus","migratorius","American robin","Animalia",137607,457,"Insect consumption",2019,5,11,131,2458615,NA,"137607_Insect consumption","Feeding","ME",9,2019-05-11,"calendar",131,2019,NA,NA,"137607_Insect consumption_2019"
27026,43.413593,-70.810211,246,"Turdus","migratorius","American robin","Animalia",137607,542,"Feeding (or foraging)",2019,5,11,131,2458615,NA,"137607_Feeding (or foraging)","Feeding","ME",9,2019-05-11,"calendar",131,2019,NA,NA,"137607_Feeding (or foraging)_2019"
27026,43.413593,-70.810211,360,"Icterus","galbula","Baltimore oriole","Animalia",137608,294,"Singing individuals (birds)",2019,5,11,131,2458615,NA,"137608_Singing individuals (birds)","Singing individuals","ME",9,2019-05-11,"calendar",131,2019,NA,NA,"137608_Singing individuals (birds)_2019"
27026,43.413593,-70.810211,360,"Icterus","galbula","Baltimore oriole","Animalia",137608,295,"Territorial individuals (birds)",2019,5,23,143,2458627,12,"137608_Territorial individuals (birds)","Territorial behavior","ME",9,2019-05-23,"calendar",143,2019,NA,NA,"137608_Territorial individuals (birds)_2019"
27026,43.413593,-70.810211,360,"Icterus","galbula","Baltimore oriole","Animalia",137608,340,"Courtship",2019,5,23,143,2458627,12,"137608_Courtship","Mating activity","ME",9,2019-05-23,"calendar",143,2019,NA,NA,"137608_Courtship_2019"
27026,43.413593,-70.810211,360,"Icterus","galbula","Baltimore oriole","Animalia",137608,542,"Feeding (or foraging)",2019,5,11,131,2458615,NA,"137608_Feeding (or foraging)","Feeding","ME",9,2019-05-11,"calendar",131,2019,NA,NA,"137608_Feeding (or foraging)_2019"
12064,32.248463,-110.909584,740,"Toxostoma","curvirostre","curve-billed thrasher","Animalia",139416,542,"Feeding (or foraging)",2019,5,1,121,2458605,18,"139416_Feeding (or foraging)","Feeding","AZ",9,2019-05-01,"calendar",121,2019,NA,NA,"139416_Feeding (or foraging)_2019"
12064,32.248463,-110.909584,1223,"Auriparus","flaviceps","verdin","Animalia",139417,294,"Singing individuals (birds)",2019,3,4,63,2458547,9,"139417_Singing individuals (birds)","Singing individuals","AZ",9,2019-03-04,"calendar",63,2019,NA,NA,"139417_Singing individuals (birds)_2019"
12064,32.248463,-110.909584,1223,"Auriparus","flaviceps","verdin","Animalia",139417,542,"Feeding (or foraging)",2019,3,4,63,2458547,9,"139417_Feeding (or foraging)","Feeding","AZ",9,2019-03-04,"calendar",63,2019,NA,NA,"139417_Feeding (or foraging)_2019"
9652,44.768246,-94.155746,245,"Poecile","atricapillus","black-capped chickadee","Animalia",139453,310,"Fruit/seed consumption",2019,1,31,31,2458515,NA,"139453_Fruit/seed consumption","Feeding","MN",9,2019-01-31,"calendar",31,2019,NA,NA,"139453_Fruit/seed consumption_2019"
9652,44.768246,-94.155746,245,"Poecile","atricapillus","black-capped chickadee","Animalia",139453,542,"Feeding (or foraging)",2019,1,31,31,2458515,NA,"139453_Feeding (or foraging)","Feeding","MN",9,2019-01-31,"calendar",31,2019,NA,NA,"139453_Feeding (or foraging)_2019"
27407,38.037094,-122.394722,244,"Charadrius","vociferus","killdeer","Animalia",141455,542,"Feeding (or foraging)",2019,3,25,84,2458568,7,"141455_Feeding (or foraging)","Feeding","CA",9,2019-03-25,"calendar",84,2019,NA,NA,"141455_Feeding (or foraging)_2019"
27407,38.037094,-122.394722,1375,"Anas","platyrhynchos","mallard","Animalia",141456,542,"Feeding (or foraging)",2019,1,7,7,2458491,NA,"141456_Feeding (or foraging)","Feeding","CA",9,2019-01-07,"calendar",7,2019,NA,NA,"141456_Feeding (or foraging)_2019"
27407,38.037094,-122.394722,375,"Zenaida","macroura","mourning dove","Animalia",141460,294,"Singing individuals (birds)",2019,3,4,63,2458547,7,"141460_Singing individuals (birds)","Singing individuals","CA",9,2019-03-04,"calendar",63,2019,NA,NA,"141460_Singing individuals (birds)_2019"
27407,38.037094,-122.394722,376,"Sayornis","nigricans","black phoebe","Animalia",141461,294,"Singing individuals (birds)",2019,1,28,28,2458512,7,"141461_Singing individuals (birds)","Singing individuals","CA",9,2019-01-28,"calendar",28,2019,NA,NA,"141461_Singing individuals (birds)_2019"
27407,38.037094,-122.394722,376,"Sayornis","nigricans","black phoebe","Animalia",141461,457,"Insect consumption",2019,1,28,28,2458512,7,"141461_Insect consumption","Feeding","CA",9,2019-01-28,"calendar",28,2019,NA,NA,"141461_Insect consumption_2019"
27407,38.037094,-122.394722,376,"Sayornis","nigricans","black phoebe","Animalia",141461,542,"Feeding (or foraging)",2019,1,28,28,2458512,7,"141461_Feeding (or foraging)","Feeding","CA",9,2019-01-28,"calendar",28,2019,NA,NA,"141461_Feeding (or foraging)_2019"
22740,38.525036,-121.970711,1654,"Baeolophus","inornatus","oak titmouse","Animalia",148019,457,"Insect consumption",2019,1,24,24,2458508,14,"148019_Insect consumption","Feeding","CA",9,2019-01-24,"calendar",24,2019,NA,NA,"148019_Insect consumption_2019"
1419,42.011166,-88.503304,246,"Turdus","migratorius","American robin","Animalia",10282,294,"Singing individuals (birds)",2020,3,8,68,2458917,21,"10282_Singing individuals (birds)","Singing individuals","IL",15,2020-03-08,"calendar",68,2020,NA,NA,"10282_Singing individuals (birds)_2020"
1419,42.011166,-88.503304,246,"Turdus","migratorius","American robin","Animalia",10282,457,"Insect consumption",2020,6,1,153,2459002,3,"10282_Insect consumption","Feeding","IL",12,2020-06-01,"calendar",153,2020,NA,NA,"10282_Insect consumption_2020"
1419,42.011166,-88.503304,246,"Turdus","migratorius","American robin","Animalia",10282,542,"Feeding (or foraging)",2020,6,1,153,2459002,3,"10282_Feeding (or foraging)","Feeding","IL",9,2020-06-01,"calendar",153,2020,NA,NA,"10282_Feeding (or foraging)_2020"
1419,42.011166,-88.503304,245,"Poecile","atricapillus","black-capped chickadee","Animalia",10283,294,"Singing individuals (birds)",2020,2,16,47,2458896,NA,"10283_Singing individuals (birds)","Singing individuals","IL",14,2020-02-16,"calendar",47,2020,NA,NA,"10283_Singing individuals (birds)_2020"
1419,42.011166,-88.503304,245,"Poecile","atricapillus","black-capped chickadee","Animalia",10283,310,"Fruit/seed consumption",2020,2,16,47,2458896,NA,"10283_Fruit/seed consumption","Feeding","IL",13,2020-02-16,"calendar",47,2020,NA,NA,"10283_Fruit/seed consumption_2020"
5428,48.033489,-122.598724,240,"Spinus","tristis","American goldfinch","Animalia",11347,310,"Fruit/seed consumption",2020,5,13,134,2458983,9,"11347_Fruit/seed consumption","Feeding","WA",14,2020-05-13,"calendar",134,2020,NA,NA,"11347_Fruit/seed consumption_2020"
5428,48.033489,-122.598724,240,"Spinus","tristis","American goldfinch","Animalia",11347,542,"Feeding (or foraging)",2020,5,4,125,2458974,55,"11347_Feeding (or foraging)","Feeding","WA",9,2020-05-04,"calendar",125,2020,NA,NA,"11347_Feeding (or foraging)_2020"
5428,48.033489,-122.598724,245,"Poecile","atricapillus","black-capped chickadee","Animalia",11350,310,"Fruit/seed consumption",2020,1,10,10,2458859,7,"11350_Fruit/seed consumption","Feeding","WA",13,2020-01-10,"calendar",10,2020,NA,NA,"11350_Fruit/seed consumption_2020"
5428,48.033489,-122.598724,362,"Junco","hyemalis","dark-eyed junco","Animalia",11351,310,"Fruit/seed consumption",2020,1,3,3,2458852,NA,"11351_Fruit/seed consumption","Feeding","WA",13,2020-01-03,"calendar",3,2020,NA,NA,"11351_Fruit/seed consumption_2020"
5674,44.910587,-70.266861,246,"Turdus","migratorius","American robin","Animalia",12709,310,"Fruit/seed consumption",2020,3,22,82,2458931,7,"12709_Fruit/seed consumption","Feeding","ME",12,2020-03-22,"calendar",82,2020,NA,NA,"12709_Fruit/seed consumption_2020"
5674,44.910587,-70.266861,246,"Turdus","migratorius","American robin","Animalia",12709,457,"Insect consumption",2020,5,31,152,2459001,7,"12709_Insect consumption","Feeding","ME",11,2020-05-31,"calendar",152,2020,NA,NA,"12709_Insect consumption_2020"
5674,44.910587,-70.266861,246,"Turdus","migratorius","American robin","Animalia",12709,542,"Feeding (or foraging)",2020,3,22,82,2458931,7,"12709_Feeding (or foraging)","Feeding","ME",9,2020-03-22,"calendar",82,2020,NA,NA,"12709_Feeding (or foraging)_2020"
5674,44.910587,-70.266861,352,"Archilochus","colubris","ruby-throated hummingbird","Animalia",12712,295,"Territorial individuals (birds)",2020,5,24,145,2458994,7,"12712_Territorial individuals (birds)","Territorial behavior","ME",9,2020-05-24,"calendar",145,2020,NA,NA,"12712_Territorial individuals (birds)_2020"
5674,44.910587,-70.266861,352,"Archilochus","colubris","ruby-throated hummingbird","Animalia",12712,312,"Flower visitation",2020,6,7,159,2459008,7,"12712_Flower visitation","Feeding","ME",13,2020-06-07,"calendar",159,2020,NA,NA,"12712_Flower visitation_2020"
5674,44.910587,-70.266861,352,"Archilochus","colubris","ruby-throated hummingbird","Animalia",12712,542,"Feeding (or foraging)",2020,5,17,138,2458987,14,"12712_Feeding (or foraging)","Feeding","ME",9,2020-05-17,"calendar",138,2020,NA,NA,"12712_Feeding (or foraging)_2020"
2803,39.971001,-105.397003,246,"Turdus","migratorius","American robin","Animalia",16046,294,"Singing individuals (birds)",2020,1,4,4,2458853,NA,"16046_Singing individuals (birds)","Singing individuals","CO",14,2020-01-04,"calendar",4,2020,NA,NA,"16046_Singing individuals (birds)_2020"
2803,39.971001,-105.397003,246,"Turdus","migratorius","American robin","Animalia",16046,310,"Fruit/seed consumption",2020,8,12,225,2459074,2,"16046_Fruit/seed consumption","Feeding","CO",10,2020-08-12,"calendar",225,2020,NA,NA,"16046_Fruit/seed consumption_2020"
2803,39.971001,-105.397003,246,"Turdus","migratorius","American robin","Animalia",16046,457,"Insect consumption",2020,3,31,91,2458940,6,"16046_Insect consumption","Feeding","CO",15,2020-03-31,"calendar",91,2020,NA,NA,"16046_Insect consumption_2020"
2803,39.971001,-105.397003,246,"Turdus","migratorius","American robin","Animalia",16046,542,"Feeding (or foraging)",2020,1,4,4,2458853,NA,"16046_Feeding (or foraging)","Feeding","CO",9,2020-01-04,"calendar",4,2020,NA,NA,"16046_Feeding (or foraging)_2020"
2803,39.971001,-105.397003,245,"Poecile","atricapillus","black-capped chickadee","Animalia",16047,294,"Singing individuals (birds)",2020,1,4,4,2458853,NA,"16047_Singing individuals (birds)","Singing individuals","CO",13,2020-01-04,"calendar",4,2020,NA,NA,"16047_Singing individuals (birds)_2020"
2803,39.971001,-105.397003,245,"Poecile","atricapillus","black-capped chickadee","Animalia",16047,310,"Fruit/seed consumption",2020,1,4,4,2458853,NA,"16047_Fruit/seed consumption","Feeding","CO",15,2020-01-04,"calendar",4,2020,NA,NA,"16047_Fruit/seed consumption_2020"
2803,39.971001,-105.397003,245,"Poecile","atricapillus","black-capped chickadee","Animalia",16047,542,"Feeding (or foraging)",2020,1,4,4,2458853,NA,"16047_Feeding (or foraging)","Feeding","CO",9,2020-01-04,"calendar",4,2020,NA,NA,"16047_Feeding (or foraging)_2020"
2803,39.971001,-105.397003,354,"Selasphorus","platycercus","broad-tailed hummingbird","Animalia",16048,295,"Territorial individuals (birds)",2020,4,30,121,2458970,3,"16048_Territorial individuals (birds)","Territorial behavior","CO",9,2020-04-30,"calendar",121,2020,NA,NA,"16048_Territorial individuals (birds)_2020"
2803,39.971001,-105.397003,354,"Selasphorus","platycercus","broad-tailed hummingbird","Animalia",16048,312,"Flower visitation",2020,5,5,126,2458975,3,"16048_Flower visitation","Feeding","CO",15,2020-05-05,"calendar",126,2020,NA,NA,"16048_Flower visitation_2020"
2803,39.971001,-105.397003,354,"Selasphorus","platycercus","broad-tailed hummingbird","Animalia",16048,457,"Insect consumption",2020,5,12,133,2458982,4,"16048_Insect consumption","Feeding","CO",15,2020-05-12,"calendar",133,2020,NA,NA,"16048_Insect consumption_2020"
2803,39.971001,-105.397003,354,"Selasphorus","platycercus","broad-tailed hummingbird","Animalia",16048,542,"Feeding (or foraging)",2020,4,30,121,2458970,3,"16048_Feeding (or foraging)","Feeding","CO",9,2020-04-30,"calendar",121,2020,NA,NA,"16048_Feeding (or foraging)_2020"
2803,39.971001,-105.397003,362,"Junco","hyemalis","dark-eyed junco","Animalia",16213,294,"Singing individuals (birds)",2020,1,4,4,2458853,NA,"16213_Singing individuals (birds)","Singing individuals","CO",12,2020-01-04,"calendar",4,2020,NA,NA,"16213_Singing individuals (birds)_2020"
2803,39.971001,-105.397003,362,"Junco","hyemalis","dark-eyed junco","Animalia",16213,310,"Fruit/seed consumption",2020,1,4,4,2458853,NA,"16213_Fruit/seed consumption","Feeding","CO",15,2020-01-04,"calendar",4,2020,NA,NA,"16213_Fruit/seed consumption_2020"
2803,39.971001,-105.397003,362,"Junco","hyemalis","dark-eyed junco","Animalia",16213,457,"Insect consumption",2020,4,4,95,2458944,4,"16213_Insect consumption","Feeding","CO",9,2020-04-04,"calendar",95,2020,NA,NA,"16213_Insect consumption_2020"
2803,39.971001,-105.397003,362,"Junco","hyemalis","dark-eyed junco","Animalia",16213,542,"Feeding (or foraging)",2020,1,4,4,2458853,NA,"16213_Feeding (or foraging)","Feeding","CO",9,2020-01-04,"calendar",4,2020,NA,NA,"16213_Feeding (or foraging)_2020"
2803,39.971001,-105.397003,357,"Sialia","mexicana","western bluebird","Animalia",16214,294,"Singing individuals (birds)",2020,3,31,91,2458940,6,"16214_Singing individuals (birds)","Singing individuals","CO",10,2020-03-31,"calendar",91,2020,NA,NA,"16214_Singing individuals (birds)_2020"
2803,39.971001,-105.397003,357,"Sialia","mexicana","western bluebird","Animalia",16214,457,"Insect consumption",2020,3,31,91,2458940,6,"16214_Insect consumption","Feeding","CO",12,2020-03-31,"calendar",91,2020,NA,NA,"16214_Insect consumption_2020"
6481,42.456135,-72.344215,240,"Spinus","tristis","American goldfinch","Animalia",19034,310,"Fruit/seed consumption",2020,1,26,26,2458875,NA,"19034_Fruit/seed consumption","Feeding","MA",10,2020-01-26,"calendar",26,2020,NA,NA,"19034_Fruit/seed consumption_2020"
6481,42.456135,-72.344215,240,"Spinus","tristis","American goldfinch","Animalia",19034,542,"Feeding (or foraging)",2020,1,26,26,2458875,NA,"19034_Feeding (or foraging)","Feeding","MA",9,2020-01-26,"calendar",26,2020,NA,NA,"19034_Feeding (or foraging)_2020"
6481,42.456135,-72.344215,246,"Turdus","migratorius","American robin","Animalia",19035,294,"Singing individuals (birds)",2020,4,7,98,2458947,13,"19035_Singing individuals (birds)","Singing individuals","MA",9,2020-04-07,"calendar",98,2020,NA,NA,"19035_Singing individuals (birds)_2020"
6481,42.456135,-72.344215,246,"Turdus","migratorius","American robin","Animalia",19035,542,"Feeding (or foraging)",2020,1,26,26,2458875,NA,"19035_Feeding (or foraging)","Feeding","MA",9,2020-01-26,"calendar",26,2020,NA,NA,"19035_Feeding (or foraging)_2020"
6481,42.456135,-72.344215,352,"Archilochus","colubris","ruby-throated hummingbird","Animalia",19040,312,"Flower visitation",2020,8,6,219,2459068,NA,"19040_Flower visitation","Feeding","MA",9,2020-08-06,"calendar",219,2020,NA,NA,"19040_Flower visitation_2020"
8242,31.596231,-110.575493,353,"Archilochus","alexandri","black-chinned hummingbird","Animalia",23606,312,"Flower visitation",2020,4,20,111,2458960,50,"23606_Flower visitation","Feeding","AZ",10,2020-04-20,"calendar",111,2020,NA,NA,"23606_Flower visitation_2020"
8418,32.363758,-94.873947,246,"Turdus","migratorius","American robin","Animalia",25349,294,"Singing individuals (birds)",2020,3,29,89,2458938,NA,"25349_Singing individuals (birds)","Singing individuals","TX",12,2020-03-29,"calendar",89,2020,NA,NA,"25349_Singing individuals (birds)_2020"
8418,32.363758,-94.873947,246,"Turdus","migratorius","American robin","Animalia",25349,457,"Insect consumption",2020,3,29,89,2458938,NA,"25349_Insect consumption","Feeding","TX",12,2020-03-29,"calendar",89,2020,NA,NA,"25349_Insect consumption_2020"
8418,32.363758,-94.873947,1108,"Mimus","polyglottos","northern mockingbird","Animalia",25351,294,"Singing individuals (birds)",2020,3,29,89,2458938,NA,"25351_Singing individuals (birds)","Singing individuals","TX",12,2020-03-29,"calendar",89,2020,NA,NA,"25351_Singing individuals (birds)_2020"
8496,46.328629,-96.061256,246,"Turdus","migratorius","American robin","Animalia",25780,310,"Fruit/seed consumption",2020,4,5,96,2458945,7,"25780_Fruit/seed consumption","Feeding","MN",12,2020-04-05,"calendar",96,2020,NA,NA,"25780_Fruit/seed consumption_2020"
8496,46.328629,-96.061256,245,"Poecile","atricapillus","black-capped chickadee","Animalia",25781,310,"Fruit/seed consumption",2020,1,10,10,2458859,NA,"25781_Fruit/seed consumption","Feeding","MN",14,2020-01-10,"calendar",10,2020,NA,NA,"25781_Fruit/seed consumption_2020"
8496,46.328629,-96.061256,245,"Poecile","atricapillus","black-capped chickadee","Animalia",25781,542,"Feeding (or foraging)",2020,1,10,10,2458859,NA,"25781_Feeding (or foraging)","Feeding","MN",9,2020-01-10,"calendar",10,2020,NA,NA,"25781_Feeding (or foraging)_2020"
8496,46.328629,-96.061256,352,"Archilochus","colubris","ruby-throated hummingbird","Animalia",25784,312,"Flower visitation",2020,8,6,219,2459068,17,"25784_Flower visitation","Feeding","MN",11,2020-08-06,"calendar",219,2020,NA,NA,"25784_Flower visitation_2020"
8496,46.328629,-96.061256,1104,"Hirundo","rustica","barn swallow","Animalia",25894,297,"Nest building (birds)",2020,5,6,127,2458976,2,"25894_Nest building (birds)","Nesting behavior","MN",12,2020-05-06,"calendar",127,2020,NA,NA,"25894_Nest building (birds)_2020"
8496,46.328629,-96.061256,1104,"Hirundo","rustica","barn swallow","Animalia",25894,542,"Feeding (or foraging)",2020,5,6,127,2458976,2,"25894_Feeding (or foraging)","Feeding","MN",9,2020-05-06,"calendar",127,2020,NA,NA,"25894_Feeding (or foraging)_2020"
8496,46.328629,-96.061256,1113,"Dryobates","pubescens","downy woodpecker","Animalia",25895,310,"Fruit/seed consumption",2020,1,10,10,2458859,NA,"25895_Fruit/seed consumption","Feeding","MN",14,2020-01-10,"calendar",10,2020,NA,NA,"25895_Fruit/seed consumption_2020"
8496,46.328629,-96.061256,1113,"Dryobates","pubescens","downy woodpecker","Animalia",25895,542,"Feeding (or foraging)",2020,1,10,10,2458859,NA,"25895_Feeding (or foraging)","Feeding","MN",9,2020-01-10,"calendar",10,2020,NA,NA,"25895_Feeding (or foraging)_2020"
8496,46.328629,-96.061256,355,"Troglodytes","aedon","house wren","Animalia",25897,294,"Singing individuals (birds)",2020,5,16,137,2458986,8,"25897_Singing individuals (birds)","Singing individuals","MN",10,2020-05-16,"calendar",137,2020,NA,NA,"25897_Singing individuals (birds)_2020"
8496,46.328629,-96.061256,355,"Troglodytes","aedon","house wren","Animalia",25897,297,"Nest building (birds)",2020,5,22,143,2458992,6,"25897_Nest building (birds)","Nesting behavior","MN",10,2020-05-22,"calendar",143,2020,NA,NA,"25897_Nest building (birds)_2020"
8496,46.328629,-96.061256,355,"Troglodytes","aedon","house wren","Animalia",25897,298,"Occupied nest",2020,5,27,148,2458997,11,"25897_Occupied nest","Nesting behavior","MN",9,2020-05-27,"calendar",148,2020,NA,NA,"25897_Occupied nest_2020"
8496,46.328629,-96.061256,1090,"Cardinalis","cardinalis","northern cardinal","Animalia",25898,294,"Singing individuals (birds)",2020,3,29,89,2458938,15,"25898_Singing individuals (birds)","Singing individuals","MN",13,2020-03-29,"calendar",89,2020,NA,NA,"25898_Singing individuals (birds)_2020"
8496,46.328629,-96.061256,1090,"Cardinalis","cardinalis","northern cardinal","Animalia",25898,310,"Fruit/seed consumption",2020,1,10,10,2458859,NA,"25898_Fruit/seed consumption","Feeding","MN",13,2020-01-10,"calendar",10,2020,NA,NA,"25898_Fruit/seed consumption_2020"
8715,43.522804,-70.802277,352,"Archilochus","colubris","ruby-throated hummingbird","Animalia",28193,542,"Feeding (or foraging)",2020,6,10,162,2459011,7,"28193_Feeding (or foraging)","Feeding","ME",9,2020-06-10,"calendar",162,2020,NA,NA,"28193_Feeding (or foraging)_2020"
8418,32.363758,-94.873947,1096,"Cyanocitta","cristata","blue jay","Animalia",28244,310,"Fruit/seed consumption",2020,3,29,89,2458938,NA,"28244_Fruit/seed consumption","Feeding","TX",12,2020-03-29,"calendar",89,2020,NA,NA,"28244_Fruit/seed consumption_2020"
8418,32.363758,-94.873947,375,"Zenaida","macroura","mourning dove","Animalia",28246,294,"Singing individuals (birds)",2020,3,29,89,2458938,NA,"28246_Singing individuals (birds)","Singing individuals","TX",11,2020-03-29,"calendar",89,2020,NA,NA,"28246_Singing individuals (birds)_2020"
8418,32.363758,-94.873947,1090,"Cardinalis","cardinalis","northern cardinal","Animalia",28247,310,"Fruit/seed consumption",2020,3,29,89,2458938,NA,"28247_Fruit/seed consumption","Feeding","TX",12,2020-03-29,"calendar",89,2020,NA,NA,"28247_Fruit/seed consumption_2020"
8736,44.903229,-93.217445,240,"Spinus","tristis","American goldfinch","Animalia",28348,310,"Fruit/seed consumption",2020,4,2,93,2458942,9,"28348_Fruit/seed consumption","Feeding","MN",11,2020-04-02,"calendar",93,2020,NA,NA,"28348_Fruit/seed consumption_2020"
8736,44.903229,-93.217445,245,"Poecile","atricapillus","black-capped chickadee","Animalia",28349,294,"Singing individuals (birds)",2020,3,11,71,2458920,NA,"28349_Singing individuals (birds)","Singing individuals","MN",10,2020-03-11,"calendar",71,2020,NA,NA,"28349_Singing individuals (birds)_2020"
8736,44.903229,-93.217445,245,"Poecile","atricapillus","black-capped chickadee","Animalia",28349,310,"Fruit/seed consumption",2020,3,11,71,2458920,NA,"28349_Fruit/seed consumption","Feeding","MN",11,2020-03-11,"calendar",71,2020,NA,NA,"28349_Fruit/seed consumption_2020"
8736,44.903229,-93.217445,1090,"Cardinalis","cardinalis","northern cardinal","Animalia",28354,294,"Singing individuals (birds)",2020,3,11,71,2458920,NA,"28354_Singing individuals (birds)","Singing individuals","MN",9,2020-03-11,"calendar",71,2020,NA,NA,"28354_Singing individuals (birds)_2020"
8736,44.903229,-93.217445,1090,"Cardinalis","cardinalis","northern cardinal","Animalia",28354,310,"Fruit/seed consumption",2020,3,11,71,2458920,NA,"28354_Fruit/seed consumption","Feeding","MN",11,2020-03-11,"calendar",71,2020,NA,NA,"28354_Fruit/seed consumption_2020"
8736,44.903229,-93.217445,362,"Junco","hyemalis","dark-eyed junco","Animalia",29145,310,"Fruit/seed consumption",2020,3,11,71,2458920,NA,"29145_Fruit/seed consumption","Feeding","MN",11,2020-03-11,"calendar",71,2020,NA,NA,"29145_Fruit/seed consumption_2020"
8242,31.596231,-110.575493,740,"Toxostoma","curvirostre","curve-billed thrasher","Animalia",29639,310,"Fruit/seed consumption",2020,4,20,111,2458960,50,"29639_Fruit/seed consumption","Feeding","AZ",10,2020-04-20,"calendar",111,2020,NA,NA,"29639_Fruit/seed consumption_2020"
8242,31.596231,-110.575493,1091,"Spinus","psaltria","lesser goldfinch","Animalia",29640,310,"Fruit/seed consumption",2020,4,20,111,2458960,50,"29640_Fruit/seed consumption","Feeding","AZ",10,2020-04-20,"calendar",111,2020,NA,NA,"29640_Fruit/seed consumption_2020"
8923,42.286381,-72.653831,356,"Sialia","sialis","eastern bluebird","Animalia",30029,457,"Insect consumption",2020,3,19,79,2458928,3,"30029_Insect consumption","Feeding","MA",10,2020-03-19,"calendar",79,2020,NA,NA,"30029_Insect consumption_2020"
8923,42.286381,-72.653831,362,"Junco","hyemalis","dark-eyed junco","Animalia",30033,310,"Fruit/seed consumption",2020,1,5,5,2458854,NA,"30033_Fruit/seed consumption","Feeding","MA",10,2020-01-05,"calendar",5,2020,NA,NA,"30033_Fruit/seed consumption_2020"
8923,42.286381,-72.653831,1096,"Cyanocitta","cristata","blue jay","Animalia",30047,310,"Fruit/seed consumption",2020,1,5,5,2458854,NA,"30047_Fruit/seed consumption","Feeding","MA",10,2020-01-05,"calendar",5,2020,NA,NA,"30047_Fruit/seed consumption_2020"
8923,42.286381,-72.653831,1126,"Thryothorus","ludovicianus","Carolina wren","Animalia",30059,310,"Fruit/seed consumption",2020,3,16,76,2458925,56,"30059_Fruit/seed consumption","Feeding","MA",9,2020-03-16,"calendar",76,2020,NA,NA,"30059_Fruit/seed consumption_2020"
8418,32.363758,-94.873947,352,"Archilochus","colubris","ruby-throated hummingbird","Animalia",30980,312,"Flower visitation",2020,3,29,89,2458938,NA,"30980_Flower visitation","Feeding","TX",12,2020-03-29,"calendar",89,2020,NA,NA,"30980_Flower visitation_2020"
8496,46.328629,-96.061256,1096,"Cyanocitta","cristata","blue jay","Animalia",32294,310,"Fruit/seed consumption",2020,1,10,10,2458859,NA,"32294_Fruit/seed consumption","Feeding","MN",14,2020-01-10,"calendar",10,2020,NA,NA,"32294_Fruit/seed consumption_2020"
8496,46.328629,-96.061256,1096,"Cyanocitta","cristata","blue jay","Animalia",32294,542,"Feeding (or foraging)",2020,1,10,10,2458859,NA,"32294_Feeding (or foraging)","Feeding","MN",9,2020-01-10,"calendar",10,2020,NA,NA,"32294_Feeding (or foraging)_2020"
8496,46.328629,-96.061256,362,"Junco","hyemalis","dark-eyed junco","Animalia",32295,310,"Fruit/seed consumption",2020,1,10,10,2458859,NA,"32295_Fruit/seed consumption","Feeding","MN",13,2020-01-10,"calendar",10,2020,NA,NA,"32295_Fruit/seed consumption_2020"
8496,46.328629,-96.061256,1110,"Passer","domesticus","house sparrow","Animalia",32297,310,"Fruit/seed consumption",2020,1,10,10,2458859,NA,"32297_Fruit/seed consumption","Feeding","MN",14,2020-01-10,"calendar",10,2020,NA,NA,"32297_Fruit/seed consumption_2020"
8496,46.328629,-96.061256,1110,"Passer","domesticus","house sparrow","Animalia",32297,542,"Feeding (or foraging)",2020,1,10,10,2458859,NA,"32297_Feeding (or foraging)","Feeding","MN",9,2020-01-10,"calendar",10,2020,NA,NA,"32297_Feeding (or foraging)_2020"
6091,34.11578,-118.757507,376,"Sayornis","nigricans","black phoebe","Animalia",33829,457,"Insect consumption",2020,3,6,66,2458915,NA,"33829_Insect consumption","Feeding","CA",9,2020-03-06,"calendar",66,2020,NA,NA,"33829_Insect consumption_2020"
8496,46.328629,-96.061256,240,"Spinus","tristis","American goldfinch","Animalia",34922,310,"Fruit/seed consumption",2020,5,6,127,2458976,2,"34922_Fruit/seed consumption","Feeding","MN",12,2020-05-06,"calendar",127,2020,NA,NA,"34922_Fruit/seed consumption_2020"
8418,32.363758,-94.873947,1110,"Passer","domesticus","house sparrow","Animalia",35674,310,"Fruit/seed consumption",2020,3,29,89,2458938,NA,"35674_Fruit/seed consumption","Feeding","TX",11,2020-03-29,"calendar",89,2020,NA,NA,"35674_Fruit/seed consumption_2020"
10145,42.602543,-83.250992,240,"Spinus","tristis","American goldfinch","Animalia",38837,294,"Singing individuals (birds)",2020,3,25,85,2458934,1,"38837_Singing individuals (birds)","Singing individuals","MI",9,2020-03-25,"calendar",85,2020,NA,NA,"38837_Singing individuals (birds)_2020"
10145,42.602543,-83.250992,246,"Turdus","migratorius","American robin","Animalia",38840,310,"Fruit/seed consumption",2020,11,3,308,2459157,1,"38840_Fruit/seed consumption","Feeding","MI",9,2020-11-03,"calendar",308,2020,NA,NA,"38840_Fruit/seed consumption_2020"
10145,42.602543,-83.250992,355,"Troglodytes","aedon","house wren","Animalia",38908,294,"Singing individuals (birds)",2020,5,15,136,2458985,1,"38908_Singing individuals (birds)","Singing individuals","MI",10,2020-05-15,"calendar",136,2020,NA,NA,"38908_Singing individuals (birds)_2020"
10145,42.602543,-83.250992,359,"Agelaius","phoeniceus","red-winged blackbird","Animalia",38946,294,"Singing individuals (birds)",2020,3,11,71,2458920,1,"38946_Singing individuals (birds)","Singing individuals","MI",11,2020-03-11,"calendar",71,2020,NA,NA,"38946_Singing individuals (birds)_2020"
9652,44.768246,-94.155746,246,"Turdus","migratorius","American robin","Animalia",40107,294,"Singing individuals (birds)",2020,3,1,61,2458910,8,"40107_Singing individuals (birds)","Singing individuals","MN",13,2020-03-01,"calendar",61,2020,NA,NA,"40107_Singing individuals (birds)_2020"
9652,44.768246,-94.155746,246,"Turdus","migratorius","American robin","Animalia",40107,295,"Territorial individuals (birds)",2020,4,25,116,2458965,18,"40107_Territorial individuals (birds)","Territorial behavior","MN",9,2020-04-25,"calendar",116,2020,NA,NA,"40107_Territorial individuals (birds)_2020"
9652,44.768246,-94.155746,246,"Turdus","migratorius","American robin","Animalia",40107,297,"Nest building (birds)",2020,3,26,86,2458935,2,"40107_Nest building (birds)","Nesting behavior","MN",11,2020-03-26,"calendar",86,2020,NA,NA,"40107_Nest building (birds)_2020"
9652,44.768246,-94.155746,246,"Turdus","migratorius","American robin","Animalia",40107,308,"Fledged young (altricial birds)",2020,5,30,151,2459000,10,"40107_Fledged young (altricial birds)","Young observed","MN",9,2020-05-30,"calendar",151,2020,NA,NA,"40107_Fledged young (altricial birds)_2020"
9652,44.768246,-94.155746,246,"Turdus","migratorius","American robin","Animalia",40107,310,"Fruit/seed consumption",2020,2,22,53,2458902,NA,"40107_Fruit/seed consumption","Feeding","MN",13,2020-02-22,"calendar",53,2020,NA,NA,"40107_Fruit/seed consumption_2020"
9652,44.768246,-94.155746,246,"Turdus","migratorius","American robin","Animalia",40107,457,"Insect consumption",2020,4,2,93,2458942,7,"40107_Insect consumption","Feeding","MN",13,2020-04-02,"calendar",93,2020,NA,NA,"40107_Insect consumption_2020"
9652,44.768246,-94.155746,246,"Turdus","migratorius","American robin","Animalia",40107,542,"Feeding (or foraging)",2020,2,22,53,2458902,NA,"40107_Feeding (or foraging)","Feeding","MN",9,2020-02-22,"calendar",53,2020,NA,NA,"40107_Feeding (or foraging)_2020"
9652,44.768246,-94.155746,240,"Spinus","tristis","American goldfinch","Animalia",40108,310,"Fruit/seed consumption",2020,8,6,219,2459068,9,"40108_Fruit/seed consumption","Feeding","MN",9,2020-08-06,"calendar",219,2020,NA,NA,"40108_Fruit/seed consumption_2020"
9652,44.768246,-94.155746,240,"Spinus","tristis","American goldfinch","Animalia",40108,542,"Feeding (or foraging)",2020,8,6,219,2459068,9,"40108_Feeding (or foraging)","Feeding","MN",9,2020-08-06,"calendar",219,2020,NA,NA,"40108_Feeding (or foraging)_2020"
9652,44.768246,-94.155746,375,"Zenaida","macroura","mourning dove","Animalia",40109,294,"Singing individuals (birds)",2020,7,1,183,2459032,54,"40109_Singing individuals (birds)","Singing individuals","MN",11,2020-07-01,"calendar",183,2020,NA,NA,"40109_Singing individuals (birds)_2020"
8418,32.363758,-94.873947,1113,"Dryobates","pubescens","downy woodpecker","Animalia",41679,310,"Fruit/seed consumption",2020,3,29,89,2458938,NA,"41679_Fruit/seed consumption","Feeding","TX",11,2020-03-29,"calendar",89,2020,NA,NA,"41679_Fruit/seed consumption_2020"
10717,38.285664,-111.246605,246,"Turdus","migratorius","American robin","Animalia",42593,294,"Singing individuals (birds)",2020,3,22,82,2458931,11,"42593_Singing individuals (birds)","Singing individuals","UT",9,2020-03-22,"calendar",82,2020,NA,NA,"42593_Singing individuals (birds)_2020"
10717,38.285664,-111.246605,246,"Turdus","migratorius","American robin","Animalia",42593,457,"Insect consumption",2020,6,20,172,2459021,4,"42593_Insect consumption","Feeding","UT",9,2020-06-20,"calendar",172,2020,NA,NA,"42593_Insect consumption_2020"
11313,44.201355,-92.646301,1090,"Cardinalis","cardinalis","northern cardinal","Animalia",46661,294,"Singing individuals (birds)",2020,4,9,100,2458949,NA,"46661_Singing individuals (birds)","Singing individuals","MN",10,2020-04-09,"calendar",100,2020,NA,NA,"46661_Singing individuals (birds)_2020"
11598,43.073357,-71.150681,243,"Gavia","immer","common loon","Animalia",48357,298,"Occupied nest",2020,7,18,200,2459049,28,"48357_Occupied nest","Nesting behavior","NH",9,2020-07-18,"calendar",200,2020,NA,NA,"48357_Occupied nest_2020"
11598,43.073357,-71.150681,243,"Gavia","immer","common loon","Animalia",48357,542,"Feeding (or foraging)",2020,4,5,96,2458945,NA,"48357_Feeding (or foraging)","Feeding","NH",9,2020-04-05,"calendar",96,2020,NA,NA,"48357_Feeding (or foraging)_2020"
12064,32.248463,-110.909584,1088,"Calypte","anna","Anna's hummingbird","Animalia",50759,312,"Flower visitation",2020,8,11,224,2459073,21,"50759_Flower visitation","Feeding","AZ",9,2020-08-11,"calendar",224,2020,NA,NA,"50759_Flower visitation_2020"
12064,32.248463,-110.909584,1088,"Calypte","anna","Anna's hummingbird","Animalia",50759,542,"Feeding (or foraging)",2020,1,7,7,2458856,NA,"50759_Feeding (or foraging)","Feeding","AZ",9,2020-01-07,"calendar",7,2020,NA,NA,"50759_Feeding (or foraging)_2020"
16295,27.929228,-82.725639,1108,"Mimus","polyglottos","northern mockingbird","Animalia",60950,294,"Singing individuals (birds)",2020,4,4,95,2458944,7,"60950_Singing individuals (birds)","Singing individuals","FL",9,2020-04-04,"calendar",95,2020,NA,NA,"60950_Singing individuals (birds)_2020"
5428,48.033489,-122.598724,1088,"Calypte","anna","Anna's hummingbird","Animalia",60981,312,"Flower visitation",2020,3,10,70,2458919,35,"60981_Flower visitation","Feeding","WA",10,2020-03-10,"calendar",70,2020,NA,NA,"60981_Flower visitation_2020"
5428,48.033489,-122.598724,1119,"Selasphorus","rufus","rufous hummingbird","Animalia",60984,312,"Flower visitation",2020,3,10,70,2458919,35,"60984_Flower visitation","Feeding","WA",9,2020-03-10,"calendar",70,2020,NA,NA,"60984_Flower visitation_2020"
5428,48.033489,-122.598724,1119,"Selasphorus","rufus","rufous hummingbird","Animalia",60984,542,"Feeding (or foraging)",2020,3,10,70,2458919,35,"60984_Feeding (or foraging)","Feeding","WA",9,2020-03-10,"calendar",70,2020,NA,NA,"60984_Feeding (or foraging)_2020"
8418,32.363758,-94.873947,359,"Agelaius","phoeniceus","red-winged blackbird","Animalia",62147,310,"Fruit/seed consumption",2020,3,29,89,2458938,NA,"62147_Fruit/seed consumption","Feeding","TX",10,2020-03-29,"calendar",89,2020,NA,NA,"62147_Fruit/seed consumption_2020"
8418,32.363758,-94.873947,1233,"Poecile","carolinensis","Carolina chickadee","Animalia",63335,310,"Fruit/seed consumption",2020,3,29,89,2458938,NA,"63335_Fruit/seed consumption","Feeding","TX",10,2020-03-29,"calendar",89,2020,NA,NA,"63335_Fruit/seed consumption_2020"
10145,42.602543,-83.250992,1224,"Branta","canadensis","Canada goose","Animalia",64229,541,"Fledged young (precocial birds)",2020,5,11,132,2458981,1,"64229_Fledged young (precocial birds)","Young observed","MI",9,2020-05-11,"calendar",132,2020,NA,NA,"64229_Fledged young (precocial birds)_2020"
17414,42.936153,-73.433449,1124,"Tachycineta","bicolor","tree swallow","Animalia",66940,297,"Nest building (birds)",2020,5,27,148,2458997,4,"66940_Nest building (birds)","Nesting behavior","NY",9,2020-05-27,"calendar",148,2020,NA,NA,"66940_Nest building (birds)_2020"
17414,42.936153,-73.433449,1124,"Tachycineta","bicolor","tree swallow","Animalia",66940,298,"Occupied nest",2020,5,30,151,2459000,3,"66940_Occupied nest","Nesting behavior","NY",9,2020-05-30,"calendar",151,2020,NA,NA,"66940_Occupied nest_2020"
17414,42.936153,-73.433449,1124,"Tachycineta","bicolor","tree swallow","Animalia",66940,457,"Insect consumption",2020,4,12,103,2458952,8,"66940_Insect consumption","Feeding","NY",9,2020-04-12,"calendar",103,2020,NA,NA,"66940_Insect consumption_2020"
17414,42.936153,-73.433449,1124,"Tachycineta","bicolor","tree swallow","Animalia",66940,542,"Feeding (or foraging)",2020,4,12,103,2458952,8,"66940_Feeding (or foraging)","Feeding","NY",9,2020-04-12,"calendar",103,2020,NA,NA,"66940_Feeding (or foraging)_2020"
17707,37.360123,-122.128151,362,"Junco","hyemalis","dark-eyed junco","Animalia",68613,294,"Singing individuals (birds)",2020,1,22,22,2458871,NA,"68613_Singing individuals (birds)","Singing individuals","CA",11,2020-01-22,"calendar",22,2020,NA,NA,"68613_Singing individuals (birds)_2020"
9652,44.768246,-94.155746,1090,"Cardinalis","cardinalis","northern cardinal","Animalia",69510,294,"Singing individuals (birds)",2020,2,23,54,2458903,1,"69510_Singing individuals (birds)","Singing individuals","MN",11,2020-02-23,"calendar",54,2020,NA,NA,"69510_Singing individuals (birds)_2020"
9652,44.768246,-94.155746,1090,"Cardinalis","cardinalis","northern cardinal","Animalia",69510,310,"Fruit/seed consumption",2020,2,22,53,2458902,NA,"69510_Fruit/seed consumption","Feeding","MN",10,2020-02-22,"calendar",53,2020,NA,NA,"69510_Fruit/seed consumption_2020"
9652,44.768246,-94.155746,1090,"Cardinalis","cardinalis","northern cardinal","Animalia",69510,542,"Feeding (or foraging)",2020,2,22,53,2458902,NA,"69510_Feeding (or foraging)","Feeding","MN",9,2020-02-22,"calendar",53,2020,NA,NA,"69510_Feeding (or foraging)_2020"
12725,37.360928,-122.130836,1088,"Calypte","anna","Anna's hummingbird","Animalia",71544,294,"Singing individuals (birds)",2020,1,21,21,2458870,NA,"71544_Singing individuals (birds)","Singing individuals","CA",9,2020-01-21,"calendar",21,2020,NA,NA,"71544_Singing individuals (birds)_2020"
12725,37.360928,-122.130836,1088,"Calypte","anna","Anna's hummingbird","Animalia",71544,312,"Flower visitation",2020,1,21,21,2458870,NA,"71544_Flower visitation","Feeding","CA",9,2020-01-21,"calendar",21,2020,NA,NA,"71544_Flower visitation_2020"
6099,34.119007,-118.760071,1229,"Melanerpes","formicivorus","acorn woodpecker","Animalia",72367,457,"Insect consumption",2020,2,21,52,2458901,7,"72367_Insect consumption","Feeding","CA",11,2020-02-21,"calendar",52,2020,NA,NA,"72367_Insect consumption_2020"
6091,34.11578,-118.757507,1229,"Melanerpes","formicivorus","acorn woodpecker","Animalia",72369,542,"Feeding (or foraging)",2020,8,31,244,2459093,19,"72369_Feeding (or foraging)","Feeding","CA",9,2020-08-31,"calendar",244,2020,NA,NA,"72369_Feeding (or foraging)_2020"
18529,33.630066,-112.147385,1088,"Calypte","anna","Anna's hummingbird","Animalia",73449,312,"Flower visitation",2020,1,1,1,2458850,NA,"73449_Flower visitation","Feeding","AZ",10,2020-01-01,"calendar",1,2020,NA,NA,"73449_Flower visitation_2020"
18529,33.630066,-112.147385,1088,"Calypte","anna","Anna's hummingbird","Animalia",73449,457,"Insect consumption",2020,1,1,1,2458850,NA,"73449_Insect consumption","Feeding","AZ",10,2020-01-01,"calendar",1,2020,NA,NA,"73449_Insect consumption_2020"
18529,33.630066,-112.147385,740,"Toxostoma","curvirostre","curve-billed thrasher","Animalia",75309,457,"Insect consumption",2020,1,1,1,2458850,NA,"75309_Insect consumption","Feeding","AZ",10,2020-01-01,"calendar",1,2020,NA,NA,"75309_Insect consumption_2020"
9341,35.639874,-83.687721,377,"Vireo","olivaceus","red-eyed vireo","Animalia",75374,294,"Singing individuals (birds)",2020,5,30,151,2459000,72,"75374_Singing individuals (birds)","Singing individuals","TN",9,2020-05-30,"calendar",151,2020,NA,NA,"75374_Singing individuals (birds)_2020"
9341,35.639874,-83.687721,1098,"Setophaga","virens","black-throated green warbler","Animalia",75375,294,"Singing individuals (birds)",2020,4,6,97,2458946,18,"75375_Singing individuals (birds)","Singing individuals","TN",9,2020-04-06,"calendar",97,2020,NA,NA,"75375_Singing individuals (birds)_2020"
19944,33.66478,-117.843063,1088,"Calypte","anna","Anna's hummingbird","Animalia",81455,294,"Singing individuals (birds)",2020,1,1,1,2458850,NA,"81455_Singing individuals (birds)","Singing individuals","CA",11,2020-01-01,"calendar",1,2020,NA,NA,"81455_Singing individuals (birds)_2020"
19944,33.66478,-117.843063,1088,"Calypte","anna","Anna's hummingbird","Animalia",81455,295,"Territorial individuals (birds)",2020,1,1,1,2458850,NA,"81455_Territorial individuals (birds)","Territorial behavior","CA",9,2020-01-01,"calendar",1,2020,NA,NA,"81455_Territorial individuals (birds)_2020"
19944,33.66478,-117.843063,1088,"Calypte","anna","Anna's hummingbird","Animalia",81455,312,"Flower visitation",2020,1,1,1,2458850,NA,"81455_Flower visitation","Feeding","CA",11,2020-01-01,"calendar",1,2020,NA,NA,"81455_Flower visitation_2020"
19944,33.66478,-117.843063,1088,"Calypte","anna","Anna's hummingbird","Animalia",81455,457,"Insect consumption",2020,1,22,22,2458871,7,"81455_Insect consumption","Feeding","CA",11,2020-01-22,"calendar",22,2020,NA,NA,"81455_Insect consumption_2020"
19944,33.66478,-117.843063,1088,"Calypte","anna","Anna's hummingbird","Animalia",81455,542,"Feeding (or foraging)",2020,1,1,1,2458850,NA,"81455_Feeding (or foraging)","Feeding","CA",9,2020-01-01,"calendar",1,2020,NA,NA,"81455_Feeding (or foraging)_2020"
19944,33.66478,-117.843063,376,"Sayornis","nigricans","black phoebe","Animalia",81456,294,"Singing individuals (birds)",2020,1,13,13,2458862,4,"81456_Singing individuals (birds)","Singing individuals","CA",11,2020-01-13,"calendar",13,2020,NA,NA,"81456_Singing individuals (birds)_2020"
19944,33.66478,-117.843063,376,"Sayornis","nigricans","black phoebe","Animalia",81456,295,"Territorial individuals (birds)",2020,1,1,1,2458850,NA,"81456_Territorial individuals (birds)","Territorial behavior","CA",9,2020-01-01,"calendar",1,2020,NA,NA,"81456_Territorial individuals (birds)_2020"
19944,33.66478,-117.843063,376,"Sayornis","nigricans","black phoebe","Animalia",81456,457,"Insect consumption",2020,1,5,5,2458854,4,"81456_Insect consumption","Feeding","CA",11,2020-01-05,"calendar",5,2020,NA,NA,"81456_Insect consumption_2020"
19944,33.66478,-117.843063,376,"Sayornis","nigricans","black phoebe","Animalia",81456,542,"Feeding (or foraging)",2020,1,1,1,2458850,NA,"81456_Feeding (or foraging)","Feeding","CA",9,2020-01-01,"calendar",1,2020,NA,NA,"81456_Feeding (or foraging)_2020"
19944,33.66478,-117.843063,242,"Petrochelidon","pyrrhonota","cliff swallow","Animalia",81457,294,"Singing individuals (birds)",2020,3,6,66,2458915,5,"81457_Singing individuals (birds)","Singing individuals","CA",10,2020-03-06,"calendar",66,2020,NA,NA,"81457_Singing individuals (birds)_2020"
19944,33.66478,-117.843063,242,"Petrochelidon","pyrrhonota","cliff swallow","Animalia",81457,297,"Nest building (birds)",2020,5,8,129,2458978,7,"81457_Nest building (birds)","Nesting behavior","CA",10,2020-05-08,"calendar",129,2020,NA,NA,"81457_Nest building (birds)_2020"
19944,33.66478,-117.843063,242,"Petrochelidon","pyrrhonota","cliff swallow","Animalia",81457,298,"Occupied nest",2020,5,12,133,2458982,11,"81457_Occupied nest","Nesting behavior","CA",9,2020-05-12,"calendar",133,2020,NA,NA,"81457_Occupied nest_2020"
19944,33.66478,-117.843063,242,"Petrochelidon","pyrrhonota","cliff swallow","Animalia",81457,542,"Feeding (or foraging)",2020,4,1,92,2458941,5,"81457_Feeding (or foraging)","Feeding","CA",9,2020-04-01,"calendar",92,2020,NA,NA,"81457_Feeding (or foraging)_2020"
19944,33.66478,-117.843063,1197,"Geothlypis","trichas","common yellowthroat","Animalia",81458,294,"Singing individuals (birds)",2020,1,27,27,2458876,2,"81458_Singing individuals (birds)","Singing individuals","CA",11,2020-01-27,"calendar",27,2020,NA,NA,"81458_Singing individuals (birds)_2020"
19944,33.66478,-117.843063,1197,"Geothlypis","trichas","common yellowthroat","Animalia",81458,295,"Territorial individuals (birds)",2020,1,15,15,2458864,2,"81458_Territorial individuals (birds)","Territorial behavior","CA",9,2020-01-15,"calendar",15,2020,NA,NA,"81458_Territorial individuals (birds)_2020"
19944,33.66478,-117.843063,1197,"Geothlypis","trichas","common yellowthroat","Animalia",81458,542,"Feeding (or foraging)",2020,1,1,1,2458850,NA,"81458_Feeding (or foraging)","Feeding","CA",9,2020-01-01,"calendar",1,2020,NA,NA,"81458_Feeding (or foraging)_2020"
19944,33.66478,-117.843063,370,"Ardea","herodias","great blue heron","Animalia",81459,542,"Feeding (or foraging)",2020,1,5,5,2458854,4,"81459_Feeding (or foraging)","Feeding","CA",9,2020-01-05,"calendar",5,2020,NA,NA,"81459_Feeding (or foraging)_2020"
19944,33.66478,-117.843063,244,"Charadrius","vociferus","killdeer","Animalia",81460,295,"Territorial individuals (birds)",2020,4,14,105,2458954,3,"81460_Territorial individuals (birds)","Territorial behavior","CA",9,2020-04-14,"calendar",105,2020,NA,NA,"81460_Territorial individuals (birds)_2020"
19944,33.66478,-117.843063,244,"Charadrius","vociferus","killdeer","Animalia",81460,542,"Feeding (or foraging)",2020,1,31,31,2458880,4,"81460_Feeding (or foraging)","Feeding","CA",9,2020-01-31,"calendar",31,2020,NA,NA,"81460_Feeding (or foraging)_2020"
19944,33.66478,-117.843063,248,"Pandion","haliaetus","osprey","Animalia",81461,297,"Nest building (birds)",2020,2,10,41,2458890,8,"81461_Nest building (birds)","Nesting behavior","CA",9,2020-02-10,"calendar",41,2020,NA,NA,"81461_Nest building (birds)_2020"
19944,33.66478,-117.843063,248,"Pandion","haliaetus","osprey","Animalia",81461,298,"Occupied nest",2020,2,10,41,2458890,8,"81461_Occupied nest","Nesting behavior","CA",9,2020-02-10,"calendar",41,2020,NA,NA,"81461_Occupied nest_2020"
19944,33.66478,-117.843063,248,"Pandion","haliaetus","osprey","Animalia",81461,542,"Feeding (or foraging)",2020,1,22,22,2458871,7,"81461_Feeding (or foraging)","Feeding","CA",9,2020-01-22,"calendar",22,2020,NA,NA,"81461_Feeding (or foraging)_2020"
19944,33.66478,-117.843063,373,"Actitis","macularius","spotted sandpiper","Animalia",81462,542,"Feeding (or foraging)",2020,1,5,5,2458854,4,"81462_Feeding (or foraging)","Feeding","CA",9,2020-01-05,"calendar",5,2020,NA,NA,"81462_Feeding (or foraging)_2020"
8418,32.363758,-94.873947,1377,"Baeolophus","bicolor","tufted titmouse","Animalia",85005,310,"Fruit/seed consumption",2020,3,29,89,2458938,NA,"85005_Fruit/seed consumption","Feeding","TX",9,2020-03-29,"calendar",89,2020,NA,NA,"85005_Fruit/seed consumption_2020"
17414,42.936153,-73.433449,1197,"Geothlypis","trichas","common yellowthroat","Animalia",86970,294,"Singing individuals (birds)",2020,5,18,139,2458988,3,"86970_Singing individuals (birds)","Singing individuals","NY",11,2020-05-18,"calendar",139,2020,NA,NA,"86970_Singing individuals (birds)_2020"
20765,33.632149,-117.55545,376,"Sayornis","nigricans","black phoebe","Animalia",88472,457,"Insect consumption",2020,2,16,47,2458896,6,"88472_Insect consumption","Feeding","CA",9,2020-02-16,"calendar",47,2020,NA,NA,"88472_Insect consumption_2020"
20765,33.632149,-117.55545,355,"Troglodytes","aedon","house wren","Animalia",88474,294,"Singing individuals (birds)",2020,2,16,47,2458896,6,"88474_Singing individuals (birds)","Singing individuals","CA",10,2020-02-16,"calendar",47,2020,NA,NA,"88474_Singing individuals (birds)_2020"
20765,33.632149,-117.55545,1380,"Melospiza","melodia","song sparrow","Animalia",88475,294,"Singing individuals (birds)",2020,1,14,14,2458863,4,"88475_Singing individuals (birds)","Singing individuals","CA",11,2020-01-14,"calendar",14,2020,NA,NA,"88475_Singing individuals (birds)_2020"
20765,33.632149,-117.55545,1091,"Spinus","psaltria","lesser goldfinch","Animalia",88478,294,"Singing individuals (birds)",2020,1,14,14,2458863,4,"88478_Singing individuals (birds)","Singing individuals","CA",9,2020-01-14,"calendar",14,2020,NA,NA,"88478_Singing individuals (birds)_2020"
20956,33.632149,-117.55545,1378,"Chamaea","fasciata","wrentit","Animalia",90118,294,"Singing individuals (birds)",2020,1,4,4,2458853,NA,"90118_Singing individuals (birds)","Singing individuals","CA",11,2020-01-04,"calendar",4,2020,NA,NA,"90118_Singing individuals (birds)_2020"
22740,38.525036,-121.970711,362,"Junco","hyemalis","dark-eyed junco","Animalia",102228,310,"Fruit/seed consumption",2020,1,9,9,2458858,NA,"102228_Fruit/seed consumption","Feeding","CA",9,2020-01-09,"calendar",9,2020,NA,NA,"102228_Fruit/seed consumption_2020"
22740,38.525036,-121.970711,741,"Regulus","calendula","ruby-crowned kinglet","Animalia",102229,457,"Insect consumption",2020,1,9,9,2458858,NA,"102229_Insect consumption","Feeding","CA",9,2020-01-09,"calendar",9,2020,NA,NA,"102229_Insect consumption_2020"
22740,38.525036,-121.970711,357,"Sialia","mexicana","western bluebird","Animalia",102231,457,"Insect consumption",2020,1,23,23,2458872,14,"102231_Insect consumption","Feeding","CA",9,2020-01-23,"calendar",23,2020,NA,NA,"102231_Insect consumption_2020"
22740,38.525036,-121.970711,1097,"Setophaga","coronata","yellow-rumped warbler","Animalia",102234,457,"Insect consumption",2020,1,23,23,2458872,14,"102234_Insect consumption","Feeding","CA",9,2020-01-23,"calendar",23,2020,NA,NA,"102234_Insect consumption_2020"
20956,33.632149,-117.55545,1418,"Toxostoma","redivivum","California thrasher","Animalia",102436,294,"Singing individuals (birds)",2020,1,4,4,2458853,NA,"102436_Singing individuals (birds)","Singing individuals","CA",11,2020-01-04,"calendar",4,2020,NA,NA,"102436_Singing individuals (birds)_2020"
22858,38.09404,-122.37149,1380,"Melospiza","melodia","song sparrow","Animalia",103159,294,"Singing individuals (birds)",2020,1,13,13,2458862,7,"103159_Singing individuals (birds)","Singing individuals","CA",10,2020-01-13,"calendar",13,2020,NA,NA,"103159_Singing individuals (birds)_2020"
22858,38.09404,-122.37149,1380,"Melospiza","melodia","song sparrow","Animalia",103159,310,"Fruit/seed consumption",2020,1,6,6,2458855,NA,"103159_Fruit/seed consumption","Feeding","CA",9,2020-01-06,"calendar",6,2020,NA,NA,"103159_Fruit/seed consumption_2020"
22858,38.09404,-122.37149,1380,"Melospiza","melodia","song sparrow","Animalia",103159,542,"Feeding (or foraging)",2020,1,6,6,2458855,NA,"103159_Feeding (or foraging)","Feeding","CA",9,2020-01-06,"calendar",6,2020,NA,NA,"103159_Feeding (or foraging)_2020"
22858,38.09404,-122.37149,1124,"Tachycineta","bicolor","tree swallow","Animalia",103160,542,"Feeding (or foraging)",2020,2,10,41,2458890,7,"103160_Feeding (or foraging)","Feeding","CA",9,2020-02-10,"calendar",41,2020,NA,NA,"103160_Feeding (or foraging)_2020"
22858,38.09404,-122.37149,357,"Sialia","mexicana","western bluebird","Animalia",103161,457,"Insect consumption",2020,5,11,132,2458981,7,"103161_Insect consumption","Feeding","CA",9,2020-05-11,"calendar",132,2020,NA,NA,"103161_Insect consumption_2020"
22858,38.09404,-122.37149,357,"Sialia","mexicana","western bluebird","Animalia",103161,542,"Feeding (or foraging)",2020,5,11,132,2458981,7,"103161_Feeding (or foraging)","Feeding","CA",9,2020-05-11,"calendar",132,2020,NA,NA,"103161_Feeding (or foraging)_2020"
17414,42.936153,-73.433449,352,"Archilochus","colubris","ruby-throated hummingbird","Animalia",103211,542,"Feeding (or foraging)",2020,5,14,135,2458984,3,"103211_Feeding (or foraging)","Feeding","NY",9,2020-05-14,"calendar",135,2020,NA,NA,"103211_Feeding (or foraging)_2020"
22858,38.09404,-122.37149,1375,"Anas","platyrhynchos","mallard","Animalia",114733,542,"Feeding (or foraging)",2020,4,20,111,2458960,7,"114733_Feeding (or foraging)","Feeding","CA",9,2020-04-20,"calendar",111,2020,NA,NA,"114733_Feeding (or foraging)_2020"
22858,38.09404,-122.37149,359,"Agelaius","phoeniceus","red-winged blackbird","Animalia",114734,294,"Singing individuals (birds)",2020,1,27,27,2458876,7,"114734_Singing individuals (birds)","Singing individuals","CA",9,2020-01-27,"calendar",27,2020,NA,NA,"114734_Singing individuals (birds)_2020"
22858,38.09404,-122.37149,359,"Agelaius","phoeniceus","red-winged blackbird","Animalia",114734,310,"Fruit/seed consumption",2020,4,20,111,2458960,7,"114734_Fruit/seed consumption","Feeding","CA",9,2020-04-20,"calendar",111,2020,NA,NA,"114734_Fruit/seed consumption_2020"
22858,38.09404,-122.37149,359,"Agelaius","phoeniceus","red-winged blackbird","Animalia",114734,542,"Feeding (or foraging)",2020,4,20,111,2458960,13,"114734_Feeding (or foraging)","Feeding","CA",9,2020-04-20,"calendar",111,2020,NA,NA,"114734_Feeding (or foraging)_2020"
22858,38.09404,-122.37149,1088,"Calypte","anna","Anna's hummingbird","Animalia",114826,295,"Territorial individuals (birds)",2020,1,13,13,2458862,NA,"114826_Territorial individuals (birds)","Territorial behavior","CA",9,2020-01-13,"calendar",13,2020,NA,NA,"114826_Territorial individuals (birds)_2020"
22858,38.09404,-122.37149,1088,"Calypte","anna","Anna's hummingbird","Animalia",114826,542,"Feeding (or foraging)",2020,2,24,55,2458904,7,"114826_Feeding (or foraging)","Feeding","CA",9,2020-02-24,"calendar",55,2020,NA,NA,"114826_Feeding (or foraging)_2020"
2803,39.971001,-105.397003,1232,"Pica","hudsonia","black-billed magpie","Animalia",122046,310,"Fruit/seed consumption",2020,1,4,4,2458853,NA,"122046_Fruit/seed consumption","Feeding","CO",9,2020-01-04,"calendar",4,2020,NA,NA,"122046_Fruit/seed consumption_2020"
2803,39.971001,-105.397003,1232,"Pica","hudsonia","black-billed magpie","Animalia",122046,457,"Insect consumption",2020,4,4,95,2458944,4,"122046_Insect consumption","Feeding","CO",9,2020-04-04,"calendar",95,2020,NA,NA,"122046_Insect consumption_2020"
2803,39.971001,-105.397003,1232,"Pica","hudsonia","black-billed magpie","Animalia",122046,542,"Feeding (or foraging)",2020,1,4,4,2458853,NA,"122046_Feeding (or foraging)","Feeding","CO",9,2020-01-04,"calendar",4,2020,NA,NA,"122046_Feeding (or foraging)_2020"
2803,39.971001,-105.397003,1113,"Dryobates","pubescens","downy woodpecker","Animalia",122049,310,"Fruit/seed consumption",2020,1,11,11,2458860,5,"122049_Fruit/seed consumption","Feeding","CO",9,2020-01-11,"calendar",11,2020,NA,NA,"122049_Fruit/seed consumption_2020"
2803,39.971001,-105.397003,1113,"Dryobates","pubescens","downy woodpecker","Animalia",122049,542,"Feeding (or foraging)",2020,1,11,11,2458860,5,"122049_Feeding (or foraging)","Feeding","CO",9,2020-01-11,"calendar",11,2020,NA,NA,"122049_Feeding (or foraging)_2020"
2803,39.971001,-105.397003,1411,"Poecile","gambeli","mountain chickadee","Animalia",122050,294,"Singing individuals (birds)",2020,1,4,4,2458853,NA,"122050_Singing individuals (birds)","Singing individuals","CO",9,2020-01-04,"calendar",4,2020,NA,NA,"122050_Singing individuals (birds)_2020"
2803,39.971001,-105.397003,1411,"Poecile","gambeli","mountain chickadee","Animalia",122050,310,"Fruit/seed consumption",2020,1,4,4,2458853,NA,"122050_Fruit/seed consumption","Feeding","CO",9,2020-01-04,"calendar",4,2020,NA,NA,"122050_Fruit/seed consumption_2020"
2803,39.971001,-105.397003,1411,"Poecile","gambeli","mountain chickadee","Animalia",122050,542,"Feeding (or foraging)",2020,1,4,4,2458853,NA,"122050_Feeding (or foraging)","Feeding","CO",9,2020-01-04,"calendar",4,2020,NA,NA,"122050_Feeding (or foraging)_2020"
2803,39.971001,-105.397003,359,"Agelaius","phoeniceus","red-winged blackbird","Animalia",122051,294,"Singing individuals (birds)",2020,3,31,91,2458940,6,"122051_Singing individuals (birds)","Singing individuals","CO",9,2020-03-31,"calendar",91,2020,NA,NA,"122051_Singing individuals (birds)_2020"
2803,39.971001,-105.397003,359,"Agelaius","phoeniceus","red-winged blackbird","Animalia",122051,310,"Fruit/seed consumption",2020,3,25,85,2458934,7,"122051_Fruit/seed consumption","Feeding","CO",9,2020-03-25,"calendar",85,2020,NA,NA,"122051_Fruit/seed consumption_2020"
2803,39.971001,-105.397003,359,"Agelaius","phoeniceus","red-winged blackbird","Animalia",122051,542,"Feeding (or foraging)",2020,3,25,85,2458934,7,"122051_Feeding (or foraging)","Feeding","CO",9,2020-03-25,"calendar",85,2020,NA,NA,"122051_Feeding (or foraging)_2020"
2803,39.971001,-105.397003,1398,"Cyanocitta","stelleri","Steller's jay","Animalia",122052,310,"Fruit/seed consumption",2020,1,4,4,2458853,NA,"122052_Fruit/seed consumption","Feeding","CO",9,2020-01-04,"calendar",4,2020,NA,NA,"122052_Fruit/seed consumption_2020"
2803,39.971001,-105.397003,1398,"Cyanocitta","stelleri","Steller's jay","Animalia",122052,457,"Insect consumption",2020,4,24,115,2458964,2,"122052_Insect consumption","Feeding","CO",9,2020-04-24,"calendar",115,2020,NA,NA,"122052_Insect consumption_2020"
2803,39.971001,-105.397003,1398,"Cyanocitta","stelleri","Steller's jay","Animalia",122052,542,"Feeding (or foraging)",2020,1,4,4,2458853,NA,"122052_Feeding (or foraging)","Feeding","CO",9,2020-01-04,"calendar",4,2020,NA,NA,"122052_Feeding (or foraging)_2020"
2803,39.971001,-105.397003,1415,"Sitta","carolinensis","white-breasted nuthatch","Animalia",122053,294,"Singing individuals (birds)",2020,1,4,4,2458853,NA,"122053_Singing individuals (birds)","Singing individuals","CO",9,2020-01-04,"calendar",4,2020,NA,NA,"122053_Singing individuals (birds)_2020"
2803,39.971001,-105.397003,1415,"Sitta","carolinensis","white-breasted nuthatch","Animalia",122053,310,"Fruit/seed consumption",2020,1,4,4,2458853,NA,"122053_Fruit/seed consumption","Feeding","CO",9,2020-01-04,"calendar",4,2020,NA,NA,"122053_Fruit/seed consumption_2020"
2803,39.971001,-105.397003,1415,"Sitta","carolinensis","white-breasted nuthatch","Animalia",122053,457,"Insect consumption",2020,4,11,102,2458951,4,"122053_Insect consumption","Feeding","CO",9,2020-04-11,"calendar",102,2020,NA,NA,"122053_Insect consumption_2020"
2803,39.971001,-105.397003,1415,"Sitta","carolinensis","white-breasted nuthatch","Animalia",122053,542,"Feeding (or foraging)",2020,1,4,4,2458853,NA,"122053_Feeding (or foraging)","Feeding","CO",9,2020-01-04,"calendar",4,2020,NA,NA,"122053_Feeding (or foraging)_2020"
25568,45.140465,-93.312943,1113,"Dryobates","pubescens","downy woodpecker","Animalia",123975,542,"Feeding (or foraging)",2020,8,2,215,2459064,7,"123975_Feeding (or foraging)","Feeding","MN",9,2020-08-02,"calendar",215,2020,NA,NA,"123975_Feeding (or foraging)_2020"
22613,32.33926,-110.981728,1088,"Calypte","anna","Anna's hummingbird","Animalia",136792,542,"Feeding (or foraging)",2020,2,6,37,2458886,NA,"136792_Feeding (or foraging)","Feeding","AZ",9,2020-02-06,"calendar",37,2020,NA,NA,"136792_Feeding (or foraging)_2020"
27026,43.413593,-70.810211,352,"Archilochus","colubris","ruby-throated hummingbird","Animalia",137519,294,"Singing individuals (birds)",2020,8,2,215,2459064,43,"137519_Singing individuals (birds)","Singing individuals","ME",9,2020-08-02,"calendar",215,2020,NA,NA,"137519_Singing individuals (birds)_2020"
27026,43.413593,-70.810211,352,"Archilochus","colubris","ruby-throated hummingbird","Animalia",137519,295,"Territorial individuals (birds)",2020,8,17,230,2459079,15,"137519_Territorial individuals (birds)","Territorial behavior","ME",9,2020-08-17,"calendar",230,2020,NA,NA,"137519_Territorial individuals (birds)_2020"
27026,43.413593,-70.810211,352,"Archilochus","colubris","ruby-throated hummingbird","Animalia",137519,542,"Feeding (or foraging)",2020,5,16,137,2458986,32,"137519_Feeding (or foraging)","Feeding","ME",9,2020-05-16,"calendar",137,2020,NA,NA,"137519_Feeding (or foraging)_2020"
27026,43.413593,-70.810211,246,"Turdus","migratorius","American robin","Animalia",137607,310,"Fruit/seed consumption",2020,5,3,124,2458973,19,"137607_Fruit/seed consumption","Feeding","ME",9,2020-05-03,"calendar",124,2020,NA,NA,"137607_Fruit/seed consumption_2020"
27026,43.413593,-70.810211,246,"Turdus","migratorius","American robin","Animalia",137607,457,"Insect consumption",2020,8,2,215,2459064,78,"137607_Insect consumption","Feeding","ME",9,2020-08-02,"calendar",215,2020,NA,NA,"137607_Insect consumption_2020"
27026,43.413593,-70.810211,246,"Turdus","migratorius","American robin","Animalia",137607,542,"Feeding (or foraging)",2020,4,14,105,2458954,NA,"137607_Feeding (or foraging)","Feeding","ME",9,2020-04-14,"calendar",105,2020,NA,NA,"137607_Feeding (or foraging)_2020"
27026,43.413593,-70.810211,360,"Icterus","galbula","Baltimore oriole","Animalia",137608,294,"Singing individuals (birds)",2020,5,16,137,2458986,6,"137608_Singing individuals (birds)","Singing individuals","ME",9,2020-05-16,"calendar",137,2020,NA,NA,"137608_Singing individuals (birds)_2020"
27026,43.413593,-70.810211,360,"Icterus","galbula","Baltimore oriole","Animalia",137608,295,"Territorial individuals (birds)",2020,5,23,144,2458993,7,"137608_Territorial individuals (birds)","Territorial behavior","ME",9,2020-05-23,"calendar",144,2020,NA,NA,"137608_Territorial individuals (birds)_2020"
27026,43.413593,-70.810211,360,"Icterus","galbula","Baltimore oriole","Animalia",137608,340,"Courtship",2020,5,23,144,2458993,7,"137608_Courtship","Mating activity","ME",9,2020-05-23,"calendar",144,2020,NA,NA,"137608_Courtship_2020"
27026,43.413593,-70.810211,360,"Icterus","galbula","Baltimore oriole","Animalia",137608,542,"Feeding (or foraging)",2020,5,16,137,2458986,6,"137608_Feeding (or foraging)","Feeding","ME",9,2020-05-16,"calendar",137,2020,NA,NA,"137608_Feeding (or foraging)_2020"
12064,32.248463,-110.909584,740,"Toxostoma","curvirostre","curve-billed thrasher","Animalia",139416,542,"Feeding (or foraging)",2020,1,8,8,2458857,1,"139416_Feeding (or foraging)","Feeding","AZ",9,2020-01-08,"calendar",8,2020,NA,NA,"139416_Feeding (or foraging)_2020"
12064,32.248463,-110.909584,1223,"Auriparus","flaviceps","verdin","Animalia",139417,294,"Singing individuals (birds)",2020,2,27,58,2458907,13,"139417_Singing individuals (birds)","Singing individuals","AZ",9,2020-02-27,"calendar",58,2020,NA,NA,"139417_Singing individuals (birds)_2020"
12064,32.248463,-110.909584,1223,"Auriparus","flaviceps","verdin","Animalia",139417,542,"Feeding (or foraging)",2020,7,21,203,2459052,129,"139417_Feeding (or foraging)","Feeding","AZ",9,2020-07-21,"calendar",203,2020,NA,NA,"139417_Feeding (or foraging)_2020"
9652,44.768246,-94.155746,245,"Poecile","atricapillus","black-capped chickadee","Animalia",139453,310,"Fruit/seed consumption",2020,4,25,116,2458965,NA,"139453_Fruit/seed consumption","Feeding","MN",9,2020-04-25,"calendar",116,2020,NA,NA,"139453_Fruit/seed consumption_2020"
9652,44.768246,-94.155746,245,"Poecile","atricapillus","black-capped chickadee","Animalia",139453,542,"Feeding (or foraging)",2020,4,25,116,2458965,NA,"139453_Feeding (or foraging)","Feeding","MN",9,2020-04-25,"calendar",116,2020,NA,NA,"139453_Feeding (or foraging)_2020"
27407,38.037094,-122.394722,244,"Charadrius","vociferus","killdeer","Animalia",141455,542,"Feeding (or foraging)",2020,4,13,104,2458953,6,"141455_Feeding (or foraging)","Feeding","CA",9,2020-04-13,"calendar",104,2020,NA,NA,"141455_Feeding (or foraging)_2020"
27407,38.037094,-122.394722,1375,"Anas","platyrhynchos","mallard","Animalia",141456,542,"Feeding (or foraging)",2020,1,20,20,2458869,7,"141456_Feeding (or foraging)","Feeding","CA",9,2020-01-20,"calendar",20,2020,NA,NA,"141456_Feeding (or foraging)_2020"
27407,38.037094,-122.394722,375,"Zenaida","macroura","mourning dove","Animalia",141460,294,"Singing individuals (birds)",2020,2,10,41,2458890,7,"141460_Singing individuals (birds)","Singing individuals","CA",9,2020-02-10,"calendar",41,2020,NA,NA,"141460_Singing individuals (birds)_2020"
27407,38.037094,-122.394722,376,"Sayornis","nigricans","black phoebe","Animalia",141461,294,"Singing individuals (birds)",2020,5,25,146,2458995,6,"141461_Singing individuals (birds)","Singing individuals","CA",9,2020-05-25,"calendar",146,2020,NA,NA,"141461_Singing individuals (birds)_2020"
27407,38.037094,-122.394722,376,"Sayornis","nigricans","black phoebe","Animalia",141461,457,"Insect consumption",2020,1,20,20,2458869,7,"141461_Insect consumption","Feeding","CA",9,2020-01-20,"calendar",20,2020,NA,NA,"141461_Insect consumption_2020"
27407,38.037094,-122.394722,376,"Sayornis","nigricans","black phoebe","Animalia",141461,542,"Feeding (or foraging)",2020,1,20,20,2458869,7,"141461_Feeding (or foraging)","Feeding","CA",9,2020-01-20,"calendar",20,2020,NA,NA,"141461_Feeding (or foraging)_2020"
22740,38.525036,-121.970711,1654,"Baeolophus","inornatus","oak titmouse","Animalia",148019,457,"Insect consumption",2020,1,9,9,2458858,NA,"148019_Insect consumption","Feeding","CA",9,2020-01-09,"calendar",9,2020,NA,NA,"148019_Insect consumption_2020"
1419,42.011166,-88.503304,246,"Turdus","migratorius","American robin","Animalia",10282,294,"Singing individuals (birds)",2021,7,3,184,2459399,3,"10282_Singing individuals (birds)","Singing individuals","IL",15,2021-07-03,"calendar",184,2021,NA,NA,"10282_Singing individuals (birds)_2021"
1419,42.011166,-88.503304,246,"Turdus","migratorius","American robin","Animalia",10282,542,"Feeding (or foraging)",2021,3,14,73,2459288,NA,"10282_Feeding (or foraging)","Feeding","IL",9,2021-03-14,"calendar",73,2021,NA,NA,"10282_Feeding (or foraging)_2021"
1419,42.011166,-88.503304,245,"Poecile","atricapillus","black-capped chickadee","Animalia",10283,294,"Singing individuals (birds)",2021,3,9,68,2459283,NA,"10283_Singing individuals (birds)","Singing individuals","IL",14,2021-03-09,"calendar",68,2021,NA,NA,"10283_Singing individuals (birds)_2021"
5428,48.033489,-122.598724,240,"Spinus","tristis","American goldfinch","Animalia",11347,310,"Fruit/seed consumption",2021,4,19,109,2459324,11,"11347_Fruit/seed consumption","Feeding","WA",14,2021-04-19,"calendar",109,2021,NA,NA,"11347_Fruit/seed consumption_2021"
5428,48.033489,-122.598724,240,"Spinus","tristis","American goldfinch","Animalia",11347,542,"Feeding (or foraging)",2021,4,19,109,2459324,11,"11347_Feeding (or foraging)","Feeding","WA",9,2021-04-19,"calendar",109,2021,NA,NA,"11347_Feeding (or foraging)_2021"
5428,48.033489,-122.598724,245,"Poecile","atricapillus","black-capped chickadee","Animalia",11350,310,"Fruit/seed consumption",2021,8,15,227,2459442,18,"11350_Fruit/seed consumption","Feeding","WA",13,2021-08-15,"calendar",227,2021,NA,NA,"11350_Fruit/seed consumption_2021"
5428,48.033489,-122.598724,362,"Junco","hyemalis","dark-eyed junco","Animalia",11351,310,"Fruit/seed consumption",2021,1,24,24,2459239,NA,"11351_Fruit/seed consumption","Feeding","WA",13,2021-01-24,"calendar",24,2021,NA,NA,"11351_Fruit/seed consumption_2021"
5674,44.910587,-70.266861,246,"Turdus","migratorius","American robin","Animalia",12709,310,"Fruit/seed consumption",2021,4,4,94,2459309,7,"12709_Fruit/seed consumption","Feeding","ME",12,2021-04-04,"calendar",94,2021,NA,NA,"12709_Fruit/seed consumption_2021"
5674,44.910587,-70.266861,246,"Turdus","migratorius","American robin","Animalia",12709,457,"Insect consumption",2021,4,25,115,2459330,7,"12709_Insect consumption","Feeding","ME",11,2021-04-25,"calendar",115,2021,NA,NA,"12709_Insect consumption_2021"
5674,44.910587,-70.266861,246,"Turdus","migratorius","American robin","Animalia",12709,542,"Feeding (or foraging)",2021,4,4,94,2459309,7,"12709_Feeding (or foraging)","Feeding","ME",9,2021-04-04,"calendar",94,2021,NA,NA,"12709_Feeding (or foraging)_2021"
5674,44.910587,-70.266861,352,"Archilochus","colubris","ruby-throated hummingbird","Animalia",12712,295,"Territorial individuals (birds)",2021,5,16,136,2459351,7,"12712_Territorial individuals (birds)","Territorial behavior","ME",9,2021-05-16,"calendar",136,2021,NA,NA,"12712_Territorial individuals (birds)_2021"
5674,44.910587,-70.266861,352,"Archilochus","colubris","ruby-throated hummingbird","Animalia",12712,312,"Flower visitation",2021,5,16,136,2459351,7,"12712_Flower visitation","Feeding","ME",13,2021-05-16,"calendar",136,2021,NA,NA,"12712_Flower visitation_2021"
5674,44.910587,-70.266861,352,"Archilochus","colubris","ruby-throated hummingbird","Animalia",12712,542,"Feeding (or foraging)",2021,5,16,136,2459351,7,"12712_Feeding (or foraging)","Feeding","ME",9,2021-05-16,"calendar",136,2021,NA,NA,"12712_Feeding (or foraging)_2021"
2803,39.971001,-105.397003,246,"Turdus","migratorius","American robin","Animalia",16046,294,"Singing individuals (birds)",2021,3,29,88,2459303,7,"16046_Singing individuals (birds)","Singing individuals","CO",14,2021-03-29,"calendar",88,2021,NA,NA,"16046_Singing individuals (birds)_2021"
2803,39.971001,-105.397003,246,"Turdus","migratorius","American robin","Animalia",16046,310,"Fruit/seed consumption",2021,3,9,68,2459283,4,"16046_Fruit/seed consumption","Feeding","CO",10,2021-03-09,"calendar",68,2021,NA,NA,"16046_Fruit/seed consumption_2021"
2803,39.971001,-105.397003,246,"Turdus","migratorius","American robin","Animalia",16046,457,"Insect consumption",2021,3,9,68,2459283,4,"16046_Insect consumption","Feeding","CO",15,2021-03-09,"calendar",68,2021,NA,NA,"16046_Insect consumption_2021"
2803,39.971001,-105.397003,246,"Turdus","migratorius","American robin","Animalia",16046,542,"Feeding (or foraging)",2021,4,6,96,2459311,8,"16046_Feeding (or foraging)","Feeding","CO",9,2021-04-06,"calendar",96,2021,NA,NA,"16046_Feeding (or foraging)_2021"
2803,39.971001,-105.397003,245,"Poecile","atricapillus","black-capped chickadee","Animalia",16047,294,"Singing individuals (birds)",2021,1,14,14,2459229,3,"16047_Singing individuals (birds)","Singing individuals","CO",13,2021-01-14,"calendar",14,2021,NA,NA,"16047_Singing individuals (birds)_2021"
2803,39.971001,-105.397003,245,"Poecile","atricapillus","black-capped chickadee","Animalia",16047,310,"Fruit/seed consumption",2021,1,14,14,2459229,3,"16047_Fruit/seed consumption","Feeding","CO",15,2021-01-14,"calendar",14,2021,NA,NA,"16047_Fruit/seed consumption_2021"
2803,39.971001,-105.397003,245,"Poecile","atricapillus","black-capped chickadee","Animalia",16047,542,"Feeding (or foraging)",2021,1,14,14,2459229,3,"16047_Feeding (or foraging)","Feeding","CO",9,2021-01-14,"calendar",14,2021,NA,NA,"16047_Feeding (or foraging)_2021"
2803,39.971001,-105.397003,354,"Selasphorus","platycercus","broad-tailed hummingbird","Animalia",16048,295,"Territorial individuals (birds)",2021,5,5,125,2459340,5,"16048_Territorial individuals (birds)","Territorial behavior","CO",9,2021-05-05,"calendar",125,2021,NA,NA,"16048_Territorial individuals (birds)_2021"
2803,39.971001,-105.397003,354,"Selasphorus","platycercus","broad-tailed hummingbird","Animalia",16048,312,"Flower visitation",2021,5,19,139,2459354,2,"16048_Flower visitation","Feeding","CO",15,2021-05-19,"calendar",139,2021,NA,NA,"16048_Flower visitation_2021"
2803,39.971001,-105.397003,354,"Selasphorus","platycercus","broad-tailed hummingbird","Animalia",16048,457,"Insect consumption",2021,8,9,221,2459436,3,"16048_Insect consumption","Feeding","CO",15,2021-08-09,"calendar",221,2021,NA,NA,"16048_Insect consumption_2021"
2803,39.971001,-105.397003,354,"Selasphorus","platycercus","broad-tailed hummingbird","Animalia",16048,542,"Feeding (or foraging)",2021,5,5,125,2459340,5,"16048_Feeding (or foraging)","Feeding","CO",9,2021-05-05,"calendar",125,2021,NA,NA,"16048_Feeding (or foraging)_2021"
2803,39.971001,-105.397003,362,"Junco","hyemalis","dark-eyed junco","Animalia",16213,294,"Singing individuals (birds)",2021,4,6,96,2459311,8,"16213_Singing individuals (birds)","Singing individuals","CO",12,2021-04-06,"calendar",96,2021,NA,NA,"16213_Singing individuals (birds)_2021"
2803,39.971001,-105.397003,362,"Junco","hyemalis","dark-eyed junco","Animalia",16213,310,"Fruit/seed consumption",2021,3,5,64,2459279,4,"16213_Fruit/seed consumption","Feeding","CO",15,2021-03-05,"calendar",64,2021,NA,NA,"16213_Fruit/seed consumption_2021"
2803,39.971001,-105.397003,362,"Junco","hyemalis","dark-eyed junco","Animalia",16213,457,"Insect consumption",2021,6,11,162,2459377,4,"16213_Insect consumption","Feeding","CO",9,2021-06-11,"calendar",162,2021,NA,NA,"16213_Insect consumption_2021"
2803,39.971001,-105.397003,362,"Junco","hyemalis","dark-eyed junco","Animalia",16213,542,"Feeding (or foraging)",2021,3,5,64,2459279,4,"16213_Feeding (or foraging)","Feeding","CO",9,2021-03-05,"calendar",64,2021,NA,NA,"16213_Feeding (or foraging)_2021"
2803,39.971001,-105.397003,357,"Sialia","mexicana","western bluebird","Animalia",16214,294,"Singing individuals (birds)",2021,4,6,96,2459311,8,"16214_Singing individuals (birds)","Singing individuals","CO",10,2021-04-06,"calendar",96,2021,NA,NA,"16214_Singing individuals (birds)_2021"
2803,39.971001,-105.397003,357,"Sialia","mexicana","western bluebird","Animalia",16214,457,"Insect consumption",2021,4,6,96,2459311,8,"16214_Insect consumption","Feeding","CO",12,2021-04-06,"calendar",96,2021,NA,NA,"16214_Insect consumption_2021"
6102,32.23188,-110.951012,740,"Toxostoma","curvirostre","curve-billed thrasher","Animalia",16420,294,"Singing individuals (birds)",2021,2,15,46,2459261,7,"16420_Singing individuals (birds)","Singing individuals","AZ",9,2021-02-15,"calendar",46,2021,NA,NA,"16420_Singing individuals (birds)_2021"
6481,42.456135,-72.344215,240,"Spinus","tristis","American goldfinch","Animalia",19034,310,"Fruit/seed consumption",2021,3,5,64,2459279,2,"19034_Fruit/seed consumption","Feeding","MA",10,2021-03-05,"calendar",64,2021,NA,NA,"19034_Fruit/seed consumption_2021"
6481,42.456135,-72.344215,240,"Spinus","tristis","American goldfinch","Animalia",19034,542,"Feeding (or foraging)",2021,3,5,64,2459279,2,"19034_Feeding (or foraging)","Feeding","MA",9,2021-03-05,"calendar",64,2021,NA,NA,"19034_Feeding (or foraging)_2021"
6481,42.456135,-72.344215,246,"Turdus","migratorius","American robin","Animalia",19035,294,"Singing individuals (birds)",2021,5,18,138,2459353,15,"19035_Singing individuals (birds)","Singing individuals","MA",9,2021-05-18,"calendar",138,2021,NA,NA,"19035_Singing individuals (birds)_2021"
6481,42.456135,-72.344215,246,"Turdus","migratorius","American robin","Animalia",19035,542,"Feeding (or foraging)",2021,3,9,68,2459283,1,"19035_Feeding (or foraging)","Feeding","MA",9,2021-03-09,"calendar",68,2021,NA,NA,"19035_Feeding (or foraging)_2021"
6481,42.456135,-72.344215,352,"Archilochus","colubris","ruby-throated hummingbird","Animalia",19040,312,"Flower visitation",2021,7,7,188,2459403,11,"19040_Flower visitation","Feeding","MA",9,2021-07-07,"calendar",188,2021,NA,NA,"19040_Flower visitation_2021"
8242,31.596231,-110.575493,353,"Archilochus","alexandri","black-chinned hummingbird","Animalia",23606,312,"Flower visitation",2021,5,3,123,2459338,NA,"23606_Flower visitation","Feeding","AZ",10,2021-05-03,"calendar",123,2021,NA,NA,"23606_Flower visitation_2021"
8496,46.328629,-96.061256,245,"Poecile","atricapillus","black-capped chickadee","Animalia",25781,310,"Fruit/seed consumption",2021,1,20,20,2459235,NA,"25781_Fruit/seed consumption","Feeding","MN",14,2021-01-20,"calendar",20,2021,NA,NA,"25781_Fruit/seed consumption_2021"
8496,46.328629,-96.061256,245,"Poecile","atricapillus","black-capped chickadee","Animalia",25781,542,"Feeding (or foraging)",2021,1,20,20,2459235,NA,"25781_Feeding (or foraging)","Feeding","MN",9,2021-01-20,"calendar",20,2021,NA,NA,"25781_Feeding (or foraging)_2021"
8496,46.328629,-96.061256,352,"Archilochus","colubris","ruby-throated hummingbird","Animalia",25784,312,"Flower visitation",2021,8,17,229,2459444,24,"25784_Flower visitation","Feeding","MN",11,2021-08-17,"calendar",229,2021,NA,NA,"25784_Flower visitation_2021"
8496,46.328629,-96.061256,1104,"Hirundo","rustica","barn swallow","Animalia",25894,297,"Nest building (birds)",2021,5,11,131,2459346,NA,"25894_Nest building (birds)","Nesting behavior","MN",12,2021-05-11,"calendar",131,2021,NA,NA,"25894_Nest building (birds)_2021"
8496,46.328629,-96.061256,1104,"Hirundo","rustica","barn swallow","Animalia",25894,542,"Feeding (or foraging)",2021,5,17,137,2459352,6,"25894_Feeding (or foraging)","Feeding","MN",9,2021-05-17,"calendar",137,2021,NA,NA,"25894_Feeding (or foraging)_2021"
8496,46.328629,-96.061256,1113,"Dryobates","pubescens","downy woodpecker","Animalia",25895,310,"Fruit/seed consumption",2021,1,20,20,2459235,NA,"25895_Fruit/seed consumption","Feeding","MN",14,2021-01-20,"calendar",20,2021,NA,NA,"25895_Fruit/seed consumption_2021"
8496,46.328629,-96.061256,1113,"Dryobates","pubescens","downy woodpecker","Animalia",25895,542,"Feeding (or foraging)",2021,1,20,20,2459235,NA,"25895_Feeding (or foraging)","Feeding","MN",9,2021-01-20,"calendar",20,2021,NA,NA,"25895_Feeding (or foraging)_2021"
8496,46.328629,-96.061256,355,"Troglodytes","aedon","house wren","Animalia",25897,294,"Singing individuals (birds)",2021,5,17,137,2459352,6,"25897_Singing individuals (birds)","Singing individuals","MN",10,2021-05-17,"calendar",137,2021,NA,NA,"25897_Singing individuals (birds)_2021"
8496,46.328629,-96.061256,355,"Troglodytes","aedon","house wren","Animalia",25897,297,"Nest building (birds)",2021,7,2,183,2459398,6,"25897_Nest building (birds)","Nesting behavior","MN",10,2021-07-02,"calendar",183,2021,NA,NA,"25897_Nest building (birds)_2021"
8496,46.328629,-96.061256,355,"Troglodytes","aedon","house wren","Animalia",25897,298,"Occupied nest",2021,5,17,137,2459352,6,"25897_Occupied nest","Nesting behavior","MN",9,2021-05-17,"calendar",137,2021,NA,NA,"25897_Occupied nest_2021"
8496,46.328629,-96.061256,1090,"Cardinalis","cardinalis","northern cardinal","Animalia",25898,294,"Singing individuals (birds)",2021,3,15,74,2459289,54,"25898_Singing individuals (birds)","Singing individuals","MN",13,2021-03-15,"calendar",74,2021,NA,NA,"25898_Singing individuals (birds)_2021"
8496,46.328629,-96.061256,1090,"Cardinalis","cardinalis","northern cardinal","Animalia",25898,310,"Fruit/seed consumption",2021,1,20,20,2459235,NA,"25898_Fruit/seed consumption","Feeding","MN",13,2021-01-20,"calendar",20,2021,NA,NA,"25898_Fruit/seed consumption_2021"
8715,43.522804,-70.802277,352,"Archilochus","colubris","ruby-throated hummingbird","Animalia",28193,542,"Feeding (or foraging)",2021,6,2,153,2459368,11,"28193_Feeding (or foraging)","Feeding","ME",9,2021-06-02,"calendar",153,2021,NA,NA,"28193_Feeding (or foraging)_2021"
8736,44.903229,-93.217445,240,"Spinus","tristis","American goldfinch","Animalia",28348,310,"Fruit/seed consumption",2021,1,15,15,2459230,NA,"28348_Fruit/seed consumption","Feeding","MN",11,2021-01-15,"calendar",15,2021,NA,NA,"28348_Fruit/seed consumption_2021"
8736,44.903229,-93.217445,245,"Poecile","atricapillus","black-capped chickadee","Animalia",28349,294,"Singing individuals (birds)",2021,3,6,65,2459280,50,"28349_Singing individuals (birds)","Singing individuals","MN",10,2021-03-06,"calendar",65,2021,NA,NA,"28349_Singing individuals (birds)_2021"
8736,44.903229,-93.217445,245,"Poecile","atricapillus","black-capped chickadee","Animalia",28349,310,"Fruit/seed consumption",2021,1,15,15,2459230,NA,"28349_Fruit/seed consumption","Feeding","MN",11,2021-01-15,"calendar",15,2021,NA,NA,"28349_Fruit/seed consumption_2021"
8736,44.903229,-93.217445,1090,"Cardinalis","cardinalis","northern cardinal","Animalia",28354,294,"Singing individuals (birds)",2021,3,6,65,2459280,50,"28354_Singing individuals (birds)","Singing individuals","MN",9,2021-03-06,"calendar",65,2021,NA,NA,"28354_Singing individuals (birds)_2021"
8736,44.903229,-93.217445,1090,"Cardinalis","cardinalis","northern cardinal","Animalia",28354,310,"Fruit/seed consumption",2021,1,15,15,2459230,NA,"28354_Fruit/seed consumption","Feeding","MN",11,2021-01-15,"calendar",15,2021,NA,NA,"28354_Fruit/seed consumption_2021"
8736,44.903229,-93.217445,362,"Junco","hyemalis","dark-eyed junco","Animalia",29145,310,"Fruit/seed consumption",2021,3,9,68,2459283,3,"29145_Fruit/seed consumption","Feeding","MN",11,2021-03-09,"calendar",68,2021,NA,NA,"29145_Fruit/seed consumption_2021"
8242,31.596231,-110.575493,740,"Toxostoma","curvirostre","curve-billed thrasher","Animalia",29639,310,"Fruit/seed consumption",2021,5,3,123,2459338,NA,"29639_Fruit/seed consumption","Feeding","AZ",10,2021-05-03,"calendar",123,2021,NA,NA,"29639_Fruit/seed consumption_2021"
8242,31.596231,-110.575493,1091,"Spinus","psaltria","lesser goldfinch","Animalia",29640,310,"Fruit/seed consumption",2021,5,3,123,2459338,NA,"29640_Fruit/seed consumption","Feeding","AZ",10,2021-05-03,"calendar",123,2021,NA,NA,"29640_Fruit/seed consumption_2021"
8923,42.286381,-72.653831,356,"Sialia","sialis","eastern bluebird","Animalia",30029,294,"Singing individuals (birds)",2021,3,22,81,2459296,NA,"30029_Singing individuals (birds)","Singing individuals","MA",9,2021-03-22,"calendar",81,2021,NA,NA,"30029_Singing individuals (birds)_2021"
8923,42.286381,-72.653831,356,"Sialia","sialis","eastern bluebird","Animalia",30029,457,"Insect consumption",2021,3,22,81,2459296,NA,"30029_Insect consumption","Feeding","MA",10,2021-03-22,"calendar",81,2021,NA,NA,"30029_Insect consumption_2021"
8923,42.286381,-72.653831,362,"Junco","hyemalis","dark-eyed junco","Animalia",30033,310,"Fruit/seed consumption",2021,3,22,81,2459296,NA,"30033_Fruit/seed consumption","Feeding","MA",10,2021-03-22,"calendar",81,2021,NA,NA,"30033_Fruit/seed consumption_2021"
8923,42.286381,-72.653831,1096,"Cyanocitta","cristata","blue jay","Animalia",30047,310,"Fruit/seed consumption",2021,4,27,117,2459332,18,"30047_Fruit/seed consumption","Feeding","MA",10,2021-04-27,"calendar",117,2021,NA,NA,"30047_Fruit/seed consumption_2021"
8923,42.286381,-72.653831,1126,"Thryothorus","ludovicianus","Carolina wren","Animalia",30059,310,"Fruit/seed consumption",2021,4,27,117,2459332,18,"30059_Fruit/seed consumption","Feeding","MA",9,2021-04-27,"calendar",117,2021,NA,NA,"30059_Fruit/seed consumption_2021"
8496,46.328629,-96.061256,1096,"Cyanocitta","cristata","blue jay","Animalia",32294,310,"Fruit/seed consumption",2021,1,20,20,2459235,NA,"32294_Fruit/seed consumption","Feeding","MN",14,2021-01-20,"calendar",20,2021,NA,NA,"32294_Fruit/seed consumption_2021"
8496,46.328629,-96.061256,1096,"Cyanocitta","cristata","blue jay","Animalia",32294,542,"Feeding (or foraging)",2021,1,20,20,2459235,NA,"32294_Feeding (or foraging)","Feeding","MN",9,2021-01-20,"calendar",20,2021,NA,NA,"32294_Feeding (or foraging)_2021"
8496,46.328629,-96.061256,362,"Junco","hyemalis","dark-eyed junco","Animalia",32295,310,"Fruit/seed consumption",2021,1,20,20,2459235,NA,"32295_Fruit/seed consumption","Feeding","MN",13,2021-01-20,"calendar",20,2021,NA,NA,"32295_Fruit/seed consumption_2021"
8496,46.328629,-96.061256,1110,"Passer","domesticus","house sparrow","Animalia",32297,310,"Fruit/seed consumption",2021,1,20,20,2459235,NA,"32297_Fruit/seed consumption","Feeding","MN",14,2021-01-20,"calendar",20,2021,NA,NA,"32297_Fruit/seed consumption_2021"
8496,46.328629,-96.061256,1110,"Passer","domesticus","house sparrow","Animalia",32297,542,"Feeding (or foraging)",2021,1,20,20,2459235,NA,"32297_Feeding (or foraging)","Feeding","MN",9,2021-01-20,"calendar",20,2021,NA,NA,"32297_Feeding (or foraging)_2021"
6091,34.11578,-118.757507,376,"Sayornis","nigricans","black phoebe","Animalia",33829,457,"Insect consumption",2021,1,25,25,2459240,14,"33829_Insect consumption","Feeding","CA",9,2021-01-25,"calendar",25,2021,NA,NA,"33829_Insect consumption_2021"
8496,46.328629,-96.061256,240,"Spinus","tristis","American goldfinch","Animalia",34922,310,"Fruit/seed consumption",2021,5,11,131,2459346,NA,"34922_Fruit/seed consumption","Feeding","MN",12,2021-05-11,"calendar",131,2021,NA,NA,"34922_Fruit/seed consumption_2021"
10145,42.602543,-83.250992,240,"Spinus","tristis","American goldfinch","Animalia",38837,294,"Singing individuals (birds)",2021,6,6,157,2459372,1,"38837_Singing individuals (birds)","Singing individuals","MI",9,2021-06-06,"calendar",157,2021,NA,NA,"38837_Singing individuals (birds)_2021"
10145,42.602543,-83.250992,246,"Turdus","migratorius","American robin","Animalia",38840,310,"Fruit/seed consumption",2021,3,16,75,2459290,1,"38840_Fruit/seed consumption","Feeding","MI",9,2021-03-16,"calendar",75,2021,NA,NA,"38840_Fruit/seed consumption_2021"
10145,42.602543,-83.250992,362,"Junco","hyemalis","dark-eyed junco","Animalia",38878,294,"Singing individuals (birds)",2021,3,25,84,2459299,1,"38878_Singing individuals (birds)","Singing individuals","MI",11,2021-03-25,"calendar",84,2021,NA,NA,"38878_Singing individuals (birds)_2021"
10145,42.602543,-83.250992,355,"Troglodytes","aedon","house wren","Animalia",38908,294,"Singing individuals (birds)",2021,5,2,122,2459337,NA,"38908_Singing individuals (birds)","Singing individuals","MI",10,2021-05-02,"calendar",122,2021,NA,NA,"38908_Singing individuals (birds)_2021"
10145,42.602543,-83.250992,359,"Agelaius","phoeniceus","red-winged blackbird","Animalia",38946,294,"Singing individuals (birds)",2021,3,9,68,2459283,1,"38946_Singing individuals (birds)","Singing individuals","MI",11,2021-03-09,"calendar",68,2021,NA,NA,"38946_Singing individuals (birds)_2021"
9652,44.768246,-94.155746,246,"Turdus","migratorius","American robin","Animalia",40107,294,"Singing individuals (birds)",2021,3,9,68,2459283,10,"40107_Singing individuals (birds)","Singing individuals","MN",13,2021-03-09,"calendar",68,2021,NA,NA,"40107_Singing individuals (birds)_2021"
9652,44.768246,-94.155746,246,"Turdus","migratorius","American robin","Animalia",40107,295,"Territorial individuals (birds)",2021,2,27,58,2459273,8,"40107_Territorial individuals (birds)","Territorial behavior","MN",9,2021-02-27,"calendar",58,2021,NA,NA,"40107_Territorial individuals (birds)_2021"
9652,44.768246,-94.155746,246,"Turdus","migratorius","American robin","Animalia",40107,297,"Nest building (birds)",2021,3,20,79,2459294,10,"40107_Nest building (birds)","Nesting behavior","MN",11,2021-03-20,"calendar",79,2021,NA,NA,"40107_Nest building (birds)_2021"
9652,44.768246,-94.155746,246,"Turdus","migratorius","American robin","Animalia",40107,308,"Fledged young (altricial birds)",2021,6,15,166,2459381,2,"40107_Fledged young (altricial birds)","Young observed","MN",9,2021-06-15,"calendar",166,2021,NA,NA,"40107_Fledged young (altricial birds)_2021"
9652,44.768246,-94.155746,246,"Turdus","migratorius","American robin","Animalia",40107,310,"Fruit/seed consumption",2021,1,1,1,2459216,NA,"40107_Fruit/seed consumption","Feeding","MN",13,2021-01-01,"calendar",1,2021,NA,NA,"40107_Fruit/seed consumption_2021"
9652,44.768246,-94.155746,246,"Turdus","migratorius","American robin","Animalia",40107,457,"Insect consumption",2021,4,16,106,2459321,15,"40107_Insect consumption","Feeding","MN",13,2021-04-16,"calendar",106,2021,NA,NA,"40107_Insect consumption_2021"
9652,44.768246,-94.155746,246,"Turdus","migratorius","American robin","Animalia",40107,542,"Feeding (or foraging)",2021,1,1,1,2459216,NA,"40107_Feeding (or foraging)","Feeding","MN",9,2021-01-01,"calendar",1,2021,NA,NA,"40107_Feeding (or foraging)_2021"
9652,44.768246,-94.155746,240,"Spinus","tristis","American goldfinch","Animalia",40108,310,"Fruit/seed consumption",2021,6,12,163,2459378,2,"40108_Fruit/seed consumption","Feeding","MN",9,2021-06-12,"calendar",163,2021,NA,NA,"40108_Fruit/seed consumption_2021"
9652,44.768246,-94.155746,240,"Spinus","tristis","American goldfinch","Animalia",40108,542,"Feeding (or foraging)",2021,6,12,163,2459378,2,"40108_Feeding (or foraging)","Feeding","MN",9,2021-06-12,"calendar",163,2021,NA,NA,"40108_Feeding (or foraging)_2021"
9652,44.768246,-94.155746,375,"Zenaida","macroura","mourning dove","Animalia",40109,294,"Singing individuals (birds)",2021,6,13,164,2459379,3,"40109_Singing individuals (birds)","Singing individuals","MN",11,2021-06-13,"calendar",164,2021,NA,NA,"40109_Singing individuals (birds)_2021"
10717,38.285664,-111.246605,246,"Turdus","migratorius","American robin","Animalia",42593,294,"Singing individuals (birds)",2021,4,30,120,2459335,2,"42593_Singing individuals (birds)","Singing individuals","UT",9,2021-04-30,"calendar",120,2021,NA,NA,"42593_Singing individuals (birds)_2021"
10717,38.285664,-111.246605,246,"Turdus","migratorius","American robin","Animalia",42593,457,"Insect consumption",2021,5,2,122,2459337,2,"42593_Insect consumption","Feeding","UT",9,2021-05-02,"calendar",122,2021,NA,NA,"42593_Insect consumption_2021"
1419,42.011166,-88.503304,1117,"Sayornis","phoebe","eastern phoebe","Animalia",44642,457,"Insect consumption",2021,6,30,181,2459396,97,"44642_Insect consumption","Feeding","IL",9,2021-06-30,"calendar",181,2021,NA,NA,"44642_Insect consumption_2021"
11598,43.073357,-71.150681,243,"Gavia","immer","common loon","Animalia",48357,298,"Occupied nest",2021,6,20,171,2459386,38,"48357_Occupied nest","Nesting behavior","NH",9,2021-06-20,"calendar",171,2021,NA,NA,"48357_Occupied nest_2021"
11598,43.073357,-71.150681,243,"Gavia","immer","common loon","Animalia",48357,542,"Feeding (or foraging)",2021,3,27,86,2459301,4,"48357_Feeding (or foraging)","Feeding","NH",9,2021-03-27,"calendar",86,2021,NA,NA,"48357_Feeding (or foraging)_2021"
6102,32.23188,-110.951012,1088,"Calypte","anna","Anna's hummingbird","Animalia",49639,312,"Flower visitation",2021,3,1,60,2459275,7,"49639_Flower visitation","Feeding","AZ",9,2021-03-01,"calendar",60,2021,NA,NA,"49639_Flower visitation_2021"
6102,32.23188,-110.951012,1110,"Passer","domesticus","house sparrow","Animalia",49643,294,"Singing individuals (birds)",2021,1,19,19,2459234,NA,"49643_Singing individuals (birds)","Singing individuals","AZ",10,2021-01-19,"calendar",19,2021,NA,NA,"49643_Singing individuals (birds)_2021"
6102,32.23188,-110.951012,1110,"Passer","domesticus","house sparrow","Animalia",49643,310,"Fruit/seed consumption",2021,1,19,19,2459234,NA,"49643_Fruit/seed consumption","Feeding","AZ",10,2021-01-19,"calendar",19,2021,NA,NA,"49643_Fruit/seed consumption_2021"
12064,32.248463,-110.909584,1088,"Calypte","anna","Anna's hummingbird","Animalia",50759,312,"Flower visitation",2021,3,14,73,2459288,5,"50759_Flower visitation","Feeding","AZ",9,2021-03-14,"calendar",73,2021,NA,NA,"50759_Flower visitation_2021"
12064,32.248463,-110.909584,1088,"Calypte","anna","Anna's hummingbird","Animalia",50759,542,"Feeding (or foraging)",2021,1,7,7,2459222,NA,"50759_Feeding (or foraging)","Feeding","AZ",9,2021-01-07,"calendar",7,2021,NA,NA,"50759_Feeding (or foraging)_2021"
16295,27.929228,-82.725639,1108,"Mimus","polyglottos","northern mockingbird","Animalia",60950,294,"Singing individuals (birds)",2021,3,20,79,2459294,7,"60950_Singing individuals (birds)","Singing individuals","FL",9,2021-03-20,"calendar",79,2021,NA,NA,"60950_Singing individuals (birds)_2021"
5428,48.033489,-122.598724,1088,"Calypte","anna","Anna's hummingbird","Animalia",60981,312,"Flower visitation",2021,3,21,80,2459295,12,"60981_Flower visitation","Feeding","WA",10,2021-03-21,"calendar",80,2021,NA,NA,"60981_Flower visitation_2021"
5428,48.033489,-122.598724,1119,"Selasphorus","rufus","rufous hummingbird","Animalia",60984,312,"Flower visitation",2021,3,21,80,2459295,10,"60984_Flower visitation","Feeding","WA",9,2021-03-21,"calendar",80,2021,NA,NA,"60984_Flower visitation_2021"
5428,48.033489,-122.598724,1119,"Selasphorus","rufus","rufous hummingbird","Animalia",60984,542,"Feeding (or foraging)",2021,3,11,70,2459285,2,"60984_Feeding (or foraging)","Feeding","WA",9,2021-03-11,"calendar",70,2021,NA,NA,"60984_Feeding (or foraging)_2021"
10145,42.602543,-83.250992,1224,"Branta","canadensis","Canada goose","Animalia",64229,541,"Fledged young (precocial birds)",2021,5,6,126,2459341,1,"64229_Fledged young (precocial birds)","Young observed","MI",9,2021-05-06,"calendar",126,2021,NA,NA,"64229_Fledged young (precocial birds)_2021"
17414,42.936153,-73.433449,1124,"Tachycineta","bicolor","tree swallow","Animalia",66940,298,"Occupied nest",2021,5,22,142,2459357,4,"66940_Occupied nest","Nesting behavior","NY",9,2021-05-22,"calendar",142,2021,NA,NA,"66940_Occupied nest_2021"
17414,42.936153,-73.433449,1124,"Tachycineta","bicolor","tree swallow","Animalia",66940,457,"Insect consumption",2021,4,24,114,2459329,6,"66940_Insect consumption","Feeding","NY",9,2021-04-24,"calendar",114,2021,NA,NA,"66940_Insect consumption_2021"
17414,42.936153,-73.433449,1124,"Tachycineta","bicolor","tree swallow","Animalia",66940,542,"Feeding (or foraging)",2021,4,24,114,2459329,6,"66940_Feeding (or foraging)","Feeding","NY",9,2021-04-24,"calendar",114,2021,NA,NA,"66940_Feeding (or foraging)_2021"
9652,44.768246,-94.155746,1090,"Cardinalis","cardinalis","northern cardinal","Animalia",69510,294,"Singing individuals (birds)",2021,1,15,15,2459230,NA,"69510_Singing individuals (birds)","Singing individuals","MN",11,2021-01-15,"calendar",15,2021,NA,NA,"69510_Singing individuals (birds)_2021"
9652,44.768246,-94.155746,1090,"Cardinalis","cardinalis","northern cardinal","Animalia",69510,310,"Fruit/seed consumption",2021,1,15,15,2459230,NA,"69510_Fruit/seed consumption","Feeding","MN",10,2021-01-15,"calendar",15,2021,NA,NA,"69510_Fruit/seed consumption_2021"
9652,44.768246,-94.155746,1090,"Cardinalis","cardinalis","northern cardinal","Animalia",69510,542,"Feeding (or foraging)",2021,1,15,15,2459230,NA,"69510_Feeding (or foraging)","Feeding","MN",9,2021-01-15,"calendar",15,2021,NA,NA,"69510_Feeding (or foraging)_2021"
6099,34.119007,-118.760071,1229,"Melanerpes","formicivorus","acorn woodpecker","Animalia",72367,457,"Insect consumption",2021,1,25,25,2459240,14,"72367_Insect consumption","Feeding","CA",11,2021-01-25,"calendar",25,2021,NA,NA,"72367_Insect consumption_2021"
6091,34.11578,-118.757507,1229,"Melanerpes","formicivorus","acorn woodpecker","Animalia",72369,542,"Feeding (or foraging)",2021,4,2,92,2459307,7,"72369_Feeding (or foraging)","Feeding","CA",9,2021-04-02,"calendar",92,2021,NA,NA,"72369_Feeding (or foraging)_2021"
18529,33.630066,-112.147385,1088,"Calypte","anna","Anna's hummingbird","Animalia",73449,312,"Flower visitation",2021,1,6,6,2459221,NA,"73449_Flower visitation","Feeding","AZ",10,2021-01-06,"calendar",6,2021,NA,NA,"73449_Flower visitation_2021"
18529,33.630066,-112.147385,1088,"Calypte","anna","Anna's hummingbird","Animalia",73449,457,"Insect consumption",2021,1,6,6,2459221,NA,"73449_Insect consumption","Feeding","AZ",10,2021-01-06,"calendar",6,2021,NA,NA,"73449_Insect consumption_2021"
18529,33.630066,-112.147385,740,"Toxostoma","curvirostre","curve-billed thrasher","Animalia",75309,457,"Insect consumption",2021,1,6,6,2459221,NA,"75309_Insect consumption","Feeding","AZ",10,2021-01-06,"calendar",6,2021,NA,NA,"75309_Insect consumption_2021"
9341,35.639874,-83.687721,377,"Vireo","olivaceus","red-eyed vireo","Animalia",75374,294,"Singing individuals (birds)",2021,4,27,117,2459332,7,"75374_Singing individuals (birds)","Singing individuals","TN",9,2021-04-27,"calendar",117,2021,NA,NA,"75374_Singing individuals (birds)_2021"
9341,35.639874,-83.687721,1098,"Setophaga","virens","black-throated green warbler","Animalia",75375,294,"Singing individuals (birds)",2021,4,6,96,2459311,7,"75375_Singing individuals (birds)","Singing individuals","TN",9,2021-04-06,"calendar",96,2021,NA,NA,"75375_Singing individuals (birds)_2021"
19944,33.66478,-117.843063,1088,"Calypte","anna","Anna's hummingbird","Animalia",81455,294,"Singing individuals (birds)",2021,1,3,3,2459218,NA,"81455_Singing individuals (birds)","Singing individuals","CA",11,2021-01-03,"calendar",3,2021,NA,NA,"81455_Singing individuals (birds)_2021"
19944,33.66478,-117.843063,1088,"Calypte","anna","Anna's hummingbird","Animalia",81455,295,"Territorial individuals (birds)",2021,1,5,5,2459220,NA,"81455_Territorial individuals (birds)","Territorial behavior","CA",9,2021-01-05,"calendar",5,2021,NA,NA,"81455_Territorial individuals (birds)_2021"
19944,33.66478,-117.843063,1088,"Calypte","anna","Anna's hummingbird","Animalia",81455,312,"Flower visitation",2021,1,3,3,2459218,NA,"81455_Flower visitation","Feeding","CA",11,2021-01-03,"calendar",3,2021,NA,NA,"81455_Flower visitation_2021"
19944,33.66478,-117.843063,1088,"Calypte","anna","Anna's hummingbird","Animalia",81455,457,"Insect consumption",2021,1,14,14,2459229,3,"81455_Insect consumption","Feeding","CA",11,2021-01-14,"calendar",14,2021,NA,NA,"81455_Insect consumption_2021"
19944,33.66478,-117.843063,1088,"Calypte","anna","Anna's hummingbird","Animalia",81455,542,"Feeding (or foraging)",2021,1,3,3,2459218,NA,"81455_Feeding (or foraging)","Feeding","CA",9,2021-01-03,"calendar",3,2021,NA,NA,"81455_Feeding (or foraging)_2021"
19944,33.66478,-117.843063,376,"Sayornis","nigricans","black phoebe","Animalia",81456,294,"Singing individuals (birds)",2021,2,20,51,2459266,2,"81456_Singing individuals (birds)","Singing individuals","CA",11,2021-02-20,"calendar",51,2021,NA,NA,"81456_Singing individuals (birds)_2021"
19944,33.66478,-117.843063,376,"Sayornis","nigricans","black phoebe","Animalia",81456,295,"Territorial individuals (birds)",2021,5,19,139,2459354,6,"81456_Territorial individuals (birds)","Territorial behavior","CA",9,2021-05-19,"calendar",139,2021,NA,NA,"81456_Territorial individuals (birds)_2021"
19944,33.66478,-117.843063,376,"Sayornis","nigricans","black phoebe","Animalia",81456,457,"Insect consumption",2021,1,3,3,2459218,NA,"81456_Insect consumption","Feeding","CA",11,2021-01-03,"calendar",3,2021,NA,NA,"81456_Insect consumption_2021"
19944,33.66478,-117.843063,376,"Sayornis","nigricans","black phoebe","Animalia",81456,542,"Feeding (or foraging)",2021,1,3,3,2459218,NA,"81456_Feeding (or foraging)","Feeding","CA",9,2021-01-03,"calendar",3,2021,NA,NA,"81456_Feeding (or foraging)_2021"
19944,33.66478,-117.843063,242,"Petrochelidon","pyrrhonota","cliff swallow","Animalia",81457,294,"Singing individuals (birds)",2021,3,18,77,2459292,2,"81457_Singing individuals (birds)","Singing individuals","CA",10,2021-03-18,"calendar",77,2021,NA,NA,"81457_Singing individuals (birds)_2021"
19944,33.66478,-117.843063,242,"Petrochelidon","pyrrhonota","cliff swallow","Animalia",81457,297,"Nest building (birds)",2021,4,30,120,2459335,7,"81457_Nest building (birds)","Nesting behavior","CA",10,2021-04-30,"calendar",120,2021,NA,NA,"81457_Nest building (birds)_2021"
19944,33.66478,-117.843063,242,"Petrochelidon","pyrrhonota","cliff swallow","Animalia",81457,298,"Occupied nest",2021,4,4,94,2459309,3,"81457_Occupied nest","Nesting behavior","CA",9,2021-04-04,"calendar",94,2021,NA,NA,"81457_Occupied nest_2021"
19944,33.66478,-117.843063,242,"Petrochelidon","pyrrhonota","cliff swallow","Animalia",81457,542,"Feeding (or foraging)",2021,3,11,70,2459285,3,"81457_Feeding (or foraging)","Feeding","CA",9,2021-03-11,"calendar",70,2021,NA,NA,"81457_Feeding (or foraging)_2021"
19944,33.66478,-117.843063,1197,"Geothlypis","trichas","common yellowthroat","Animalia",81458,294,"Singing individuals (birds)",2021,2,4,35,2459250,4,"81458_Singing individuals (birds)","Singing individuals","CA",11,2021-02-04,"calendar",35,2021,NA,NA,"81458_Singing individuals (birds)_2021"
19944,33.66478,-117.843063,1197,"Geothlypis","trichas","common yellowthroat","Animalia",81458,295,"Territorial individuals (birds)",2021,1,5,5,2459220,2,"81458_Territorial individuals (birds)","Territorial behavior","CA",9,2021-01-05,"calendar",5,2021,NA,NA,"81458_Territorial individuals (birds)_2021"
19944,33.66478,-117.843063,1197,"Geothlypis","trichas","common yellowthroat","Animalia",81458,542,"Feeding (or foraging)",2021,1,3,3,2459218,NA,"81458_Feeding (or foraging)","Feeding","CA",9,2021-01-03,"calendar",3,2021,NA,NA,"81458_Feeding (or foraging)_2021"
19944,33.66478,-117.843063,370,"Ardea","herodias","great blue heron","Animalia",81459,542,"Feeding (or foraging)",2021,1,31,31,2459246,3,"81459_Feeding (or foraging)","Feeding","CA",9,2021-01-31,"calendar",31,2021,NA,NA,"81459_Feeding (or foraging)_2021"
19944,33.66478,-117.843063,244,"Charadrius","vociferus","killdeer","Animalia",81460,295,"Territorial individuals (birds)",2021,3,18,77,2459292,2,"81460_Territorial individuals (birds)","Territorial behavior","CA",9,2021-03-18,"calendar",77,2021,NA,NA,"81460_Territorial individuals (birds)_2021"
19944,33.66478,-117.843063,244,"Charadrius","vociferus","killdeer","Animalia",81460,542,"Feeding (or foraging)",2021,2,26,57,2459272,6,"81460_Feeding (or foraging)","Feeding","CA",9,2021-02-26,"calendar",57,2021,NA,NA,"81460_Feeding (or foraging)_2021"
19944,33.66478,-117.843063,248,"Pandion","haliaetus","osprey","Animalia",81461,297,"Nest building (birds)",2021,1,5,5,2459220,2,"81461_Nest building (birds)","Nesting behavior","CA",9,2021-01-05,"calendar",5,2021,NA,NA,"81461_Nest building (birds)_2021"
19944,33.66478,-117.843063,248,"Pandion","haliaetus","osprey","Animalia",81461,298,"Occupied nest",2021,3,25,84,2459299,7,"81461_Occupied nest","Nesting behavior","CA",9,2021-03-25,"calendar",84,2021,NA,NA,"81461_Occupied nest_2021"
19944,33.66478,-117.843063,248,"Pandion","haliaetus","osprey","Animalia",81461,542,"Feeding (or foraging)",2021,1,28,28,2459243,10,"81461_Feeding (or foraging)","Feeding","CA",9,2021-01-28,"calendar",28,2021,NA,NA,"81461_Feeding (or foraging)_2021"
19944,33.66478,-117.843063,373,"Actitis","macularius","spotted sandpiper","Animalia",81462,542,"Feeding (or foraging)",2021,3,26,85,2459300,1,"81462_Feeding (or foraging)","Feeding","CA",9,2021-03-26,"calendar",85,2021,NA,NA,"81462_Feeding (or foraging)_2021"
17414,42.936153,-73.433449,1197,"Geothlypis","trichas","common yellowthroat","Animalia",86970,294,"Singing individuals (birds)",2021,5,17,137,2459352,4,"86970_Singing individuals (birds)","Singing individuals","NY",11,2021-05-17,"calendar",137,2021,NA,NA,"86970_Singing individuals (birds)_2021"
22740,38.525036,-121.970711,362,"Junco","hyemalis","dark-eyed junco","Animalia",102228,310,"Fruit/seed consumption",2021,1,7,7,2459222,NA,"102228_Fruit/seed consumption","Feeding","CA",9,2021-01-07,"calendar",7,2021,NA,NA,"102228_Fruit/seed consumption_2021"
22740,38.525036,-121.970711,741,"Regulus","calendula","ruby-crowned kinglet","Animalia",102229,457,"Insect consumption",2021,1,7,7,2459222,NA,"102229_Insect consumption","Feeding","CA",9,2021-01-07,"calendar",7,2021,NA,NA,"102229_Insect consumption_2021"
22740,38.525036,-121.970711,357,"Sialia","mexicana","western bluebird","Animalia",102231,457,"Insect consumption",2021,4,10,100,2459315,9,"102231_Insect consumption","Feeding","CA",9,2021-04-10,"calendar",100,2021,NA,NA,"102231_Insect consumption_2021"
22740,38.525036,-121.970711,1097,"Setophaga","coronata","yellow-rumped warbler","Animalia",102234,457,"Insect consumption",2021,3,4,63,2459278,12,"102234_Insect consumption","Feeding","CA",9,2021-03-04,"calendar",63,2021,NA,NA,"102234_Insect consumption_2021"
22858,38.09404,-122.37149,1380,"Melospiza","melodia","song sparrow","Animalia",103159,294,"Singing individuals (birds)",2021,1,5,5,2459220,NA,"103159_Singing individuals (birds)","Singing individuals","CA",10,2021-01-05,"calendar",5,2021,NA,NA,"103159_Singing individuals (birds)_2021"
22858,38.09404,-122.37149,1380,"Melospiza","melodia","song sparrow","Animalia",103159,310,"Fruit/seed consumption",2021,1,5,5,2459220,NA,"103159_Fruit/seed consumption","Feeding","CA",9,2021-01-05,"calendar",5,2021,NA,NA,"103159_Fruit/seed consumption_2021"
22858,38.09404,-122.37149,1380,"Melospiza","melodia","song sparrow","Animalia",103159,542,"Feeding (or foraging)",2021,1,5,5,2459220,NA,"103159_Feeding (or foraging)","Feeding","CA",9,2021-01-05,"calendar",5,2021,NA,NA,"103159_Feeding (or foraging)_2021"
22858,38.09404,-122.37149,1124,"Tachycineta","bicolor","tree swallow","Animalia",103160,542,"Feeding (or foraging)",2021,2,16,47,2459262,8,"103160_Feeding (or foraging)","Feeding","CA",9,2021-02-16,"calendar",47,2021,NA,NA,"103160_Feeding (or foraging)_2021"
22858,38.09404,-122.37149,357,"Sialia","mexicana","western bluebird","Animalia",103161,457,"Insect consumption",2021,4,19,109,2459324,14,"103161_Insect consumption","Feeding","CA",9,2021-04-19,"calendar",109,2021,NA,NA,"103161_Insect consumption_2021"
22858,38.09404,-122.37149,357,"Sialia","mexicana","western bluebird","Animalia",103161,542,"Feeding (or foraging)",2021,1,5,5,2459220,NA,"103161_Feeding (or foraging)","Feeding","CA",9,2021-01-05,"calendar",5,2021,NA,NA,"103161_Feeding (or foraging)_2021"
17414,42.936153,-73.433449,352,"Archilochus","colubris","ruby-throated hummingbird","Animalia",103211,542,"Feeding (or foraging)",2021,5,6,126,2459341,6,"103211_Feeding (or foraging)","Feeding","NY",9,2021-05-06,"calendar",126,2021,NA,NA,"103211_Feeding (or foraging)_2021"
22858,38.09404,-122.37149,1375,"Anas","platyrhynchos","mallard","Animalia",114733,542,"Feeding (or foraging)",2021,3,15,74,2459289,7,"114733_Feeding (or foraging)","Feeding","CA",9,2021-03-15,"calendar",74,2021,NA,NA,"114733_Feeding (or foraging)_2021"
22858,38.09404,-122.37149,359,"Agelaius","phoeniceus","red-winged blackbird","Animalia",114734,294,"Singing individuals (birds)",2021,2,16,47,2459262,8,"114734_Singing individuals (birds)","Singing individuals","CA",9,2021-02-16,"calendar",47,2021,NA,NA,"114734_Singing individuals (birds)_2021"
22858,38.09404,-122.37149,359,"Agelaius","phoeniceus","red-winged blackbird","Animalia",114734,310,"Fruit/seed consumption",2021,2,16,47,2459262,8,"114734_Fruit/seed consumption","Feeding","CA",9,2021-02-16,"calendar",47,2021,NA,NA,"114734_Fruit/seed consumption_2021"
22858,38.09404,-122.37149,359,"Agelaius","phoeniceus","red-winged blackbird","Animalia",114734,542,"Feeding (or foraging)",2021,2,16,47,2459262,8,"114734_Feeding (or foraging)","Feeding","CA",9,2021-02-16,"calendar",47,2021,NA,NA,"114734_Feeding (or foraging)_2021"
22858,38.09404,-122.37149,1088,"Calypte","anna","Anna's hummingbird","Animalia",114826,295,"Territorial individuals (birds)",2021,1,11,11,2459226,6,"114826_Territorial individuals (birds)","Territorial behavior","CA",9,2021-01-11,"calendar",11,2021,NA,NA,"114826_Territorial individuals (birds)_2021"
22858,38.09404,-122.37149,1088,"Calypte","anna","Anna's hummingbird","Animalia",114826,542,"Feeding (or foraging)",2021,1,18,18,2459233,7,"114826_Feeding (or foraging)","Feeding","CA",9,2021-01-18,"calendar",18,2021,NA,NA,"114826_Feeding (or foraging)_2021"
2803,39.971001,-105.397003,1232,"Pica","hudsonia","black-billed magpie","Animalia",122046,310,"Fruit/seed consumption",2021,1,4,4,2459219,NA,"122046_Fruit/seed consumption","Feeding","CO",9,2021-01-04,"calendar",4,2021,NA,NA,"122046_Fruit/seed consumption_2021"
2803,39.971001,-105.397003,1232,"Pica","hudsonia","black-billed magpie","Animalia",122046,457,"Insect consumption",2021,4,6,96,2459311,8,"122046_Insect consumption","Feeding","CO",9,2021-04-06,"calendar",96,2021,NA,NA,"122046_Insect consumption_2021"
2803,39.971001,-105.397003,1232,"Pica","hudsonia","black-billed magpie","Animalia",122046,542,"Feeding (or foraging)",2021,1,4,4,2459219,NA,"122046_Feeding (or foraging)","Feeding","CO",9,2021-01-04,"calendar",4,2021,NA,NA,"122046_Feeding (or foraging)_2021"
2803,39.971001,-105.397003,1113,"Dryobates","pubescens","downy woodpecker","Animalia",122049,310,"Fruit/seed consumption",2021,1,4,4,2459219,NA,"122049_Fruit/seed consumption","Feeding","CO",9,2021-01-04,"calendar",4,2021,NA,NA,"122049_Fruit/seed consumption_2021"
2803,39.971001,-105.397003,1113,"Dryobates","pubescens","downy woodpecker","Animalia",122049,542,"Feeding (or foraging)",2021,1,4,4,2459219,NA,"122049_Feeding (or foraging)","Feeding","CO",9,2021-01-04,"calendar",4,2021,NA,NA,"122049_Feeding (or foraging)_2021"
2803,39.971001,-105.397003,1411,"Poecile","gambeli","mountain chickadee","Animalia",122050,294,"Singing individuals (birds)",2021,1,4,4,2459219,NA,"122050_Singing individuals (birds)","Singing individuals","CO",9,2021-01-04,"calendar",4,2021,NA,NA,"122050_Singing individuals (birds)_2021"
2803,39.971001,-105.397003,1411,"Poecile","gambeli","mountain chickadee","Animalia",122050,310,"Fruit/seed consumption",2021,1,4,4,2459219,NA,"122050_Fruit/seed consumption","Feeding","CO",9,2021-01-04,"calendar",4,2021,NA,NA,"122050_Fruit/seed consumption_2021"
2803,39.971001,-105.397003,1411,"Poecile","gambeli","mountain chickadee","Animalia",122050,542,"Feeding (or foraging)",2021,1,4,4,2459219,NA,"122050_Feeding (or foraging)","Feeding","CO",9,2021-01-04,"calendar",4,2021,NA,NA,"122050_Feeding (or foraging)_2021"
2803,39.971001,-105.397003,359,"Agelaius","phoeniceus","red-winged blackbird","Animalia",122051,294,"Singing individuals (birds)",2021,3,5,64,2459279,4,"122051_Singing individuals (birds)","Singing individuals","CO",9,2021-03-05,"calendar",64,2021,NA,NA,"122051_Singing individuals (birds)_2021"
2803,39.971001,-105.397003,359,"Agelaius","phoeniceus","red-winged blackbird","Animalia",122051,310,"Fruit/seed consumption",2021,3,5,64,2459279,4,"122051_Fruit/seed consumption","Feeding","CO",9,2021-03-05,"calendar",64,2021,NA,NA,"122051_Fruit/seed consumption_2021"
2803,39.971001,-105.397003,359,"Agelaius","phoeniceus","red-winged blackbird","Animalia",122051,542,"Feeding (or foraging)",2021,3,5,64,2459279,4,"122051_Feeding (or foraging)","Feeding","CO",9,2021-03-05,"calendar",64,2021,NA,NA,"122051_Feeding (or foraging)_2021"
2803,39.971001,-105.397003,1398,"Cyanocitta","stelleri","Steller's jay","Animalia",122052,310,"Fruit/seed consumption",2021,1,4,4,2459219,NA,"122052_Fruit/seed consumption","Feeding","CO",9,2021-01-04,"calendar",4,2021,NA,NA,"122052_Fruit/seed consumption_2021"
2803,39.971001,-105.397003,1398,"Cyanocitta","stelleri","Steller's jay","Animalia",122052,457,"Insect consumption",2021,9,7,250,2459465,7,"122052_Insect consumption","Feeding","CO",9,2021-09-07,"calendar",250,2021,NA,NA,"122052_Insect consumption_2021"
2803,39.971001,-105.397003,1398,"Cyanocitta","stelleri","Steller's jay","Animalia",122052,542,"Feeding (or foraging)",2021,1,4,4,2459219,NA,"122052_Feeding (or foraging)","Feeding","CO",9,2021-01-04,"calendar",4,2021,NA,NA,"122052_Feeding (or foraging)_2021"
2803,39.971001,-105.397003,1415,"Sitta","carolinensis","white-breasted nuthatch","Animalia",122053,294,"Singing individuals (birds)",2021,1,4,4,2459219,NA,"122053_Singing individuals (birds)","Singing individuals","CO",9,2021-01-04,"calendar",4,2021,NA,NA,"122053_Singing individuals (birds)_2021"
2803,39.971001,-105.397003,1415,"Sitta","carolinensis","white-breasted nuthatch","Animalia",122053,310,"Fruit/seed consumption",2021,1,4,4,2459219,NA,"122053_Fruit/seed consumption","Feeding","CO",9,2021-01-04,"calendar",4,2021,NA,NA,"122053_Fruit/seed consumption_2021"
2803,39.971001,-105.397003,1415,"Sitta","carolinensis","white-breasted nuthatch","Animalia",122053,457,"Insect consumption",2021,6,30,181,2459396,4,"122053_Insect consumption","Feeding","CO",9,2021-06-30,"calendar",181,2021,NA,NA,"122053_Insect consumption_2021"
2803,39.971001,-105.397003,1415,"Sitta","carolinensis","white-breasted nuthatch","Animalia",122053,542,"Feeding (or foraging)",2021,1,4,4,2459219,NA,"122053_Feeding (or foraging)","Feeding","CO",9,2021-01-04,"calendar",4,2021,NA,NA,"122053_Feeding (or foraging)_2021"
25568,45.140465,-93.312943,1113,"Dryobates","pubescens","downy woodpecker","Animalia",123975,542,"Feeding (or foraging)",2021,4,2,92,2459307,NA,"123975_Feeding (or foraging)","Feeding","MN",9,2021-04-02,"calendar",92,2021,NA,NA,"123975_Feeding (or foraging)_2021"
22613,32.33926,-110.981728,1088,"Calypte","anna","Anna's hummingbird","Animalia",136792,542,"Feeding (or foraging)",2021,1,5,5,2459220,NA,"136792_Feeding (or foraging)","Feeding","AZ",9,2021-01-05,"calendar",5,2021,NA,NA,"136792_Feeding (or foraging)_2021"
27026,43.413593,-70.810211,352,"Archilochus","colubris","ruby-throated hummingbird","Animalia",137519,294,"Singing individuals (birds)",2021,5,12,132,2459347,4,"137519_Singing individuals (birds)","Singing individuals","ME",9,2021-05-12,"calendar",132,2021,NA,NA,"137519_Singing individuals (birds)_2021"
27026,43.413593,-70.810211,352,"Archilochus","colubris","ruby-throated hummingbird","Animalia",137519,295,"Territorial individuals (birds)",2021,5,16,136,2459351,4,"137519_Territorial individuals (birds)","Territorial behavior","ME",9,2021-05-16,"calendar",136,2021,NA,NA,"137519_Territorial individuals (birds)_2021"
27026,43.413593,-70.810211,352,"Archilochus","colubris","ruby-throated hummingbird","Animalia",137519,542,"Feeding (or foraging)",2021,5,8,128,2459343,NA,"137519_Feeding (or foraging)","Feeding","ME",9,2021-05-08,"calendar",128,2021,NA,NA,"137519_Feeding (or foraging)_2021"
27026,43.413593,-70.810211,246,"Turdus","migratorius","American robin","Animalia",137607,310,"Fruit/seed consumption",2021,4,12,102,2459317,NA,"137607_Fruit/seed consumption","Feeding","ME",9,2021-04-12,"calendar",102,2021,NA,NA,"137607_Fruit/seed consumption_2021"
27026,43.413593,-70.810211,246,"Turdus","migratorius","American robin","Animalia",137607,457,"Insect consumption",2021,5,20,140,2459355,8,"137607_Insect consumption","Feeding","ME",9,2021-05-20,"calendar",140,2021,NA,NA,"137607_Insect consumption_2021"
27026,43.413593,-70.810211,246,"Turdus","migratorius","American robin","Animalia",137607,542,"Feeding (or foraging)",2021,4,12,102,2459317,NA,"137607_Feeding (or foraging)","Feeding","ME",9,2021-04-12,"calendar",102,2021,NA,NA,"137607_Feeding (or foraging)_2021"
27026,43.413593,-70.810211,360,"Icterus","galbula","Baltimore oriole","Animalia",137608,294,"Singing individuals (birds)",2021,5,8,128,2459343,26,"137608_Singing individuals (birds)","Singing individuals","ME",9,2021-05-08,"calendar",128,2021,NA,NA,"137608_Singing individuals (birds)_2021"
27026,43.413593,-70.810211,360,"Icterus","galbula","Baltimore oriole","Animalia",137608,295,"Territorial individuals (birds)",2021,5,12,132,2459347,2,"137608_Territorial individuals (birds)","Territorial behavior","ME",9,2021-05-12,"calendar",132,2021,NA,NA,"137608_Territorial individuals (birds)_2021"
27026,43.413593,-70.810211,360,"Icterus","galbula","Baltimore oriole","Animalia",137608,340,"Courtship",2021,5,10,130,2459345,2,"137608_Courtship","Mating activity","ME",9,2021-05-10,"calendar",130,2021,NA,NA,"137608_Courtship_2021"
27026,43.413593,-70.810211,360,"Icterus","galbula","Baltimore oriole","Animalia",137608,542,"Feeding (or foraging)",2021,5,8,128,2459343,26,"137608_Feeding (or foraging)","Feeding","ME",9,2021-05-08,"calendar",128,2021,NA,NA,"137608_Feeding (or foraging)_2021"
12064,32.248463,-110.909584,740,"Toxostoma","curvirostre","curve-billed thrasher","Animalia",139416,542,"Feeding (or foraging)",2021,4,1,91,2459306,5,"139416_Feeding (or foraging)","Feeding","AZ",9,2021-04-01,"calendar",91,2021,NA,NA,"139416_Feeding (or foraging)_2021"
12064,32.248463,-110.909584,1223,"Auriparus","flaviceps","verdin","Animalia",139417,294,"Singing individuals (birds)",2021,2,4,35,2459250,26,"139417_Singing individuals (birds)","Singing individuals","AZ",9,2021-02-04,"calendar",35,2021,NA,NA,"139417_Singing individuals (birds)_2021"
12064,32.248463,-110.909584,1223,"Auriparus","flaviceps","verdin","Animalia",139417,542,"Feeding (or foraging)",2021,3,5,64,2459279,19,"139417_Feeding (or foraging)","Feeding","AZ",9,2021-03-05,"calendar",64,2021,NA,NA,"139417_Feeding (or foraging)_2021"
9652,44.768246,-94.155746,245,"Poecile","atricapillus","black-capped chickadee","Animalia",139453,310,"Fruit/seed consumption",2021,1,27,27,2459242,NA,"139453_Fruit/seed consumption","Feeding","MN",9,2021-01-27,"calendar",27,2021,NA,NA,"139453_Fruit/seed consumption_2021"
9652,44.768246,-94.155746,245,"Poecile","atricapillus","black-capped chickadee","Animalia",139453,542,"Feeding (or foraging)",2021,1,27,27,2459242,NA,"139453_Feeding (or foraging)","Feeding","MN",9,2021-01-27,"calendar",27,2021,NA,NA,"139453_Feeding (or foraging)_2021"
27407,38.037094,-122.394722,244,"Charadrius","vociferus","killdeer","Animalia",141455,542,"Feeding (or foraging)",2021,2,16,47,2459262,8,"141455_Feeding (or foraging)","Feeding","CA",9,2021-02-16,"calendar",47,2021,NA,NA,"141455_Feeding (or foraging)_2021"
27407,38.037094,-122.394722,1375,"Anas","platyrhynchos","mallard","Animalia",141456,542,"Feeding (or foraging)",2021,1,11,11,2459226,6,"141456_Feeding (or foraging)","Feeding","CA",9,2021-01-11,"calendar",11,2021,NA,NA,"141456_Feeding (or foraging)_2021"
27407,38.037094,-122.394722,375,"Zenaida","macroura","mourning dove","Animalia",141460,294,"Singing individuals (birds)",2021,2,22,53,2459268,6,"141460_Singing individuals (birds)","Singing individuals","CA",9,2021-02-22,"calendar",53,2021,NA,NA,"141460_Singing individuals (birds)_2021"
27407,38.037094,-122.394722,376,"Sayornis","nigricans","black phoebe","Animalia",141461,294,"Singing individuals (birds)",2021,6,7,158,2459373,7,"141461_Singing individuals (birds)","Singing individuals","CA",9,2021-06-07,"calendar",158,2021,NA,NA,"141461_Singing individuals (birds)_2021"
27407,38.037094,-122.394722,376,"Sayornis","nigricans","black phoebe","Animalia",141461,457,"Insect consumption",2021,2,22,53,2459268,6,"141461_Insect consumption","Feeding","CA",9,2021-02-22,"calendar",53,2021,NA,NA,"141461_Insect consumption_2021"
27407,38.037094,-122.394722,376,"Sayornis","nigricans","black phoebe","Animalia",141461,542,"Feeding (or foraging)",2021,2,22,53,2459268,6,"141461_Feeding (or foraging)","Feeding","CA",9,2021-02-22,"calendar",53,2021,NA,NA,"141461_Feeding (or foraging)_2021"
22740,38.525036,-121.970711,1654,"Baeolophus","inornatus","oak titmouse","Animalia",148019,457,"Insect consumption",2021,1,7,7,2459222,NA,"148019_Insect consumption","Feeding","CA",9,2021-01-07,"calendar",7,2021,NA,NA,"148019_Insect consumption_2021"
1447,42.176537,-85.892448,240,"Spinus","tristis","American goldfinch","Animalia",8332,310,"Fruit/seed consumption",2022,3,12,71,2459651,7,"8332_Fruit/seed consumption","Feeding","MI",9,2022-03-12,"calendar",71,2022,NA,NA,"8332_Fruit/seed consumption_2022"
1447,42.176537,-85.892448,245,"Poecile","atricapillus","black-capped chickadee","Animalia",8334,310,"Fruit/seed consumption",2022,3,12,71,2459651,7,"8334_Fruit/seed consumption","Feeding","MI",9,2022-03-12,"calendar",71,2022,NA,NA,"8334_Fruit/seed consumption_2022"
1419,42.011166,-88.503304,246,"Turdus","migratorius","American robin","Animalia",10282,294,"Singing individuals (birds)",2022,6,7,158,2459738,11,"10282_Singing individuals (birds)","Singing individuals","IL",15,2022-06-07,"calendar",158,2022,NA,NA,"10282_Singing individuals (birds)_2022"
1419,42.011166,-88.503304,246,"Turdus","migratorius","American robin","Animalia",10282,457,"Insect consumption",2022,6,7,158,2459738,11,"10282_Insect consumption","Feeding","IL",12,2022-06-07,"calendar",158,2022,NA,NA,"10282_Insect consumption_2022"
1419,42.011166,-88.503304,246,"Turdus","migratorius","American robin","Animalia",10282,542,"Feeding (or foraging)",2022,6,7,158,2459738,11,"10282_Feeding (or foraging)","Feeding","IL",9,2022-06-07,"calendar",158,2022,NA,NA,"10282_Feeding (or foraging)_2022"
1419,42.011166,-88.503304,245,"Poecile","atricapillus","black-capped chickadee","Animalia",10283,310,"Fruit/seed consumption",2022,4,15,105,2459685,33,"10283_Fruit/seed consumption","Feeding","IL",13,2022-04-15,"calendar",105,2022,NA,NA,"10283_Fruit/seed consumption_2022"
5428,48.033489,-122.598724,240,"Spinus","tristis","American goldfinch","Animalia",11347,310,"Fruit/seed consumption",2022,6,25,176,2459756,76,"11347_Fruit/seed consumption","Feeding","WA",14,2022-06-25,"calendar",176,2022,NA,NA,"11347_Fruit/seed consumption_2022"
5428,48.033489,-122.598724,240,"Spinus","tristis","American goldfinch","Animalia",11347,542,"Feeding (or foraging)",2022,6,25,176,2459756,76,"11347_Feeding (or foraging)","Feeding","WA",9,2022-06-25,"calendar",176,2022,NA,NA,"11347_Feeding (or foraging)_2022"
5428,48.033489,-122.598724,362,"Junco","hyemalis","dark-eyed junco","Animalia",11351,310,"Fruit/seed consumption",2022,1,6,6,2459586,NA,"11351_Fruit/seed consumption","Feeding","WA",13,2022-01-06,"calendar",6,2022,NA,NA,"11351_Fruit/seed consumption_2022"
5674,44.910587,-70.266861,246,"Turdus","migratorius","American robin","Animalia",12709,310,"Fruit/seed consumption",2022,4,10,100,2459680,7,"12709_Fruit/seed consumption","Feeding","ME",12,2022-04-10,"calendar",100,2022,NA,NA,"12709_Fruit/seed consumption_2022"
5674,44.910587,-70.266861,246,"Turdus","migratorius","American robin","Animalia",12709,457,"Insect consumption",2022,4,29,119,2459699,2,"12709_Insect consumption","Feeding","ME",11,2022-04-29,"calendar",119,2022,NA,NA,"12709_Insect consumption_2022"
5674,44.910587,-70.266861,246,"Turdus","migratorius","American robin","Animalia",12709,542,"Feeding (or foraging)",2022,4,10,100,2459680,7,"12709_Feeding (or foraging)","Feeding","ME",9,2022-04-10,"calendar",100,2022,NA,NA,"12709_Feeding (or foraging)_2022"
5674,44.910587,-70.266861,352,"Archilochus","colubris","ruby-throated hummingbird","Animalia",12712,295,"Territorial individuals (birds)",2022,5,15,135,2459715,7,"12712_Territorial individuals (birds)","Territorial behavior","ME",9,2022-05-15,"calendar",135,2022,NA,NA,"12712_Territorial individuals (birds)_2022"
5674,44.910587,-70.266861,352,"Archilochus","colubris","ruby-throated hummingbird","Animalia",12712,312,"Flower visitation",2022,5,15,135,2459715,7,"12712_Flower visitation","Feeding","ME",13,2022-05-15,"calendar",135,2022,NA,NA,"12712_Flower visitation_2022"
5674,44.910587,-70.266861,352,"Archilochus","colubris","ruby-throated hummingbird","Animalia",12712,542,"Feeding (or foraging)",2022,5,15,135,2459715,7,"12712_Feeding (or foraging)","Feeding","ME",9,2022-05-15,"calendar",135,2022,NA,NA,"12712_Feeding (or foraging)_2022"
2803,39.971001,-105.397003,246,"Turdus","migratorius","American robin","Animalia",16046,294,"Singing individuals (birds)",2022,3,12,71,2459651,5,"16046_Singing individuals (birds)","Singing individuals","CO",14,2022-03-12,"calendar",71,2022,NA,NA,"16046_Singing individuals (birds)_2022"
2803,39.971001,-105.397003,246,"Turdus","migratorius","American robin","Animalia",16046,457,"Insect consumption",2022,3,12,71,2459651,5,"16046_Insect consumption","Feeding","CO",15,2022-03-12,"calendar",71,2022,NA,NA,"16046_Insect consumption_2022"
2803,39.971001,-105.397003,246,"Turdus","migratorius","American robin","Animalia",16046,542,"Feeding (or foraging)",2022,3,12,71,2459651,5,"16046_Feeding (or foraging)","Feeding","CO",9,2022-03-12,"calendar",71,2022,NA,NA,"16046_Feeding (or foraging)_2022"
2803,39.971001,-105.397003,245,"Poecile","atricapillus","black-capped chickadee","Animalia",16047,294,"Singing individuals (birds)",2022,1,10,10,2459590,8,"16047_Singing individuals (birds)","Singing individuals","CO",13,2022-01-10,"calendar",10,2022,NA,NA,"16047_Singing individuals (birds)_2022"
2803,39.971001,-105.397003,245,"Poecile","atricapillus","black-capped chickadee","Animalia",16047,310,"Fruit/seed consumption",2022,1,10,10,2459590,8,"16047_Fruit/seed consumption","Feeding","CO",15,2022-01-10,"calendar",10,2022,NA,NA,"16047_Fruit/seed consumption_2022"
2803,39.971001,-105.397003,245,"Poecile","atricapillus","black-capped chickadee","Animalia",16047,542,"Feeding (or foraging)",2022,1,10,10,2459590,8,"16047_Feeding (or foraging)","Feeding","CO",9,2022-01-10,"calendar",10,2022,NA,NA,"16047_Feeding (or foraging)_2022"
2803,39.971001,-105.397003,354,"Selasphorus","platycercus","broad-tailed hummingbird","Animalia",16048,295,"Territorial individuals (birds)",2022,5,9,129,2459709,8,"16048_Territorial individuals (birds)","Territorial behavior","CO",9,2022-05-09,"calendar",129,2022,NA,NA,"16048_Territorial individuals (birds)_2022"
2803,39.971001,-105.397003,354,"Selasphorus","platycercus","broad-tailed hummingbird","Animalia",16048,312,"Flower visitation",2022,5,9,129,2459709,8,"16048_Flower visitation","Feeding","CO",15,2022-05-09,"calendar",129,2022,NA,NA,"16048_Flower visitation_2022"
2803,39.971001,-105.397003,354,"Selasphorus","platycercus","broad-tailed hummingbird","Animalia",16048,457,"Insect consumption",2022,5,12,132,2459712,3,"16048_Insect consumption","Feeding","CO",15,2022-05-12,"calendar",132,2022,NA,NA,"16048_Insect consumption_2022"
2803,39.971001,-105.397003,354,"Selasphorus","platycercus","broad-tailed hummingbird","Animalia",16048,542,"Feeding (or foraging)",2022,5,9,129,2459709,8,"16048_Feeding (or foraging)","Feeding","CO",9,2022-05-09,"calendar",129,2022,NA,NA,"16048_Feeding (or foraging)_2022"
2803,39.971001,-105.397003,362,"Junco","hyemalis","dark-eyed junco","Animalia",16213,294,"Singing individuals (birds)",2022,1,2,2,2459582,NA,"16213_Singing individuals (birds)","Singing individuals","CO",12,2022-01-02,"calendar",2,2022,NA,NA,"16213_Singing individuals (birds)_2022"
2803,39.971001,-105.397003,362,"Junco","hyemalis","dark-eyed junco","Animalia",16213,310,"Fruit/seed consumption",2022,1,2,2,2459582,NA,"16213_Fruit/seed consumption","Feeding","CO",15,2022-01-02,"calendar",2,2022,NA,NA,"16213_Fruit/seed consumption_2022"
2803,39.971001,-105.397003,362,"Junco","hyemalis","dark-eyed junco","Animalia",16213,457,"Insect consumption",2022,5,9,129,2459709,8,"16213_Insect consumption","Feeding","CO",9,2022-05-09,"calendar",129,2022,NA,NA,"16213_Insect consumption_2022"
2803,39.971001,-105.397003,362,"Junco","hyemalis","dark-eyed junco","Animalia",16213,542,"Feeding (or foraging)",2022,1,2,2,2459582,NA,"16213_Feeding (or foraging)","Feeding","CO",9,2022-01-02,"calendar",2,2022,NA,NA,"16213_Feeding (or foraging)_2022"
2803,39.971001,-105.397003,357,"Sialia","mexicana","western bluebird","Animalia",16214,294,"Singing individuals (birds)",2022,4,20,110,2459690,36,"16214_Singing individuals (birds)","Singing individuals","CO",10,2022-04-20,"calendar",110,2022,NA,NA,"16214_Singing individuals (birds)_2022"
2803,39.971001,-105.397003,357,"Sialia","mexicana","western bluebird","Animalia",16214,457,"Insect consumption",2022,4,20,110,2459690,36,"16214_Insect consumption","Feeding","CO",12,2022-04-20,"calendar",110,2022,NA,NA,"16214_Insect consumption_2022"
6481,42.456135,-72.344215,240,"Spinus","tristis","American goldfinch","Animalia",19034,310,"Fruit/seed consumption",2022,2,5,36,2459616,18,"19034_Fruit/seed consumption","Feeding","MA",10,2022-02-05,"calendar",36,2022,NA,NA,"19034_Fruit/seed consumption_2022"
6481,42.456135,-72.344215,240,"Spinus","tristis","American goldfinch","Animalia",19034,542,"Feeding (or foraging)",2022,2,5,36,2459616,18,"19034_Feeding (or foraging)","Feeding","MA",9,2022-02-05,"calendar",36,2022,NA,NA,"19034_Feeding (or foraging)_2022"
6481,42.456135,-72.344215,246,"Turdus","migratorius","American robin","Animalia",19035,294,"Singing individuals (birds)",2022,3,15,74,2459654,8,"19035_Singing individuals (birds)","Singing individuals","MA",9,2022-03-15,"calendar",74,2022,NA,NA,"19035_Singing individuals (birds)_2022"
6481,42.456135,-72.344215,246,"Turdus","migratorius","American robin","Animalia",19035,542,"Feeding (or foraging)",2022,2,18,49,2459629,2,"19035_Feeding (or foraging)","Feeding","MA",9,2022-02-18,"calendar",49,2022,NA,NA,"19035_Feeding (or foraging)_2022"
6481,42.456135,-72.344215,352,"Archilochus","colubris","ruby-throated hummingbird","Animalia",19040,312,"Flower visitation",2022,5,13,133,2459713,4,"19040_Flower visitation","Feeding","MA",9,2022-05-13,"calendar",133,2022,NA,NA,"19040_Flower visitation_2022"
8496,46.328629,-96.061256,246,"Turdus","migratorius","American robin","Animalia",25780,310,"Fruit/seed consumption",2022,3,27,86,2459666,NA,"25780_Fruit/seed consumption","Feeding","MN",12,2022-03-27,"calendar",86,2022,NA,NA,"25780_Fruit/seed consumption_2022"
8496,46.328629,-96.061256,245,"Poecile","atricapillus","black-capped chickadee","Animalia",25781,310,"Fruit/seed consumption",2022,3,27,86,2459666,NA,"25781_Fruit/seed consumption","Feeding","MN",14,2022-03-27,"calendar",86,2022,NA,NA,"25781_Fruit/seed consumption_2022"
8496,46.328629,-96.061256,245,"Poecile","atricapillus","black-capped chickadee","Animalia",25781,542,"Feeding (or foraging)",2022,3,27,86,2459666,NA,"25781_Feeding (or foraging)","Feeding","MN",9,2022-03-27,"calendar",86,2022,NA,NA,"25781_Feeding (or foraging)_2022"
8496,46.328629,-96.061256,352,"Archilochus","colubris","ruby-throated hummingbird","Animalia",25784,312,"Flower visitation",2022,5,25,145,2459725,13,"25784_Flower visitation","Feeding","MN",11,2022-05-25,"calendar",145,2022,NA,NA,"25784_Flower visitation_2022"
8496,46.328629,-96.061256,1104,"Hirundo","rustica","barn swallow","Animalia",25894,297,"Nest building (birds)",2022,5,25,145,2459725,13,"25894_Nest building (birds)","Nesting behavior","MN",12,2022-05-25,"calendar",145,2022,NA,NA,"25894_Nest building (birds)_2022"
8496,46.328629,-96.061256,1104,"Hirundo","rustica","barn swallow","Animalia",25894,542,"Feeding (or foraging)",2022,6,12,163,2459743,10,"25894_Feeding (or foraging)","Feeding","MN",9,2022-06-12,"calendar",163,2022,NA,NA,"25894_Feeding (or foraging)_2022"
8496,46.328629,-96.061256,1113,"Dryobates","pubescens","downy woodpecker","Animalia",25895,310,"Fruit/seed consumption",2022,3,27,86,2459666,NA,"25895_Fruit/seed consumption","Feeding","MN",14,2022-03-27,"calendar",86,2022,NA,NA,"25895_Fruit/seed consumption_2022"
8496,46.328629,-96.061256,1113,"Dryobates","pubescens","downy woodpecker","Animalia",25895,542,"Feeding (or foraging)",2022,3,27,86,2459666,NA,"25895_Feeding (or foraging)","Feeding","MN",9,2022-03-27,"calendar",86,2022,NA,NA,"25895_Feeding (or foraging)_2022"
8496,46.328629,-96.061256,355,"Troglodytes","aedon","house wren","Animalia",25897,294,"Singing individuals (birds)",2022,6,2,153,2459733,5,"25897_Singing individuals (birds)","Singing individuals","MN",10,2022-06-02,"calendar",153,2022,NA,NA,"25897_Singing individuals (birds)_2022"
8496,46.328629,-96.061256,355,"Troglodytes","aedon","house wren","Animalia",25897,298,"Occupied nest",2022,6,12,163,2459743,10,"25897_Occupied nest","Nesting behavior","MN",9,2022-06-12,"calendar",163,2022,NA,NA,"25897_Occupied nest_2022"
8496,46.328629,-96.061256,1090,"Cardinalis","cardinalis","northern cardinal","Animalia",25898,294,"Singing individuals (birds)",2022,3,27,86,2459666,NA,"25898_Singing individuals (birds)","Singing individuals","MN",13,2022-03-27,"calendar",86,2022,NA,NA,"25898_Singing individuals (birds)_2022"
8496,46.328629,-96.061256,1090,"Cardinalis","cardinalis","northern cardinal","Animalia",25898,310,"Fruit/seed consumption",2022,4,17,107,2459687,7,"25898_Fruit/seed consumption","Feeding","MN",13,2022-04-17,"calendar",107,2022,NA,NA,"25898_Fruit/seed consumption_2022"
8496,46.328629,-96.061256,1124,"Tachycineta","bicolor","tree swallow","Animalia",25899,297,"Nest building (birds)",2022,5,12,132,2459712,4,"25899_Nest building (birds)","Nesting behavior","MN",9,2022-05-12,"calendar",132,2022,NA,NA,"25899_Nest building (birds)_2022"
8715,43.522804,-70.802277,352,"Archilochus","colubris","ruby-throated hummingbird","Animalia",28193,542,"Feeding (or foraging)",2022,6,25,176,2459756,26,"28193_Feeding (or foraging)","Feeding","ME",9,2022-06-25,"calendar",176,2022,NA,NA,"28193_Feeding (or foraging)_2022"
8736,44.903229,-93.217445,240,"Spinus","tristis","American goldfinch","Animalia",28348,310,"Fruit/seed consumption",2022,1,1,1,2459581,NA,"28348_Fruit/seed consumption","Feeding","MN",11,2022-01-01,"calendar",1,2022,NA,NA,"28348_Fruit/seed consumption_2022"
8736,44.903229,-93.217445,245,"Poecile","atricapillus","black-capped chickadee","Animalia",28349,310,"Fruit/seed consumption",2022,1,1,1,2459581,NA,"28349_Fruit/seed consumption","Feeding","MN",11,2022-01-01,"calendar",1,2022,NA,NA,"28349_Fruit/seed consumption_2022"
8736,44.903229,-93.217445,1090,"Cardinalis","cardinalis","northern cardinal","Animalia",28354,310,"Fruit/seed consumption",2022,1,1,1,2459581,NA,"28354_Fruit/seed consumption","Feeding","MN",11,2022-01-01,"calendar",1,2022,NA,NA,"28354_Fruit/seed consumption_2022"
8736,44.903229,-93.217445,362,"Junco","hyemalis","dark-eyed junco","Animalia",29145,310,"Fruit/seed consumption",2022,1,1,1,2459581,NA,"29145_Fruit/seed consumption","Feeding","MN",11,2022-01-01,"calendar",1,2022,NA,NA,"29145_Fruit/seed consumption_2022"
8923,42.286381,-72.653831,356,"Sialia","sialis","eastern bluebird","Animalia",30029,294,"Singing individuals (birds)",2022,3,23,82,2459662,NA,"30029_Singing individuals (birds)","Singing individuals","MA",9,2022-03-23,"calendar",82,2022,NA,NA,"30029_Singing individuals (birds)_2022"
8923,42.286381,-72.653831,356,"Sialia","sialis","eastern bluebird","Animalia",30029,457,"Insect consumption",2022,3,23,82,2459662,NA,"30029_Insect consumption","Feeding","MA",10,2022-03-23,"calendar",82,2022,NA,NA,"30029_Insect consumption_2022"
8923,42.286381,-72.653831,362,"Junco","hyemalis","dark-eyed junco","Animalia",30033,310,"Fruit/seed consumption",2022,3,23,82,2459662,NA,"30033_Fruit/seed consumption","Feeding","MA",10,2022-03-23,"calendar",82,2022,NA,NA,"30033_Fruit/seed consumption_2022"
8496,46.328629,-96.061256,1096,"Cyanocitta","cristata","blue jay","Animalia",32294,310,"Fruit/seed consumption",2022,3,27,86,2459666,NA,"32294_Fruit/seed consumption","Feeding","MN",14,2022-03-27,"calendar",86,2022,NA,NA,"32294_Fruit/seed consumption_2022"
8496,46.328629,-96.061256,1096,"Cyanocitta","cristata","blue jay","Animalia",32294,542,"Feeding (or foraging)",2022,3,27,86,2459666,NA,"32294_Feeding (or foraging)","Feeding","MN",9,2022-03-27,"calendar",86,2022,NA,NA,"32294_Feeding (or foraging)_2022"
8496,46.328629,-96.061256,362,"Junco","hyemalis","dark-eyed junco","Animalia",32295,310,"Fruit/seed consumption",2022,3,27,86,2459666,NA,"32295_Fruit/seed consumption","Feeding","MN",13,2022-03-27,"calendar",86,2022,NA,NA,"32295_Fruit/seed consumption_2022"
8496,46.328629,-96.061256,1110,"Passer","domesticus","house sparrow","Animalia",32297,310,"Fruit/seed consumption",2022,3,27,86,2459666,NA,"32297_Fruit/seed consumption","Feeding","MN",14,2022-03-27,"calendar",86,2022,NA,NA,"32297_Fruit/seed consumption_2022"
8496,46.328629,-96.061256,1110,"Passer","domesticus","house sparrow","Animalia",32297,542,"Feeding (or foraging)",2022,3,27,86,2459666,NA,"32297_Feeding (or foraging)","Feeding","MN",9,2022-03-27,"calendar",86,2022,NA,NA,"32297_Feeding (or foraging)_2022"
6091,34.11578,-118.757507,376,"Sayornis","nigricans","black phoebe","Animalia",33829,457,"Insect consumption",2022,6,2,153,2459733,NA,"33829_Insect consumption","Feeding","CA",9,2022-06-02,"calendar",153,2022,NA,NA,"33829_Insect consumption_2022"
8496,46.328629,-96.061256,240,"Spinus","tristis","American goldfinch","Animalia",34922,310,"Fruit/seed consumption",2022,5,8,128,2459708,21,"34922_Fruit/seed consumption","Feeding","MN",12,2022-05-08,"calendar",128,2022,NA,NA,"34922_Fruit/seed consumption_2022"
10145,42.602543,-83.250992,240,"Spinus","tristis","American goldfinch","Animalia",38837,294,"Singing individuals (birds)",2022,4,25,115,2459695,1,"38837_Singing individuals (birds)","Singing individuals","MI",9,2022-04-25,"calendar",115,2022,NA,NA,"38837_Singing individuals (birds)_2022"
10145,42.602543,-83.250992,362,"Junco","hyemalis","dark-eyed junco","Animalia",38878,294,"Singing individuals (birds)",2022,3,23,82,2459662,1,"38878_Singing individuals (birds)","Singing individuals","MI",11,2022-03-23,"calendar",82,2022,NA,NA,"38878_Singing individuals (birds)_2022"
10145,42.602543,-83.250992,359,"Agelaius","phoeniceus","red-winged blackbird","Animalia",38946,294,"Singing individuals (birds)",2022,4,15,105,2459685,1,"38946_Singing individuals (birds)","Singing individuals","MI",11,2022-04-15,"calendar",105,2022,NA,NA,"38946_Singing individuals (birds)_2022"
9652,44.768246,-94.155746,246,"Turdus","migratorius","American robin","Animalia",40107,294,"Singing individuals (birds)",2022,3,1,60,2459640,14,"40107_Singing individuals (birds)","Singing individuals","MN",13,2022-03-01,"calendar",60,2022,NA,NA,"40107_Singing individuals (birds)_2022"
9652,44.768246,-94.155746,246,"Turdus","migratorius","American robin","Animalia",40107,295,"Territorial individuals (birds)",2022,2,3,34,2459614,3,"40107_Territorial individuals (birds)","Territorial behavior","MN",9,2022-02-03,"calendar",34,2022,NA,NA,"40107_Territorial individuals (birds)_2022"
9652,44.768246,-94.155746,246,"Turdus","migratorius","American robin","Animalia",40107,297,"Nest building (birds)",2022,5,5,125,2459705,1,"40107_Nest building (birds)","Nesting behavior","MN",11,2022-05-05,"calendar",125,2022,NA,NA,"40107_Nest building (birds)_2022"
9652,44.768246,-94.155746,246,"Turdus","migratorius","American robin","Animalia",40107,308,"Fledged young (altricial birds)",2022,6,24,175,2459755,1,"40107_Fledged young (altricial birds)","Young observed","MN",9,2022-06-24,"calendar",175,2022,NA,NA,"40107_Fledged young (altricial birds)_2022"
9652,44.768246,-94.155746,246,"Turdus","migratorius","American robin","Animalia",40107,310,"Fruit/seed consumption",2022,1,18,18,2459598,NA,"40107_Fruit/seed consumption","Feeding","MN",13,2022-01-18,"calendar",18,2022,NA,NA,"40107_Fruit/seed consumption_2022"
9652,44.768246,-94.155746,246,"Turdus","migratorius","American robin","Animalia",40107,457,"Insect consumption",2022,4,19,109,2459689,12,"40107_Insect consumption","Feeding","MN",13,2022-04-19,"calendar",109,2022,NA,NA,"40107_Insect consumption_2022"
9652,44.768246,-94.155746,246,"Turdus","migratorius","American robin","Animalia",40107,542,"Feeding (or foraging)",2022,1,18,18,2459598,NA,"40107_Feeding (or foraging)","Feeding","MN",9,2022-01-18,"calendar",18,2022,NA,NA,"40107_Feeding (or foraging)_2022"
9652,44.768246,-94.155746,240,"Spinus","tristis","American goldfinch","Animalia",40108,310,"Fruit/seed consumption",2022,9,4,247,2459827,45,"40108_Fruit/seed consumption","Feeding","MN",9,2022-09-04,"calendar",247,2022,NA,NA,"40108_Fruit/seed consumption_2022"
9652,44.768246,-94.155746,240,"Spinus","tristis","American goldfinch","Animalia",40108,542,"Feeding (or foraging)",2022,9,4,247,2459827,45,"40108_Feeding (or foraging)","Feeding","MN",9,2022-09-04,"calendar",247,2022,NA,NA,"40108_Feeding (or foraging)_2022"
9652,44.768246,-94.155746,375,"Zenaida","macroura","mourning dove","Animalia",40109,294,"Singing individuals (birds)",2022,4,19,109,2459689,NA,"40109_Singing individuals (birds)","Singing individuals","MN",11,2022-04-19,"calendar",109,2022,NA,NA,"40109_Singing individuals (birds)_2022"
10717,38.285664,-111.246605,246,"Turdus","migratorius","American robin","Animalia",42593,294,"Singing individuals (birds)",2022,3,4,63,2459643,33,"42593_Singing individuals (birds)","Singing individuals","UT",9,2022-03-04,"calendar",63,2022,NA,NA,"42593_Singing individuals (birds)_2022"
1419,42.011166,-88.503304,1117,"Sayornis","phoebe","eastern phoebe","Animalia",44642,457,"Insect consumption",2022,6,7,158,2459738,11,"44642_Insect consumption","Feeding","IL",9,2022-06-07,"calendar",158,2022,NA,NA,"44642_Insect consumption_2022"
11313,44.201355,-92.646301,1090,"Cardinalis","cardinalis","northern cardinal","Animalia",46661,294,"Singing individuals (birds)",2022,4,8,98,2459678,NA,"46661_Singing individuals (birds)","Singing individuals","MN",10,2022-04-08,"calendar",98,2022,NA,NA,"46661_Singing individuals (birds)_2022"
11598,43.073357,-71.150681,243,"Gavia","immer","common loon","Animalia",48357,298,"Occupied nest",2022,6,11,162,2459742,28,"48357_Occupied nest","Nesting behavior","NH",9,2022-06-11,"calendar",162,2022,NA,NA,"48357_Occupied nest_2022"
11598,43.073357,-71.150681,243,"Gavia","immer","common loon","Animalia",48357,542,"Feeding (or foraging)",2022,4,18,108,2459688,NA,"48357_Feeding (or foraging)","Feeding","NH",9,2022-04-18,"calendar",108,2022,NA,NA,"48357_Feeding (or foraging)_2022"
6102,32.23188,-110.951012,1110,"Passer","domesticus","house sparrow","Animalia",49643,294,"Singing individuals (birds)",2022,3,19,78,2459658,38,"49643_Singing individuals (birds)","Singing individuals","AZ",10,2022-03-19,"calendar",78,2022,NA,NA,"49643_Singing individuals (birds)_2022"
6102,32.23188,-110.951012,1110,"Passer","domesticus","house sparrow","Animalia",49643,310,"Fruit/seed consumption",2022,3,19,78,2459658,38,"49643_Fruit/seed consumption","Feeding","AZ",10,2022-03-19,"calendar",78,2022,NA,NA,"49643_Fruit/seed consumption_2022"
12064,32.248463,-110.909584,1088,"Calypte","anna","Anna's hummingbird","Animalia",50759,312,"Flower visitation",2022,3,19,78,2459658,1,"50759_Flower visitation","Feeding","AZ",9,2022-03-19,"calendar",78,2022,NA,NA,"50759_Flower visitation_2022"
12064,32.248463,-110.909584,1088,"Calypte","anna","Anna's hummingbird","Animalia",50759,542,"Feeding (or foraging)",2022,3,19,78,2459658,1,"50759_Feeding (or foraging)","Feeding","AZ",9,2022-03-19,"calendar",78,2022,NA,NA,"50759_Feeding (or foraging)_2022"
16295,27.929228,-82.725639,1108,"Mimus","polyglottos","northern mockingbird","Animalia",60950,294,"Singing individuals (birds)",2022,2,26,57,2459637,14,"60950_Singing individuals (birds)","Singing individuals","FL",9,2022-02-26,"calendar",57,2022,NA,NA,"60950_Singing individuals (birds)_2022"
5428,48.033489,-122.598724,1088,"Calypte","anna","Anna's hummingbird","Animalia",60981,312,"Flower visitation",2022,4,10,100,2459680,20,"60981_Flower visitation","Feeding","WA",10,2022-04-10,"calendar",100,2022,NA,NA,"60981_Flower visitation_2022"
5428,48.033489,-122.598724,1119,"Selasphorus","rufus","rufous hummingbird","Animalia",60984,542,"Feeding (or foraging)",2022,3,21,80,2459660,65,"60984_Feeding (or foraging)","Feeding","WA",9,2022-03-21,"calendar",80,2022,NA,NA,"60984_Feeding (or foraging)_2022"
10145,42.602543,-83.250992,1224,"Branta","canadensis","Canada goose","Animalia",64229,541,"Fledged young (precocial birds)",2022,6,15,166,2459746,1,"64229_Fledged young (precocial birds)","Young observed","MI",9,2022-06-15,"calendar",166,2022,NA,NA,"64229_Fledged young (precocial birds)_2022"
17414,42.936153,-73.433449,1124,"Tachycineta","bicolor","tree swallow","Animalia",66940,297,"Nest building (birds)",2022,5,5,125,2459705,4,"66940_Nest building (birds)","Nesting behavior","NY",9,2022-05-05,"calendar",125,2022,NA,NA,"66940_Nest building (birds)_2022"
17414,42.936153,-73.433449,1124,"Tachycineta","bicolor","tree swallow","Animalia",66940,298,"Occupied nest",2022,5,23,143,2459723,7,"66940_Occupied nest","Nesting behavior","NY",9,2022-05-23,"calendar",143,2022,NA,NA,"66940_Occupied nest_2022"
17414,42.936153,-73.433449,1124,"Tachycineta","bicolor","tree swallow","Animalia",66940,457,"Insect consumption",2022,4,13,103,2459683,3,"66940_Insect consumption","Feeding","NY",9,2022-04-13,"calendar",103,2022,NA,NA,"66940_Insect consumption_2022"
17414,42.936153,-73.433449,1124,"Tachycineta","bicolor","tree swallow","Animalia",66940,542,"Feeding (or foraging)",2022,4,13,103,2459683,3,"66940_Feeding (or foraging)","Feeding","NY",9,2022-04-13,"calendar",103,2022,NA,NA,"66940_Feeding (or foraging)_2022"
17707,37.360123,-122.128151,362,"Junco","hyemalis","dark-eyed junco","Animalia",68613,294,"Singing individuals (birds)",2022,1,18,18,2459598,NA,"68613_Singing individuals (birds)","Singing individuals","CA",11,2022-01-18,"calendar",18,2022,NA,NA,"68613_Singing individuals (birds)_2022"
9652,44.768246,-94.155746,1090,"Cardinalis","cardinalis","northern cardinal","Animalia",69510,294,"Singing individuals (birds)",2022,3,16,75,2459655,29,"69510_Singing individuals (birds)","Singing individuals","MN",11,2022-03-16,"calendar",75,2022,NA,NA,"69510_Singing individuals (birds)_2022"
9652,44.768246,-94.155746,1090,"Cardinalis","cardinalis","northern cardinal","Animalia",69510,310,"Fruit/seed consumption",2022,1,1,1,2459581,NA,"69510_Fruit/seed consumption","Feeding","MN",10,2022-01-01,"calendar",1,2022,NA,NA,"69510_Fruit/seed consumption_2022"
9652,44.768246,-94.155746,1090,"Cardinalis","cardinalis","northern cardinal","Animalia",69510,542,"Feeding (or foraging)",2022,1,1,1,2459581,NA,"69510_Feeding (or foraging)","Feeding","MN",9,2022-01-01,"calendar",1,2022,NA,NA,"69510_Feeding (or foraging)_2022"
12725,37.360928,-122.130836,1088,"Calypte","anna","Anna's hummingbird","Animalia",71544,294,"Singing individuals (birds)",2022,1,20,20,2459600,2,"71544_Singing individuals (birds)","Singing individuals","CA",9,2022-01-20,"calendar",20,2022,NA,NA,"71544_Singing individuals (birds)_2022"
12725,37.360928,-122.130836,1088,"Calypte","anna","Anna's hummingbird","Animalia",71544,312,"Flower visitation",2022,1,13,13,2459593,2,"71544_Flower visitation","Feeding","CA",9,2022-01-13,"calendar",13,2022,NA,NA,"71544_Flower visitation_2022"
6099,34.119007,-118.760071,1229,"Melanerpes","formicivorus","acorn woodpecker","Animalia",72367,457,"Insect consumption",2022,1,20,20,2459600,6,"72367_Insect consumption","Feeding","CA",11,2022-01-20,"calendar",20,2022,NA,NA,"72367_Insect consumption_2022"
6091,34.11578,-118.757507,1229,"Melanerpes","formicivorus","acorn woodpecker","Animalia",72369,542,"Feeding (or foraging)",2022,6,16,167,2459747,7,"72369_Feeding (or foraging)","Feeding","CA",9,2022-06-16,"calendar",167,2022,NA,NA,"72369_Feeding (or foraging)_2022"
18529,33.630066,-112.147385,1088,"Calypte","anna","Anna's hummingbird","Animalia",73449,312,"Flower visitation",2022,3,16,75,2459655,NA,"73449_Flower visitation","Feeding","AZ",10,2022-03-16,"calendar",75,2022,NA,NA,"73449_Flower visitation_2022"
18529,33.630066,-112.147385,1088,"Calypte","anna","Anna's hummingbird","Animalia",73449,457,"Insect consumption",2022,3,16,75,2459655,NA,"73449_Insect consumption","Feeding","AZ",10,2022-03-16,"calendar",75,2022,NA,NA,"73449_Insect consumption_2022"
18529,33.630066,-112.147385,740,"Toxostoma","curvirostre","curve-billed thrasher","Animalia",75309,457,"Insect consumption",2022,3,16,75,2459655,NA,"75309_Insect consumption","Feeding","AZ",10,2022-03-16,"calendar",75,2022,NA,NA,"75309_Insect consumption_2022"
9341,35.639874,-83.687721,377,"Vireo","olivaceus","red-eyed vireo","Animalia",75374,294,"Singing individuals (birds)",2022,4,11,101,2459681,6,"75374_Singing individuals (birds)","Singing individuals","TN",9,2022-04-11,"calendar",101,2022,NA,NA,"75374_Singing individuals (birds)_2022"
9341,35.639874,-83.687721,1098,"Setophaga","virens","black-throated green warbler","Animalia",75375,294,"Singing individuals (birds)",2022,4,27,117,2459697,8,"75375_Singing individuals (birds)","Singing individuals","TN",9,2022-04-27,"calendar",117,2022,NA,NA,"75375_Singing individuals (birds)_2022"
19944,33.66478,-117.843063,1088,"Calypte","anna","Anna's hummingbird","Animalia",81455,294,"Singing individuals (birds)",2022,1,1,1,2459581,NA,"81455_Singing individuals (birds)","Singing individuals","CA",11,2022-01-01,"calendar",1,2022,NA,NA,"81455_Singing individuals (birds)_2022"
19944,33.66478,-117.843063,1088,"Calypte","anna","Anna's hummingbird","Animalia",81455,295,"Territorial individuals (birds)",2022,1,8,8,2459588,NA,"81455_Territorial individuals (birds)","Territorial behavior","CA",9,2022-01-08,"calendar",8,2022,NA,NA,"81455_Territorial individuals (birds)_2022"
19944,33.66478,-117.843063,1088,"Calypte","anna","Anna's hummingbird","Animalia",81455,312,"Flower visitation",2022,1,8,8,2459588,7,"81455_Flower visitation","Feeding","CA",11,2022-01-08,"calendar",8,2022,NA,NA,"81455_Flower visitation_2022"
19944,33.66478,-117.843063,1088,"Calypte","anna","Anna's hummingbird","Animalia",81455,457,"Insect consumption",2022,1,8,8,2459588,7,"81455_Insect consumption","Feeding","CA",11,2022-01-08,"calendar",8,2022,NA,NA,"81455_Insect consumption_2022"
19944,33.66478,-117.843063,1088,"Calypte","anna","Anna's hummingbird","Animalia",81455,542,"Feeding (or foraging)",2022,1,8,8,2459588,7,"81455_Feeding (or foraging)","Feeding","CA",9,2022-01-08,"calendar",8,2022,NA,NA,"81455_Feeding (or foraging)_2022"
19944,33.66478,-117.843063,376,"Sayornis","nigricans","black phoebe","Animalia",81456,294,"Singing individuals (birds)",2022,1,1,1,2459581,NA,"81456_Singing individuals (birds)","Singing individuals","CA",11,2022-01-01,"calendar",1,2022,NA,NA,"81456_Singing individuals (birds)_2022"
19944,33.66478,-117.843063,376,"Sayornis","nigricans","black phoebe","Animalia",81456,295,"Territorial individuals (birds)",2022,2,12,43,2459623,6,"81456_Territorial individuals (birds)","Territorial behavior","CA",9,2022-02-12,"calendar",43,2022,NA,NA,"81456_Territorial individuals (birds)_2022"
19944,33.66478,-117.843063,376,"Sayornis","nigricans","black phoebe","Animalia",81456,457,"Insect consumption",2022,1,1,1,2459581,NA,"81456_Insect consumption","Feeding","CA",11,2022-01-01,"calendar",1,2022,NA,NA,"81456_Insect consumption_2022"
19944,33.66478,-117.843063,376,"Sayornis","nigricans","black phoebe","Animalia",81456,542,"Feeding (or foraging)",2022,1,1,1,2459581,NA,"81456_Feeding (or foraging)","Feeding","CA",9,2022-01-01,"calendar",1,2022,NA,NA,"81456_Feeding (or foraging)_2022"
19944,33.66478,-117.843063,242,"Petrochelidon","pyrrhonota","cliff swallow","Animalia",81457,294,"Singing individuals (birds)",2022,3,18,77,2459657,3,"81457_Singing individuals (birds)","Singing individuals","CA",10,2022-03-18,"calendar",77,2022,NA,NA,"81457_Singing individuals (birds)_2022"
19944,33.66478,-117.843063,242,"Petrochelidon","pyrrhonota","cliff swallow","Animalia",81457,297,"Nest building (birds)",2022,4,7,97,2459677,4,"81457_Nest building (birds)","Nesting behavior","CA",10,2022-04-07,"calendar",97,2022,NA,NA,"81457_Nest building (birds)_2022"
19944,33.66478,-117.843063,242,"Petrochelidon","pyrrhonota","cliff swallow","Animalia",81457,298,"Occupied nest",2022,4,13,103,2459683,6,"81457_Occupied nest","Nesting behavior","CA",9,2022-04-13,"calendar",103,2022,NA,NA,"81457_Occupied nest_2022"
19944,33.66478,-117.843063,242,"Petrochelidon","pyrrhonota","cliff swallow","Animalia",81457,542,"Feeding (or foraging)",2022,2,25,56,2459636,7,"81457_Feeding (or foraging)","Feeding","CA",9,2022-02-25,"calendar",56,2022,NA,NA,"81457_Feeding (or foraging)_2022"
19944,33.66478,-117.843063,1197,"Geothlypis","trichas","common yellowthroat","Animalia",81458,294,"Singing individuals (birds)",2022,1,29,29,2459609,8,"81458_Singing individuals (birds)","Singing individuals","CA",11,2022-01-29,"calendar",29,2022,NA,NA,"81458_Singing individuals (birds)_2022"
19944,33.66478,-117.843063,1197,"Geothlypis","trichas","common yellowthroat","Animalia",81458,295,"Territorial individuals (birds)",2022,1,29,29,2459609,8,"81458_Territorial individuals (birds)","Territorial behavior","CA",9,2022-01-29,"calendar",29,2022,NA,NA,"81458_Territorial individuals (birds)_2022"
19944,33.66478,-117.843063,1197,"Geothlypis","trichas","common yellowthroat","Animalia",81458,542,"Feeding (or foraging)",2022,1,1,1,2459581,NA,"81458_Feeding (or foraging)","Feeding","CA",9,2022-01-01,"calendar",1,2022,NA,NA,"81458_Feeding (or foraging)_2022"
19944,33.66478,-117.843063,370,"Ardea","herodias","great blue heron","Animalia",81459,542,"Feeding (or foraging)",2022,3,18,77,2459657,3,"81459_Feeding (or foraging)","Feeding","CA",9,2022-03-18,"calendar",77,2022,NA,NA,"81459_Feeding (or foraging)_2022"
19944,33.66478,-117.843063,244,"Charadrius","vociferus","killdeer","Animalia",81460,295,"Territorial individuals (birds)",2022,2,12,43,2459623,6,"81460_Territorial individuals (birds)","Territorial behavior","CA",9,2022-02-12,"calendar",43,2022,NA,NA,"81460_Territorial individuals (birds)_2022"
19944,33.66478,-117.843063,244,"Charadrius","vociferus","killdeer","Animalia",81460,542,"Feeding (or foraging)",2022,2,6,37,2459617,2,"81460_Feeding (or foraging)","Feeding","CA",9,2022-02-06,"calendar",37,2022,NA,NA,"81460_Feeding (or foraging)_2022"
19944,33.66478,-117.843063,248,"Pandion","haliaetus","osprey","Animalia",81461,297,"Nest building (birds)",2022,1,18,18,2459598,5,"81461_Nest building (birds)","Nesting behavior","CA",9,2022-01-18,"calendar",18,2022,NA,NA,"81461_Nest building (birds)_2022"
19944,33.66478,-117.843063,248,"Pandion","haliaetus","osprey","Animalia",81461,298,"Occupied nest",2022,1,18,18,2459598,5,"81461_Occupied nest","Nesting behavior","CA",9,2022-01-18,"calendar",18,2022,NA,NA,"81461_Occupied nest_2022"
19944,33.66478,-117.843063,248,"Pandion","haliaetus","osprey","Animalia",81461,542,"Feeding (or foraging)",2022,2,4,35,2459615,5,"81461_Feeding (or foraging)","Feeding","CA",9,2022-02-04,"calendar",35,2022,NA,NA,"81461_Feeding (or foraging)_2022"
19944,33.66478,-117.843063,373,"Actitis","macularius","spotted sandpiper","Animalia",81462,542,"Feeding (or foraging)",2022,1,30,30,2459610,1,"81462_Feeding (or foraging)","Feeding","CA",9,2022-01-30,"calendar",30,2022,NA,NA,"81462_Feeding (or foraging)_2022"
17414,42.936153,-73.433449,1197,"Geothlypis","trichas","common yellowthroat","Animalia",86970,294,"Singing individuals (birds)",2022,5,15,135,2459715,4,"86970_Singing individuals (birds)","Singing individuals","NY",11,2022-05-15,"calendar",135,2022,NA,NA,"86970_Singing individuals (birds)_2022"
20765,33.632149,-117.55545,1229,"Melanerpes","formicivorus","acorn woodpecker","Animalia",88470,311,"Nut gathering",2022,11,20,324,2459904,6,"88470_Nut gathering","Feeding","CA",9,2022-11-20,"calendar",324,2022,NA,NA,"88470_Nut gathering_2022"
20765,33.632149,-117.55545,1088,"Calypte","anna","Anna's hummingbird","Animalia",88471,294,"Singing individuals (birds)",2022,4,10,100,2459680,NA,"88471_Singing individuals (birds)","Singing individuals","CA",10,2022-04-10,"calendar",100,2022,NA,NA,"88471_Singing individuals (birds)_2022"
20765,33.632149,-117.55545,1088,"Calypte","anna","Anna's hummingbird","Animalia",88471,312,"Flower visitation",2022,5,15,135,2459715,4,"88471_Flower visitation","Feeding","CA",10,2022-05-15,"calendar",135,2022,NA,NA,"88471_Flower visitation_2022"
20765,33.632149,-117.55545,376,"Sayornis","nigricans","black phoebe","Animalia",88472,457,"Insect consumption",2022,6,19,170,2459750,4,"88472_Insect consumption","Feeding","CA",9,2022-06-19,"calendar",170,2022,NA,NA,"88472_Insect consumption_2022"
20765,33.632149,-117.55545,355,"Troglodytes","aedon","house wren","Animalia",88474,294,"Singing individuals (birds)",2022,4,10,100,2459680,NA,"88474_Singing individuals (birds)","Singing individuals","CA",10,2022-04-10,"calendar",100,2022,NA,NA,"88474_Singing individuals (birds)_2022"
20765,33.632149,-117.55545,1380,"Melospiza","melodia","song sparrow","Animalia",88475,294,"Singing individuals (birds)",2022,5,11,131,2459711,30,"88475_Singing individuals (birds)","Singing individuals","CA",11,2022-05-11,"calendar",131,2022,NA,NA,"88475_Singing individuals (birds)_2022"
20765,33.632149,-117.55545,1091,"Spinus","psaltria","lesser goldfinch","Animalia",88478,294,"Singing individuals (birds)",2022,4,11,101,2459681,1,"88478_Singing individuals (birds)","Singing individuals","CA",9,2022-04-11,"calendar",101,2022,NA,NA,"88478_Singing individuals (birds)_2022"
20956,33.632149,-117.55545,1378,"Chamaea","fasciata","wrentit","Animalia",90118,294,"Singing individuals (birds)",2022,4,2,92,2459672,NA,"90118_Singing individuals (birds)","Singing individuals","CA",11,2022-04-02,"calendar",92,2022,NA,NA,"90118_Singing individuals (birds)_2022"
22740,38.525036,-121.970711,362,"Junco","hyemalis","dark-eyed junco","Animalia",102228,310,"Fruit/seed consumption",2022,1,13,13,2459593,NA,"102228_Fruit/seed consumption","Feeding","CA",9,2022-01-13,"calendar",13,2022,NA,NA,"102228_Fruit/seed consumption_2022"
22740,38.525036,-121.970711,741,"Regulus","calendula","ruby-crowned kinglet","Animalia",102229,457,"Insect consumption",2022,1,13,13,2459593,NA,"102229_Insect consumption","Feeding","CA",9,2022-01-13,"calendar",13,2022,NA,NA,"102229_Insect consumption_2022"
22740,38.525036,-121.970711,357,"Sialia","mexicana","western bluebird","Animalia",102231,457,"Insect consumption",2022,3,10,69,2459649,12,"102231_Insect consumption","Feeding","CA",9,2022-03-10,"calendar",69,2022,NA,NA,"102231_Insect consumption_2022"
22740,38.525036,-121.970711,1097,"Setophaga","coronata","yellow-rumped warbler","Animalia",102234,457,"Insect consumption",2022,2,26,57,2459637,16,"102234_Insect consumption","Feeding","CA",9,2022-02-26,"calendar",57,2022,NA,NA,"102234_Insect consumption_2022"
20956,33.632149,-117.55545,1418,"Toxostoma","redivivum","California thrasher","Animalia",102436,294,"Singing individuals (birds)",2022,4,2,92,2459672,NA,"102436_Singing individuals (birds)","Singing individuals","CA",11,2022-04-02,"calendar",92,2022,NA,NA,"102436_Singing individuals (birds)_2022"
22858,38.09404,-122.37149,1380,"Melospiza","melodia","song sparrow","Animalia",103159,294,"Singing individuals (birds)",2022,1,10,10,2459590,7,"103159_Singing individuals (birds)","Singing individuals","CA",10,2022-01-10,"calendar",10,2022,NA,NA,"103159_Singing individuals (birds)_2022"
22858,38.09404,-122.37149,1380,"Melospiza","melodia","song sparrow","Animalia",103159,310,"Fruit/seed consumption",2022,1,3,3,2459583,NA,"103159_Fruit/seed consumption","Feeding","CA",9,2022-01-03,"calendar",3,2022,NA,NA,"103159_Fruit/seed consumption_2022"
22858,38.09404,-122.37149,1380,"Melospiza","melodia","song sparrow","Animalia",103159,542,"Feeding (or foraging)",2022,1,3,3,2459583,NA,"103159_Feeding (or foraging)","Feeding","CA",9,2022-01-03,"calendar",3,2022,NA,NA,"103159_Feeding (or foraging)_2022"
22858,38.09404,-122.37149,1124,"Tachycineta","bicolor","tree swallow","Animalia",103160,542,"Feeding (or foraging)",2022,1,24,24,2459604,7,"103160_Feeding (or foraging)","Feeding","CA",9,2022-01-24,"calendar",24,2022,NA,NA,"103160_Feeding (or foraging)_2022"
22858,38.09404,-122.37149,357,"Sialia","mexicana","western bluebird","Animalia",103161,457,"Insect consumption",2022,1,31,31,2459611,7,"103161_Insect consumption","Feeding","CA",9,2022-01-31,"calendar",31,2022,NA,NA,"103161_Insect consumption_2022"
22858,38.09404,-122.37149,357,"Sialia","mexicana","western bluebird","Animalia",103161,542,"Feeding (or foraging)",2022,1,31,31,2459611,7,"103161_Feeding (or foraging)","Feeding","CA",9,2022-01-31,"calendar",31,2022,NA,NA,"103161_Feeding (or foraging)_2022"
17414,42.936153,-73.433449,352,"Archilochus","colubris","ruby-throated hummingbird","Animalia",103211,542,"Feeding (or foraging)",2022,5,5,125,2459705,4,"103211_Feeding (or foraging)","Feeding","NY",9,2022-05-05,"calendar",125,2022,NA,NA,"103211_Feeding (or foraging)_2022"
22858,38.09404,-122.37149,1375,"Anas","platyrhynchos","mallard","Animalia",114733,542,"Feeding (or foraging)",2022,1,10,10,2459590,7,"114733_Feeding (or foraging)","Feeding","CA",9,2022-01-10,"calendar",10,2022,NA,NA,"114733_Feeding (or foraging)_2022"
22858,38.09404,-122.37149,359,"Agelaius","phoeniceus","red-winged blackbird","Animalia",114734,294,"Singing individuals (birds)",2022,1,24,24,2459604,7,"114734_Singing individuals (birds)","Singing individuals","CA",9,2022-01-24,"calendar",24,2022,NA,NA,"114734_Singing individuals (birds)_2022"
22858,38.09404,-122.37149,359,"Agelaius","phoeniceus","red-winged blackbird","Animalia",114734,310,"Fruit/seed consumption",2022,1,24,24,2459604,7,"114734_Fruit/seed consumption","Feeding","CA",9,2022-01-24,"calendar",24,2022,NA,NA,"114734_Fruit/seed consumption_2022"
22858,38.09404,-122.37149,359,"Agelaius","phoeniceus","red-winged blackbird","Animalia",114734,542,"Feeding (or foraging)",2022,1,24,24,2459604,7,"114734_Feeding (or foraging)","Feeding","CA",9,2022-01-24,"calendar",24,2022,NA,NA,"114734_Feeding (or foraging)_2022"
22858,38.09404,-122.37149,1088,"Calypte","anna","Anna's hummingbird","Animalia",114826,295,"Territorial individuals (birds)",2022,5,23,143,2459723,7,"114826_Territorial individuals (birds)","Territorial behavior","CA",9,2022-05-23,"calendar",143,2022,NA,NA,"114826_Territorial individuals (birds)_2022"
22858,38.09404,-122.37149,1088,"Calypte","anna","Anna's hummingbird","Animalia",114826,542,"Feeding (or foraging)",2022,1,3,3,2459583,NA,"114826_Feeding (or foraging)","Feeding","CA",9,2022-01-03,"calendar",3,2022,NA,NA,"114826_Feeding (or foraging)_2022"
2803,39.971001,-105.397003,1232,"Pica","hudsonia","black-billed magpie","Animalia",122046,310,"Fruit/seed consumption",2022,1,2,2,2459582,NA,"122046_Fruit/seed consumption","Feeding","CO",9,2022-01-02,"calendar",2,2022,NA,NA,"122046_Fruit/seed consumption_2022"
2803,39.971001,-105.397003,1232,"Pica","hudsonia","black-billed magpie","Animalia",122046,457,"Insect consumption",2022,5,1,121,2459701,11,"122046_Insect consumption","Feeding","CO",9,2022-05-01,"calendar",121,2022,NA,NA,"122046_Insect consumption_2022"
2803,39.971001,-105.397003,1232,"Pica","hudsonia","black-billed magpie","Animalia",122046,542,"Feeding (or foraging)",2022,1,2,2,2459582,NA,"122046_Feeding (or foraging)","Feeding","CO",9,2022-01-02,"calendar",2,2022,NA,NA,"122046_Feeding (or foraging)_2022"
2803,39.971001,-105.397003,1113,"Dryobates","pubescens","downy woodpecker","Animalia",122049,310,"Fruit/seed consumption",2022,1,2,2,2459582,NA,"122049_Fruit/seed consumption","Feeding","CO",9,2022-01-02,"calendar",2,2022,NA,NA,"122049_Fruit/seed consumption_2022"
2803,39.971001,-105.397003,1113,"Dryobates","pubescens","downy woodpecker","Animalia",122049,542,"Feeding (or foraging)",2022,1,2,2,2459582,NA,"122049_Feeding (or foraging)","Feeding","CO",9,2022-01-02,"calendar",2,2022,NA,NA,"122049_Feeding (or foraging)_2022"
2803,39.971001,-105.397003,1411,"Poecile","gambeli","mountain chickadee","Animalia",122050,294,"Singing individuals (birds)",2022,1,2,2,2459582,NA,"122050_Singing individuals (birds)","Singing individuals","CO",9,2022-01-02,"calendar",2,2022,NA,NA,"122050_Singing individuals (birds)_2022"
2803,39.971001,-105.397003,1411,"Poecile","gambeli","mountain chickadee","Animalia",122050,310,"Fruit/seed consumption",2022,1,10,10,2459590,8,"122050_Fruit/seed consumption","Feeding","CO",9,2022-01-10,"calendar",10,2022,NA,NA,"122050_Fruit/seed consumption_2022"
2803,39.971001,-105.397003,1411,"Poecile","gambeli","mountain chickadee","Animalia",122050,542,"Feeding (or foraging)",2022,1,10,10,2459590,8,"122050_Feeding (or foraging)","Feeding","CO",9,2022-01-10,"calendar",10,2022,NA,NA,"122050_Feeding (or foraging)_2022"
2803,39.971001,-105.397003,359,"Agelaius","phoeniceus","red-winged blackbird","Animalia",122051,294,"Singing individuals (birds)",2022,3,12,71,2459651,5,"122051_Singing individuals (birds)","Singing individuals","CO",9,2022-03-12,"calendar",71,2022,NA,NA,"122051_Singing individuals (birds)_2022"
2803,39.971001,-105.397003,359,"Agelaius","phoeniceus","red-winged blackbird","Animalia",122051,310,"Fruit/seed consumption",2022,3,12,71,2459651,5,"122051_Fruit/seed consumption","Feeding","CO",9,2022-03-12,"calendar",71,2022,NA,NA,"122051_Fruit/seed consumption_2022"
2803,39.971001,-105.397003,359,"Agelaius","phoeniceus","red-winged blackbird","Animalia",122051,542,"Feeding (or foraging)",2022,3,12,71,2459651,5,"122051_Feeding (or foraging)","Feeding","CO",9,2022-03-12,"calendar",71,2022,NA,NA,"122051_Feeding (or foraging)_2022"
2803,39.971001,-105.397003,1398,"Cyanocitta","stelleri","Steller's jay","Animalia",122052,310,"Fruit/seed consumption",2022,1,2,2,2459582,NA,"122052_Fruit/seed consumption","Feeding","CO",9,2022-01-02,"calendar",2,2022,NA,NA,"122052_Fruit/seed consumption_2022"
2803,39.971001,-105.397003,1398,"Cyanocitta","stelleri","Steller's jay","Animalia",122052,457,"Insect consumption",2022,5,1,121,2459701,11,"122052_Insect consumption","Feeding","CO",9,2022-05-01,"calendar",121,2022,NA,NA,"122052_Insect consumption_2022"
2803,39.971001,-105.397003,1398,"Cyanocitta","stelleri","Steller's jay","Animalia",122052,542,"Feeding (or foraging)",2022,1,2,2,2459582,NA,"122052_Feeding (or foraging)","Feeding","CO",9,2022-01-02,"calendar",2,2022,NA,NA,"122052_Feeding (or foraging)_2022"
2803,39.971001,-105.397003,1415,"Sitta","carolinensis","white-breasted nuthatch","Animalia",122053,294,"Singing individuals (birds)",2022,1,10,10,2459590,8,"122053_Singing individuals (birds)","Singing individuals","CO",9,2022-01-10,"calendar",10,2022,NA,NA,"122053_Singing individuals (birds)_2022"
2803,39.971001,-105.397003,1415,"Sitta","carolinensis","white-breasted nuthatch","Animalia",122053,310,"Fruit/seed consumption",2022,1,10,10,2459590,8,"122053_Fruit/seed consumption","Feeding","CO",9,2022-01-10,"calendar",10,2022,NA,NA,"122053_Fruit/seed consumption_2022"
2803,39.971001,-105.397003,1415,"Sitta","carolinensis","white-breasted nuthatch","Animalia",122053,457,"Insect consumption",2022,5,9,129,2459709,8,"122053_Insect consumption","Feeding","CO",9,2022-05-09,"calendar",129,2022,NA,NA,"122053_Insect consumption_2022"
2803,39.971001,-105.397003,1415,"Sitta","carolinensis","white-breasted nuthatch","Animalia",122053,542,"Feeding (or foraging)",2022,1,10,10,2459590,8,"122053_Feeding (or foraging)","Feeding","CO",9,2022-01-10,"calendar",10,2022,NA,NA,"122053_Feeding (or foraging)_2022"
25568,45.140465,-93.312943,1113,"Dryobates","pubescens","downy woodpecker","Animalia",123975,542,"Feeding (or foraging)",2022,4,1,91,2459671,NA,"123975_Feeding (or foraging)","Feeding","MN",9,2022-04-01,"calendar",91,2022,NA,NA,"123975_Feeding (or foraging)_2022"
22613,32.33926,-110.981728,1088,"Calypte","anna","Anna's hummingbird","Animalia",136792,542,"Feeding (or foraging)",2022,2,2,33,2459613,8,"136792_Feeding (or foraging)","Feeding","AZ",9,2022-02-02,"calendar",33,2022,NA,NA,"136792_Feeding (or foraging)_2022"
27026,43.413593,-70.810211,352,"Archilochus","colubris","ruby-throated hummingbird","Animalia",137519,294,"Singing individuals (birds)",2022,5,26,146,2459726,11,"137519_Singing individuals (birds)","Singing individuals","ME",9,2022-05-26,"calendar",146,2022,NA,NA,"137519_Singing individuals (birds)_2022"
27026,43.413593,-70.810211,352,"Archilochus","colubris","ruby-throated hummingbird","Animalia",137519,295,"Territorial individuals (birds)",2022,8,8,220,2459800,41,"137519_Territorial individuals (birds)","Territorial behavior","ME",9,2022-08-08,"calendar",220,2022,NA,NA,"137519_Territorial individuals (birds)_2022"
27026,43.413593,-70.810211,352,"Archilochus","colubris","ruby-throated hummingbird","Animalia",137519,542,"Feeding (or foraging)",2022,5,15,135,2459715,7,"137519_Feeding (or foraging)","Feeding","ME",9,2022-05-15,"calendar",135,2022,NA,NA,"137519_Feeding (or foraging)_2022"
27026,43.413593,-70.810211,246,"Turdus","migratorius","American robin","Animalia",137607,310,"Fruit/seed consumption",2022,4,6,96,2459676,NA,"137607_Fruit/seed consumption","Feeding","ME",9,2022-04-06,"calendar",96,2022,NA,NA,"137607_Fruit/seed consumption_2022"
27026,43.413593,-70.810211,246,"Turdus","migratorius","American robin","Animalia",137607,457,"Insect consumption",2022,5,15,135,2459715,7,"137607_Insect consumption","Feeding","ME",9,2022-05-15,"calendar",135,2022,NA,NA,"137607_Insect consumption_2022"
27026,43.413593,-70.810211,246,"Turdus","migratorius","American robin","Animalia",137607,542,"Feeding (or foraging)",2022,4,6,96,2459676,NA,"137607_Feeding (or foraging)","Feeding","ME",9,2022-04-06,"calendar",96,2022,NA,NA,"137607_Feeding (or foraging)_2022"
27026,43.413593,-70.810211,360,"Icterus","galbula","Baltimore oriole","Animalia",137608,294,"Singing individuals (birds)",2022,5,7,127,2459707,24,"137608_Singing individuals (birds)","Singing individuals","ME",9,2022-05-07,"calendar",127,2022,NA,NA,"137608_Singing individuals (birds)_2022"
27026,43.413593,-70.810211,360,"Icterus","galbula","Baltimore oriole","Animalia",137608,295,"Territorial individuals (birds)",2022,5,7,127,2459707,24,"137608_Territorial individuals (birds)","Territorial behavior","ME",9,2022-05-07,"calendar",127,2022,NA,NA,"137608_Territorial individuals (birds)_2022"
27026,43.413593,-70.810211,360,"Icterus","galbula","Baltimore oriole","Animalia",137608,340,"Courtship",2022,5,8,128,2459708,1,"137608_Courtship","Mating activity","ME",9,2022-05-08,"calendar",128,2022,NA,NA,"137608_Courtship_2022"
27026,43.413593,-70.810211,360,"Icterus","galbula","Baltimore oriole","Animalia",137608,542,"Feeding (or foraging)",2022,5,7,127,2459707,24,"137608_Feeding (or foraging)","Feeding","ME",9,2022-05-07,"calendar",127,2022,NA,NA,"137608_Feeding (or foraging)_2022"
12064,32.248463,-110.909584,740,"Toxostoma","curvirostre","curve-billed thrasher","Animalia",139416,542,"Feeding (or foraging)",2022,3,11,70,2459650,8,"139416_Feeding (or foraging)","Feeding","AZ",9,2022-03-11,"calendar",70,2022,NA,NA,"139416_Feeding (or foraging)_2022"
12064,32.248463,-110.909584,1223,"Auriparus","flaviceps","verdin","Animalia",139417,294,"Singing individuals (birds)",2022,3,11,70,2459650,8,"139417_Singing individuals (birds)","Singing individuals","AZ",9,2022-03-11,"calendar",70,2022,NA,NA,"139417_Singing individuals (birds)_2022"
12064,32.248463,-110.909584,1223,"Auriparus","flaviceps","verdin","Animalia",139417,542,"Feeding (or foraging)",2022,3,19,78,2459658,1,"139417_Feeding (or foraging)","Feeding","AZ",9,2022-03-19,"calendar",78,2022,NA,NA,"139417_Feeding (or foraging)_2022"
9652,44.768246,-94.155746,245,"Poecile","atricapillus","black-capped chickadee","Animalia",139453,310,"Fruit/seed consumption",2022,1,1,1,2459581,NA,"139453_Fruit/seed consumption","Feeding","MN",9,2022-01-01,"calendar",1,2022,NA,NA,"139453_Fruit/seed consumption_2022"
9652,44.768246,-94.155746,245,"Poecile","atricapillus","black-capped chickadee","Animalia",139453,542,"Feeding (or foraging)",2022,1,1,1,2459581,NA,"139453_Feeding (or foraging)","Feeding","MN",9,2022-01-01,"calendar",1,2022,NA,NA,"139453_Feeding (or foraging)_2022"
27407,38.037094,-122.394722,244,"Charadrius","vociferus","killdeer","Animalia",141455,542,"Feeding (or foraging)",2022,1,3,3,2459583,NA,"141455_Feeding (or foraging)","Feeding","CA",9,2022-01-03,"calendar",3,2022,NA,NA,"141455_Feeding (or foraging)_2022"
27407,38.037094,-122.394722,1375,"Anas","platyrhynchos","mallard","Animalia",141456,542,"Feeding (or foraging)",2022,1,31,31,2459611,7,"141456_Feeding (or foraging)","Feeding","CA",9,2022-01-31,"calendar",31,2022,NA,NA,"141456_Feeding (or foraging)_2022"
27407,38.037094,-122.394722,375,"Zenaida","macroura","mourning dove","Animalia",141460,294,"Singing individuals (birds)",2022,1,24,24,2459604,7,"141460_Singing individuals (birds)","Singing individuals","CA",9,2022-01-24,"calendar",24,2022,NA,NA,"141460_Singing individuals (birds)_2022"
27407,38.037094,-122.394722,376,"Sayornis","nigricans","black phoebe","Animalia",141461,294,"Singing individuals (birds)",2022,3,14,73,2459653,7,"141461_Singing individuals (birds)","Singing individuals","CA",9,2022-03-14,"calendar",73,2022,NA,NA,"141461_Singing individuals (birds)_2022"
27407,38.037094,-122.394722,376,"Sayornis","nigricans","black phoebe","Animalia",141461,457,"Insect consumption",2022,1,3,3,2459583,NA,"141461_Insect consumption","Feeding","CA",9,2022-01-03,"calendar",3,2022,NA,NA,"141461_Insect consumption_2022"
27407,38.037094,-122.394722,376,"Sayornis","nigricans","black phoebe","Animalia",141461,542,"Feeding (or foraging)",2022,1,3,3,2459583,NA,"141461_Feeding (or foraging)","Feeding","CA",9,2022-01-03,"calendar",3,2022,NA,NA,"141461_Feeding (or foraging)_2022"
22740,38.525036,-121.970711,1654,"Baeolophus","inornatus","oak titmouse","Animalia",148019,457,"Insect consumption",2022,1,13,13,2459593,NA,"148019_Insect consumption","Feeding","CA",9,2022-01-13,"calendar",13,2022,NA,NA,"148019_Insect consumption_2022"
1447,42.176537,-85.892448,240,"Spinus","tristis","American goldfinch","Animalia",8332,310,"Fruit/seed consumption",2023,1,29,29,2459974,NA,"8332_Fruit/seed consumption","Feeding","MI",9,2023-01-29,"calendar",29,2023,NA,NA,"8332_Fruit/seed consumption_2023"
1447,42.176537,-85.892448,245,"Poecile","atricapillus","black-capped chickadee","Animalia",8334,310,"Fruit/seed consumption",2023,1,29,29,2459974,NA,"8334_Fruit/seed consumption","Feeding","MI",9,2023-01-29,"calendar",29,2023,NA,NA,"8334_Fruit/seed consumption_2023"
1419,42.011166,-88.503304,246,"Turdus","migratorius","American robin","Animalia",10282,294,"Singing individuals (birds)",2023,4,17,107,2460052,5,"10282_Singing individuals (birds)","Singing individuals","IL",15,2023-04-17,"calendar",107,2023,NA,NA,"10282_Singing individuals (birds)_2023"
1419,42.011166,-88.503304,246,"Turdus","migratorius","American robin","Animalia",10282,457,"Insect consumption",2023,4,24,114,2460059,7,"10282_Insect consumption","Feeding","IL",12,2023-04-24,"calendar",114,2023,NA,NA,"10282_Insect consumption_2023"
1419,42.011166,-88.503304,246,"Turdus","migratorius","American robin","Animalia",10282,542,"Feeding (or foraging)",2023,3,19,78,2460023,8,"10282_Feeding (or foraging)","Feeding","IL",9,2023-03-19,"calendar",78,2023,NA,NA,"10282_Feeding (or foraging)_2023"
1419,42.011166,-88.503304,245,"Poecile","atricapillus","black-capped chickadee","Animalia",10283,294,"Singing individuals (birds)",2023,3,11,70,2460015,NA,"10283_Singing individuals (birds)","Singing individuals","IL",14,2023-03-11,"calendar",70,2023,NA,NA,"10283_Singing individuals (birds)_2023"
1419,42.011166,-88.503304,245,"Poecile","atricapillus","black-capped chickadee","Animalia",10283,310,"Fruit/seed consumption",2023,3,11,70,2460015,NA,"10283_Fruit/seed consumption","Feeding","IL",13,2023-03-11,"calendar",70,2023,NA,NA,"10283_Fruit/seed consumption_2023"
5428,48.033489,-122.598724,240,"Spinus","tristis","American goldfinch","Animalia",11347,310,"Fruit/seed consumption",2023,4,24,114,2460059,NA,"11347_Fruit/seed consumption","Feeding","WA",14,2023-04-24,"calendar",114,2023,NA,NA,"11347_Fruit/seed consumption_2023"
5428,48.033489,-122.598724,240,"Spinus","tristis","American goldfinch","Animalia",11347,542,"Feeding (or foraging)",2023,6,15,166,2460111,32,"11347_Feeding (or foraging)","Feeding","WA",9,2023-06-15,"calendar",166,2023,NA,NA,"11347_Feeding (or foraging)_2023"
5428,48.033489,-122.598724,245,"Poecile","atricapillus","black-capped chickadee","Animalia",11350,310,"Fruit/seed consumption",2023,9,1,244,2460189,78,"11350_Fruit/seed consumption","Feeding","WA",13,2023-09-01,"calendar",244,2023,NA,NA,"11350_Fruit/seed consumption_2023"
5674,44.910587,-70.266861,246,"Turdus","migratorius","American robin","Animalia",12709,310,"Fruit/seed consumption",2023,5,5,125,2460070,11,"12709_Fruit/seed consumption","Feeding","ME",12,2023-05-05,"calendar",125,2023,NA,NA,"12709_Fruit/seed consumption_2023"
5674,44.910587,-70.266861,246,"Turdus","migratorius","American robin","Animalia",12709,457,"Insect consumption",2023,5,21,141,2460086,7,"12709_Insect consumption","Feeding","ME",11,2023-05-21,"calendar",141,2023,NA,NA,"12709_Insect consumption_2023"
5674,44.910587,-70.266861,246,"Turdus","migratorius","American robin","Animalia",12709,542,"Feeding (or foraging)",2023,5,5,125,2460070,11,"12709_Feeding (or foraging)","Feeding","ME",9,2023-05-05,"calendar",125,2023,NA,NA,"12709_Feeding (or foraging)_2023"
5674,44.910587,-70.266861,352,"Archilochus","colubris","ruby-throated hummingbird","Animalia",12712,295,"Territorial individuals (birds)",2023,5,21,141,2460086,7,"12712_Territorial individuals (birds)","Territorial behavior","ME",9,2023-05-21,"calendar",141,2023,NA,NA,"12712_Territorial individuals (birds)_2023"
5674,44.910587,-70.266861,352,"Archilochus","colubris","ruby-throated hummingbird","Animalia",12712,312,"Flower visitation",2023,6,11,162,2460107,7,"12712_Flower visitation","Feeding","ME",13,2023-06-11,"calendar",162,2023,NA,NA,"12712_Flower visitation_2023"
5674,44.910587,-70.266861,352,"Archilochus","colubris","ruby-throated hummingbird","Animalia",12712,542,"Feeding (or foraging)",2023,5,5,125,2460070,11,"12712_Feeding (or foraging)","Feeding","ME",9,2023-05-05,"calendar",125,2023,NA,NA,"12712_Feeding (or foraging)_2023"
2803,39.971001,-105.397003,246,"Turdus","migratorius","American robin","Animalia",16046,294,"Singing individuals (birds)",2023,1,2,2,2459947,NA,"16046_Singing individuals (birds)","Singing individuals","CO",14,2023-01-02,"calendar",2,2023,NA,NA,"16046_Singing individuals (birds)_2023"
2803,39.971001,-105.397003,246,"Turdus","migratorius","American robin","Animalia",16046,457,"Insect consumption",2023,3,8,67,2460012,7,"16046_Insect consumption","Feeding","CO",15,2023-03-08,"calendar",67,2023,NA,NA,"16046_Insect consumption_2023"
2803,39.971001,-105.397003,246,"Turdus","migratorius","American robin","Animalia",16046,542,"Feeding (or foraging)",2023,3,8,67,2460012,7,"16046_Feeding (or foraging)","Feeding","CO",9,2023-03-08,"calendar",67,2023,NA,NA,"16046_Feeding (or foraging)_2023"
2803,39.971001,-105.397003,245,"Poecile","atricapillus","black-capped chickadee","Animalia",16047,294,"Singing individuals (birds)",2023,1,8,8,2459953,6,"16047_Singing individuals (birds)","Singing individuals","CO",13,2023-01-08,"calendar",8,2023,NA,NA,"16047_Singing individuals (birds)_2023"
2803,39.971001,-105.397003,245,"Poecile","atricapillus","black-capped chickadee","Animalia",16047,310,"Fruit/seed consumption",2023,1,8,8,2459953,6,"16047_Fruit/seed consumption","Feeding","CO",15,2023-01-08,"calendar",8,2023,NA,NA,"16047_Fruit/seed consumption_2023"
2803,39.971001,-105.397003,245,"Poecile","atricapillus","black-capped chickadee","Animalia",16047,542,"Feeding (or foraging)",2023,1,8,8,2459953,6,"16047_Feeding (or foraging)","Feeding","CO",9,2023-01-08,"calendar",8,2023,NA,NA,"16047_Feeding (or foraging)_2023"
2803,39.971001,-105.397003,354,"Selasphorus","platycercus","broad-tailed hummingbird","Animalia",16048,295,"Territorial individuals (birds)",2023,5,6,126,2460071,4,"16048_Territorial individuals (birds)","Territorial behavior","CO",9,2023-05-06,"calendar",126,2023,NA,NA,"16048_Territorial individuals (birds)_2023"
2803,39.971001,-105.397003,354,"Selasphorus","platycercus","broad-tailed hummingbird","Animalia",16048,312,"Flower visitation",2023,5,6,126,2460071,4,"16048_Flower visitation","Feeding","CO",15,2023-05-06,"calendar",126,2023,NA,NA,"16048_Flower visitation_2023"
2803,39.971001,-105.397003,354,"Selasphorus","platycercus","broad-tailed hummingbird","Animalia",16048,457,"Insect consumption",2023,5,12,132,2460077,6,"16048_Insect consumption","Feeding","CO",15,2023-05-12,"calendar",132,2023,NA,NA,"16048_Insect consumption_2023"
2803,39.971001,-105.397003,354,"Selasphorus","platycercus","broad-tailed hummingbird","Animalia",16048,542,"Feeding (or foraging)",2023,5,2,122,2460067,5,"16048_Feeding (or foraging)","Feeding","CO",9,2023-05-02,"calendar",122,2023,NA,NA,"16048_Feeding (or foraging)_2023"
2803,39.971001,-105.397003,362,"Junco","hyemalis","dark-eyed junco","Animalia",16213,294,"Singing individuals (birds)",2023,3,17,76,2460021,6,"16213_Singing individuals (birds)","Singing individuals","CO",12,2023-03-17,"calendar",76,2023,NA,NA,"16213_Singing individuals (birds)_2023"
2803,39.971001,-105.397003,362,"Junco","hyemalis","dark-eyed junco","Animalia",16213,310,"Fruit/seed consumption",2023,1,2,2,2459947,NA,"16213_Fruit/seed consumption","Feeding","CO",15,2023-01-02,"calendar",2,2023,NA,NA,"16213_Fruit/seed consumption_2023"
2803,39.971001,-105.397003,362,"Junco","hyemalis","dark-eyed junco","Animalia",16213,457,"Insect consumption",2023,3,11,70,2460015,3,"16213_Insect consumption","Feeding","CO",9,2023-03-11,"calendar",70,2023,NA,NA,"16213_Insect consumption_2023"
2803,39.971001,-105.397003,362,"Junco","hyemalis","dark-eyed junco","Animalia",16213,542,"Feeding (or foraging)",2023,1,2,2,2459947,NA,"16213_Feeding (or foraging)","Feeding","CO",9,2023-01-02,"calendar",2,2023,NA,NA,"16213_Feeding (or foraging)_2023"
2803,39.971001,-105.397003,357,"Sialia","mexicana","western bluebird","Animalia",16214,294,"Singing individuals (birds)",2023,4,10,100,2460045,10,"16214_Singing individuals (birds)","Singing individuals","CO",10,2023-04-10,"calendar",100,2023,NA,NA,"16214_Singing individuals (birds)_2023"
2803,39.971001,-105.397003,357,"Sialia","mexicana","western bluebird","Animalia",16214,457,"Insect consumption",2023,4,10,100,2460045,10,"16214_Insect consumption","Feeding","CO",12,2023-04-10,"calendar",100,2023,NA,NA,"16214_Insect consumption_2023"
6102,32.23188,-110.951012,740,"Toxostoma","curvirostre","curve-billed thrasher","Animalia",16420,294,"Singing individuals (birds)",2023,2,20,51,2459996,4,"16420_Singing individuals (birds)","Singing individuals","AZ",9,2023-02-20,"calendar",51,2023,NA,NA,"16420_Singing individuals (birds)_2023"
6481,42.456135,-72.344215,240,"Spinus","tristis","American goldfinch","Animalia",19034,310,"Fruit/seed consumption",2023,1,1,1,2459946,NA,"19034_Fruit/seed consumption","Feeding","MA",10,2023-01-01,"calendar",1,2023,NA,NA,"19034_Fruit/seed consumption_2023"
6481,42.456135,-72.344215,240,"Spinus","tristis","American goldfinch","Animalia",19034,542,"Feeding (or foraging)",2023,1,1,1,2459946,NA,"19034_Feeding (or foraging)","Feeding","MA",9,2023-01-01,"calendar",1,2023,NA,NA,"19034_Feeding (or foraging)_2023"
6481,42.456135,-72.344215,246,"Turdus","migratorius","American robin","Animalia",19035,294,"Singing individuals (birds)",2023,3,23,82,2460027,3,"19035_Singing individuals (birds)","Singing individuals","MA",9,2023-03-23,"calendar",82,2023,NA,NA,"19035_Singing individuals (birds)_2023"
6481,42.456135,-72.344215,246,"Turdus","migratorius","American robin","Animalia",19035,542,"Feeding (or foraging)",2023,2,15,46,2459991,3,"19035_Feeding (or foraging)","Feeding","MA",9,2023-02-15,"calendar",46,2023,NA,NA,"19035_Feeding (or foraging)_2023"
6481,42.456135,-72.344215,352,"Archilochus","colubris","ruby-throated hummingbird","Animalia",19040,312,"Flower visitation",2023,7,22,203,2460148,36,"19040_Flower visitation","Feeding","MA",9,2023-07-22,"calendar",203,2023,NA,NA,"19040_Flower visitation_2023"
8418,32.363758,-94.873947,246,"Turdus","migratorius","American robin","Animalia",25349,294,"Singing individuals (birds)",2023,1,8,8,2459953,7,"25349_Singing individuals (birds)","Singing individuals","TX",12,2023-01-08,"calendar",8,2023,NA,NA,"25349_Singing individuals (birds)_2023"
8418,32.363758,-94.873947,246,"Turdus","migratorius","American robin","Animalia",25349,310,"Fruit/seed consumption",2023,3,12,71,2460016,3,"25349_Fruit/seed consumption","Feeding","TX",10,2023-03-12,"calendar",71,2023,NA,NA,"25349_Fruit/seed consumption_2023"
8418,32.363758,-94.873947,246,"Turdus","migratorius","American robin","Animalia",25349,457,"Insect consumption",2023,1,8,8,2459953,7,"25349_Insect consumption","Feeding","TX",12,2023-01-08,"calendar",8,2023,NA,NA,"25349_Insect consumption_2023"
8418,32.363758,-94.873947,1108,"Mimus","polyglottos","northern mockingbird","Animalia",25351,294,"Singing individuals (birds)",2023,1,22,22,2459967,7,"25351_Singing individuals (birds)","Singing individuals","TX",12,2023-01-22,"calendar",22,2023,NA,NA,"25351_Singing individuals (birds)_2023"
8418,32.363758,-94.873947,1108,"Mimus","polyglottos","northern mockingbird","Animalia",25351,310,"Fruit/seed consumption",2023,2,9,40,2459985,4,"25351_Fruit/seed consumption","Feeding","TX",10,2023-02-09,"calendar",40,2023,NA,NA,"25351_Fruit/seed consumption_2023"
8418,32.363758,-94.873947,1108,"Mimus","polyglottos","northern mockingbird","Animalia",25351,457,"Insect consumption",2023,3,12,71,2460016,3,"25351_Insect consumption","Feeding","TX",11,2023-03-12,"calendar",71,2023,NA,NA,"25351_Insect consumption_2023"
8496,46.328629,-96.061256,246,"Turdus","migratorius","American robin","Animalia",25780,310,"Fruit/seed consumption",2023,5,18,138,2460083,24,"25780_Fruit/seed consumption","Feeding","MN",12,2023-05-18,"calendar",138,2023,NA,NA,"25780_Fruit/seed consumption_2023"
8496,46.328629,-96.061256,245,"Poecile","atricapillus","black-capped chickadee","Animalia",25781,310,"Fruit/seed consumption",2023,4,9,99,2460044,NA,"25781_Fruit/seed consumption","Feeding","MN",14,2023-04-09,"calendar",99,2023,NA,NA,"25781_Fruit/seed consumption_2023"
8496,46.328629,-96.061256,245,"Poecile","atricapillus","black-capped chickadee","Animalia",25781,542,"Feeding (or foraging)",2023,4,9,99,2460044,NA,"25781_Feeding (or foraging)","Feeding","MN",9,2023-04-09,"calendar",99,2023,NA,NA,"25781_Feeding (or foraging)_2023"
8496,46.328629,-96.061256,352,"Archilochus","colubris","ruby-throated hummingbird","Animalia",25784,312,"Flower visitation",2023,6,30,181,2460126,32,"25784_Flower visitation","Feeding","MN",11,2023-06-30,"calendar",181,2023,NA,NA,"25784_Flower visitation_2023"
8496,46.328629,-96.061256,1104,"Hirundo","rustica","barn swallow","Animalia",25894,297,"Nest building (birds)",2023,5,18,138,2460083,24,"25894_Nest building (birds)","Nesting behavior","MN",12,2023-05-18,"calendar",138,2023,NA,NA,"25894_Nest building (birds)_2023"
8496,46.328629,-96.061256,1104,"Hirundo","rustica","barn swallow","Animalia",25894,542,"Feeding (or foraging)",2023,5,29,149,2460094,6,"25894_Feeding (or foraging)","Feeding","MN",9,2023-05-29,"calendar",149,2023,NA,NA,"25894_Feeding (or foraging)_2023"
8496,46.328629,-96.061256,1113,"Dryobates","pubescens","downy woodpecker","Animalia",25895,310,"Fruit/seed consumption",2023,4,9,99,2460044,NA,"25895_Fruit/seed consumption","Feeding","MN",14,2023-04-09,"calendar",99,2023,NA,NA,"25895_Fruit/seed consumption_2023"
8496,46.328629,-96.061256,1113,"Dryobates","pubescens","downy woodpecker","Animalia",25895,542,"Feeding (or foraging)",2023,4,9,99,2460044,NA,"25895_Feeding (or foraging)","Feeding","MN",9,2023-04-09,"calendar",99,2023,NA,NA,"25895_Feeding (or foraging)_2023"
8496,46.328629,-96.061256,355,"Troglodytes","aedon","house wren","Animalia",25897,294,"Singing individuals (birds)",2023,5,18,138,2460083,24,"25897_Singing individuals (birds)","Singing individuals","MN",10,2023-05-18,"calendar",138,2023,NA,NA,"25897_Singing individuals (birds)_2023"
8496,46.328629,-96.061256,355,"Troglodytes","aedon","house wren","Animalia",25897,297,"Nest building (birds)",2023,5,18,138,2460083,24,"25897_Nest building (birds)","Nesting behavior","MN",10,2023-05-18,"calendar",138,2023,NA,NA,"25897_Nest building (birds)_2023"
8496,46.328629,-96.061256,355,"Troglodytes","aedon","house wren","Animalia",25897,298,"Occupied nest",2023,6,30,181,2460126,32,"25897_Occupied nest","Nesting behavior","MN",9,2023-06-30,"calendar",181,2023,NA,NA,"25897_Occupied nest_2023"
8496,46.328629,-96.061256,1090,"Cardinalis","cardinalis","northern cardinal","Animalia",25898,294,"Singing individuals (birds)",2023,4,9,99,2460044,NA,"25898_Singing individuals (birds)","Singing individuals","MN",13,2023-04-09,"calendar",99,2023,NA,NA,"25898_Singing individuals (birds)_2023"
8496,46.328629,-96.061256,1090,"Cardinalis","cardinalis","northern cardinal","Animalia",25898,310,"Fruit/seed consumption",2023,4,9,99,2460044,NA,"25898_Fruit/seed consumption","Feeding","MN",13,2023-04-09,"calendar",99,2023,NA,NA,"25898_Fruit/seed consumption_2023"
8715,43.522804,-70.802277,352,"Archilochus","colubris","ruby-throated hummingbird","Animalia",28193,542,"Feeding (or foraging)",2023,6,15,166,2460111,7,"28193_Feeding (or foraging)","Feeding","ME",9,2023-06-15,"calendar",166,2023,NA,NA,"28193_Feeding (or foraging)_2023"
8418,32.363758,-94.873947,1096,"Cyanocitta","cristata","blue jay","Animalia",28244,310,"Fruit/seed consumption",2023,1,8,8,2459953,7,"28244_Fruit/seed consumption","Feeding","TX",12,2023-01-08,"calendar",8,2023,NA,NA,"28244_Fruit/seed consumption_2023"
8418,32.363758,-94.873947,356,"Sialia","sialis","eastern bluebird","Animalia",28245,457,"Insect consumption",2023,3,9,68,2460013,7,"28245_Insect consumption","Feeding","TX",10,2023-03-09,"calendar",68,2023,NA,NA,"28245_Insect consumption_2023"
8418,32.363758,-94.873947,375,"Zenaida","macroura","mourning dove","Animalia",28246,294,"Singing individuals (birds)",2023,4,27,117,2460062,7,"28246_Singing individuals (birds)","Singing individuals","TX",11,2023-04-27,"calendar",117,2023,NA,NA,"28246_Singing individuals (birds)_2023"
8418,32.363758,-94.873947,1090,"Cardinalis","cardinalis","northern cardinal","Animalia",28247,294,"Singing individuals (birds)",2023,2,20,51,2459996,4,"28247_Singing individuals (birds)","Singing individuals","TX",11,2023-02-20,"calendar",51,2023,NA,NA,"28247_Singing individuals (birds)_2023"
8418,32.363758,-94.873947,1090,"Cardinalis","cardinalis","northern cardinal","Animalia",28247,310,"Fruit/seed consumption",2023,1,1,1,2459946,NA,"28247_Fruit/seed consumption","Feeding","TX",12,2023-01-01,"calendar",1,2023,NA,NA,"28247_Fruit/seed consumption_2023"
8418,32.363758,-94.873947,1090,"Cardinalis","cardinalis","northern cardinal","Animalia",28247,457,"Insect consumption",2023,4,1,91,2460036,6,"28247_Insect consumption","Feeding","TX",10,2023-04-01,"calendar",91,2023,NA,NA,"28247_Insect consumption_2023"
8418,32.363758,-94.873947,352,"Archilochus","colubris","ruby-throated hummingbird","Animalia",30980,312,"Flower visitation",2023,5,18,138,2460083,4,"30980_Flower visitation","Feeding","TX",12,2023-05-18,"calendar",138,2023,NA,NA,"30980_Flower visitation_2023"
8496,46.328629,-96.061256,1096,"Cyanocitta","cristata","blue jay","Animalia",32294,310,"Fruit/seed consumption",2023,4,18,108,2460053,9,"32294_Fruit/seed consumption","Feeding","MN",14,2023-04-18,"calendar",108,2023,NA,NA,"32294_Fruit/seed consumption_2023"
8496,46.328629,-96.061256,1096,"Cyanocitta","cristata","blue jay","Animalia",32294,542,"Feeding (or foraging)",2023,4,18,108,2460053,9,"32294_Feeding (or foraging)","Feeding","MN",9,2023-04-18,"calendar",108,2023,NA,NA,"32294_Feeding (or foraging)_2023"
8496,46.328629,-96.061256,362,"Junco","hyemalis","dark-eyed junco","Animalia",32295,310,"Fruit/seed consumption",2023,4,9,99,2460044,NA,"32295_Fruit/seed consumption","Feeding","MN",13,2023-04-09,"calendar",99,2023,NA,NA,"32295_Fruit/seed consumption_2023"
8496,46.328629,-96.061256,1110,"Passer","domesticus","house sparrow","Animalia",32297,310,"Fruit/seed consumption",2023,4,18,108,2460053,9,"32297_Fruit/seed consumption","Feeding","MN",14,2023-04-18,"calendar",108,2023,NA,NA,"32297_Fruit/seed consumption_2023"
8496,46.328629,-96.061256,1110,"Passer","domesticus","house sparrow","Animalia",32297,542,"Feeding (or foraging)",2023,4,18,108,2460053,9,"32297_Feeding (or foraging)","Feeding","MN",9,2023-04-18,"calendar",108,2023,NA,NA,"32297_Feeding (or foraging)_2023"
8418,32.363758,-94.873947,362,"Junco","hyemalis","dark-eyed junco","Animalia",33174,310,"Fruit/seed consumption",2023,1,1,1,2459946,NA,"33174_Fruit/seed consumption","Feeding","TX",11,2023-01-01,"calendar",1,2023,NA,NA,"33174_Fruit/seed consumption_2023"
8418,32.363758,-94.873947,240,"Spinus","tristis","American goldfinch","Animalia",33798,310,"Fruit/seed consumption",2023,1,1,1,2459946,NA,"33798_Fruit/seed consumption","Feeding","TX",11,2023-01-01,"calendar",1,2023,NA,NA,"33798_Fruit/seed consumption_2023"
6091,34.11578,-118.757507,376,"Sayornis","nigricans","black phoebe","Animalia",33829,457,"Insect consumption",2023,12,3,337,2460282,246,"33829_Insect consumption","Feeding","CA",9,2023-12-03,"calendar",337,2023,NA,NA,"33829_Insect consumption_2023"
8496,46.328629,-96.061256,240,"Spinus","tristis","American goldfinch","Animalia",34922,310,"Fruit/seed consumption",2023,4,18,108,2460053,9,"34922_Fruit/seed consumption","Feeding","MN",12,2023-04-18,"calendar",108,2023,NA,NA,"34922_Fruit/seed consumption_2023"
8418,32.363758,-94.873947,1110,"Passer","domesticus","house sparrow","Animalia",35674,294,"Singing individuals (birds)",2023,2,20,51,2459996,4,"35674_Singing individuals (birds)","Singing individuals","TX",9,2023-02-20,"calendar",51,2023,NA,NA,"35674_Singing individuals (birds)_2023"
8418,32.363758,-94.873947,1110,"Passer","domesticus","house sparrow","Animalia",35674,310,"Fruit/seed consumption",2023,1,1,1,2459946,NA,"35674_Fruit/seed consumption","Feeding","TX",11,2023-01-01,"calendar",1,2023,NA,NA,"35674_Fruit/seed consumption_2023"
10145,42.602543,-83.250992,246,"Turdus","migratorius","American robin","Animalia",38840,310,"Fruit/seed consumption",2023,11,14,318,2460263,1,"38840_Fruit/seed consumption","Feeding","MI",9,2023-11-14,"calendar",318,2023,NA,NA,"38840_Fruit/seed consumption_2023"
10145,42.602543,-83.250992,362,"Junco","hyemalis","dark-eyed junco","Animalia",38878,294,"Singing individuals (birds)",2023,1,24,24,2459969,1,"38878_Singing individuals (birds)","Singing individuals","MI",11,2023-01-24,"calendar",24,2023,NA,NA,"38878_Singing individuals (birds)_2023"
9652,44.768246,-94.155746,246,"Turdus","migratorius","American robin","Animalia",40107,294,"Singing individuals (birds)",2023,2,8,39,2459984,21,"40107_Singing individuals (birds)","Singing individuals","MN",13,2023-02-08,"calendar",39,2023,NA,NA,"40107_Singing individuals (birds)_2023"
9652,44.768246,-94.155746,246,"Turdus","migratorius","American robin","Animalia",40107,295,"Territorial individuals (birds)",2023,4,16,106,2460051,9,"40107_Territorial individuals (birds)","Territorial behavior","MN",9,2023-04-16,"calendar",106,2023,NA,NA,"40107_Territorial individuals (birds)_2023"
9652,44.768246,-94.155746,246,"Turdus","migratorius","American robin","Animalia",40107,297,"Nest building (birds)",2023,4,27,117,2460062,11,"40107_Nest building (birds)","Nesting behavior","MN",11,2023-04-27,"calendar",117,2023,NA,NA,"40107_Nest building (birds)_2023"
9652,44.768246,-94.155746,246,"Turdus","migratorius","American robin","Animalia",40107,308,"Fledged young (altricial birds)",2023,5,24,144,2460089,8,"40107_Fledged young (altricial birds)","Young observed","MN",9,2023-05-24,"calendar",144,2023,NA,NA,"40107_Fledged young (altricial birds)_2023"
9652,44.768246,-94.155746,246,"Turdus","migratorius","American robin","Animalia",40107,310,"Fruit/seed consumption",2023,1,2,2,2459947,NA,"40107_Fruit/seed consumption","Feeding","MN",13,2023-01-02,"calendar",2,2023,NA,NA,"40107_Fruit/seed consumption_2023"
9652,44.768246,-94.155746,246,"Turdus","migratorius","American robin","Animalia",40107,457,"Insect consumption",2023,4,6,96,2460041,4,"40107_Insect consumption","Feeding","MN",13,2023-04-06,"calendar",96,2023,NA,NA,"40107_Insect consumption_2023"
9652,44.768246,-94.155746,246,"Turdus","migratorius","American robin","Animalia",40107,542,"Feeding (or foraging)",2023,1,2,2,2459947,NA,"40107_Feeding (or foraging)","Feeding","MN",9,2023-01-02,"calendar",2,2023,NA,NA,"40107_Feeding (or foraging)_2023"
9652,44.768246,-94.155746,240,"Spinus","tristis","American goldfinch","Animalia",40108,310,"Fruit/seed consumption",2023,6,4,155,2460100,19,"40108_Fruit/seed consumption","Feeding","MN",9,2023-06-04,"calendar",155,2023,NA,NA,"40108_Fruit/seed consumption_2023"
9652,44.768246,-94.155746,240,"Spinus","tristis","American goldfinch","Animalia",40108,542,"Feeding (or foraging)",2023,6,4,155,2460100,19,"40108_Feeding (or foraging)","Feeding","MN",9,2023-06-04,"calendar",155,2023,NA,NA,"40108_Feeding (or foraging)_2023"
9652,44.768246,-94.155746,375,"Zenaida","macroura","mourning dove","Animalia",40109,294,"Singing individuals (birds)",2023,4,27,117,2460062,NA,"40109_Singing individuals (birds)","Singing individuals","MN",11,2023-04-27,"calendar",117,2023,NA,NA,"40109_Singing individuals (birds)_2023"
8418,32.363758,-94.873947,1113,"Dryobates","pubescens","downy woodpecker","Animalia",41679,310,"Fruit/seed consumption",2023,1,8,8,2459953,7,"41679_Fruit/seed consumption","Feeding","TX",11,2023-01-08,"calendar",8,2023,NA,NA,"41679_Fruit/seed consumption_2023"
8418,32.363758,-94.873947,1113,"Dryobates","pubescens","downy woodpecker","Animalia",41679,457,"Insect consumption",2023,3,17,76,2460021,5,"41679_Insect consumption","Feeding","TX",9,2023-03-17,"calendar",76,2023,NA,NA,"41679_Insect consumption_2023"
1419,42.011166,-88.503304,1117,"Sayornis","phoebe","eastern phoebe","Animalia",44642,457,"Insect consumption",2023,4,12,102,2460047,7,"44642_Insect consumption","Feeding","IL",9,2023-04-12,"calendar",102,2023,NA,NA,"44642_Insect consumption_2023"
11313,44.201355,-92.646301,1090,"Cardinalis","cardinalis","northern cardinal","Animalia",46661,294,"Singing individuals (birds)",2023,3,25,84,2460029,8,"46661_Singing individuals (birds)","Singing individuals","MN",10,2023-03-25,"calendar",84,2023,NA,NA,"46661_Singing individuals (birds)_2023"
8418,32.363758,-94.873947,1126,"Thryothorus","ludovicianus","Carolina wren","Animalia",46734,310,"Fruit/seed consumption",2023,1,15,15,2459960,7,"46734_Fruit/seed consumption","Feeding","TX",10,2023-01-15,"calendar",15,2023,NA,NA,"46734_Fruit/seed consumption_2023"
11598,43.073357,-71.150681,243,"Gavia","immer","common loon","Animalia",48357,298,"Occupied nest",2023,6,25,176,2460121,34,"48357_Occupied nest","Nesting behavior","NH",9,2023-06-25,"calendar",176,2023,NA,NA,"48357_Occupied nest_2023"
11598,43.073357,-71.150681,243,"Gavia","immer","common loon","Animalia",48357,542,"Feeding (or foraging)",2023,5,22,142,2460087,43,"48357_Feeding (or foraging)","Feeding","NH",9,2023-05-22,"calendar",142,2023,NA,NA,"48357_Feeding (or foraging)_2023"
6102,32.23188,-110.951012,1088,"Calypte","anna","Anna's hummingbird","Animalia",49639,312,"Flower visitation",2023,1,23,23,2459968,NA,"49639_Flower visitation","Feeding","AZ",9,2023-01-23,"calendar",23,2023,NA,NA,"49639_Flower visitation_2023"
6102,32.23188,-110.951012,1110,"Passer","domesticus","house sparrow","Animalia",49643,294,"Singing individuals (birds)",2023,1,24,24,2459969,NA,"49643_Singing individuals (birds)","Singing individuals","AZ",10,2023-01-24,"calendar",24,2023,NA,NA,"49643_Singing individuals (birds)_2023"
6102,32.23188,-110.951012,1110,"Passer","domesticus","house sparrow","Animalia",49643,310,"Fruit/seed consumption",2023,1,28,28,2459973,1,"49643_Fruit/seed consumption","Feeding","AZ",10,2023-01-28,"calendar",28,2023,NA,NA,"49643_Fruit/seed consumption_2023"
12064,32.248463,-110.909584,1088,"Calypte","anna","Anna's hummingbird","Animalia",50759,312,"Flower visitation",2023,1,12,12,2459957,7,"50759_Flower visitation","Feeding","AZ",9,2023-01-12,"calendar",12,2023,NA,NA,"50759_Flower visitation_2023"
12064,32.248463,-110.909584,1088,"Calypte","anna","Anna's hummingbird","Animalia",50759,542,"Feeding (or foraging)",2023,1,12,12,2459957,7,"50759_Feeding (or foraging)","Feeding","AZ",9,2023-01-12,"calendar",12,2023,NA,NA,"50759_Feeding (or foraging)_2023"
8418,32.363758,-94.873947,741,"Regulus","calendula","ruby-crowned kinglet","Animalia",60925,310,"Fruit/seed consumption",2023,4,27,117,2460062,21,"60925_Fruit/seed consumption","Feeding","TX",9,2023-04-27,"calendar",117,2023,NA,NA,"60925_Fruit/seed consumption_2023"
8418,32.363758,-94.873947,739,"Zonotrichia","albicollis","white-throated sparrow","Animalia",60926,310,"Fruit/seed consumption",2023,2,9,40,2459985,4,"60926_Fruit/seed consumption","Feeding","TX",9,2023-02-09,"calendar",40,2023,NA,NA,"60926_Fruit/seed consumption_2023"
5428,48.033489,-122.598724,1088,"Calypte","anna","Anna's hummingbird","Animalia",60981,312,"Flower visitation",2023,5,14,134,2460079,19,"60981_Flower visitation","Feeding","WA",10,2023-05-14,"calendar",134,2023,NA,NA,"60981_Flower visitation_2023"
5428,48.033489,-122.598724,1119,"Selasphorus","rufus","rufous hummingbird","Animalia",60984,312,"Flower visitation",2023,6,15,166,2460111,92,"60984_Flower visitation","Feeding","WA",9,2023-06-15,"calendar",166,2023,NA,NA,"60984_Flower visitation_2023"
5428,48.033489,-122.598724,1119,"Selasphorus","rufus","rufous hummingbird","Animalia",60984,542,"Feeding (or foraging)",2023,3,15,74,2460019,NA,"60984_Feeding (or foraging)","Feeding","WA",9,2023-03-15,"calendar",74,2023,NA,NA,"60984_Feeding (or foraging)_2023"
8418,32.363758,-94.873947,359,"Agelaius","phoeniceus","red-winged blackbird","Animalia",62147,310,"Fruit/seed consumption",2023,3,12,71,2460016,3,"62147_Fruit/seed consumption","Feeding","TX",10,2023-03-12,"calendar",71,2023,NA,NA,"62147_Fruit/seed consumption_2023"
8418,32.363758,-94.873947,1233,"Poecile","carolinensis","Carolina chickadee","Animalia",63335,310,"Fruit/seed consumption",2023,1,1,1,2459946,NA,"63335_Fruit/seed consumption","Feeding","TX",10,2023-01-01,"calendar",1,2023,NA,NA,"63335_Fruit/seed consumption_2023"
10145,42.602543,-83.250992,1224,"Branta","canadensis","Canada goose","Animalia",64229,541,"Fledged young (precocial birds)",2023,5,6,126,2460071,1,"64229_Fledged young (precocial birds)","Young observed","MI",9,2023-05-06,"calendar",126,2023,NA,NA,"64229_Fledged young (precocial birds)_2023"
8418,32.363758,-94.873947,363,"Molothrus","ater","brown-headed cowbird","Animalia",64379,310,"Fruit/seed consumption",2023,4,20,110,2460055,14,"64379_Fruit/seed consumption","Feeding","TX",9,2023-04-20,"calendar",110,2023,NA,NA,"64379_Fruit/seed consumption_2023"
17414,42.936153,-73.433449,1124,"Tachycineta","bicolor","tree swallow","Animalia",66940,298,"Occupied nest",2023,5,11,131,2460076,5,"66940_Occupied nest","Nesting behavior","NY",9,2023-05-11,"calendar",131,2023,NA,NA,"66940_Occupied nest_2023"
17414,42.936153,-73.433449,1124,"Tachycineta","bicolor","tree swallow","Animalia",66940,457,"Insect consumption",2023,4,9,99,2460044,4,"66940_Insect consumption","Feeding","NY",9,2023-04-09,"calendar",99,2023,NA,NA,"66940_Insect consumption_2023"
17414,42.936153,-73.433449,1124,"Tachycineta","bicolor","tree swallow","Animalia",66940,542,"Feeding (or foraging)",2023,4,9,99,2460044,4,"66940_Feeding (or foraging)","Feeding","NY",9,2023-04-09,"calendar",99,2023,NA,NA,"66940_Feeding (or foraging)_2023"
17707,37.360123,-122.128151,1229,"Melanerpes","formicivorus","acorn woodpecker","Animalia",68607,311,"Nut gathering",2023,1,19,19,2459964,2,"68607_Nut gathering","Feeding","CA",9,2023-01-19,"calendar",19,2023,NA,NA,"68607_Nut gathering_2023"
17707,37.360123,-122.128151,362,"Junco","hyemalis","dark-eyed junco","Animalia",68613,294,"Singing individuals (birds)",2023,2,9,40,2459985,2,"68613_Singing individuals (birds)","Singing individuals","CA",11,2023-02-09,"calendar",40,2023,NA,NA,"68613_Singing individuals (birds)_2023"
9652,44.768246,-94.155746,1090,"Cardinalis","cardinalis","northern cardinal","Animalia",69510,294,"Singing individuals (birds)",2023,2,26,57,2460002,4,"69510_Singing individuals (birds)","Singing individuals","MN",11,2023-02-26,"calendar",57,2023,NA,NA,"69510_Singing individuals (birds)_2023"
9652,44.768246,-94.155746,1090,"Cardinalis","cardinalis","northern cardinal","Animalia",69510,310,"Fruit/seed consumption",2023,1,2,2,2459947,NA,"69510_Fruit/seed consumption","Feeding","MN",10,2023-01-02,"calendar",2,2023,NA,NA,"69510_Fruit/seed consumption_2023"
9652,44.768246,-94.155746,1090,"Cardinalis","cardinalis","northern cardinal","Animalia",69510,542,"Feeding (or foraging)",2023,1,2,2,2459947,NA,"69510_Feeding (or foraging)","Feeding","MN",9,2023-01-02,"calendar",2,2023,NA,NA,"69510_Feeding (or foraging)_2023"
12725,37.360928,-122.130836,1088,"Calypte","anna","Anna's hummingbird","Animalia",71544,294,"Singing individuals (birds)",2023,5,2,122,2460067,5,"71544_Singing individuals (birds)","Singing individuals","CA",9,2023-05-02,"calendar",122,2023,NA,NA,"71544_Singing individuals (birds)_2023"
12725,37.360928,-122.130836,1088,"Calypte","anna","Anna's hummingbird","Animalia",71544,312,"Flower visitation",2023,5,18,138,2460083,2,"71544_Flower visitation","Feeding","CA",9,2023-05-18,"calendar",138,2023,NA,NA,"71544_Flower visitation_2023"
6099,34.119007,-118.760071,1229,"Melanerpes","formicivorus","acorn woodpecker","Animalia",72367,457,"Insect consumption",2023,4,1,91,2460036,NA,"72367_Insect consumption","Feeding","CA",11,2023-04-01,"calendar",91,2023,NA,NA,"72367_Insect consumption_2023"
6091,34.11578,-118.757507,1229,"Melanerpes","formicivorus","acorn woodpecker","Animalia",72369,542,"Feeding (or foraging)",2023,1,12,12,2459957,5,"72369_Feeding (or foraging)","Feeding","CA",9,2023-01-12,"calendar",12,2023,NA,NA,"72369_Feeding (or foraging)_2023"
9341,35.639874,-83.687721,377,"Vireo","olivaceus","red-eyed vireo","Animalia",75374,294,"Singing individuals (birds)",2023,4,19,109,2460054,2,"75374_Singing individuals (birds)","Singing individuals","TN",9,2023-04-19,"calendar",109,2023,NA,NA,"75374_Singing individuals (birds)_2023"
9341,35.639874,-83.687721,1098,"Setophaga","virens","black-throated green warbler","Animalia",75375,294,"Singing individuals (birds)",2023,4,25,115,2460060,2,"75375_Singing individuals (birds)","Singing individuals","TN",9,2023-04-25,"calendar",115,2023,NA,NA,"75375_Singing individuals (birds)_2023"
19944,33.66478,-117.843063,1088,"Calypte","anna","Anna's hummingbird","Animalia",81455,294,"Singing individuals (birds)",2023,1,1,1,2459946,NA,"81455_Singing individuals (birds)","Singing individuals","CA",11,2023-01-01,"calendar",1,2023,NA,NA,"81455_Singing individuals (birds)_2023"
19944,33.66478,-117.843063,1088,"Calypte","anna","Anna's hummingbird","Animalia",81455,295,"Territorial individuals (birds)",2023,1,21,21,2459966,4,"81455_Territorial individuals (birds)","Territorial behavior","CA",9,2023-01-21,"calendar",21,2023,NA,NA,"81455_Territorial individuals (birds)_2023"
19944,33.66478,-117.843063,1088,"Calypte","anna","Anna's hummingbird","Animalia",81455,312,"Flower visitation",2023,2,10,41,2459986,4,"81455_Flower visitation","Feeding","CA",11,2023-02-10,"calendar",41,2023,NA,NA,"81455_Flower visitation_2023"
19944,33.66478,-117.843063,1088,"Calypte","anna","Anna's hummingbird","Animalia",81455,457,"Insect consumption",2023,1,17,17,2459962,9,"81455_Insect consumption","Feeding","CA",11,2023-01-17,"calendar",17,2023,NA,NA,"81455_Insect consumption_2023"
19944,33.66478,-117.843063,1088,"Calypte","anna","Anna's hummingbird","Animalia",81455,542,"Feeding (or foraging)",2023,1,17,17,2459962,9,"81455_Feeding (or foraging)","Feeding","CA",9,2023-01-17,"calendar",17,2023,NA,NA,"81455_Feeding (or foraging)_2023"
19944,33.66478,-117.843063,376,"Sayornis","nigricans","black phoebe","Animalia",81456,294,"Singing individuals (birds)",2023,1,8,8,2459953,7,"81456_Singing individuals (birds)","Singing individuals","CA",11,2023-01-08,"calendar",8,2023,NA,NA,"81456_Singing individuals (birds)_2023"
19944,33.66478,-117.843063,376,"Sayornis","nigricans","black phoebe","Animalia",81456,295,"Territorial individuals (birds)",2023,6,5,156,2460101,8,"81456_Territorial individuals (birds)","Territorial behavior","CA",9,2023-06-05,"calendar",156,2023,NA,NA,"81456_Territorial individuals (birds)_2023"
19944,33.66478,-117.843063,376,"Sayornis","nigricans","black phoebe","Animalia",81456,457,"Insect consumption",2023,1,1,1,2459946,NA,"81456_Insect consumption","Feeding","CA",11,2023-01-01,"calendar",1,2023,NA,NA,"81456_Insect consumption_2023"
19944,33.66478,-117.843063,376,"Sayornis","nigricans","black phoebe","Animalia",81456,542,"Feeding (or foraging)",2023,1,1,1,2459946,NA,"81456_Feeding (or foraging)","Feeding","CA",9,2023-01-01,"calendar",1,2023,NA,NA,"81456_Feeding (or foraging)_2023"
19944,33.66478,-117.843063,242,"Petrochelidon","pyrrhonota","cliff swallow","Animalia",81457,294,"Singing individuals (birds)",2023,4,2,92,2460037,2,"81457_Singing individuals (birds)","Singing individuals","CA",10,2023-04-02,"calendar",92,2023,NA,NA,"81457_Singing individuals (birds)_2023"
19944,33.66478,-117.843063,242,"Petrochelidon","pyrrhonota","cliff swallow","Animalia",81457,297,"Nest building (birds)",2023,4,18,108,2460053,8,"81457_Nest building (birds)","Nesting behavior","CA",10,2023-04-18,"calendar",108,2023,NA,NA,"81457_Nest building (birds)_2023"
19944,33.66478,-117.843063,242,"Petrochelidon","pyrrhonota","cliff swallow","Animalia",81457,298,"Occupied nest",2023,4,18,108,2460053,8,"81457_Occupied nest","Nesting behavior","CA",9,2023-04-18,"calendar",108,2023,NA,NA,"81457_Occupied nest_2023"
19944,33.66478,-117.843063,242,"Petrochelidon","pyrrhonota","cliff swallow","Animalia",81457,542,"Feeding (or foraging)",2023,3,31,90,2460035,5,"81457_Feeding (or foraging)","Feeding","CA",9,2023-03-31,"calendar",90,2023,NA,NA,"81457_Feeding (or foraging)_2023"
19944,33.66478,-117.843063,1197,"Geothlypis","trichas","common yellowthroat","Animalia",81458,294,"Singing individuals (birds)",2023,1,27,27,2459972,6,"81458_Singing individuals (birds)","Singing individuals","CA",11,2023-01-27,"calendar",27,2023,NA,NA,"81458_Singing individuals (birds)_2023"
19944,33.66478,-117.843063,1197,"Geothlypis","trichas","common yellowthroat","Animalia",81458,295,"Territorial individuals (birds)",2023,2,10,41,2459986,4,"81458_Territorial individuals (birds)","Territorial behavior","CA",9,2023-02-10,"calendar",41,2023,NA,NA,"81458_Territorial individuals (birds)_2023"
19944,33.66478,-117.843063,1197,"Geothlypis","trichas","common yellowthroat","Animalia",81458,542,"Feeding (or foraging)",2023,1,1,1,2459946,NA,"81458_Feeding (or foraging)","Feeding","CA",9,2023-01-01,"calendar",1,2023,NA,NA,"81458_Feeding (or foraging)_2023"
19944,33.66478,-117.843063,370,"Ardea","herodias","great blue heron","Animalia",81459,542,"Feeding (or foraging)",2023,1,29,29,2459974,2,"81459_Feeding (or foraging)","Feeding","CA",9,2023-01-29,"calendar",29,2023,NA,NA,"81459_Feeding (or foraging)_2023"
19944,33.66478,-117.843063,244,"Charadrius","vociferus","killdeer","Animalia",81460,295,"Territorial individuals (birds)",2023,3,31,90,2460035,5,"81460_Territorial individuals (birds)","Territorial behavior","CA",9,2023-03-31,"calendar",90,2023,NA,NA,"81460_Territorial individuals (birds)_2023"
19944,33.66478,-117.843063,244,"Charadrius","vociferus","killdeer","Animalia",81460,542,"Feeding (or foraging)",2023,1,27,27,2459972,6,"81460_Feeding (or foraging)","Feeding","CA",9,2023-01-27,"calendar",27,2023,NA,NA,"81460_Feeding (or foraging)_2023"
19944,33.66478,-117.843063,248,"Pandion","haliaetus","osprey","Animalia",81461,298,"Occupied nest",2023,3,8,67,2460012,2,"81461_Occupied nest","Nesting behavior","CA",9,2023-03-08,"calendar",67,2023,NA,NA,"81461_Occupied nest_2023"
19944,33.66478,-117.843063,248,"Pandion","haliaetus","osprey","Animalia",81461,542,"Feeding (or foraging)",2023,1,17,17,2459962,9,"81461_Feeding (or foraging)","Feeding","CA",9,2023-01-17,"calendar",17,2023,NA,NA,"81461_Feeding (or foraging)_2023"
19944,33.66478,-117.843063,373,"Actitis","macularius","spotted sandpiper","Animalia",81462,542,"Feeding (or foraging)",2023,2,15,46,2459991,5,"81462_Feeding (or foraging)","Feeding","CA",9,2023-02-15,"calendar",46,2023,NA,NA,"81462_Feeding (or foraging)_2023"
8418,32.363758,-94.873947,1377,"Baeolophus","bicolor","tufted titmouse","Animalia",85005,310,"Fruit/seed consumption",2023,1,1,1,2459946,NA,"85005_Fruit/seed consumption","Feeding","TX",9,2023-01-01,"calendar",1,2023,NA,NA,"85005_Fruit/seed consumption_2023"
17414,42.936153,-73.433449,1197,"Geothlypis","trichas","common yellowthroat","Animalia",86970,294,"Singing individuals (birds)",2023,5,13,133,2460078,2,"86970_Singing individuals (birds)","Singing individuals","NY",11,2023-05-13,"calendar",133,2023,NA,NA,"86970_Singing individuals (birds)_2023"
20765,33.632149,-117.55545,1229,"Melanerpes","formicivorus","acorn woodpecker","Animalia",88470,311,"Nut gathering",2023,10,15,288,2460233,4,"88470_Nut gathering","Feeding","CA",9,2023-10-15,"calendar",288,2023,NA,NA,"88470_Nut gathering_2023"
20765,33.632149,-117.55545,1088,"Calypte","anna","Anna's hummingbird","Animalia",88471,294,"Singing individuals (birds)",2023,4,20,110,2460055,4,"88471_Singing individuals (birds)","Singing individuals","CA",10,2023-04-20,"calendar",110,2023,NA,NA,"88471_Singing individuals (birds)_2023"
20765,33.632149,-117.55545,1088,"Calypte","anna","Anna's hummingbird","Animalia",88471,312,"Flower visitation",2023,2,19,50,2459995,5,"88471_Flower visitation","Feeding","CA",10,2023-02-19,"calendar",50,2023,NA,NA,"88471_Flower visitation_2023"
20765,33.632149,-117.55545,376,"Sayornis","nigricans","black phoebe","Animalia",88472,457,"Insect consumption",2023,6,14,165,2460110,22,"88472_Insect consumption","Feeding","CA",9,2023-06-14,"calendar",165,2023,NA,NA,"88472_Insect consumption_2023"
20765,33.632149,-117.55545,355,"Troglodytes","aedon","house wren","Animalia",88474,294,"Singing individuals (birds)",2023,2,19,50,2459995,5,"88474_Singing individuals (birds)","Singing individuals","CA",10,2023-02-19,"calendar",50,2023,NA,NA,"88474_Singing individuals (birds)_2023"
20765,33.632149,-117.55545,1380,"Melospiza","melodia","song sparrow","Animalia",88475,294,"Singing individuals (birds)",2023,2,14,45,2459990,40,"88475_Singing individuals (birds)","Singing individuals","CA",11,2023-02-14,"calendar",45,2023,NA,NA,"88475_Singing individuals (birds)_2023"
20765,33.632149,-117.55545,1091,"Spinus","psaltria","lesser goldfinch","Animalia",88478,294,"Singing individuals (birds)",2023,3,7,66,2460011,5,"88478_Singing individuals (birds)","Singing individuals","CA",9,2023-03-07,"calendar",66,2023,NA,NA,"88478_Singing individuals (birds)_2023"
20956,33.632149,-117.55545,1378,"Chamaea","fasciata","wrentit","Animalia",90118,294,"Singing individuals (birds)",2023,1,7,7,2459952,NA,"90118_Singing individuals (birds)","Singing individuals","CA",11,2023-01-07,"calendar",7,2023,NA,NA,"90118_Singing individuals (birds)_2023"
22740,38.525036,-121.970711,362,"Junco","hyemalis","dark-eyed junco","Animalia",102228,310,"Fruit/seed consumption",2023,1,28,28,2459973,NA,"102228_Fruit/seed consumption","Feeding","CA",9,2023-01-28,"calendar",28,2023,NA,NA,"102228_Fruit/seed consumption_2023"
22740,38.525036,-121.970711,741,"Regulus","calendula","ruby-crowned kinglet","Animalia",102229,457,"Insect consumption",2023,1,28,28,2459973,NA,"102229_Insect consumption","Feeding","CA",9,2023-01-28,"calendar",28,2023,NA,NA,"102229_Insect consumption_2023"
22740,38.525036,-121.970711,357,"Sialia","mexicana","western bluebird","Animalia",102231,457,"Insect consumption",2023,1,28,28,2459973,NA,"102231_Insect consumption","Feeding","CA",9,2023-01-28,"calendar",28,2023,NA,NA,"102231_Insect consumption_2023"
22740,38.525036,-121.970711,1097,"Setophaga","coronata","yellow-rumped warbler","Animalia",102234,457,"Insect consumption",2023,1,28,28,2459973,NA,"102234_Insect consumption","Feeding","CA",9,2023-01-28,"calendar",28,2023,NA,NA,"102234_Insect consumption_2023"
20956,33.632149,-117.55545,1418,"Toxostoma","redivivum","California thrasher","Animalia",102436,294,"Singing individuals (birds)",2023,5,13,133,2460078,42,"102436_Singing individuals (birds)","Singing individuals","CA",11,2023-05-13,"calendar",133,2023,NA,NA,"102436_Singing individuals (birds)_2023"
22858,38.09404,-122.37149,1380,"Melospiza","melodia","song sparrow","Animalia",103159,294,"Singing individuals (birds)",2023,1,17,17,2459962,15,"103159_Singing individuals (birds)","Singing individuals","CA",10,2023-01-17,"calendar",17,2023,NA,NA,"103159_Singing individuals (birds)_2023"
22858,38.09404,-122.37149,1380,"Melospiza","melodia","song sparrow","Animalia",103159,310,"Fruit/seed consumption",2023,1,17,17,2459962,15,"103159_Fruit/seed consumption","Feeding","CA",9,2023-01-17,"calendar",17,2023,NA,NA,"103159_Fruit/seed consumption_2023"
22858,38.09404,-122.37149,1380,"Melospiza","melodia","song sparrow","Animalia",103159,542,"Feeding (or foraging)",2023,1,17,17,2459962,15,"103159_Feeding (or foraging)","Feeding","CA",9,2023-01-17,"calendar",17,2023,NA,NA,"103159_Feeding (or foraging)_2023"
22858,38.09404,-122.37149,1124,"Tachycineta","bicolor","tree swallow","Animalia",103160,542,"Feeding (or foraging)",2023,2,6,37,2459982,7,"103160_Feeding (or foraging)","Feeding","CA",9,2023-02-06,"calendar",37,2023,NA,NA,"103160_Feeding (or foraging)_2023"
22858,38.09404,-122.37149,357,"Sialia","mexicana","western bluebird","Animalia",103161,457,"Insect consumption",2023,2,20,51,2459996,7,"103161_Insect consumption","Feeding","CA",9,2023-02-20,"calendar",51,2023,NA,NA,"103161_Insect consumption_2023"
22858,38.09404,-122.37149,357,"Sialia","mexicana","western bluebird","Animalia",103161,542,"Feeding (or foraging)",2023,1,17,17,2459962,15,"103161_Feeding (or foraging)","Feeding","CA",9,2023-01-17,"calendar",17,2023,NA,NA,"103161_Feeding (or foraging)_2023"
17414,42.936153,-73.433449,352,"Archilochus","colubris","ruby-throated hummingbird","Animalia",103211,542,"Feeding (or foraging)",2023,5,11,131,2460076,5,"103211_Feeding (or foraging)","Feeding","NY",9,2023-05-11,"calendar",131,2023,NA,NA,"103211_Feeding (or foraging)_2023"
22858,38.09404,-122.37149,1375,"Anas","platyrhynchos","mallard","Animalia",114733,542,"Feeding (or foraging)",2023,5,29,149,2460094,7,"114733_Feeding (or foraging)","Feeding","CA",9,2023-05-29,"calendar",149,2023,NA,NA,"114733_Feeding (or foraging)_2023"
22858,38.09404,-122.37149,359,"Agelaius","phoeniceus","red-winged blackbird","Animalia",114734,294,"Singing individuals (birds)",2023,1,17,17,2459962,15,"114734_Singing individuals (birds)","Singing individuals","CA",9,2023-01-17,"calendar",17,2023,NA,NA,"114734_Singing individuals (birds)_2023"
22858,38.09404,-122.37149,359,"Agelaius","phoeniceus","red-winged blackbird","Animalia",114734,310,"Fruit/seed consumption",2023,1,17,17,2459962,15,"114734_Fruit/seed consumption","Feeding","CA",9,2023-01-17,"calendar",17,2023,NA,NA,"114734_Fruit/seed consumption_2023"
22858,38.09404,-122.37149,359,"Agelaius","phoeniceus","red-winged blackbird","Animalia",114734,542,"Feeding (or foraging)",2023,1,17,17,2459962,15,"114734_Feeding (or foraging)","Feeding","CA",9,2023-01-17,"calendar",17,2023,NA,NA,"114734_Feeding (or foraging)_2023"
22858,38.09404,-122.37149,1088,"Calypte","anna","Anna's hummingbird","Animalia",114826,295,"Territorial individuals (birds)",2023,1,2,2,2459947,NA,"114826_Territorial individuals (birds)","Territorial behavior","CA",9,2023-01-02,"calendar",2,2023,NA,NA,"114826_Territorial individuals (birds)_2023"
22858,38.09404,-122.37149,1088,"Calypte","anna","Anna's hummingbird","Animalia",114826,542,"Feeding (or foraging)",2023,2,6,37,2459982,7,"114826_Feeding (or foraging)","Feeding","CA",9,2023-02-06,"calendar",37,2023,NA,NA,"114826_Feeding (or foraging)_2023"
2803,39.971001,-105.397003,1232,"Pica","hudsonia","black-billed magpie","Animalia",122046,310,"Fruit/seed consumption",2023,1,2,2,2459947,NA,"122046_Fruit/seed consumption","Feeding","CO",9,2023-01-02,"calendar",2,2023,NA,NA,"122046_Fruit/seed consumption_2023"
2803,39.971001,-105.397003,1232,"Pica","hudsonia","black-billed magpie","Animalia",122046,457,"Insect consumption",2023,4,19,109,2460054,6,"122046_Insect consumption","Feeding","CO",9,2023-04-19,"calendar",109,2023,NA,NA,"122046_Insect consumption_2023"
2803,39.971001,-105.397003,1232,"Pica","hudsonia","black-billed magpie","Animalia",122046,542,"Feeding (or foraging)",2023,1,2,2,2459947,NA,"122046_Feeding (or foraging)","Feeding","CO",9,2023-01-02,"calendar",2,2023,NA,NA,"122046_Feeding (or foraging)_2023"
2803,39.971001,-105.397003,1113,"Dryobates","pubescens","downy woodpecker","Animalia",122049,310,"Fruit/seed consumption",2023,2,7,38,2459983,20,"122049_Fruit/seed consumption","Feeding","CO",9,2023-02-07,"calendar",38,2023,NA,NA,"122049_Fruit/seed consumption_2023"
2803,39.971001,-105.397003,1113,"Dryobates","pubescens","downy woodpecker","Animalia",122049,542,"Feeding (or foraging)",2023,2,7,38,2459983,20,"122049_Feeding (or foraging)","Feeding","CO",9,2023-02-07,"calendar",38,2023,NA,NA,"122049_Feeding (or foraging)_2023"
2803,39.971001,-105.397003,1411,"Poecile","gambeli","mountain chickadee","Animalia",122050,294,"Singing individuals (birds)",2023,1,2,2,2459947,NA,"122050_Singing individuals (birds)","Singing individuals","CO",9,2023-01-02,"calendar",2,2023,NA,NA,"122050_Singing individuals (birds)_2023"
2803,39.971001,-105.397003,1411,"Poecile","gambeli","mountain chickadee","Animalia",122050,310,"Fruit/seed consumption",2023,1,2,2,2459947,NA,"122050_Fruit/seed consumption","Feeding","CO",9,2023-01-02,"calendar",2,2023,NA,NA,"122050_Fruit/seed consumption_2023"
2803,39.971001,-105.397003,1411,"Poecile","gambeli","mountain chickadee","Animalia",122050,542,"Feeding (or foraging)",2023,1,2,2,2459947,NA,"122050_Feeding (or foraging)","Feeding","CO",9,2023-01-02,"calendar",2,2023,NA,NA,"122050_Feeding (or foraging)_2023"
2803,39.971001,-105.397003,359,"Agelaius","phoeniceus","red-winged blackbird","Animalia",122051,294,"Singing individuals (birds)",2023,4,27,117,2460062,8,"122051_Singing individuals (birds)","Singing individuals","CO",9,2023-04-27,"calendar",117,2023,NA,NA,"122051_Singing individuals (birds)_2023"
2803,39.971001,-105.397003,359,"Agelaius","phoeniceus","red-winged blackbird","Animalia",122051,310,"Fruit/seed consumption",2023,4,27,117,2460062,8,"122051_Fruit/seed consumption","Feeding","CO",9,2023-04-27,"calendar",117,2023,NA,NA,"122051_Fruit/seed consumption_2023"
2803,39.971001,-105.397003,359,"Agelaius","phoeniceus","red-winged blackbird","Animalia",122051,542,"Feeding (or foraging)",2023,4,27,117,2460062,8,"122051_Feeding (or foraging)","Feeding","CO",9,2023-04-27,"calendar",117,2023,NA,NA,"122051_Feeding (or foraging)_2023"
2803,39.971001,-105.397003,1398,"Cyanocitta","stelleri","Steller's jay","Animalia",122052,310,"Fruit/seed consumption",2023,1,16,16,2459961,5,"122052_Fruit/seed consumption","Feeding","CO",9,2023-01-16,"calendar",16,2023,NA,NA,"122052_Fruit/seed consumption_2023"
2803,39.971001,-105.397003,1398,"Cyanocitta","stelleri","Steller's jay","Animalia",122052,457,"Insect consumption",2023,4,10,100,2460045,10,"122052_Insect consumption","Feeding","CO",9,2023-04-10,"calendar",100,2023,NA,NA,"122052_Insect consumption_2023"
2803,39.971001,-105.397003,1398,"Cyanocitta","stelleri","Steller's jay","Animalia",122052,542,"Feeding (or foraging)",2023,1,16,16,2459961,5,"122052_Feeding (or foraging)","Feeding","CO",9,2023-01-16,"calendar",16,2023,NA,NA,"122052_Feeding (or foraging)_2023"
2803,39.971001,-105.397003,1415,"Sitta","carolinensis","white-breasted nuthatch","Animalia",122053,294,"Singing individuals (birds)",2023,1,2,2,2459947,NA,"122053_Singing individuals (birds)","Singing individuals","CO",9,2023-01-02,"calendar",2,2023,NA,NA,"122053_Singing individuals (birds)_2023"
2803,39.971001,-105.397003,1415,"Sitta","carolinensis","white-breasted nuthatch","Animalia",122053,310,"Fruit/seed consumption",2023,1,2,2,2459947,NA,"122053_Fruit/seed consumption","Feeding","CO",9,2023-01-02,"calendar",2,2023,NA,NA,"122053_Fruit/seed consumption_2023"
2803,39.971001,-105.397003,1415,"Sitta","carolinensis","white-breasted nuthatch","Animalia",122053,457,"Insect consumption",2023,5,16,136,2460081,4,"122053_Insect consumption","Feeding","CO",9,2023-05-16,"calendar",136,2023,NA,NA,"122053_Insect consumption_2023"
2803,39.971001,-105.397003,1415,"Sitta","carolinensis","white-breasted nuthatch","Animalia",122053,542,"Feeding (or foraging)",2023,1,2,2,2459947,NA,"122053_Feeding (or foraging)","Feeding","CO",9,2023-01-02,"calendar",2,2023,NA,NA,"122053_Feeding (or foraging)_2023"
25568,45.140465,-93.312943,1113,"Dryobates","pubescens","downy woodpecker","Animalia",123975,542,"Feeding (or foraging)",2023,4,29,119,2460064,5,"123975_Feeding (or foraging)","Feeding","MN",9,2023-04-29,"calendar",119,2023,NA,NA,"123975_Feeding (or foraging)_2023"
22613,32.33926,-110.981728,1088,"Calypte","anna","Anna's hummingbird","Animalia",136792,542,"Feeding (or foraging)",2023,1,10,10,2459955,7,"136792_Feeding (or foraging)","Feeding","AZ",9,2023-01-10,"calendar",10,2023,NA,NA,"136792_Feeding (or foraging)_2023"
27026,43.413593,-70.810211,352,"Archilochus","colubris","ruby-throated hummingbird","Animalia",137519,294,"Singing individuals (birds)",2023,7,22,203,2460148,73,"137519_Singing individuals (birds)","Singing individuals","ME",9,2023-07-22,"calendar",203,2023,NA,NA,"137519_Singing individuals (birds)_2023"
27026,43.413593,-70.810211,352,"Archilochus","colubris","ruby-throated hummingbird","Animalia",137519,295,"Territorial individuals (birds)",2023,5,10,130,2460075,2,"137519_Territorial individuals (birds)","Territorial behavior","ME",9,2023-05-10,"calendar",130,2023,NA,NA,"137519_Territorial individuals (birds)_2023"
27026,43.413593,-70.810211,352,"Archilochus","colubris","ruby-throated hummingbird","Animalia",137519,542,"Feeding (or foraging)",2023,5,7,127,2460072,1,"137519_Feeding (or foraging)","Feeding","ME",9,2023-05-07,"calendar",127,2023,NA,NA,"137519_Feeding (or foraging)_2023"
27026,43.413593,-70.810211,246,"Turdus","migratorius","American robin","Animalia",137607,310,"Fruit/seed consumption",2023,4,13,103,2460048,NA,"137607_Fruit/seed consumption","Feeding","ME",9,2023-04-13,"calendar",103,2023,NA,NA,"137607_Fruit/seed consumption_2023"
27026,43.413593,-70.810211,246,"Turdus","migratorius","American robin","Animalia",137607,457,"Insect consumption",2023,5,10,130,2460075,2,"137607_Insect consumption","Feeding","ME",9,2023-05-10,"calendar",130,2023,NA,NA,"137607_Insect consumption_2023"
27026,43.413593,-70.810211,246,"Turdus","migratorius","American robin","Animalia",137607,542,"Feeding (or foraging)",2023,4,13,103,2460048,NA,"137607_Feeding (or foraging)","Feeding","ME",9,2023-04-13,"calendar",103,2023,NA,NA,"137607_Feeding (or foraging)_2023"
27026,43.413593,-70.810211,360,"Icterus","galbula","Baltimore oriole","Animalia",137608,294,"Singing individuals (birds)",2023,5,6,126,2460071,8,"137608_Singing individuals (birds)","Singing individuals","ME",9,2023-05-06,"calendar",126,2023,NA,NA,"137608_Singing individuals (birds)_2023"
27026,43.413593,-70.810211,360,"Icterus","galbula","Baltimore oriole","Animalia",137608,295,"Territorial individuals (birds)",2023,5,10,130,2460075,4,"137608_Territorial individuals (birds)","Territorial behavior","ME",9,2023-05-10,"calendar",130,2023,NA,NA,"137608_Territorial individuals (birds)_2023"
27026,43.413593,-70.810211,360,"Icterus","galbula","Baltimore oriole","Animalia",137608,340,"Courtship",2023,5,8,128,2460073,10,"137608_Courtship","Mating activity","ME",9,2023-05-08,"calendar",128,2023,NA,NA,"137608_Courtship_2023"
27026,43.413593,-70.810211,360,"Icterus","galbula","Baltimore oriole","Animalia",137608,542,"Feeding (or foraging)",2023,5,6,126,2460071,8,"137608_Feeding (or foraging)","Feeding","ME",9,2023-05-06,"calendar",126,2023,NA,NA,"137608_Feeding (or foraging)_2023"
12064,32.248463,-110.909584,740,"Toxostoma","curvirostre","curve-billed thrasher","Animalia",139416,542,"Feeding (or foraging)",2023,1,12,12,2459957,7,"139416_Feeding (or foraging)","Feeding","AZ",9,2023-01-12,"calendar",12,2023,NA,NA,"139416_Feeding (or foraging)_2023"
12064,32.248463,-110.909584,1223,"Auriparus","flaviceps","verdin","Animalia",139417,294,"Singing individuals (birds)",2023,1,19,19,2459964,7,"139417_Singing individuals (birds)","Singing individuals","AZ",9,2023-01-19,"calendar",19,2023,NA,NA,"139417_Singing individuals (birds)_2023"
12064,32.248463,-110.909584,1223,"Auriparus","flaviceps","verdin","Animalia",139417,542,"Feeding (or foraging)",2023,5,18,138,2460083,5,"139417_Feeding (or foraging)","Feeding","AZ",9,2023-05-18,"calendar",138,2023,NA,NA,"139417_Feeding (or foraging)_2023"
9652,44.768246,-94.155746,245,"Poecile","atricapillus","black-capped chickadee","Animalia",139453,310,"Fruit/seed consumption",2023,1,2,2,2459947,NA,"139453_Fruit/seed consumption","Feeding","MN",9,2023-01-02,"calendar",2,2023,NA,NA,"139453_Fruit/seed consumption_2023"
9652,44.768246,-94.155746,245,"Poecile","atricapillus","black-capped chickadee","Animalia",139453,542,"Feeding (or foraging)",2023,1,2,2,2459947,NA,"139453_Feeding (or foraging)","Feeding","MN",9,2023-01-02,"calendar",2,2023,NA,NA,"139453_Feeding (or foraging)_2023"
27407,38.037094,-122.394722,244,"Charadrius","vociferus","killdeer","Animalia",141455,542,"Feeding (or foraging)",2023,5,29,149,2460094,7,"141455_Feeding (or foraging)","Feeding","CA",9,2023-05-29,"calendar",149,2023,NA,NA,"141455_Feeding (or foraging)_2023"
27407,38.037094,-122.394722,1375,"Anas","platyrhynchos","mallard","Animalia",141456,542,"Feeding (or foraging)",2023,1,2,2,2459947,NA,"141456_Feeding (or foraging)","Feeding","CA",9,2023-01-02,"calendar",2,2023,NA,NA,"141456_Feeding (or foraging)_2023"
27407,38.037094,-122.394722,375,"Zenaida","macroura","mourning dove","Animalia",141460,294,"Singing individuals (birds)",2023,2,20,51,2459996,7,"141460_Singing individuals (birds)","Singing individuals","CA",9,2023-02-20,"calendar",51,2023,NA,NA,"141460_Singing individuals (birds)_2023"
27407,38.037094,-122.394722,376,"Sayornis","nigricans","black phoebe","Animalia",141461,294,"Singing individuals (birds)",2023,5,15,135,2460080,7,"141461_Singing individuals (birds)","Singing individuals","CA",9,2023-05-15,"calendar",135,2023,NA,NA,"141461_Singing individuals (birds)_2023"
27407,38.037094,-122.394722,376,"Sayornis","nigricans","black phoebe","Animalia",141461,457,"Insect consumption",2023,1,30,30,2459975,7,"141461_Insect consumption","Feeding","CA",9,2023-01-30,"calendar",30,2023,NA,NA,"141461_Insect consumption_2023"
27407,38.037094,-122.394722,376,"Sayornis","nigricans","black phoebe","Animalia",141461,542,"Feeding (or foraging)",2023,1,30,30,2459975,7,"141461_Feeding (or foraging)","Feeding","CA",9,2023-01-30,"calendar",30,2023,NA,NA,"141461_Feeding (or foraging)_2023"
22740,38.525036,-121.970711,1654,"Baeolophus","inornatus","oak titmouse","Animalia",148019,457,"Insect consumption",2023,1,28,28,2459973,NA,"148019_Insect consumption","Feeding","CA",9,2023-01-28,"calendar",28,2023,NA,NA,"148019_Insect consumption_2023"
1419,42.011166,-88.503304,246,"Turdus","migratorius","American robin","Animalia",10282,294,"Singing individuals (birds)",2024,3,4,64,2460374,41,"10282_Singing individuals (birds)","Singing individuals","IL",15,2024-03-04,"calendar",64,2024,NA,NA,"10282_Singing individuals (birds)_2024"
1419,42.011166,-88.503304,246,"Turdus","migratorius","American robin","Animalia",10282,457,"Insect consumption",2024,7,23,205,2460515,22,"10282_Insect consumption","Feeding","IL",12,2024-07-23,"calendar",205,2024,NA,NA,"10282_Insect consumption_2024"
1419,42.011166,-88.503304,246,"Turdus","migratorius","American robin","Animalia",10282,542,"Feeding (or foraging)",2024,3,12,72,2460382,8,"10282_Feeding (or foraging)","Feeding","IL",9,2024-03-12,"calendar",72,2024,NA,NA,"10282_Feeding (or foraging)_2024"
1419,42.011166,-88.503304,245,"Poecile","atricapillus","black-capped chickadee","Animalia",10283,294,"Singing individuals (birds)",2024,2,27,58,2460368,35,"10283_Singing individuals (birds)","Singing individuals","IL",14,2024-02-27,"calendar",58,2024,NA,NA,"10283_Singing individuals (birds)_2024"
1419,42.011166,-88.503304,245,"Poecile","atricapillus","black-capped chickadee","Animalia",10283,310,"Fruit/seed consumption",2024,1,8,8,2460318,NA,"10283_Fruit/seed consumption","Feeding","IL",13,2024-01-08,"calendar",8,2024,NA,NA,"10283_Fruit/seed consumption_2024"
5428,48.033489,-122.598724,240,"Spinus","tristis","American goldfinch","Animalia",11347,310,"Fruit/seed consumption",2024,5,1,122,2460432,29,"11347_Fruit/seed consumption","Feeding","WA",14,2024-05-01,"calendar",122,2024,NA,NA,"11347_Fruit/seed consumption_2024"
5428,48.033489,-122.598724,240,"Spinus","tristis","American goldfinch","Animalia",11347,542,"Feeding (or foraging)",2024,5,1,122,2460432,29,"11347_Feeding (or foraging)","Feeding","WA",9,2024-05-01,"calendar",122,2024,NA,NA,"11347_Feeding (or foraging)_2024"
5428,48.033489,-122.598724,245,"Poecile","atricapillus","black-capped chickadee","Animalia",11350,310,"Fruit/seed consumption",2024,5,1,122,2460432,29,"11350_Fruit/seed consumption","Feeding","WA",13,2024-05-01,"calendar",122,2024,NA,NA,"11350_Fruit/seed consumption_2024"
5428,48.033489,-122.598724,362,"Junco","hyemalis","dark-eyed junco","Animalia",11351,310,"Fruit/seed consumption",2024,3,12,72,2460382,45,"11351_Fruit/seed consumption","Feeding","WA",13,2024-03-12,"calendar",72,2024,NA,NA,"11351_Fruit/seed consumption_2024"
5674,44.910587,-70.266861,246,"Turdus","migratorius","American robin","Animalia",12709,542,"Feeding (or foraging)",2024,4,2,93,2460403,NA,"12709_Feeding (or foraging)","Feeding","ME",9,2024-04-02,"calendar",93,2024,NA,NA,"12709_Feeding (or foraging)_2024"
5674,44.910587,-70.266861,352,"Archilochus","colubris","ruby-throated hummingbird","Animalia",12712,295,"Territorial individuals (birds)",2024,5,13,134,2460444,7,"12712_Territorial individuals (birds)","Territorial behavior","ME",9,2024-05-13,"calendar",134,2024,NA,NA,"12712_Territorial individuals (birds)_2024"
5674,44.910587,-70.266861,352,"Archilochus","colubris","ruby-throated hummingbird","Animalia",12712,312,"Flower visitation",2024,5,20,141,2460451,6,"12712_Flower visitation","Feeding","ME",13,2024-05-20,"calendar",141,2024,NA,NA,"12712_Flower visitation_2024"
5674,44.910587,-70.266861,352,"Archilochus","colubris","ruby-throated hummingbird","Animalia",12712,542,"Feeding (or foraging)",2024,5,6,127,2460437,3,"12712_Feeding (or foraging)","Feeding","ME",9,2024-05-06,"calendar",127,2024,NA,NA,"12712_Feeding (or foraging)_2024"
2803,39.971001,-105.397003,246,"Turdus","migratorius","American robin","Animalia",16046,294,"Singing individuals (birds)",2024,3,4,64,2460374,5,"16046_Singing individuals (birds)","Singing individuals","CO",14,2024-03-04,"calendar",64,2024,NA,NA,"16046_Singing individuals (birds)_2024"
2803,39.971001,-105.397003,246,"Turdus","migratorius","American robin","Animalia",16046,310,"Fruit/seed consumption",2024,8,15,228,2460538,5,"16046_Fruit/seed consumption","Feeding","CO",10,2024-08-15,"calendar",228,2024,NA,NA,"16046_Fruit/seed consumption_2024"
2803,39.971001,-105.397003,246,"Turdus","migratorius","American robin","Animalia",16046,457,"Insect consumption",2024,4,9,100,2460410,32,"16046_Insect consumption","Feeding","CO",15,2024-04-09,"calendar",100,2024,NA,NA,"16046_Insect consumption_2024"
2803,39.971001,-105.397003,246,"Turdus","migratorius","American robin","Animalia",16046,542,"Feeding (or foraging)",2024,4,9,100,2460410,32,"16046_Feeding (or foraging)","Feeding","CO",9,2024-04-09,"calendar",100,2024,NA,NA,"16046_Feeding (or foraging)_2024"
2803,39.971001,-105.397003,245,"Poecile","atricapillus","black-capped chickadee","Animalia",16047,294,"Singing individuals (birds)",2024,2,1,32,2460342,NA,"16047_Singing individuals (birds)","Singing individuals","CO",13,2024-02-01,"calendar",32,2024,NA,NA,"16047_Singing individuals (birds)_2024"
2803,39.971001,-105.397003,245,"Poecile","atricapillus","black-capped chickadee","Animalia",16047,310,"Fruit/seed consumption",2024,2,1,32,2460342,NA,"16047_Fruit/seed consumption","Feeding","CO",15,2024-02-01,"calendar",32,2024,NA,NA,"16047_Fruit/seed consumption_2024"
2803,39.971001,-105.397003,245,"Poecile","atricapillus","black-capped chickadee","Animalia",16047,542,"Feeding (or foraging)",2024,2,1,32,2460342,NA,"16047_Feeding (or foraging)","Feeding","CO",9,2024-02-01,"calendar",32,2024,NA,NA,"16047_Feeding (or foraging)_2024"
2803,39.971001,-105.397003,354,"Selasphorus","platycercus","broad-tailed hummingbird","Animalia",16048,295,"Territorial individuals (birds)",2024,5,16,137,2460447,5,"16048_Territorial individuals (birds)","Territorial behavior","CO",9,2024-05-16,"calendar",137,2024,NA,NA,"16048_Territorial individuals (birds)_2024"
2803,39.971001,-105.397003,354,"Selasphorus","platycercus","broad-tailed hummingbird","Animalia",16048,312,"Flower visitation",2024,5,16,137,2460447,5,"16048_Flower visitation","Feeding","CO",15,2024-05-16,"calendar",137,2024,NA,NA,"16048_Flower visitation_2024"
2803,39.971001,-105.397003,354,"Selasphorus","platycercus","broad-tailed hummingbird","Animalia",16048,457,"Insect consumption",2024,5,3,124,2460434,3,"16048_Insect consumption","Feeding","CO",15,2024-05-03,"calendar",124,2024,NA,NA,"16048_Insect consumption_2024"
2803,39.971001,-105.397003,354,"Selasphorus","platycercus","broad-tailed hummingbird","Animalia",16048,542,"Feeding (or foraging)",2024,5,3,124,2460434,3,"16048_Feeding (or foraging)","Feeding","CO",9,2024-05-03,"calendar",124,2024,NA,NA,"16048_Feeding (or foraging)_2024"
2803,39.971001,-105.397003,362,"Junco","hyemalis","dark-eyed junco","Animalia",16213,294,"Singing individuals (birds)",2024,3,4,64,2460374,5,"16213_Singing individuals (birds)","Singing individuals","CO",12,2024-03-04,"calendar",64,2024,NA,NA,"16213_Singing individuals (birds)_2024"
2803,39.971001,-105.397003,362,"Junco","hyemalis","dark-eyed junco","Animalia",16213,310,"Fruit/seed consumption",2024,2,1,32,2460342,NA,"16213_Fruit/seed consumption","Feeding","CO",15,2024-02-01,"calendar",32,2024,NA,NA,"16213_Fruit/seed consumption_2024"
2803,39.971001,-105.397003,362,"Junco","hyemalis","dark-eyed junco","Animalia",16213,457,"Insect consumption",2024,6,1,153,2460463,4,"16213_Insect consumption","Feeding","CO",9,2024-06-01,"calendar",153,2024,NA,NA,"16213_Insect consumption_2024"
2803,39.971001,-105.397003,362,"Junco","hyemalis","dark-eyed junco","Animalia",16213,542,"Feeding (or foraging)",2024,2,1,32,2460342,NA,"16213_Feeding (or foraging)","Feeding","CO",9,2024-02-01,"calendar",32,2024,NA,NA,"16213_Feeding (or foraging)_2024"
6481,42.456135,-72.344215,240,"Spinus","tristis","American goldfinch","Animalia",19034,310,"Fruit/seed consumption",2024,1,29,29,2460339,17,"19034_Fruit/seed consumption","Feeding","MA",10,2024-01-29,"calendar",29,2024,NA,NA,"19034_Fruit/seed consumption_2024"
6481,42.456135,-72.344215,240,"Spinus","tristis","American goldfinch","Animalia",19034,542,"Feeding (or foraging)",2024,1,29,29,2460339,17,"19034_Feeding (or foraging)","Feeding","MA",9,2024-01-29,"calendar",29,2024,NA,NA,"19034_Feeding (or foraging)_2024"
6481,42.456135,-72.344215,246,"Turdus","migratorius","American robin","Animalia",19035,294,"Singing individuals (birds)",2024,2,19,50,2460360,1,"19035_Singing individuals (birds)","Singing individuals","MA",9,2024-02-19,"calendar",50,2024,NA,NA,"19035_Singing individuals (birds)_2024"
6481,42.456135,-72.344215,246,"Turdus","migratorius","American robin","Animalia",19035,542,"Feeding (or foraging)",2024,2,16,47,2460357,3,"19035_Feeding (or foraging)","Feeding","MA",9,2024-02-16,"calendar",47,2024,NA,NA,"19035_Feeding (or foraging)_2024"
6481,42.456135,-72.344215,352,"Archilochus","colubris","ruby-throated hummingbird","Animalia",19040,312,"Flower visitation",2024,7,21,203,2460513,15,"19040_Flower visitation","Feeding","MA",9,2024-07-21,"calendar",203,2024,NA,NA,"19040_Flower visitation_2024"
8418,32.363758,-94.873947,246,"Turdus","migratorius","American robin","Animalia",25349,294,"Singing individuals (birds)",2024,2,22,53,2460363,3,"25349_Singing individuals (birds)","Singing individuals","TX",12,2024-02-22,"calendar",53,2024,NA,NA,"25349_Singing individuals (birds)_2024"
8418,32.363758,-94.873947,246,"Turdus","migratorius","American robin","Animalia",25349,310,"Fruit/seed consumption",2024,12,22,357,2460667,8,"25349_Fruit/seed consumption","Feeding","TX",10,2024-12-22,"calendar",357,2024,NA,NA,"25349_Fruit/seed consumption_2024"
8418,32.363758,-94.873947,246,"Turdus","migratorius","American robin","Animalia",25349,457,"Insect consumption",2024,3,28,88,2460398,4,"25349_Insect consumption","Feeding","TX",12,2024-03-28,"calendar",88,2024,NA,NA,"25349_Insect consumption_2024"
8418,32.363758,-94.873947,1108,"Mimus","polyglottos","northern mockingbird","Animalia",25351,294,"Singing individuals (birds)",2024,2,15,46,2460356,3,"25351_Singing individuals (birds)","Singing individuals","TX",12,2024-02-15,"calendar",46,2024,NA,NA,"25351_Singing individuals (birds)_2024"
8418,32.363758,-94.873947,1108,"Mimus","polyglottos","northern mockingbird","Animalia",25351,310,"Fruit/seed consumption",2024,2,8,39,2460349,4,"25351_Fruit/seed consumption","Feeding","TX",10,2024-02-08,"calendar",39,2024,NA,NA,"25351_Fruit/seed consumption_2024"
8418,32.363758,-94.873947,1108,"Mimus","polyglottos","northern mockingbird","Animalia",25351,457,"Insect consumption",2024,4,7,98,2460408,7,"25351_Insect consumption","Feeding","TX",11,2024-04-07,"calendar",98,2024,NA,NA,"25351_Insect consumption_2024"
8496,46.328629,-96.061256,246,"Turdus","migratorius","American robin","Animalia",25780,310,"Fruit/seed consumption",2024,4,21,112,2460422,NA,"25780_Fruit/seed consumption","Feeding","MN",12,2024-04-21,"calendar",112,2024,NA,NA,"25780_Fruit/seed consumption_2024"
8496,46.328629,-96.061256,245,"Poecile","atricapillus","black-capped chickadee","Animalia",25781,310,"Fruit/seed consumption",2024,2,25,56,2460366,NA,"25781_Fruit/seed consumption","Feeding","MN",14,2024-02-25,"calendar",56,2024,NA,NA,"25781_Fruit/seed consumption_2024"
8496,46.328629,-96.061256,245,"Poecile","atricapillus","black-capped chickadee","Animalia",25781,542,"Feeding (or foraging)",2024,2,25,56,2460366,NA,"25781_Feeding (or foraging)","Feeding","MN",9,2024-02-25,"calendar",56,2024,NA,NA,"25781_Feeding (or foraging)_2024"
8496,46.328629,-96.061256,1104,"Hirundo","rustica","barn swallow","Animalia",25894,542,"Feeding (or foraging)",2024,5,31,152,2460462,25,"25894_Feeding (or foraging)","Feeding","MN",9,2024-05-31,"calendar",152,2024,NA,NA,"25894_Feeding (or foraging)_2024"
8496,46.328629,-96.061256,1113,"Dryobates","pubescens","downy woodpecker","Animalia",25895,310,"Fruit/seed consumption",2024,2,25,56,2460366,NA,"25895_Fruit/seed consumption","Feeding","MN",14,2024-02-25,"calendar",56,2024,NA,NA,"25895_Fruit/seed consumption_2024"
8496,46.328629,-96.061256,1113,"Dryobates","pubescens","downy woodpecker","Animalia",25895,542,"Feeding (or foraging)",2024,2,25,56,2460366,NA,"25895_Feeding (or foraging)","Feeding","MN",9,2024-02-25,"calendar",56,2024,NA,NA,"25895_Feeding (or foraging)_2024"
8496,46.328629,-96.061256,355,"Troglodytes","aedon","house wren","Animalia",25897,294,"Singing individuals (birds)",2024,5,31,152,2460462,25,"25897_Singing individuals (birds)","Singing individuals","MN",10,2024-05-31,"calendar",152,2024,NA,NA,"25897_Singing individuals (birds)_2024"
8496,46.328629,-96.061256,355,"Troglodytes","aedon","house wren","Animalia",25897,298,"Occupied nest",2024,5,31,152,2460462,25,"25897_Occupied nest","Nesting behavior","MN",9,2024-05-31,"calendar",152,2024,NA,NA,"25897_Occupied nest_2024"
8496,46.328629,-96.061256,1090,"Cardinalis","cardinalis","northern cardinal","Animalia",25898,294,"Singing individuals (birds)",2024,4,25,116,2460426,4,"25898_Singing individuals (birds)","Singing individuals","MN",13,2024-04-25,"calendar",116,2024,NA,NA,"25898_Singing individuals (birds)_2024"
8496,46.328629,-96.061256,1090,"Cardinalis","cardinalis","northern cardinal","Animalia",25898,310,"Fruit/seed consumption",2024,2,25,56,2460366,NA,"25898_Fruit/seed consumption","Feeding","MN",13,2024-02-25,"calendar",56,2024,NA,NA,"25898_Fruit/seed consumption_2024"
8496,46.328629,-96.061256,1124,"Tachycineta","bicolor","tree swallow","Animalia",25899,297,"Nest building (birds)",2024,5,6,127,2460437,11,"25899_Nest building (birds)","Nesting behavior","MN",9,2024-05-06,"calendar",127,2024,NA,NA,"25899_Nest building (birds)_2024"
8715,43.522804,-70.802277,352,"Archilochus","colubris","ruby-throated hummingbird","Animalia",28193,542,"Feeding (or foraging)",2024,6,1,153,2460463,7,"28193_Feeding (or foraging)","Feeding","ME",9,2024-06-01,"calendar",153,2024,NA,NA,"28193_Feeding (or foraging)_2024"
8418,32.363758,-94.873947,1096,"Cyanocitta","cristata","blue jay","Animalia",28244,310,"Fruit/seed consumption",2024,1,14,14,2460324,4,"28244_Fruit/seed consumption","Feeding","TX",12,2024-01-14,"calendar",14,2024,NA,NA,"28244_Fruit/seed consumption_2024"
8418,32.363758,-94.873947,1096,"Cyanocitta","cristata","blue jay","Animalia",28244,457,"Insect consumption",2024,4,21,112,2460422,3,"28244_Insect consumption","Feeding","TX",9,2024-04-21,"calendar",112,2024,NA,NA,"28244_Insect consumption_2024"
8418,32.363758,-94.873947,375,"Zenaida","macroura","mourning dove","Animalia",28246,294,"Singing individuals (birds)",2024,4,18,109,2460419,7,"28246_Singing individuals (birds)","Singing individuals","TX",11,2024-04-18,"calendar",109,2024,NA,NA,"28246_Singing individuals (birds)_2024"
8418,32.363758,-94.873947,1090,"Cardinalis","cardinalis","northern cardinal","Animalia",28247,294,"Singing individuals (birds)",2024,1,25,25,2460335,4,"28247_Singing individuals (birds)","Singing individuals","TX",11,2024-01-25,"calendar",25,2024,NA,NA,"28247_Singing individuals (birds)_2024"
8418,32.363758,-94.873947,1090,"Cardinalis","cardinalis","northern cardinal","Animalia",28247,310,"Fruit/seed consumption",2024,1,4,4,2460314,NA,"28247_Fruit/seed consumption","Feeding","TX",12,2024-01-04,"calendar",4,2024,NA,NA,"28247_Fruit/seed consumption_2024"
8418,32.363758,-94.873947,1090,"Cardinalis","cardinalis","northern cardinal","Animalia",28247,457,"Insect consumption",2024,2,22,53,2460363,3,"28247_Insect consumption","Feeding","TX",10,2024-02-22,"calendar",53,2024,NA,NA,"28247_Insect consumption_2024"
8418,32.363758,-94.873947,352,"Archilochus","colubris","ruby-throated hummingbird","Animalia",30980,312,"Flower visitation",2024,5,16,137,2460447,4,"30980_Flower visitation","Feeding","TX",12,2024-05-16,"calendar",137,2024,NA,NA,"30980_Flower visitation_2024"
8496,46.328629,-96.061256,1096,"Cyanocitta","cristata","blue jay","Animalia",32294,310,"Fruit/seed consumption",2024,2,25,56,2460366,NA,"32294_Fruit/seed consumption","Feeding","MN",14,2024-02-25,"calendar",56,2024,NA,NA,"32294_Fruit/seed consumption_2024"
8496,46.328629,-96.061256,1096,"Cyanocitta","cristata","blue jay","Animalia",32294,542,"Feeding (or foraging)",2024,2,25,56,2460366,NA,"32294_Feeding (or foraging)","Feeding","MN",9,2024-02-25,"calendar",56,2024,NA,NA,"32294_Feeding (or foraging)_2024"
8496,46.328629,-96.061256,362,"Junco","hyemalis","dark-eyed junco","Animalia",32295,310,"Fruit/seed consumption",2024,2,25,56,2460366,NA,"32295_Fruit/seed consumption","Feeding","MN",13,2024-02-25,"calendar",56,2024,NA,NA,"32295_Fruit/seed consumption_2024"
8496,46.328629,-96.061256,1110,"Passer","domesticus","house sparrow","Animalia",32297,310,"Fruit/seed consumption",2024,2,25,56,2460366,NA,"32297_Fruit/seed consumption","Feeding","MN",14,2024-02-25,"calendar",56,2024,NA,NA,"32297_Fruit/seed consumption_2024"
8496,46.328629,-96.061256,1110,"Passer","domesticus","house sparrow","Animalia",32297,542,"Feeding (or foraging)",2024,2,25,56,2460366,NA,"32297_Feeding (or foraging)","Feeding","MN",9,2024-02-25,"calendar",56,2024,NA,NA,"32297_Feeding (or foraging)_2024"
8418,32.363758,-94.873947,362,"Junco","hyemalis","dark-eyed junco","Animalia",33174,310,"Fruit/seed consumption",2024,1,14,14,2460324,4,"33174_Fruit/seed consumption","Feeding","TX",11,2024-01-14,"calendar",14,2024,NA,NA,"33174_Fruit/seed consumption_2024"
8418,32.363758,-94.873947,240,"Spinus","tristis","American goldfinch","Animalia",33798,310,"Fruit/seed consumption",2024,1,18,18,2460328,4,"33798_Fruit/seed consumption","Feeding","TX",11,2024-01-18,"calendar",18,2024,NA,NA,"33798_Fruit/seed consumption_2024"
6091,34.11578,-118.757507,376,"Sayornis","nigricans","black phoebe","Animalia",33829,457,"Insect consumption",2024,2,24,55,2460365,30,"33829_Insect consumption","Feeding","CA",9,2024-02-24,"calendar",55,2024,NA,NA,"33829_Insect consumption_2024"
8496,46.328629,-96.061256,240,"Spinus","tristis","American goldfinch","Animalia",34922,310,"Fruit/seed consumption",2024,2,25,56,2460366,NA,"34922_Fruit/seed consumption","Feeding","MN",12,2024-02-25,"calendar",56,2024,NA,NA,"34922_Fruit/seed consumption_2024"
8418,32.363758,-94.873947,1110,"Passer","domesticus","house sparrow","Animalia",35674,294,"Singing individuals (birds)",2024,1,10,10,2460320,3,"35674_Singing individuals (birds)","Singing individuals","TX",9,2024-01-10,"calendar",10,2024,NA,NA,"35674_Singing individuals (birds)_2024"
8418,32.363758,-94.873947,1110,"Passer","domesticus","house sparrow","Animalia",35674,310,"Fruit/seed consumption",2024,1,4,4,2460314,NA,"35674_Fruit/seed consumption","Feeding","TX",11,2024-01-04,"calendar",4,2024,NA,NA,"35674_Fruit/seed consumption_2024"
10145,42.602543,-83.250992,246,"Turdus","migratorius","American robin","Animalia",38840,310,"Fruit/seed consumption",2024,3,20,80,2460390,1,"38840_Fruit/seed consumption","Feeding","MI",9,2024-03-20,"calendar",80,2024,NA,NA,"38840_Fruit/seed consumption_2024"
10145,42.602543,-83.250992,362,"Junco","hyemalis","dark-eyed junco","Animalia",38878,294,"Singing individuals (birds)",2024,2,22,53,2460363,1,"38878_Singing individuals (birds)","Singing individuals","MI",11,2024-02-22,"calendar",53,2024,NA,NA,"38878_Singing individuals (birds)_2024"
10145,42.602543,-83.250992,359,"Agelaius","phoeniceus","red-winged blackbird","Animalia",38946,294,"Singing individuals (birds)",2024,2,22,53,2460363,1,"38946_Singing individuals (birds)","Singing individuals","MI",11,2024-02-22,"calendar",53,2024,NA,NA,"38946_Singing individuals (birds)_2024"
9652,44.768246,-94.155746,246,"Turdus","migratorius","American robin","Animalia",40107,294,"Singing individuals (birds)",2024,3,6,66,2460376,4,"40107_Singing individuals (birds)","Singing individuals","MN",13,2024-03-06,"calendar",66,2024,NA,NA,"40107_Singing individuals (birds)_2024"
9652,44.768246,-94.155746,246,"Turdus","migratorius","American robin","Animalia",40107,295,"Territorial individuals (birds)",2024,1,19,19,2460329,10,"40107_Territorial individuals (birds)","Territorial behavior","MN",9,2024-01-19,"calendar",19,2024,NA,NA,"40107_Territorial individuals (birds)_2024"
9652,44.768246,-94.155746,246,"Turdus","migratorius","American robin","Animalia",40107,297,"Nest building (birds)",2024,4,12,103,2460413,1,"40107_Nest building (birds)","Nesting behavior","MN",11,2024-04-12,"calendar",103,2024,NA,NA,"40107_Nest building (birds)_2024"
9652,44.768246,-94.155746,246,"Turdus","migratorius","American robin","Animalia",40107,308,"Fledged young (altricial birds)",2024,5,18,139,2460449,1,"40107_Fledged young (altricial birds)","Young observed","MN",9,2024-05-18,"calendar",139,2024,NA,NA,"40107_Fledged young (altricial birds)_2024"
9652,44.768246,-94.155746,246,"Turdus","migratorius","American robin","Animalia",40107,310,"Fruit/seed consumption",2024,1,9,9,2460319,NA,"40107_Fruit/seed consumption","Feeding","MN",13,2024-01-09,"calendar",9,2024,NA,NA,"40107_Fruit/seed consumption_2024"
9652,44.768246,-94.155746,246,"Turdus","migratorius","American robin","Animalia",40107,457,"Insect consumption",2024,3,2,62,2460372,43,"40107_Insect consumption","Feeding","MN",13,2024-03-02,"calendar",62,2024,NA,NA,"40107_Insect consumption_2024"
9652,44.768246,-94.155746,246,"Turdus","migratorius","American robin","Animalia",40107,542,"Feeding (or foraging)",2024,1,9,9,2460319,NA,"40107_Feeding (or foraging)","Feeding","MN",9,2024-01-09,"calendar",9,2024,NA,NA,"40107_Feeding (or foraging)_2024"
9652,44.768246,-94.155746,240,"Spinus","tristis","American goldfinch","Animalia",40108,310,"Fruit/seed consumption",2024,6,19,171,2460481,5,"40108_Fruit/seed consumption","Feeding","MN",9,2024-06-19,"calendar",171,2024,NA,NA,"40108_Fruit/seed consumption_2024"
9652,44.768246,-94.155746,240,"Spinus","tristis","American goldfinch","Animalia",40108,542,"Feeding (or foraging)",2024,6,19,171,2460481,5,"40108_Feeding (or foraging)","Feeding","MN",9,2024-06-19,"calendar",171,2024,NA,NA,"40108_Feeding (or foraging)_2024"
9652,44.768246,-94.155746,375,"Zenaida","macroura","mourning dove","Animalia",40109,294,"Singing individuals (birds)",2024,4,15,106,2460416,NA,"40109_Singing individuals (birds)","Singing individuals","MN",11,2024-04-15,"calendar",106,2024,NA,NA,"40109_Singing individuals (birds)_2024"
8418,32.363758,-94.873947,1113,"Dryobates","pubescens","downy woodpecker","Animalia",41679,310,"Fruit/seed consumption",2024,1,14,14,2460324,4,"41679_Fruit/seed consumption","Feeding","TX",11,2024-01-14,"calendar",14,2024,NA,NA,"41679_Fruit/seed consumption_2024"
10717,38.285664,-111.246605,246,"Turdus","migratorius","American robin","Animalia",42593,294,"Singing individuals (birds)",2024,7,19,201,2460511,28,"42593_Singing individuals (birds)","Singing individuals","UT",9,2024-07-19,"calendar",201,2024,NA,NA,"42593_Singing individuals (birds)_2024"
10717,38.285664,-111.246605,246,"Turdus","migratorius","American robin","Animalia",42593,457,"Insect consumption",2024,7,19,201,2460511,28,"42593_Insect consumption","Feeding","UT",9,2024-07-19,"calendar",201,2024,NA,NA,"42593_Insect consumption_2024"
1419,42.011166,-88.503304,1117,"Sayornis","phoebe","eastern phoebe","Animalia",44642,457,"Insect consumption",2024,4,12,103,2460413,3,"44642_Insect consumption","Feeding","IL",9,2024-04-12,"calendar",103,2024,NA,NA,"44642_Insect consumption_2024"
11313,44.201355,-92.646301,1090,"Cardinalis","cardinalis","northern cardinal","Animalia",46661,294,"Singing individuals (birds)",2024,3,2,62,2460372,7,"46661_Singing individuals (birds)","Singing individuals","MN",10,2024-03-02,"calendar",62,2024,NA,NA,"46661_Singing individuals (birds)_2024"
8418,32.363758,-94.873947,1126,"Thryothorus","ludovicianus","Carolina wren","Animalia",46734,310,"Fruit/seed consumption",2024,1,4,4,2460314,NA,"46734_Fruit/seed consumption","Feeding","TX",10,2024-01-04,"calendar",4,2024,NA,NA,"46734_Fruit/seed consumption_2024"
11598,43.073357,-71.150681,243,"Gavia","immer","common loon","Animalia",48357,298,"Occupied nest",2024,6,16,168,2460478,22,"48357_Occupied nest","Nesting behavior","NH",9,2024-06-16,"calendar",168,2024,NA,NA,"48357_Occupied nest_2024"
11598,43.073357,-71.150681,243,"Gavia","immer","common loon","Animalia",48357,542,"Feeding (or foraging)",2024,5,4,125,2460435,7,"48357_Feeding (or foraging)","Feeding","NH",9,2024-05-04,"calendar",125,2024,NA,NA,"48357_Feeding (or foraging)_2024"
12064,32.248463,-110.909584,1088,"Calypte","anna","Anna's hummingbird","Animalia",50759,312,"Flower visitation",2024,3,7,67,2460377,NA,"50759_Flower visitation","Feeding","AZ",9,2024-03-07,"calendar",67,2024,NA,NA,"50759_Flower visitation_2024"
12064,32.248463,-110.909584,1088,"Calypte","anna","Anna's hummingbird","Animalia",50759,542,"Feeding (or foraging)",2024,3,7,67,2460377,NA,"50759_Feeding (or foraging)","Feeding","AZ",9,2024-03-07,"calendar",67,2024,NA,NA,"50759_Feeding (or foraging)_2024"
8418,32.363758,-94.873947,741,"Regulus","calendula","ruby-crowned kinglet","Animalia",60925,310,"Fruit/seed consumption",2024,12,22,357,2460667,8,"60925_Fruit/seed consumption","Feeding","TX",9,2024-12-22,"calendar",357,2024,NA,NA,"60925_Fruit/seed consumption_2024"
8418,32.363758,-94.873947,739,"Zonotrichia","albicollis","white-throated sparrow","Animalia",60926,310,"Fruit/seed consumption",2024,1,7,7,2460317,3,"60926_Fruit/seed consumption","Feeding","TX",9,2024-01-07,"calendar",7,2024,NA,NA,"60926_Fruit/seed consumption_2024"
5428,48.033489,-122.598724,1088,"Calypte","anna","Anna's hummingbird","Animalia",60981,312,"Flower visitation",2024,3,12,72,2460382,45,"60981_Flower visitation","Feeding","WA",10,2024-03-12,"calendar",72,2024,NA,NA,"60981_Flower visitation_2024"
5428,48.033489,-122.598724,1119,"Selasphorus","rufus","rufous hummingbird","Animalia",60984,312,"Flower visitation",2024,3,14,74,2460384,2,"60984_Flower visitation","Feeding","WA",9,2024-03-14,"calendar",74,2024,NA,NA,"60984_Flower visitation_2024"
5428,48.033489,-122.598724,1119,"Selasphorus","rufus","rufous hummingbird","Animalia",60984,542,"Feeding (or foraging)",2024,3,14,74,2460384,2,"60984_Feeding (or foraging)","Feeding","WA",9,2024-03-14,"calendar",74,2024,NA,NA,"60984_Feeding (or foraging)_2024"
8418,32.363758,-94.873947,359,"Agelaius","phoeniceus","red-winged blackbird","Animalia",62147,310,"Fruit/seed consumption",2024,1,14,14,2460324,4,"62147_Fruit/seed consumption","Feeding","TX",10,2024-01-14,"calendar",14,2024,NA,NA,"62147_Fruit/seed consumption_2024"
8418,32.363758,-94.873947,1233,"Poecile","carolinensis","Carolina chickadee","Animalia",63335,310,"Fruit/seed consumption",2024,1,4,4,2460314,NA,"63335_Fruit/seed consumption","Feeding","TX",10,2024-01-04,"calendar",4,2024,NA,NA,"63335_Fruit/seed consumption_2024"
10145,42.602543,-83.250992,1224,"Branta","canadensis","Canada goose","Animalia",64229,541,"Fledged young (precocial birds)",2024,6,13,165,2460475,1,"64229_Fledged young (precocial birds)","Young observed","MI",9,2024-06-13,"calendar",165,2024,NA,NA,"64229_Fledged young (precocial birds)_2024"
8418,32.363758,-94.873947,363,"Molothrus","ater","brown-headed cowbird","Animalia",64379,310,"Fruit/seed consumption",2024,3,3,63,2460373,3,"64379_Fruit/seed consumption","Feeding","TX",9,2024-03-03,"calendar",63,2024,NA,NA,"64379_Fruit/seed consumption_2024"
17414,42.936153,-73.433449,1124,"Tachycineta","bicolor","tree swallow","Animalia",66940,297,"Nest building (birds)",2024,4,9,100,2460410,2,"66940_Nest building (birds)","Nesting behavior","NY",9,2024-04-09,"calendar",100,2024,NA,NA,"66940_Nest building (birds)_2024"
17414,42.936153,-73.433449,1124,"Tachycineta","bicolor","tree swallow","Animalia",66940,298,"Occupied nest",2024,4,9,100,2460410,2,"66940_Occupied nest","Nesting behavior","NY",9,2024-04-09,"calendar",100,2024,NA,NA,"66940_Occupied nest_2024"
17414,42.936153,-73.433449,1124,"Tachycineta","bicolor","tree swallow","Animalia",66940,457,"Insect consumption",2024,4,1,92,2460402,2,"66940_Insect consumption","Feeding","NY",9,2024-04-01,"calendar",92,2024,NA,NA,"66940_Insect consumption_2024"
17414,42.936153,-73.433449,1124,"Tachycineta","bicolor","tree swallow","Animalia",66940,542,"Feeding (or foraging)",2024,4,1,92,2460402,2,"66940_Feeding (or foraging)","Feeding","NY",9,2024-04-01,"calendar",92,2024,NA,NA,"66940_Feeding (or foraging)_2024"
17707,37.360123,-122.128151,1229,"Melanerpes","formicivorus","acorn woodpecker","Animalia",68607,311,"Nut gathering",2024,2,8,39,2460349,2,"68607_Nut gathering","Feeding","CA",9,2024-02-08,"calendar",39,2024,NA,NA,"68607_Nut gathering_2024"
17707,37.360123,-122.128151,362,"Junco","hyemalis","dark-eyed junco","Animalia",68613,294,"Singing individuals (birds)",2024,4,30,121,2460431,NA,"68613_Singing individuals (birds)","Singing individuals","CA",11,2024-04-30,"calendar",121,2024,NA,NA,"68613_Singing individuals (birds)_2024"
9652,44.768246,-94.155746,1090,"Cardinalis","cardinalis","northern cardinal","Animalia",69510,294,"Singing individuals (birds)",2024,2,19,50,2460360,24,"69510_Singing individuals (birds)","Singing individuals","MN",11,2024-02-19,"calendar",50,2024,NA,NA,"69510_Singing individuals (birds)_2024"
9652,44.768246,-94.155746,1090,"Cardinalis","cardinalis","northern cardinal","Animalia",69510,310,"Fruit/seed consumption",2024,1,9,9,2460319,NA,"69510_Fruit/seed consumption","Feeding","MN",10,2024-01-09,"calendar",9,2024,NA,NA,"69510_Fruit/seed consumption_2024"
9652,44.768246,-94.155746,1090,"Cardinalis","cardinalis","northern cardinal","Animalia",69510,542,"Feeding (or foraging)",2024,1,9,9,2460319,NA,"69510_Feeding (or foraging)","Feeding","MN",9,2024-01-09,"calendar",9,2024,NA,NA,"69510_Feeding (or foraging)_2024"
12725,37.360928,-122.130836,1088,"Calypte","anna","Anna's hummingbird","Animalia",71544,294,"Singing individuals (birds)",2024,1,11,11,2460321,NA,"71544_Singing individuals (birds)","Singing individuals","CA",9,2024-01-11,"calendar",11,2024,NA,NA,"71544_Singing individuals (birds)_2024"
12725,37.360928,-122.130836,1088,"Calypte","anna","Anna's hummingbird","Animalia",71544,312,"Flower visitation",2024,1,25,25,2460335,2,"71544_Flower visitation","Feeding","CA",9,2024-01-25,"calendar",25,2024,NA,NA,"71544_Flower visitation_2024"
6099,34.119007,-118.760071,1229,"Melanerpes","formicivorus","acorn woodpecker","Animalia",72367,457,"Insect consumption",2024,4,4,95,2460405,6,"72367_Insect consumption","Feeding","CA",11,2024-04-04,"calendar",95,2024,NA,NA,"72367_Insect consumption_2024"
6091,34.11578,-118.757507,1229,"Melanerpes","formicivorus","acorn woodpecker","Animalia",72369,542,"Feeding (or foraging)",2024,2,24,55,2460365,9,"72369_Feeding (or foraging)","Feeding","CA",9,2024-02-24,"calendar",55,2024,NA,NA,"72369_Feeding (or foraging)_2024"
19944,33.66478,-117.843063,1088,"Calypte","anna","Anna's hummingbird","Animalia",81455,294,"Singing individuals (birds)",2024,1,8,8,2460318,NA,"81455_Singing individuals (birds)","Singing individuals","CA",11,2024-01-08,"calendar",8,2024,NA,NA,"81455_Singing individuals (birds)_2024"
19944,33.66478,-117.843063,1088,"Calypte","anna","Anna's hummingbird","Animalia",81455,295,"Territorial individuals (birds)",2024,1,8,8,2460318,NA,"81455_Territorial individuals (birds)","Territorial behavior","CA",9,2024-01-08,"calendar",8,2024,NA,NA,"81455_Territorial individuals (birds)_2024"
19944,33.66478,-117.843063,1088,"Calypte","anna","Anna's hummingbird","Animalia",81455,312,"Flower visitation",2024,7,26,208,2460518,18,"81455_Flower visitation","Feeding","CA",11,2024-07-26,"calendar",208,2024,NA,NA,"81455_Flower visitation_2024"
19944,33.66478,-117.843063,1088,"Calypte","anna","Anna's hummingbird","Animalia",81455,457,"Insect consumption",2024,8,23,236,2460546,28,"81455_Insect consumption","Feeding","CA",11,2024-08-23,"calendar",236,2024,NA,NA,"81455_Insect consumption_2024"
19944,33.66478,-117.843063,1088,"Calypte","anna","Anna's hummingbird","Animalia",81455,542,"Feeding (or foraging)",2024,3,29,89,2460399,19,"81455_Feeding (or foraging)","Feeding","CA",9,2024-03-29,"calendar",89,2024,NA,NA,"81455_Feeding (or foraging)_2024"
19944,33.66478,-117.843063,376,"Sayornis","nigricans","black phoebe","Animalia",81456,294,"Singing individuals (birds)",2024,1,26,26,2460336,9,"81456_Singing individuals (birds)","Singing individuals","CA",11,2024-01-26,"calendar",26,2024,NA,NA,"81456_Singing individuals (birds)_2024"
19944,33.66478,-117.843063,376,"Sayornis","nigricans","black phoebe","Animalia",81456,295,"Territorial individuals (birds)",2024,2,8,39,2460349,4,"81456_Territorial individuals (birds)","Territorial behavior","CA",9,2024-02-08,"calendar",39,2024,NA,NA,"81456_Territorial individuals (birds)_2024"
19944,33.66478,-117.843063,376,"Sayornis","nigricans","black phoebe","Animalia",81456,457,"Insect consumption",2024,2,23,54,2460364,3,"81456_Insect consumption","Feeding","CA",11,2024-02-23,"calendar",54,2024,NA,NA,"81456_Insect consumption_2024"
19944,33.66478,-117.843063,376,"Sayornis","nigricans","black phoebe","Animalia",81456,542,"Feeding (or foraging)",2024,1,26,26,2460336,9,"81456_Feeding (or foraging)","Feeding","CA",9,2024-01-26,"calendar",26,2024,NA,NA,"81456_Feeding (or foraging)_2024"
19944,33.66478,-117.843063,242,"Petrochelidon","pyrrhonota","cliff swallow","Animalia",81457,294,"Singing individuals (birds)",2024,3,29,89,2460399,9,"81457_Singing individuals (birds)","Singing individuals","CA",10,2024-03-29,"calendar",89,2024,NA,NA,"81457_Singing individuals (birds)_2024"
19944,33.66478,-117.843063,242,"Petrochelidon","pyrrhonota","cliff swallow","Animalia",81457,297,"Nest building (birds)",2024,4,8,99,2460409,10,"81457_Nest building (birds)","Nesting behavior","CA",10,2024-04-08,"calendar",99,2024,NA,NA,"81457_Nest building (birds)_2024"
19944,33.66478,-117.843063,242,"Petrochelidon","pyrrhonota","cliff swallow","Animalia",81457,298,"Occupied nest",2024,5,13,134,2460444,17,"81457_Occupied nest","Nesting behavior","CA",9,2024-05-13,"calendar",134,2024,NA,NA,"81457_Occupied nest_2024"
19944,33.66478,-117.843063,242,"Petrochelidon","pyrrhonota","cliff swallow","Animalia",81457,542,"Feeding (or foraging)",2024,2,20,51,2460361,12,"81457_Feeding (or foraging)","Feeding","CA",9,2024-02-20,"calendar",51,2024,NA,NA,"81457_Feeding (or foraging)_2024"
19944,33.66478,-117.843063,1197,"Geothlypis","trichas","common yellowthroat","Animalia",81458,294,"Singing individuals (birds)",2024,1,26,26,2460336,9,"81458_Singing individuals (birds)","Singing individuals","CA",11,2024-01-26,"calendar",26,2024,NA,NA,"81458_Singing individuals (birds)_2024"
19944,33.66478,-117.843063,1197,"Geothlypis","trichas","common yellowthroat","Animalia",81458,295,"Territorial individuals (birds)",2024,2,23,54,2460364,3,"81458_Territorial individuals (birds)","Territorial behavior","CA",9,2024-02-23,"calendar",54,2024,NA,NA,"81458_Territorial individuals (birds)_2024"
19944,33.66478,-117.843063,1197,"Geothlypis","trichas","common yellowthroat","Animalia",81458,542,"Feeding (or foraging)",2024,1,8,8,2460318,NA,"81458_Feeding (or foraging)","Feeding","CA",9,2024-01-08,"calendar",8,2024,NA,NA,"81458_Feeding (or foraging)_2024"
19944,33.66478,-117.843063,370,"Ardea","herodias","great blue heron","Animalia",81459,542,"Feeding (or foraging)",2024,2,23,54,2460364,3,"81459_Feeding (or foraging)","Feeding","CA",9,2024-02-23,"calendar",54,2024,NA,NA,"81459_Feeding (or foraging)_2024"
19944,33.66478,-117.843063,244,"Charadrius","vociferus","killdeer","Animalia",81460,295,"Territorial individuals (birds)",2024,2,23,54,2460364,3,"81460_Territorial individuals (birds)","Territorial behavior","CA",9,2024-02-23,"calendar",54,2024,NA,NA,"81460_Territorial individuals (birds)_2024"
19944,33.66478,-117.843063,244,"Charadrius","vociferus","killdeer","Animalia",81460,542,"Feeding (or foraging)",2024,4,26,117,2460427,18,"81460_Feeding (or foraging)","Feeding","CA",9,2024-04-26,"calendar",117,2024,NA,NA,"81460_Feeding (or foraging)_2024"
19944,33.66478,-117.843063,248,"Pandion","haliaetus","osprey","Animalia",81461,297,"Nest building (birds)",2024,5,21,142,2460452,8,"81461_Nest building (birds)","Nesting behavior","CA",9,2024-05-21,"calendar",142,2024,NA,NA,"81461_Nest building (birds)_2024"
19944,33.66478,-117.843063,248,"Pandion","haliaetus","osprey","Animalia",81461,298,"Occupied nest",2024,4,8,99,2460409,10,"81461_Occupied nest","Nesting behavior","CA",9,2024-04-08,"calendar",99,2024,NA,NA,"81461_Occupied nest_2024"
19944,33.66478,-117.843063,248,"Pandion","haliaetus","osprey","Animalia",81461,542,"Feeding (or foraging)",2024,2,8,39,2460349,4,"81461_Feeding (or foraging)","Feeding","CA",9,2024-02-08,"calendar",39,2024,NA,NA,"81461_Feeding (or foraging)_2024"
19944,33.66478,-117.843063,373,"Actitis","macularius","spotted sandpiper","Animalia",81462,542,"Feeding (or foraging)",2024,1,17,17,2460327,9,"81462_Feeding (or foraging)","Feeding","CA",9,2024-01-17,"calendar",17,2024,NA,NA,"81462_Feeding (or foraging)_2024"
8418,32.363758,-94.873947,1377,"Baeolophus","bicolor","tufted titmouse","Animalia",85005,310,"Fruit/seed consumption",2024,1,4,4,2460314,NA,"85005_Fruit/seed consumption","Feeding","TX",9,2024-01-04,"calendar",4,2024,NA,NA,"85005_Fruit/seed consumption_2024"
17414,42.936153,-73.433449,1197,"Geothlypis","trichas","common yellowthroat","Animalia",86970,294,"Singing individuals (birds)",2024,5,8,129,2460439,1,"86970_Singing individuals (birds)","Singing individuals","NY",11,2024-05-08,"calendar",129,2024,NA,NA,"86970_Singing individuals (birds)_2024"
20765,33.632149,-117.55545,1229,"Melanerpes","formicivorus","acorn woodpecker","Animalia",88470,311,"Nut gathering",2024,1,11,11,2460321,NA,"88470_Nut gathering","Feeding","CA",9,2024-01-11,"calendar",11,2024,NA,NA,"88470_Nut gathering_2024"
20765,33.632149,-117.55545,1088,"Calypte","anna","Anna's hummingbird","Animalia",88471,294,"Singing individuals (birds)",2024,4,18,109,2460419,7,"88471_Singing individuals (birds)","Singing individuals","CA",10,2024-04-18,"calendar",109,2024,NA,NA,"88471_Singing individuals (birds)_2024"
20765,33.632149,-117.55545,1088,"Calypte","anna","Anna's hummingbird","Animalia",88471,312,"Flower visitation",2024,2,18,49,2460359,24,"88471_Flower visitation","Feeding","CA",10,2024-02-18,"calendar",49,2024,NA,NA,"88471_Flower visitation_2024"
20765,33.632149,-117.55545,376,"Sayornis","nigricans","black phoebe","Animalia",88472,457,"Insect consumption",2024,3,17,77,2460387,6,"88472_Insect consumption","Feeding","CA",9,2024-03-17,"calendar",77,2024,NA,NA,"88472_Insect consumption_2024"
20765,33.632149,-117.55545,355,"Troglodytes","aedon","house wren","Animalia",88474,294,"Singing individuals (birds)",2024,2,18,49,2460359,24,"88474_Singing individuals (birds)","Singing individuals","CA",10,2024-02-18,"calendar",49,2024,NA,NA,"88474_Singing individuals (birds)_2024"
20765,33.632149,-117.55545,1380,"Melospiza","melodia","song sparrow","Animalia",88475,294,"Singing individuals (birds)",2024,1,11,11,2460321,NA,"88475_Singing individuals (birds)","Singing individuals","CA",11,2024-01-11,"calendar",11,2024,NA,NA,"88475_Singing individuals (birds)_2024"
20765,33.632149,-117.55545,1091,"Spinus","psaltria","lesser goldfinch","Animalia",88478,294,"Singing individuals (birds)",2024,3,11,71,2460381,4,"88478_Singing individuals (birds)","Singing individuals","CA",9,2024-03-11,"calendar",71,2024,NA,NA,"88478_Singing individuals (birds)_2024"
20956,33.632149,-117.55545,1378,"Chamaea","fasciata","wrentit","Animalia",90118,294,"Singing individuals (birds)",2024,1,6,6,2460316,NA,"90118_Singing individuals (birds)","Singing individuals","CA",11,2024-01-06,"calendar",6,2024,NA,NA,"90118_Singing individuals (birds)_2024"
22740,38.525036,-121.970711,362,"Junco","hyemalis","dark-eyed junco","Animalia",102228,310,"Fruit/seed consumption",2024,1,13,13,2460323,NA,"102228_Fruit/seed consumption","Feeding","CA",9,2024-01-13,"calendar",13,2024,NA,NA,"102228_Fruit/seed consumption_2024"
22740,38.525036,-121.970711,741,"Regulus","calendula","ruby-crowned kinglet","Animalia",102229,457,"Insect consumption",2024,1,13,13,2460323,NA,"102229_Insect consumption","Feeding","CA",9,2024-01-13,"calendar",13,2024,NA,NA,"102229_Insect consumption_2024"
22740,38.525036,-121.970711,357,"Sialia","mexicana","western bluebird","Animalia",102231,457,"Insect consumption",2024,1,13,13,2460323,NA,"102231_Insect consumption","Feeding","CA",9,2024-01-13,"calendar",13,2024,NA,NA,"102231_Insect consumption_2024"
22740,38.525036,-121.970711,1097,"Setophaga","coronata","yellow-rumped warbler","Animalia",102234,457,"Insect consumption",2024,1,13,13,2460323,NA,"102234_Insect consumption","Feeding","CA",9,2024-01-13,"calendar",13,2024,NA,NA,"102234_Insect consumption_2024"
20956,33.632149,-117.55545,1418,"Toxostoma","redivivum","California thrasher","Animalia",102436,294,"Singing individuals (birds)",2024,1,6,6,2460316,NA,"102436_Singing individuals (birds)","Singing individuals","CA",11,2024-01-06,"calendar",6,2024,NA,NA,"102436_Singing individuals (birds)_2024"
22858,38.09404,-122.37149,1380,"Melospiza","melodia","song sparrow","Animalia",103159,294,"Singing individuals (birds)",2024,1,2,2,2460312,NA,"103159_Singing individuals (birds)","Singing individuals","CA",10,2024-01-02,"calendar",2,2024,NA,NA,"103159_Singing individuals (birds)_2024"
22858,38.09404,-122.37149,1380,"Melospiza","melodia","song sparrow","Animalia",103159,310,"Fruit/seed consumption",2024,1,2,2,2460312,NA,"103159_Fruit/seed consumption","Feeding","CA",9,2024-01-02,"calendar",2,2024,NA,NA,"103159_Fruit/seed consumption_2024"
22858,38.09404,-122.37149,1380,"Melospiza","melodia","song sparrow","Animalia",103159,542,"Feeding (or foraging)",2024,1,2,2,2460312,NA,"103159_Feeding (or foraging)","Feeding","CA",9,2024-01-02,"calendar",2,2024,NA,NA,"103159_Feeding (or foraging)_2024"
22858,38.09404,-122.37149,1124,"Tachycineta","bicolor","tree swallow","Animalia",103160,542,"Feeding (or foraging)",2024,2,12,43,2460353,6,"103160_Feeding (or foraging)","Feeding","CA",9,2024-02-12,"calendar",43,2024,NA,NA,"103160_Feeding (or foraging)_2024"
22858,38.09404,-122.37149,357,"Sialia","mexicana","western bluebird","Animalia",103161,457,"Insect consumption",2024,1,15,15,2460325,7,"103161_Insect consumption","Feeding","CA",9,2024-01-15,"calendar",15,2024,NA,NA,"103161_Insect consumption_2024"
22858,38.09404,-122.37149,357,"Sialia","mexicana","western bluebird","Animalia",103161,542,"Feeding (or foraging)",2024,1,15,15,2460325,7,"103161_Feeding (or foraging)","Feeding","CA",9,2024-01-15,"calendar",15,2024,NA,NA,"103161_Feeding (or foraging)_2024"
17414,42.936153,-73.433449,352,"Archilochus","colubris","ruby-throated hummingbird","Animalia",103211,542,"Feeding (or foraging)",2024,5,1,122,2460432,1,"103211_Feeding (or foraging)","Feeding","NY",9,2024-05-01,"calendar",122,2024,NA,NA,"103211_Feeding (or foraging)_2024"
22858,38.09404,-122.37149,1375,"Anas","platyrhynchos","mallard","Animalia",114733,542,"Feeding (or foraging)",2024,4,1,92,2460402,7,"114733_Feeding (or foraging)","Feeding","CA",9,2024-04-01,"calendar",92,2024,NA,NA,"114733_Feeding (or foraging)_2024"
22858,38.09404,-122.37149,359,"Agelaius","phoeniceus","red-winged blackbird","Animalia",114734,294,"Singing individuals (birds)",2024,1,15,15,2460325,7,"114734_Singing individuals (birds)","Singing individuals","CA",9,2024-01-15,"calendar",15,2024,NA,NA,"114734_Singing individuals (birds)_2024"
22858,38.09404,-122.37149,359,"Agelaius","phoeniceus","red-winged blackbird","Animalia",114734,310,"Fruit/seed consumption",2024,1,15,15,2460325,7,"114734_Fruit/seed consumption","Feeding","CA",9,2024-01-15,"calendar",15,2024,NA,NA,"114734_Fruit/seed consumption_2024"
22858,38.09404,-122.37149,359,"Agelaius","phoeniceus","red-winged blackbird","Animalia",114734,542,"Feeding (or foraging)",2024,1,15,15,2460325,7,"114734_Feeding (or foraging)","Feeding","CA",9,2024-01-15,"calendar",15,2024,NA,NA,"114734_Feeding (or foraging)_2024"
22858,38.09404,-122.37149,1088,"Calypte","anna","Anna's hummingbird","Animalia",114826,295,"Territorial individuals (birds)",2024,4,29,120,2460430,7,"114826_Territorial individuals (birds)","Territorial behavior","CA",9,2024-04-29,"calendar",120,2024,NA,NA,"114826_Territorial individuals (birds)_2024"
22858,38.09404,-122.37149,1088,"Calypte","anna","Anna's hummingbird","Animalia",114826,542,"Feeding (or foraging)",2024,1,15,15,2460325,7,"114826_Feeding (or foraging)","Feeding","CA",9,2024-01-15,"calendar",15,2024,NA,NA,"114826_Feeding (or foraging)_2024"
2803,39.971001,-105.397003,1232,"Pica","hudsonia","black-billed magpie","Animalia",122046,310,"Fruit/seed consumption",2024,2,1,32,2460342,NA,"122046_Fruit/seed consumption","Feeding","CO",9,2024-02-01,"calendar",32,2024,NA,NA,"122046_Fruit/seed consumption_2024"
2803,39.971001,-105.397003,1232,"Pica","hudsonia","black-billed magpie","Animalia",122046,457,"Insect consumption",2024,4,15,106,2460416,6,"122046_Insect consumption","Feeding","CO",9,2024-04-15,"calendar",106,2024,NA,NA,"122046_Insect consumption_2024"
2803,39.971001,-105.397003,1232,"Pica","hudsonia","black-billed magpie","Animalia",122046,542,"Feeding (or foraging)",2024,2,1,32,2460342,NA,"122046_Feeding (or foraging)","Feeding","CO",9,2024-02-01,"calendar",32,2024,NA,NA,"122046_Feeding (or foraging)_2024"
2803,39.971001,-105.397003,1113,"Dryobates","pubescens","downy woodpecker","Animalia",122049,310,"Fruit/seed consumption",2024,2,1,32,2460342,NA,"122049_Fruit/seed consumption","Feeding","CO",9,2024-02-01,"calendar",32,2024,NA,NA,"122049_Fruit/seed consumption_2024"
2803,39.971001,-105.397003,1113,"Dryobates","pubescens","downy woodpecker","Animalia",122049,542,"Feeding (or foraging)",2024,2,1,32,2460342,NA,"122049_Feeding (or foraging)","Feeding","CO",9,2024-02-01,"calendar",32,2024,NA,NA,"122049_Feeding (or foraging)_2024"
2803,39.971001,-105.397003,1411,"Poecile","gambeli","mountain chickadee","Animalia",122050,294,"Singing individuals (birds)",2024,2,1,32,2460342,NA,"122050_Singing individuals (birds)","Singing individuals","CO",9,2024-02-01,"calendar",32,2024,NA,NA,"122050_Singing individuals (birds)_2024"
2803,39.971001,-105.397003,1411,"Poecile","gambeli","mountain chickadee","Animalia",122050,310,"Fruit/seed consumption",2024,2,1,32,2460342,NA,"122050_Fruit/seed consumption","Feeding","CO",9,2024-02-01,"calendar",32,2024,NA,NA,"122050_Fruit/seed consumption_2024"
2803,39.971001,-105.397003,1411,"Poecile","gambeli","mountain chickadee","Animalia",122050,542,"Feeding (or foraging)",2024,2,1,32,2460342,NA,"122050_Feeding (or foraging)","Feeding","CO",9,2024-02-01,"calendar",32,2024,NA,NA,"122050_Feeding (or foraging)_2024"
2803,39.971001,-105.397003,359,"Agelaius","phoeniceus","red-winged blackbird","Animalia",122051,294,"Singing individuals (birds)",2024,4,9,100,2460410,32,"122051_Singing individuals (birds)","Singing individuals","CO",9,2024-04-09,"calendar",100,2024,NA,NA,"122051_Singing individuals (birds)_2024"
2803,39.971001,-105.397003,359,"Agelaius","phoeniceus","red-winged blackbird","Animalia",122051,310,"Fruit/seed consumption",2024,4,9,100,2460410,32,"122051_Fruit/seed consumption","Feeding","CO",9,2024-04-09,"calendar",100,2024,NA,NA,"122051_Fruit/seed consumption_2024"
2803,39.971001,-105.397003,359,"Agelaius","phoeniceus","red-winged blackbird","Animalia",122051,542,"Feeding (or foraging)",2024,4,9,100,2460410,32,"122051_Feeding (or foraging)","Feeding","CO",9,2024-04-09,"calendar",100,2024,NA,NA,"122051_Feeding (or foraging)_2024"
2803,39.971001,-105.397003,1398,"Cyanocitta","stelleri","Steller's jay","Animalia",122052,310,"Fruit/seed consumption",2024,2,1,32,2460342,NA,"122052_Fruit/seed consumption","Feeding","CO",9,2024-02-01,"calendar",32,2024,NA,NA,"122052_Fruit/seed consumption_2024"
2803,39.971001,-105.397003,1398,"Cyanocitta","stelleri","Steller's jay","Animalia",122052,457,"Insect consumption",2024,4,9,100,2460410,32,"122052_Insect consumption","Feeding","CO",9,2024-04-09,"calendar",100,2024,NA,NA,"122052_Insect consumption_2024"
2803,39.971001,-105.397003,1398,"Cyanocitta","stelleri","Steller's jay","Animalia",122052,542,"Feeding (or foraging)",2024,2,1,32,2460342,NA,"122052_Feeding (or foraging)","Feeding","CO",9,2024-02-01,"calendar",32,2024,NA,NA,"122052_Feeding (or foraging)_2024"
2803,39.971001,-105.397003,1415,"Sitta","carolinensis","white-breasted nuthatch","Animalia",122053,294,"Singing individuals (birds)",2024,2,1,32,2460342,NA,"122053_Singing individuals (birds)","Singing individuals","CO",9,2024-02-01,"calendar",32,2024,NA,NA,"122053_Singing individuals (birds)_2024"
2803,39.971001,-105.397003,1415,"Sitta","carolinensis","white-breasted nuthatch","Animalia",122053,310,"Fruit/seed consumption",2024,2,1,32,2460342,NA,"122053_Fruit/seed consumption","Feeding","CO",9,2024-02-01,"calendar",32,2024,NA,NA,"122053_Fruit/seed consumption_2024"
2803,39.971001,-105.397003,1415,"Sitta","carolinensis","white-breasted nuthatch","Animalia",122053,457,"Insect consumption",2024,5,16,137,2460447,5,"122053_Insect consumption","Feeding","CO",9,2024-05-16,"calendar",137,2024,NA,NA,"122053_Insect consumption_2024"
2803,39.971001,-105.397003,1415,"Sitta","carolinensis","white-breasted nuthatch","Animalia",122053,542,"Feeding (or foraging)",2024,2,1,32,2460342,NA,"122053_Feeding (or foraging)","Feeding","CO",9,2024-02-01,"calendar",32,2024,NA,NA,"122053_Feeding (or foraging)_2024"
25568,45.140465,-93.312943,1113,"Dryobates","pubescens","downy woodpecker","Animalia",123975,542,"Feeding (or foraging)",2024,4,9,100,2460410,NA,"123975_Feeding (or foraging)","Feeding","MN",9,2024-04-09,"calendar",100,2024,NA,NA,"123975_Feeding (or foraging)_2024"
22613,32.33926,-110.981728,1088,"Calypte","anna","Anna's hummingbird","Animalia",136792,542,"Feeding (or foraging)",2024,1,3,3,2460313,NA,"136792_Feeding (or foraging)","Feeding","AZ",9,2024-01-03,"calendar",3,2024,NA,NA,"136792_Feeding (or foraging)_2024"
27026,43.413593,-70.810211,352,"Archilochus","colubris","ruby-throated hummingbird","Animalia",137519,294,"Singing individuals (birds)",2024,5,26,147,2460457,11,"137519_Singing individuals (birds)","Singing individuals","ME",9,2024-05-26,"calendar",147,2024,NA,NA,"137519_Singing individuals (birds)_2024"
27026,43.413593,-70.810211,352,"Archilochus","colubris","ruby-throated hummingbird","Animalia",137519,295,"Territorial individuals (birds)",2024,5,15,136,2460446,4,"137519_Territorial individuals (birds)","Territorial behavior","ME",9,2024-05-15,"calendar",136,2024,NA,NA,"137519_Territorial individuals (birds)_2024"
27026,43.413593,-70.810211,352,"Archilochus","colubris","ruby-throated hummingbird","Animalia",137519,542,"Feeding (or foraging)",2024,5,11,132,2460442,11,"137519_Feeding (or foraging)","Feeding","ME",9,2024-05-11,"calendar",132,2024,NA,NA,"137519_Feeding (or foraging)_2024"
27026,43.413593,-70.810211,246,"Turdus","migratorius","American robin","Animalia",137607,310,"Fruit/seed consumption",2024,4,14,105,2460415,29,"137607_Fruit/seed consumption","Feeding","ME",9,2024-04-14,"calendar",105,2024,NA,NA,"137607_Fruit/seed consumption_2024"
27026,43.413593,-70.810211,246,"Turdus","migratorius","American robin","Animalia",137607,457,"Insect consumption",2024,5,11,132,2460442,11,"137607_Insect consumption","Feeding","ME",9,2024-05-11,"calendar",132,2024,NA,NA,"137607_Insect consumption_2024"
27026,43.413593,-70.810211,246,"Turdus","migratorius","American robin","Animalia",137607,542,"Feeding (or foraging)",2024,4,14,105,2460415,29,"137607_Feeding (or foraging)","Feeding","ME",9,2024-04-14,"calendar",105,2024,NA,NA,"137607_Feeding (or foraging)_2024"
27026,43.413593,-70.810211,360,"Icterus","galbula","Baltimore oriole","Animalia",137608,294,"Singing individuals (birds)",2024,5,11,132,2460442,11,"137608_Singing individuals (birds)","Singing individuals","ME",9,2024-05-11,"calendar",132,2024,NA,NA,"137608_Singing individuals (birds)_2024"
27026,43.413593,-70.810211,360,"Icterus","galbula","Baltimore oriole","Animalia",137608,295,"Territorial individuals (birds)",2024,5,11,132,2460442,11,"137608_Territorial individuals (birds)","Territorial behavior","ME",9,2024-05-11,"calendar",132,2024,NA,NA,"137608_Territorial individuals (birds)_2024"
27026,43.413593,-70.810211,360,"Icterus","galbula","Baltimore oriole","Animalia",137608,340,"Courtship",2024,5,11,132,2460442,11,"137608_Courtship","Mating activity","ME",9,2024-05-11,"calendar",132,2024,NA,NA,"137608_Courtship_2024"
27026,43.413593,-70.810211,360,"Icterus","galbula","Baltimore oriole","Animalia",137608,542,"Feeding (or foraging)",2024,5,11,132,2460442,11,"137608_Feeding (or foraging)","Feeding","ME",9,2024-05-11,"calendar",132,2024,NA,NA,"137608_Feeding (or foraging)_2024"
12064,32.248463,-110.909584,740,"Toxostoma","curvirostre","curve-billed thrasher","Animalia",139416,542,"Feeding (or foraging)",2024,3,7,67,2460377,NA,"139416_Feeding (or foraging)","Feeding","AZ",9,2024-03-07,"calendar",67,2024,NA,NA,"139416_Feeding (or foraging)_2024"
12064,32.248463,-110.909584,1223,"Auriparus","flaviceps","verdin","Animalia",139417,294,"Singing individuals (birds)",2024,5,16,137,2460447,7,"139417_Singing individuals (birds)","Singing individuals","AZ",9,2024-05-16,"calendar",137,2024,NA,NA,"139417_Singing individuals (birds)_2024"
12064,32.248463,-110.909584,1223,"Auriparus","flaviceps","verdin","Animalia",139417,542,"Feeding (or foraging)",2024,5,2,123,2460433,42,"139417_Feeding (or foraging)","Feeding","AZ",9,2024-05-02,"calendar",123,2024,NA,NA,"139417_Feeding (or foraging)_2024"
9652,44.768246,-94.155746,245,"Poecile","atricapillus","black-capped chickadee","Animalia",139453,310,"Fruit/seed consumption",2024,1,9,9,2460319,NA,"139453_Fruit/seed consumption","Feeding","MN",9,2024-01-09,"calendar",9,2024,NA,NA,"139453_Fruit/seed consumption_2024"
9652,44.768246,-94.155746,245,"Poecile","atricapillus","black-capped chickadee","Animalia",139453,542,"Feeding (or foraging)",2024,1,9,9,2460319,NA,"139453_Feeding (or foraging)","Feeding","MN",9,2024-01-09,"calendar",9,2024,NA,NA,"139453_Feeding (or foraging)_2024"
27407,38.037094,-122.394722,244,"Charadrius","vociferus","killdeer","Animalia",141455,542,"Feeding (or foraging)",2024,4,22,113,2460423,7,"141455_Feeding (or foraging)","Feeding","CA",9,2024-04-22,"calendar",113,2024,NA,NA,"141455_Feeding (or foraging)_2024"
27407,38.037094,-122.394722,1375,"Anas","platyrhynchos","mallard","Animalia",141456,542,"Feeding (or foraging)",2024,1,15,15,2460325,7,"141456_Feeding (or foraging)","Feeding","CA",9,2024-01-15,"calendar",15,2024,NA,NA,"141456_Feeding (or foraging)_2024"
27407,38.037094,-122.394722,375,"Zenaida","macroura","mourning dove","Animalia",141460,294,"Singing individuals (birds)",2024,3,18,78,2460388,7,"141460_Singing individuals (birds)","Singing individuals","CA",9,2024-03-18,"calendar",78,2024,NA,NA,"141460_Singing individuals (birds)_2024"
27407,38.037094,-122.394722,376,"Sayornis","nigricans","black phoebe","Animalia",141461,294,"Singing individuals (birds)",2024,4,29,120,2460430,7,"141461_Singing individuals (birds)","Singing individuals","CA",9,2024-04-29,"calendar",120,2024,NA,NA,"141461_Singing individuals (birds)_2024"
27407,38.037094,-122.394722,376,"Sayornis","nigricans","black phoebe","Animalia",141461,457,"Insect consumption",2024,1,15,15,2460325,7,"141461_Insect consumption","Feeding","CA",9,2024-01-15,"calendar",15,2024,NA,NA,"141461_Insect consumption_2024"
27407,38.037094,-122.394722,376,"Sayornis","nigricans","black phoebe","Animalia",141461,542,"Feeding (or foraging)",2024,1,2,2,2460312,NA,"141461_Feeding (or foraging)","Feeding","CA",9,2024-01-02,"calendar",2,2024,NA,NA,"141461_Feeding (or foraging)_2024"
22740,38.525036,-121.970711,1654,"Baeolophus","inornatus","oak titmouse","Animalia",148019,457,"Insect consumption",2024,1,13,13,2460323,NA,"148019_Insect consumption","Feeding","CA",9,2024-01-13,"calendar",13,2024,NA,NA,"148019_Insect consumption_2024"
1419,42.011166,-88.503304,246,"Turdus","migratorius","American robin","Animalia",10282,294,"Singing individuals (birds)",2025,4,30,120,2460796,23,"10282_Singing individuals (birds)","Singing individuals","IL",15,2025-04-30,"calendar",120,2025,NA,NA,"10282_Singing individuals (birds)_2025"
1419,42.011166,-88.503304,246,"Turdus","migratorius","American robin","Animalia",10282,457,"Insect consumption",2025,4,30,120,2460796,23,"10282_Insect consumption","Feeding","IL",12,2025-04-30,"calendar",120,2025,NA,NA,"10282_Insect consumption_2025"
1419,42.011166,-88.503304,246,"Turdus","migratorius","American robin","Animalia",10282,542,"Feeding (or foraging)",2025,4,30,120,2460796,23,"10282_Feeding (or foraging)","Feeding","IL",9,2025-04-30,"calendar",120,2025,NA,NA,"10282_Feeding (or foraging)_2025"
1419,42.011166,-88.503304,245,"Poecile","atricapillus","black-capped chickadee","Animalia",10283,294,"Singing individuals (birds)",2025,4,30,120,2460796,23,"10283_Singing individuals (birds)","Singing individuals","IL",14,2025-04-30,"calendar",120,2025,NA,NA,"10283_Singing individuals (birds)_2025"
1419,42.011166,-88.503304,245,"Poecile","atricapillus","black-capped chickadee","Animalia",10283,310,"Fruit/seed consumption",2025,1,24,24,2460700,8,"10283_Fruit/seed consumption","Feeding","IL",13,2025-01-24,"calendar",24,2025,NA,NA,"10283_Fruit/seed consumption_2025"
5428,48.033489,-122.598724,240,"Spinus","tristis","American goldfinch","Animalia",11347,310,"Fruit/seed consumption",2025,4,16,106,2460782,NA,"11347_Fruit/seed consumption","Feeding","WA",14,2025-04-16,"calendar",106,2025,NA,NA,"11347_Fruit/seed consumption_2025"
5428,48.033489,-122.598724,240,"Spinus","tristis","American goldfinch","Animalia",11347,542,"Feeding (or foraging)",2025,4,16,106,2460782,NA,"11347_Feeding (or foraging)","Feeding","WA",9,2025-04-16,"calendar",106,2025,NA,NA,"11347_Feeding (or foraging)_2025"
5674,44.910587,-70.266861,246,"Turdus","migratorius","American robin","Animalia",12709,310,"Fruit/seed consumption",2025,3,30,89,2460765,NA,"12709_Fruit/seed consumption","Feeding","ME",12,2025-03-30,"calendar",89,2025,NA,NA,"12709_Fruit/seed consumption_2025"
5674,44.910587,-70.266861,246,"Turdus","migratorius","American robin","Animalia",12709,542,"Feeding (or foraging)",2025,3,30,89,2460765,NA,"12709_Feeding (or foraging)","Feeding","ME",9,2025-03-30,"calendar",89,2025,NA,NA,"12709_Feeding (or foraging)_2025"
5674,44.910587,-70.266861,352,"Archilochus","colubris","ruby-throated hummingbird","Animalia",12712,295,"Territorial individuals (birds)",2025,5,19,139,2460815,7,"12712_Territorial individuals (birds)","Territorial behavior","ME",9,2025-05-19,"calendar",139,2025,NA,NA,"12712_Territorial individuals (birds)_2025"
5674,44.910587,-70.266861,352,"Archilochus","colubris","ruby-throated hummingbird","Animalia",12712,312,"Flower visitation",2025,6,15,166,2460842,7,"12712_Flower visitation","Feeding","ME",13,2025-06-15,"calendar",166,2025,NA,NA,"12712_Flower visitation_2025"
5674,44.910587,-70.266861,352,"Archilochus","colubris","ruby-throated hummingbird","Animalia",12712,542,"Feeding (or foraging)",2025,5,19,139,2460815,7,"12712_Feeding (or foraging)","Feeding","ME",9,2025-05-19,"calendar",139,2025,NA,NA,"12712_Feeding (or foraging)_2025"
2803,39.971001,-105.397003,246,"Turdus","migratorius","American robin","Animalia",16046,294,"Singing individuals (birds)",2025,3,29,88,2460764,7,"16046_Singing individuals (birds)","Singing individuals","CO",14,2025-03-29,"calendar",88,2025,NA,NA,"16046_Singing individuals (birds)_2025"
2803,39.971001,-105.397003,246,"Turdus","migratorius","American robin","Animalia",16046,310,"Fruit/seed consumption",2025,8,16,228,2460904,3,"16046_Fruit/seed consumption","Feeding","CO",10,2025-08-16,"calendar",228,2025,NA,NA,"16046_Fruit/seed consumption_2025"
2803,39.971001,-105.397003,246,"Turdus","migratorius","American robin","Animalia",16046,457,"Insect consumption",2025,3,17,76,2460752,9,"16046_Insect consumption","Feeding","CO",15,2025-03-17,"calendar",76,2025,NA,NA,"16046_Insect consumption_2025"
2803,39.971001,-105.397003,246,"Turdus","migratorius","American robin","Animalia",16046,542,"Feeding (or foraging)",2025,3,17,76,2460752,9,"16046_Feeding (or foraging)","Feeding","CO",9,2025-03-17,"calendar",76,2025,NA,NA,"16046_Feeding (or foraging)_2025"
2803,39.971001,-105.397003,245,"Poecile","atricapillus","black-capped chickadee","Animalia",16047,294,"Singing individuals (birds)",2025,1,5,5,2460681,NA,"16047_Singing individuals (birds)","Singing individuals","CO",13,2025-01-05,"calendar",5,2025,NA,NA,"16047_Singing individuals (birds)_2025"
2803,39.971001,-105.397003,245,"Poecile","atricapillus","black-capped chickadee","Animalia",16047,310,"Fruit/seed consumption",2025,1,5,5,2460681,NA,"16047_Fruit/seed consumption","Feeding","CO",15,2025-01-05,"calendar",5,2025,NA,NA,"16047_Fruit/seed consumption_2025"
2803,39.971001,-105.397003,245,"Poecile","atricapillus","black-capped chickadee","Animalia",16047,542,"Feeding (or foraging)",2025,1,5,5,2460681,NA,"16047_Feeding (or foraging)","Feeding","CO",9,2025-01-05,"calendar",5,2025,NA,NA,"16047_Feeding (or foraging)_2025"
2803,39.971001,-105.397003,354,"Selasphorus","platycercus","broad-tailed hummingbird","Animalia",16048,295,"Territorial individuals (birds)",2025,5,6,126,2460802,11,"16048_Territorial individuals (birds)","Territorial behavior","CO",9,2025-05-06,"calendar",126,2025,NA,NA,"16048_Territorial individuals (birds)_2025"
2803,39.971001,-105.397003,354,"Selasphorus","platycercus","broad-tailed hummingbird","Animalia",16048,312,"Flower visitation",2025,5,24,144,2460820,9,"16048_Flower visitation","Feeding","CO",15,2025-05-24,"calendar",144,2025,NA,NA,"16048_Flower visitation_2025"
2803,39.971001,-105.397003,354,"Selasphorus","platycercus","broad-tailed hummingbird","Animalia",16048,457,"Insect consumption",2025,5,6,126,2460802,11,"16048_Insect consumption","Feeding","CO",15,2025-05-06,"calendar",126,2025,NA,NA,"16048_Insect consumption_2025"
2803,39.971001,-105.397003,354,"Selasphorus","platycercus","broad-tailed hummingbird","Animalia",16048,542,"Feeding (or foraging)",2025,5,6,126,2460802,11,"16048_Feeding (or foraging)","Feeding","CO",9,2025-05-06,"calendar",126,2025,NA,NA,"16048_Feeding (or foraging)_2025"
2803,39.971001,-105.397003,362,"Junco","hyemalis","dark-eyed junco","Animalia",16213,294,"Singing individuals (birds)",2025,3,20,79,2460755,3,"16213_Singing individuals (birds)","Singing individuals","CO",12,2025-03-20,"calendar",79,2025,NA,NA,"16213_Singing individuals (birds)_2025"
2803,39.971001,-105.397003,362,"Junco","hyemalis","dark-eyed junco","Animalia",16213,310,"Fruit/seed consumption",2025,1,5,5,2460681,NA,"16213_Fruit/seed consumption","Feeding","CO",15,2025-01-05,"calendar",5,2025,NA,NA,"16213_Fruit/seed consumption_2025"
2803,39.971001,-105.397003,362,"Junco","hyemalis","dark-eyed junco","Animalia",16213,457,"Insect consumption",2025,2,8,39,2460715,29,"16213_Insect consumption","Feeding","CO",9,2025-02-08,"calendar",39,2025,NA,NA,"16213_Insect consumption_2025"
2803,39.971001,-105.397003,362,"Junco","hyemalis","dark-eyed junco","Animalia",16213,542,"Feeding (or foraging)",2025,1,5,5,2460681,NA,"16213_Feeding (or foraging)","Feeding","CO",9,2025-01-05,"calendar",5,2025,NA,NA,"16213_Feeding (or foraging)_2025"
2803,39.971001,-105.397003,357,"Sialia","mexicana","western bluebird","Animalia",16214,294,"Singing individuals (birds)",2025,4,17,107,2460783,3,"16214_Singing individuals (birds)","Singing individuals","CO",10,2025-04-17,"calendar",107,2025,NA,NA,"16214_Singing individuals (birds)_2025"
6481,42.456135,-72.344215,240,"Spinus","tristis","American goldfinch","Animalia",19034,310,"Fruit/seed consumption",2025,1,5,5,2460681,NA,"19034_Fruit/seed consumption","Feeding","MA",10,2025-01-05,"calendar",5,2025,NA,NA,"19034_Fruit/seed consumption_2025"
6481,42.456135,-72.344215,240,"Spinus","tristis","American goldfinch","Animalia",19034,542,"Feeding (or foraging)",2025,1,5,5,2460681,NA,"19034_Feeding (or foraging)","Feeding","MA",9,2025-01-05,"calendar",5,2025,NA,NA,"19034_Feeding (or foraging)_2025"
6481,42.456135,-72.344215,246,"Turdus","migratorius","American robin","Animalia",19035,294,"Singing individuals (birds)",2025,5,10,130,2460806,3,"19035_Singing individuals (birds)","Singing individuals","MA",9,2025-05-10,"calendar",130,2025,NA,NA,"19035_Singing individuals (birds)_2025"
6481,42.456135,-72.344215,246,"Turdus","migratorius","American robin","Animalia",19035,542,"Feeding (or foraging)",2025,3,6,65,2460741,1,"19035_Feeding (or foraging)","Feeding","MA",9,2025-03-06,"calendar",65,2025,NA,NA,"19035_Feeding (or foraging)_2025"
6481,42.456135,-72.344215,352,"Archilochus","colubris","ruby-throated hummingbird","Animalia",19040,312,"Flower visitation",2025,5,7,127,2460803,6,"19040_Flower visitation","Feeding","MA",9,2025-05-07,"calendar",127,2025,NA,NA,"19040_Flower visitation_2025"
8418,32.363758,-94.873947,246,"Turdus","migratorius","American robin","Animalia",25349,294,"Singing individuals (birds)",2025,1,1,1,2460677,NA,"25349_Singing individuals (birds)","Singing individuals","TX",12,2025-01-01,"calendar",1,2025,NA,NA,"25349_Singing individuals (birds)_2025"
8418,32.363758,-94.873947,246,"Turdus","migratorius","American robin","Animalia",25349,310,"Fruit/seed consumption",2025,1,8,8,2460684,3,"25349_Fruit/seed consumption","Feeding","TX",10,2025-01-08,"calendar",8,2025,NA,NA,"25349_Fruit/seed consumption_2025"
8418,32.363758,-94.873947,246,"Turdus","migratorius","American robin","Animalia",25349,457,"Insect consumption",2025,4,2,92,2460768,2,"25349_Insect consumption","Feeding","TX",12,2025-04-02,"calendar",92,2025,NA,NA,"25349_Insect consumption_2025"
8418,32.363758,-94.873947,1108,"Mimus","polyglottos","northern mockingbird","Animalia",25351,294,"Singing individuals (birds)",2025,1,30,30,2460706,4,"25351_Singing individuals (birds)","Singing individuals","TX",12,2025-01-30,"calendar",30,2025,NA,NA,"25351_Singing individuals (birds)_2025"
8418,32.363758,-94.873947,1108,"Mimus","polyglottos","northern mockingbird","Animalia",25351,310,"Fruit/seed consumption",2025,4,13,103,2460779,4,"25351_Fruit/seed consumption","Feeding","TX",10,2025-04-13,"calendar",103,2025,NA,NA,"25351_Fruit/seed consumption_2025"
8418,32.363758,-94.873947,1108,"Mimus","polyglottos","northern mockingbird","Animalia",25351,457,"Insect consumption",2025,4,6,96,2460772,4,"25351_Insect consumption","Feeding","TX",11,2025-04-06,"calendar",96,2025,NA,NA,"25351_Insect consumption_2025"
8496,46.328629,-96.061256,245,"Poecile","atricapillus","black-capped chickadee","Animalia",25781,310,"Fruit/seed consumption",2025,5,25,145,2460821,NA,"25781_Fruit/seed consumption","Feeding","MN",14,2025-05-25,"calendar",145,2025,NA,NA,"25781_Fruit/seed consumption_2025"
8496,46.328629,-96.061256,245,"Poecile","atricapillus","black-capped chickadee","Animalia",25781,542,"Feeding (or foraging)",2025,5,25,145,2460821,NA,"25781_Feeding (or foraging)","Feeding","MN",9,2025-05-25,"calendar",145,2025,NA,NA,"25781_Feeding (or foraging)_2025"
8496,46.328629,-96.061256,1104,"Hirundo","rustica","barn swallow","Animalia",25894,542,"Feeding (or foraging)",2025,5,25,145,2460821,NA,"25894_Feeding (or foraging)","Feeding","MN",9,2025-05-25,"calendar",145,2025,NA,NA,"25894_Feeding (or foraging)_2025"
8496,46.328629,-96.061256,1113,"Dryobates","pubescens","downy woodpecker","Animalia",25895,310,"Fruit/seed consumption",2025,5,25,145,2460821,NA,"25895_Fruit/seed consumption","Feeding","MN",14,2025-05-25,"calendar",145,2025,NA,NA,"25895_Fruit/seed consumption_2025"
8496,46.328629,-96.061256,1113,"Dryobates","pubescens","downy woodpecker","Animalia",25895,542,"Feeding (or foraging)",2025,5,25,145,2460821,NA,"25895_Feeding (or foraging)","Feeding","MN",9,2025-05-25,"calendar",145,2025,NA,NA,"25895_Feeding (or foraging)_2025"
8496,46.328629,-96.061256,355,"Troglodytes","aedon","house wren","Animalia",25897,294,"Singing individuals (birds)",2025,5,25,145,2460821,NA,"25897_Singing individuals (birds)","Singing individuals","MN",10,2025-05-25,"calendar",145,2025,NA,NA,"25897_Singing individuals (birds)_2025"
8496,46.328629,-96.061256,355,"Troglodytes","aedon","house wren","Animalia",25897,298,"Occupied nest",2025,5,25,145,2460821,NA,"25897_Occupied nest","Nesting behavior","MN",9,2025-05-25,"calendar",145,2025,NA,NA,"25897_Occupied nest_2025"
8715,43.522804,-70.802277,352,"Archilochus","colubris","ruby-throated hummingbird","Animalia",28193,542,"Feeding (or foraging)",2025,5,3,123,2460799,5,"28193_Feeding (or foraging)","Feeding","ME",9,2025-05-03,"calendar",123,2025,NA,NA,"28193_Feeding (or foraging)_2025"
8418,32.363758,-94.873947,1096,"Cyanocitta","cristata","blue jay","Animalia",28244,310,"Fruit/seed consumption",2025,1,8,8,2460684,3,"28244_Fruit/seed consumption","Feeding","TX",12,2025-01-08,"calendar",8,2025,NA,NA,"28244_Fruit/seed consumption_2025"
8418,32.363758,-94.873947,1096,"Cyanocitta","cristata","blue jay","Animalia",28244,457,"Insect consumption",2025,4,6,96,2460772,4,"28244_Insect consumption","Feeding","TX",9,2025-04-06,"calendar",96,2025,NA,NA,"28244_Insect consumption_2025"
8418,32.363758,-94.873947,356,"Sialia","sialis","eastern bluebird","Animalia",28245,457,"Insect consumption",2025,4,9,99,2460775,3,"28245_Insect consumption","Feeding","TX",10,2025-04-09,"calendar",99,2025,NA,NA,"28245_Insect consumption_2025"
8418,32.363758,-94.873947,375,"Zenaida","macroura","mourning dove","Animalia",28246,294,"Singing individuals (birds)",2025,2,9,40,2460716,3,"28246_Singing individuals (birds)","Singing individuals","TX",11,2025-02-09,"calendar",40,2025,NA,NA,"28246_Singing individuals (birds)_2025"
8418,32.363758,-94.873947,1090,"Cardinalis","cardinalis","northern cardinal","Animalia",28247,294,"Singing individuals (birds)",2025,1,5,5,2460681,4,"28247_Singing individuals (birds)","Singing individuals","TX",11,2025-01-05,"calendar",5,2025,NA,NA,"28247_Singing individuals (birds)_2025"
8418,32.363758,-94.873947,1090,"Cardinalis","cardinalis","northern cardinal","Animalia",28247,310,"Fruit/seed consumption",2025,1,1,1,2460677,NA,"28247_Fruit/seed consumption","Feeding","TX",12,2025-01-01,"calendar",1,2025,NA,NA,"28247_Fruit/seed consumption_2025"
8418,32.363758,-94.873947,1090,"Cardinalis","cardinalis","northern cardinal","Animalia",28247,457,"Insect consumption",2025,4,30,120,2460796,7,"28247_Insect consumption","Feeding","TX",10,2025-04-30,"calendar",120,2025,NA,NA,"28247_Insect consumption_2025"
8418,32.363758,-94.873947,352,"Archilochus","colubris","ruby-throated hummingbird","Animalia",30980,312,"Flower visitation",2025,3,26,85,2460761,3,"30980_Flower visitation","Feeding","TX",12,2025-03-26,"calendar",85,2025,NA,NA,"30980_Flower visitation_2025"
8496,46.328629,-96.061256,1096,"Cyanocitta","cristata","blue jay","Animalia",32294,310,"Fruit/seed consumption",2025,5,25,145,2460821,NA,"32294_Fruit/seed consumption","Feeding","MN",14,2025-05-25,"calendar",145,2025,NA,NA,"32294_Fruit/seed consumption_2025"
8496,46.328629,-96.061256,1096,"Cyanocitta","cristata","blue jay","Animalia",32294,542,"Feeding (or foraging)",2025,5,25,145,2460821,NA,"32294_Feeding (or foraging)","Feeding","MN",9,2025-05-25,"calendar",145,2025,NA,NA,"32294_Feeding (or foraging)_2025"
8496,46.328629,-96.061256,1110,"Passer","domesticus","house sparrow","Animalia",32297,310,"Fruit/seed consumption",2025,5,25,145,2460821,NA,"32297_Fruit/seed consumption","Feeding","MN",14,2025-05-25,"calendar",145,2025,NA,NA,"32297_Fruit/seed consumption_2025"
8496,46.328629,-96.061256,1110,"Passer","domesticus","house sparrow","Animalia",32297,542,"Feeding (or foraging)",2025,5,25,145,2460821,NA,"32297_Feeding (or foraging)","Feeding","MN",9,2025-05-25,"calendar",145,2025,NA,NA,"32297_Feeding (or foraging)_2025"
8418,32.363758,-94.873947,362,"Junco","hyemalis","dark-eyed junco","Animalia",33174,310,"Fruit/seed consumption",2025,1,5,5,2460681,4,"33174_Fruit/seed consumption","Feeding","TX",11,2025-01-05,"calendar",5,2025,NA,NA,"33174_Fruit/seed consumption_2025"
8418,32.363758,-94.873947,240,"Spinus","tristis","American goldfinch","Animalia",33798,310,"Fruit/seed consumption",2025,1,5,5,2460681,4,"33798_Fruit/seed consumption","Feeding","TX",11,2025-01-05,"calendar",5,2025,NA,NA,"33798_Fruit/seed consumption_2025"
8418,32.363758,-94.873947,1110,"Passer","domesticus","house sparrow","Animalia",35674,294,"Singing individuals (birds)",2025,3,16,75,2460751,4,"35674_Singing individuals (birds)","Singing individuals","TX",9,2025-03-16,"calendar",75,2025,NA,NA,"35674_Singing individuals (birds)_2025"
8418,32.363758,-94.873947,1110,"Passer","domesticus","house sparrow","Animalia",35674,310,"Fruit/seed consumption",2025,1,1,1,2460677,NA,"35674_Fruit/seed consumption","Feeding","TX",11,2025-01-01,"calendar",1,2025,NA,NA,"35674_Fruit/seed consumption_2025"
10145,42.602543,-83.250992,362,"Junco","hyemalis","dark-eyed junco","Animalia",38878,294,"Singing individuals (birds)",2025,1,20,20,2460696,1,"38878_Singing individuals (birds)","Singing individuals","MI",11,2025-01-20,"calendar",20,2025,NA,NA,"38878_Singing individuals (birds)_2025"
10145,42.602543,-83.250992,355,"Troglodytes","aedon","house wren","Animalia",38908,294,"Singing individuals (birds)",2025,5,10,130,2460806,1,"38908_Singing individuals (birds)","Singing individuals","MI",10,2025-05-10,"calendar",130,2025,NA,NA,"38908_Singing individuals (birds)_2025"
9652,44.768246,-94.155746,246,"Turdus","migratorius","American robin","Animalia",40107,294,"Singing individuals (birds)",2025,3,3,62,2460738,NA,"40107_Singing individuals (birds)","Singing individuals","MN",13,2025-03-03,"calendar",62,2025,NA,NA,"40107_Singing individuals (birds)_2025"
9652,44.768246,-94.155746,246,"Turdus","migratorius","American robin","Animalia",40107,295,"Territorial individuals (birds)",2025,3,30,89,2460765,8,"40107_Territorial individuals (birds)","Territorial behavior","MN",9,2025-03-30,"calendar",89,2025,NA,NA,"40107_Territorial individuals (birds)_2025"
9652,44.768246,-94.155746,246,"Turdus","migratorius","American robin","Animalia",40107,297,"Nest building (birds)",2025,4,12,102,2460778,2,"40107_Nest building (birds)","Nesting behavior","MN",11,2025-04-12,"calendar",102,2025,NA,NA,"40107_Nest building (birds)_2025"
9652,44.768246,-94.155746,246,"Turdus","migratorius","American robin","Animalia",40107,308,"Fledged young (altricial birds)",2025,5,19,139,2460815,6,"40107_Fledged young (altricial birds)","Young observed","MN",9,2025-05-19,"calendar",139,2025,NA,NA,"40107_Fledged young (altricial birds)_2025"
9652,44.768246,-94.155746,246,"Turdus","migratorius","American robin","Animalia",40107,310,"Fruit/seed consumption",2025,3,3,62,2460738,NA,"40107_Fruit/seed consumption","Feeding","MN",13,2025-03-03,"calendar",62,2025,NA,NA,"40107_Fruit/seed consumption_2025"
9652,44.768246,-94.155746,246,"Turdus","migratorius","American robin","Animalia",40107,457,"Insect consumption",2025,4,6,96,2460772,5,"40107_Insect consumption","Feeding","MN",13,2025-04-06,"calendar",96,2025,NA,NA,"40107_Insect consumption_2025"
9652,44.768246,-94.155746,246,"Turdus","migratorius","American robin","Animalia",40107,542,"Feeding (or foraging)",2025,3,3,62,2460738,NA,"40107_Feeding (or foraging)","Feeding","MN",9,2025-03-03,"calendar",62,2025,NA,NA,"40107_Feeding (or foraging)_2025"
9652,44.768246,-94.155746,240,"Spinus","tristis","American goldfinch","Animalia",40108,310,"Fruit/seed consumption",2025,8,1,213,2460889,43,"40108_Fruit/seed consumption","Feeding","MN",9,2025-08-01,"calendar",213,2025,NA,NA,"40108_Fruit/seed consumption_2025"
9652,44.768246,-94.155746,240,"Spinus","tristis","American goldfinch","Animalia",40108,542,"Feeding (or foraging)",2025,8,1,213,2460889,43,"40108_Feeding (or foraging)","Feeding","MN",9,2025-08-01,"calendar",213,2025,NA,NA,"40108_Feeding (or foraging)_2025"
9652,44.768246,-94.155746,375,"Zenaida","macroura","mourning dove","Animalia",40109,294,"Singing individuals (birds)",2025,5,1,121,2460797,17,"40109_Singing individuals (birds)","Singing individuals","MN",11,2025-05-01,"calendar",121,2025,NA,NA,"40109_Singing individuals (birds)_2025"
8418,32.363758,-94.873947,1113,"Dryobates","pubescens","downy woodpecker","Animalia",41679,310,"Fruit/seed consumption",2025,1,5,5,2460681,4,"41679_Fruit/seed consumption","Feeding","TX",11,2025-01-05,"calendar",5,2025,NA,NA,"41679_Fruit/seed consumption_2025"
8418,32.363758,-94.873947,1113,"Dryobates","pubescens","downy woodpecker","Animalia",41679,457,"Insect consumption",2025,4,30,120,2460796,7,"41679_Insect consumption","Feeding","TX",9,2025-04-30,"calendar",120,2025,NA,NA,"41679_Insect consumption_2025"
10717,38.285664,-111.246605,246,"Turdus","migratorius","American robin","Animalia",42593,294,"Singing individuals (birds)",2025,3,21,80,2460756,6,"42593_Singing individuals (birds)","Singing individuals","UT",9,2025-03-21,"calendar",80,2025,NA,NA,"42593_Singing individuals (birds)_2025"
1419,42.011166,-88.503304,1117,"Sayornis","phoebe","eastern phoebe","Animalia",44642,457,"Insect consumption",2025,4,3,93,2460769,5,"44642_Insect consumption","Feeding","IL",9,2025-04-03,"calendar",93,2025,NA,NA,"44642_Insect consumption_2025"
11313,44.201355,-92.646301,1090,"Cardinalis","cardinalis","northern cardinal","Animalia",46661,294,"Singing individuals (birds)",2025,4,19,109,2460785,7,"46661_Singing individuals (birds)","Singing individuals","MN",10,2025-04-19,"calendar",109,2025,NA,NA,"46661_Singing individuals (birds)_2025"
8418,32.363758,-94.873947,1126,"Thryothorus","ludovicianus","Carolina wren","Animalia",46734,310,"Fruit/seed consumption",2025,1,1,1,2460677,NA,"46734_Fruit/seed consumption","Feeding","TX",10,2025-01-01,"calendar",1,2025,NA,NA,"46734_Fruit/seed consumption_2025"
11598,43.073357,-71.150681,243,"Gavia","immer","common loon","Animalia",48357,298,"Occupied nest",2025,6,21,172,2460848,NA,"48357_Occupied nest","Nesting behavior","NH",9,2025-06-21,"calendar",172,2025,NA,NA,"48357_Occupied nest_2025"
11598,43.073357,-71.150681,243,"Gavia","immer","common loon","Animalia",48357,542,"Feeding (or foraging)",2025,6,21,172,2460848,NA,"48357_Feeding (or foraging)","Feeding","NH",9,2025-06-21,"calendar",172,2025,NA,NA,"48357_Feeding (or foraging)_2025"
12064,32.248463,-110.909584,1088,"Calypte","anna","Anna's hummingbird","Animalia",50759,312,"Flower visitation",2025,2,20,51,2460727,4,"50759_Flower visitation","Feeding","AZ",9,2025-02-20,"calendar",51,2025,NA,NA,"50759_Flower visitation_2025"
12064,32.248463,-110.909584,1088,"Calypte","anna","Anna's hummingbird","Animalia",50759,542,"Feeding (or foraging)",2025,2,20,51,2460727,4,"50759_Feeding (or foraging)","Feeding","AZ",9,2025-02-20,"calendar",51,2025,NA,NA,"50759_Feeding (or foraging)_2025"
8418,32.363758,-94.873947,739,"Zonotrichia","albicollis","white-throated sparrow","Animalia",60926,310,"Fruit/seed consumption",2025,1,1,1,2460677,NA,"60926_Fruit/seed consumption","Feeding","TX",9,2025-01-01,"calendar",1,2025,NA,NA,"60926_Fruit/seed consumption_2025"
5428,48.033489,-122.598724,1119,"Selasphorus","rufus","rufous hummingbird","Animalia",60984,542,"Feeding (or foraging)",2025,3,6,65,2460741,NA,"60984_Feeding (or foraging)","Feeding","WA",9,2025-03-06,"calendar",65,2025,NA,NA,"60984_Feeding (or foraging)_2025"
8418,32.363758,-94.873947,359,"Agelaius","phoeniceus","red-winged blackbird","Animalia",62147,310,"Fruit/seed consumption",2025,1,1,1,2460677,NA,"62147_Fruit/seed consumption","Feeding","TX",10,2025-01-01,"calendar",1,2025,NA,NA,"62147_Fruit/seed consumption_2025"
8418,32.363758,-94.873947,1233,"Poecile","carolinensis","Carolina chickadee","Animalia",63335,310,"Fruit/seed consumption",2025,1,1,1,2460677,NA,"63335_Fruit/seed consumption","Feeding","TX",10,2025-01-01,"calendar",1,2025,NA,NA,"63335_Fruit/seed consumption_2025"
10145,42.602543,-83.250992,1224,"Branta","canadensis","Canada goose","Animalia",64229,541,"Fledged young (precocial birds)",2025,5,8,128,2460804,1,"64229_Fledged young (precocial birds)","Young observed","MI",9,2025-05-08,"calendar",128,2025,NA,NA,"64229_Fledged young (precocial birds)_2025"
8418,32.363758,-94.873947,363,"Molothrus","ater","brown-headed cowbird","Animalia",64379,310,"Fruit/seed consumption",2025,2,9,40,2460716,3,"64379_Fruit/seed consumption","Feeding","TX",9,2025-02-09,"calendar",40,2025,NA,NA,"64379_Fruit/seed consumption_2025"
17414,42.936153,-73.433449,1124,"Tachycineta","bicolor","tree swallow","Animalia",66940,298,"Occupied nest",2025,5,11,131,2460807,7,"66940_Occupied nest","Nesting behavior","NY",9,2025-05-11,"calendar",131,2025,NA,NA,"66940_Occupied nest_2025"
17414,42.936153,-73.433449,1124,"Tachycineta","bicolor","tree swallow","Animalia",66940,457,"Insect consumption",2025,4,15,105,2460781,6,"66940_Insect consumption","Feeding","NY",9,2025-04-15,"calendar",105,2025,NA,NA,"66940_Insect consumption_2025"
17414,42.936153,-73.433449,1124,"Tachycineta","bicolor","tree swallow","Animalia",66940,542,"Feeding (or foraging)",2025,4,15,105,2460781,6,"66940_Feeding (or foraging)","Feeding","NY",9,2025-04-15,"calendar",105,2025,NA,NA,"66940_Feeding (or foraging)_2025"
17707,37.360123,-122.128151,1229,"Melanerpes","formicivorus","acorn woodpecker","Animalia",68607,311,"Nut gathering",2025,4,29,119,2460795,5,"68607_Nut gathering","Feeding","CA",9,2025-04-29,"calendar",119,2025,NA,NA,"68607_Nut gathering_2025"
17707,37.360123,-122.128151,362,"Junco","hyemalis","dark-eyed junco","Animalia",68613,294,"Singing individuals (birds)",2025,4,22,112,2460788,77,"68613_Singing individuals (birds)","Singing individuals","CA",11,2025-04-22,"calendar",112,2025,NA,NA,"68613_Singing individuals (birds)_2025"
9652,44.768246,-94.155746,1090,"Cardinalis","cardinalis","northern cardinal","Animalia",69510,294,"Singing individuals (birds)",2025,3,3,62,2460738,8,"69510_Singing individuals (birds)","Singing individuals","MN",11,2025-03-03,"calendar",62,2025,NA,NA,"69510_Singing individuals (birds)_2025"
9652,44.768246,-94.155746,1090,"Cardinalis","cardinalis","northern cardinal","Animalia",69510,310,"Fruit/seed consumption",2025,1,10,10,2460686,NA,"69510_Fruit/seed consumption","Feeding","MN",10,2025-01-10,"calendar",10,2025,NA,NA,"69510_Fruit/seed consumption_2025"
9652,44.768246,-94.155746,1090,"Cardinalis","cardinalis","northern cardinal","Animalia",69510,542,"Feeding (or foraging)",2025,1,10,10,2460686,NA,"69510_Feeding (or foraging)","Feeding","MN",9,2025-01-10,"calendar",10,2025,NA,NA,"69510_Feeding (or foraging)_2025"
12725,37.360928,-122.130836,1088,"Calypte","anna","Anna's hummingbird","Animalia",71544,294,"Singing individuals (birds)",2025,1,16,16,2460692,NA,"71544_Singing individuals (birds)","Singing individuals","CA",9,2025-01-16,"calendar",16,2025,NA,NA,"71544_Singing individuals (birds)_2025"
12725,37.360928,-122.130836,1088,"Calypte","anna","Anna's hummingbird","Animalia",71544,312,"Flower visitation",2025,1,21,21,2460697,NA,"71544_Flower visitation","Feeding","CA",9,2025-01-21,"calendar",21,2025,NA,NA,"71544_Flower visitation_2025"
6091,34.11578,-118.757507,1229,"Melanerpes","formicivorus","acorn woodpecker","Animalia",72369,542,"Feeding (or foraging)",2025,5,29,149,2460825,7,"72369_Feeding (or foraging)","Feeding","CA",9,2025-05-29,"calendar",149,2025,NA,NA,"72369_Feeding (or foraging)_2025"
19944,33.66478,-117.843063,1088,"Calypte","anna","Anna's hummingbird","Animalia",81455,294,"Singing individuals (birds)",2025,1,13,13,2460689,NA,"81455_Singing individuals (birds)","Singing individuals","CA",11,2025-01-13,"calendar",13,2025,NA,NA,"81455_Singing individuals (birds)_2025"
19944,33.66478,-117.843063,1088,"Calypte","anna","Anna's hummingbird","Animalia",81455,295,"Territorial individuals (birds)",2025,2,10,41,2460717,20,"81455_Territorial individuals (birds)","Territorial behavior","CA",9,2025-02-10,"calendar",41,2025,NA,NA,"81455_Territorial individuals (birds)_2025"
19944,33.66478,-117.843063,1088,"Calypte","anna","Anna's hummingbird","Animalia",81455,312,"Flower visitation",2025,1,13,13,2460689,NA,"81455_Flower visitation","Feeding","CA",11,2025-01-13,"calendar",13,2025,NA,NA,"81455_Flower visitation_2025"
19944,33.66478,-117.843063,1088,"Calypte","anna","Anna's hummingbird","Animalia",81455,457,"Insect consumption",2025,1,31,31,2460707,10,"81455_Insect consumption","Feeding","CA",11,2025-01-31,"calendar",31,2025,NA,NA,"81455_Insect consumption_2025"
19944,33.66478,-117.843063,1088,"Calypte","anna","Anna's hummingbird","Animalia",81455,542,"Feeding (or foraging)",2025,1,13,13,2460689,NA,"81455_Feeding (or foraging)","Feeding","CA",9,2025-01-13,"calendar",13,2025,NA,NA,"81455_Feeding (or foraging)_2025"
19944,33.66478,-117.843063,376,"Sayornis","nigricans","black phoebe","Animalia",81456,294,"Singing individuals (birds)",2025,1,31,31,2460707,10,"81456_Singing individuals (birds)","Singing individuals","CA",11,2025-01-31,"calendar",31,2025,NA,NA,"81456_Singing individuals (birds)_2025"
19944,33.66478,-117.843063,376,"Sayornis","nigricans","black phoebe","Animalia",81456,295,"Territorial individuals (birds)",2025,4,15,105,2460781,18,"81456_Territorial individuals (birds)","Territorial behavior","CA",9,2025-04-15,"calendar",105,2025,NA,NA,"81456_Territorial individuals (birds)_2025"
19944,33.66478,-117.843063,376,"Sayornis","nigricans","black phoebe","Animalia",81456,457,"Insect consumption",2025,1,31,31,2460707,10,"81456_Insect consumption","Feeding","CA",11,2025-01-31,"calendar",31,2025,NA,NA,"81456_Insect consumption_2025"
19944,33.66478,-117.843063,376,"Sayornis","nigricans","black phoebe","Animalia",81456,542,"Feeding (or foraging)",2025,1,31,31,2460707,10,"81456_Feeding (or foraging)","Feeding","CA",9,2025-01-31,"calendar",31,2025,NA,NA,"81456_Feeding (or foraging)_2025"
19944,33.66478,-117.843063,242,"Petrochelidon","pyrrhonota","cliff swallow","Animalia",81457,294,"Singing individuals (birds)",2025,5,2,122,2460798,17,"81457_Singing individuals (birds)","Singing individuals","CA",10,2025-05-02,"calendar",122,2025,NA,NA,"81457_Singing individuals (birds)_2025"
19944,33.66478,-117.843063,242,"Petrochelidon","pyrrhonota","cliff swallow","Animalia",81457,297,"Nest building (birds)",2025,5,12,132,2460808,10,"81457_Nest building (birds)","Nesting behavior","CA",10,2025-05-12,"calendar",132,2025,NA,NA,"81457_Nest building (birds)_2025"
19944,33.66478,-117.843063,242,"Petrochelidon","pyrrhonota","cliff swallow","Animalia",81457,298,"Occupied nest",2025,5,30,150,2460826,18,"81457_Occupied nest","Nesting behavior","CA",9,2025-05-30,"calendar",150,2025,NA,NA,"81457_Occupied nest_2025"
19944,33.66478,-117.843063,242,"Petrochelidon","pyrrhonota","cliff swallow","Animalia",81457,542,"Feeding (or foraging)",2025,4,15,105,2460781,18,"81457_Feeding (or foraging)","Feeding","CA",9,2025-04-15,"calendar",105,2025,NA,NA,"81457_Feeding (or foraging)_2025"
19944,33.66478,-117.843063,1197,"Geothlypis","trichas","common yellowthroat","Animalia",81458,294,"Singing individuals (birds)",2025,1,31,31,2460707,10,"81458_Singing individuals (birds)","Singing individuals","CA",11,2025-01-31,"calendar",31,2025,NA,NA,"81458_Singing individuals (birds)_2025"
19944,33.66478,-117.843063,1197,"Geothlypis","trichas","common yellowthroat","Animalia",81458,295,"Territorial individuals (birds)",2025,1,31,31,2460707,10,"81458_Territorial individuals (birds)","Territorial behavior","CA",9,2025-01-31,"calendar",31,2025,NA,NA,"81458_Territorial individuals (birds)_2025"
19944,33.66478,-117.843063,1197,"Geothlypis","trichas","common yellowthroat","Animalia",81458,542,"Feeding (or foraging)",2025,1,13,13,2460689,NA,"81458_Feeding (or foraging)","Feeding","CA",9,2025-01-13,"calendar",13,2025,NA,NA,"81458_Feeding (or foraging)_2025"
19944,33.66478,-117.843063,370,"Ardea","herodias","great blue heron","Animalia",81459,542,"Feeding (or foraging)",2025,2,10,41,2460717,10,"81459_Feeding (or foraging)","Feeding","CA",9,2025-02-10,"calendar",41,2025,NA,NA,"81459_Feeding (or foraging)_2025"
19944,33.66478,-117.843063,244,"Charadrius","vociferus","killdeer","Animalia",81460,295,"Territorial individuals (birds)",2025,5,30,150,2460826,18,"81460_Territorial individuals (birds)","Territorial behavior","CA",9,2025-05-30,"calendar",150,2025,NA,NA,"81460_Territorial individuals (birds)_2025"
19944,33.66478,-117.843063,244,"Charadrius","vociferus","killdeer","Animalia",81460,542,"Feeding (or foraging)",2025,5,2,122,2460798,35,"81460_Feeding (or foraging)","Feeding","CA",9,2025-05-02,"calendar",122,2025,NA,NA,"81460_Feeding (or foraging)_2025"
19944,33.66478,-117.843063,248,"Pandion","haliaetus","osprey","Animalia",81461,298,"Occupied nest",2025,7,14,195,2460871,21,"81461_Occupied nest","Nesting behavior","CA",9,2025-07-14,"calendar",195,2025,NA,NA,"81461_Occupied nest_2025"
19944,33.66478,-117.843063,248,"Pandion","haliaetus","osprey","Animalia",81461,542,"Feeding (or foraging)",2025,4,15,105,2460781,18,"81461_Feeding (or foraging)","Feeding","CA",9,2025-04-15,"calendar",105,2025,NA,NA,"81461_Feeding (or foraging)_2025"
19944,33.66478,-117.843063,373,"Actitis","macularius","spotted sandpiper","Animalia",81462,542,"Feeding (or foraging)",2025,5,12,132,2460808,10,"81462_Feeding (or foraging)","Feeding","CA",9,2025-05-12,"calendar",132,2025,NA,NA,"81462_Feeding (or foraging)_2025"
8418,32.363758,-94.873947,1377,"Baeolophus","bicolor","tufted titmouse","Animalia",85005,310,"Fruit/seed consumption",2025,1,1,1,2460677,NA,"85005_Fruit/seed consumption","Feeding","TX",9,2025-01-01,"calendar",1,2025,NA,NA,"85005_Fruit/seed consumption_2025"
17414,42.936153,-73.433449,1197,"Geothlypis","trichas","common yellowthroat","Animalia",86970,294,"Singing individuals (birds)",2025,5,3,123,2460799,4,"86970_Singing individuals (birds)","Singing individuals","NY",11,2025-05-03,"calendar",123,2025,NA,NA,"86970_Singing individuals (birds)_2025"
20765,33.632149,-117.55545,1229,"Melanerpes","formicivorus","acorn woodpecker","Animalia",88470,311,"Nut gathering",2025,11,30,334,2461010,19,"88470_Nut gathering","Feeding","CA",9,2025-11-30,"calendar",334,2025,NA,NA,"88470_Nut gathering_2025"
20765,33.632149,-117.55545,1088,"Calypte","anna","Anna's hummingbird","Animalia",88471,294,"Singing individuals (birds)",2025,1,19,19,2460695,NA,"88471_Singing individuals (birds)","Singing individuals","CA",10,2025-01-19,"calendar",19,2025,NA,NA,"88471_Singing individuals (birds)_2025"
20765,33.632149,-117.55545,1088,"Calypte","anna","Anna's hummingbird","Animalia",88471,312,"Flower visitation",2025,8,17,229,2460905,3,"88471_Flower visitation","Feeding","CA",10,2025-08-17,"calendar",229,2025,NA,NA,"88471_Flower visitation_2025"
20765,33.632149,-117.55545,355,"Troglodytes","aedon","house wren","Animalia",88474,294,"Singing individuals (birds)",2025,4,10,100,2460776,7,"88474_Singing individuals (birds)","Singing individuals","CA",10,2025-04-10,"calendar",100,2025,NA,NA,"88474_Singing individuals (birds)_2025"
20765,33.632149,-117.55545,1380,"Melospiza","melodia","song sparrow","Animalia",88475,294,"Singing individuals (birds)",2025,1,19,19,2460695,NA,"88475_Singing individuals (birds)","Singing individuals","CA",11,2025-01-19,"calendar",19,2025,NA,NA,"88475_Singing individuals (birds)_2025"
20765,33.632149,-117.55545,1091,"Spinus","psaltria","lesser goldfinch","Animalia",88478,294,"Singing individuals (birds)",2025,4,10,100,2460776,7,"88478_Singing individuals (birds)","Singing individuals","CA",9,2025-04-10,"calendar",100,2025,NA,NA,"88478_Singing individuals (birds)_2025"
20956,33.632149,-117.55545,1378,"Chamaea","fasciata","wrentit","Animalia",90118,294,"Singing individuals (birds)",2025,1,11,11,2460687,NA,"90118_Singing individuals (birds)","Singing individuals","CA",11,2025-01-11,"calendar",11,2025,NA,NA,"90118_Singing individuals (birds)_2025"
20956,33.632149,-117.55545,1418,"Toxostoma","redivivum","California thrasher","Animalia",102436,294,"Singing individuals (birds)",2025,3,1,60,2460736,21,"102436_Singing individuals (birds)","Singing individuals","CA",11,2025-03-01,"calendar",60,2025,NA,NA,"102436_Singing individuals (birds)_2025"
22858,38.09404,-122.37149,1380,"Melospiza","melodia","song sparrow","Animalia",103159,294,"Singing individuals (birds)",2025,1,20,20,2460696,7,"103159_Singing individuals (birds)","Singing individuals","CA",10,2025-01-20,"calendar",20,2025,NA,NA,"103159_Singing individuals (birds)_2025"
22858,38.09404,-122.37149,1380,"Melospiza","melodia","song sparrow","Animalia",103159,310,"Fruit/seed consumption",2025,2,3,34,2460710,7,"103159_Fruit/seed consumption","Feeding","CA",9,2025-02-03,"calendar",34,2025,NA,NA,"103159_Fruit/seed consumption_2025"
22858,38.09404,-122.37149,1380,"Melospiza","melodia","song sparrow","Animalia",103159,542,"Feeding (or foraging)",2025,2,3,34,2460710,7,"103159_Feeding (or foraging)","Feeding","CA",9,2025-02-03,"calendar",34,2025,NA,NA,"103159_Feeding (or foraging)_2025"
22858,38.09404,-122.37149,1124,"Tachycineta","bicolor","tree swallow","Animalia",103160,542,"Feeding (or foraging)",2025,1,13,13,2460689,7,"103160_Feeding (or foraging)","Feeding","CA",9,2025-01-13,"calendar",13,2025,NA,NA,"103160_Feeding (or foraging)_2025"
22858,38.09404,-122.37149,357,"Sialia","mexicana","western bluebird","Animalia",103161,457,"Insect consumption",2025,1,6,6,2460682,NA,"103161_Insect consumption","Feeding","CA",9,2025-01-06,"calendar",6,2025,NA,NA,"103161_Insect consumption_2025"
22858,38.09404,-122.37149,357,"Sialia","mexicana","western bluebird","Animalia",103161,542,"Feeding (or foraging)",2025,1,6,6,2460682,NA,"103161_Feeding (or foraging)","Feeding","CA",9,2025-01-06,"calendar",6,2025,NA,NA,"103161_Feeding (or foraging)_2025"
17414,42.936153,-73.433449,352,"Archilochus","colubris","ruby-throated hummingbird","Animalia",103211,542,"Feeding (or foraging)",2025,4,30,120,2460796,1,"103211_Feeding (or foraging)","Feeding","NY",9,2025-04-30,"calendar",120,2025,NA,NA,"103211_Feeding (or foraging)_2025"
22858,38.09404,-122.37149,1375,"Anas","platyrhynchos","mallard","Animalia",114733,542,"Feeding (or foraging)",2025,1,27,27,2460703,7,"114733_Feeding (or foraging)","Feeding","CA",9,2025-01-27,"calendar",27,2025,NA,NA,"114733_Feeding (or foraging)_2025"
22858,38.09404,-122.37149,359,"Agelaius","phoeniceus","red-winged blackbird","Animalia",114734,294,"Singing individuals (birds)",2025,1,6,6,2460682,NA,"114734_Singing individuals (birds)","Singing individuals","CA",9,2025-01-06,"calendar",6,2025,NA,NA,"114734_Singing individuals (birds)_2025"
22858,38.09404,-122.37149,359,"Agelaius","phoeniceus","red-winged blackbird","Animalia",114734,310,"Fruit/seed consumption",2025,1,20,20,2460696,7,"114734_Fruit/seed consumption","Feeding","CA",9,2025-01-20,"calendar",20,2025,NA,NA,"114734_Fruit/seed consumption_2025"
22858,38.09404,-122.37149,359,"Agelaius","phoeniceus","red-winged blackbird","Animalia",114734,542,"Feeding (or foraging)",2025,1,20,20,2460696,7,"114734_Feeding (or foraging)","Feeding","CA",9,2025-01-20,"calendar",20,2025,NA,NA,"114734_Feeding (or foraging)_2025"
22858,38.09404,-122.37149,1088,"Calypte","anna","Anna's hummingbird","Animalia",114826,295,"Territorial individuals (birds)",2025,1,27,27,2460703,7,"114826_Territorial individuals (birds)","Territorial behavior","CA",9,2025-01-27,"calendar",27,2025,NA,NA,"114826_Territorial individuals (birds)_2025"
22858,38.09404,-122.37149,1088,"Calypte","anna","Anna's hummingbird","Animalia",114826,542,"Feeding (or foraging)",2025,1,13,13,2460689,7,"114826_Feeding (or foraging)","Feeding","CA",9,2025-01-13,"calendar",13,2025,NA,NA,"114826_Feeding (or foraging)_2025"
2803,39.971001,-105.397003,1232,"Pica","hudsonia","black-billed magpie","Animalia",122046,310,"Fruit/seed consumption",2025,1,5,5,2460681,NA,"122046_Fruit/seed consumption","Feeding","CO",9,2025-01-05,"calendar",5,2025,NA,NA,"122046_Fruit/seed consumption_2025"
2803,39.971001,-105.397003,1232,"Pica","hudsonia","black-billed magpie","Animalia",122046,457,"Insect consumption",2025,2,8,39,2460715,29,"122046_Insect consumption","Feeding","CO",9,2025-02-08,"calendar",39,2025,NA,NA,"122046_Insect consumption_2025"
2803,39.971001,-105.397003,1232,"Pica","hudsonia","black-billed magpie","Animalia",122046,542,"Feeding (or foraging)",2025,1,5,5,2460681,NA,"122046_Feeding (or foraging)","Feeding","CO",9,2025-01-05,"calendar",5,2025,NA,NA,"122046_Feeding (or foraging)_2025"
2803,39.971001,-105.397003,1113,"Dryobates","pubescens","downy woodpecker","Animalia",122049,310,"Fruit/seed consumption",2025,1,5,5,2460681,NA,"122049_Fruit/seed consumption","Feeding","CO",9,2025-01-05,"calendar",5,2025,NA,NA,"122049_Fruit/seed consumption_2025"
2803,39.971001,-105.397003,1113,"Dryobates","pubescens","downy woodpecker","Animalia",122049,542,"Feeding (or foraging)",2025,1,5,5,2460681,NA,"122049_Feeding (or foraging)","Feeding","CO",9,2025-01-05,"calendar",5,2025,NA,NA,"122049_Feeding (or foraging)_2025"
2803,39.971001,-105.397003,1411,"Poecile","gambeli","mountain chickadee","Animalia",122050,294,"Singing individuals (birds)",2025,1,5,5,2460681,NA,"122050_Singing individuals (birds)","Singing individuals","CO",9,2025-01-05,"calendar",5,2025,NA,NA,"122050_Singing individuals (birds)_2025"
2803,39.971001,-105.397003,1411,"Poecile","gambeli","mountain chickadee","Animalia",122050,310,"Fruit/seed consumption",2025,1,5,5,2460681,NA,"122050_Fruit/seed consumption","Feeding","CO",9,2025-01-05,"calendar",5,2025,NA,NA,"122050_Fruit/seed consumption_2025"
2803,39.971001,-105.397003,1411,"Poecile","gambeli","mountain chickadee","Animalia",122050,542,"Feeding (or foraging)",2025,1,5,5,2460681,NA,"122050_Feeding (or foraging)","Feeding","CO",9,2025-01-05,"calendar",5,2025,NA,NA,"122050_Feeding (or foraging)_2025"
2803,39.971001,-105.397003,359,"Agelaius","phoeniceus","red-winged blackbird","Animalia",122051,294,"Singing individuals (birds)",2025,2,28,59,2460735,11,"122051_Singing individuals (birds)","Singing individuals","CO",9,2025-02-28,"calendar",59,2025,NA,NA,"122051_Singing individuals (birds)_2025"
2803,39.971001,-105.397003,359,"Agelaius","phoeniceus","red-winged blackbird","Animalia",122051,310,"Fruit/seed consumption",2025,2,28,59,2460735,11,"122051_Fruit/seed consumption","Feeding","CO",9,2025-02-28,"calendar",59,2025,NA,NA,"122051_Fruit/seed consumption_2025"
2803,39.971001,-105.397003,359,"Agelaius","phoeniceus","red-winged blackbird","Animalia",122051,542,"Feeding (or foraging)",2025,2,28,59,2460735,11,"122051_Feeding (or foraging)","Feeding","CO",9,2025-02-28,"calendar",59,2025,NA,NA,"122051_Feeding (or foraging)_2025"
2803,39.971001,-105.397003,1398,"Cyanocitta","stelleri","Steller's jay","Animalia",122052,310,"Fruit/seed consumption",2025,1,5,5,2460681,NA,"122052_Fruit/seed consumption","Feeding","CO",9,2025-01-05,"calendar",5,2025,NA,NA,"122052_Fruit/seed consumption_2025"
2803,39.971001,-105.397003,1398,"Cyanocitta","stelleri","Steller's jay","Animalia",122052,457,"Insect consumption",2025,2,8,39,2460715,29,"122052_Insect consumption","Feeding","CO",9,2025-02-08,"calendar",39,2025,NA,NA,"122052_Insect consumption_2025"
2803,39.971001,-105.397003,1398,"Cyanocitta","stelleri","Steller's jay","Animalia",122052,542,"Feeding (or foraging)",2025,1,5,5,2460681,NA,"122052_Feeding (or foraging)","Feeding","CO",9,2025-01-05,"calendar",5,2025,NA,NA,"122052_Feeding (or foraging)_2025"
2803,39.971001,-105.397003,1415,"Sitta","carolinensis","white-breasted nuthatch","Animalia",122053,294,"Singing individuals (birds)",2025,1,5,5,2460681,NA,"122053_Singing individuals (birds)","Singing individuals","CO",9,2025-01-05,"calendar",5,2025,NA,NA,"122053_Singing individuals (birds)_2025"
2803,39.971001,-105.397003,1415,"Sitta","carolinensis","white-breasted nuthatch","Animalia",122053,310,"Fruit/seed consumption",2025,1,5,5,2460681,NA,"122053_Fruit/seed consumption","Feeding","CO",9,2025-01-05,"calendar",5,2025,NA,NA,"122053_Fruit/seed consumption_2025"
2803,39.971001,-105.397003,1415,"Sitta","carolinensis","white-breasted nuthatch","Animalia",122053,457,"Insect consumption",2025,2,8,39,2460715,29,"122053_Insect consumption","Feeding","CO",9,2025-02-08,"calendar",39,2025,NA,NA,"122053_Insect consumption_2025"
2803,39.971001,-105.397003,1415,"Sitta","carolinensis","white-breasted nuthatch","Animalia",122053,542,"Feeding (or foraging)",2025,1,5,5,2460681,NA,"122053_Feeding (or foraging)","Feeding","CO",9,2025-01-05,"calendar",5,2025,NA,NA,"122053_Feeding (or foraging)_2025"
25568,45.140465,-93.312943,1113,"Dryobates","pubescens","downy woodpecker","Animalia",123975,542,"Feeding (or foraging)",2025,7,2,183,2460859,24,"123975_Feeding (or foraging)","Feeding","MN",9,2025-07-02,"calendar",183,2025,NA,NA,"123975_Feeding (or foraging)_2025"
22613,32.33926,-110.981728,1088,"Calypte","anna","Anna's hummingbird","Animalia",136792,542,"Feeding (or foraging)",2025,2,25,56,2460732,5,"136792_Feeding (or foraging)","Feeding","AZ",9,2025-02-25,"calendar",56,2025,NA,NA,"136792_Feeding (or foraging)_2025"
27026,43.413593,-70.810211,352,"Archilochus","colubris","ruby-throated hummingbird","Animalia",137519,294,"Singing individuals (birds)",2025,6,2,153,2460829,33,"137519_Singing individuals (birds)","Singing individuals","ME",9,2025-06-02,"calendar",153,2025,NA,NA,"137519_Singing individuals (birds)_2025"
27026,43.413593,-70.810211,352,"Archilochus","colubris","ruby-throated hummingbird","Animalia",137519,295,"Territorial individuals (birds)",2025,6,2,153,2460829,33,"137519_Territorial individuals (birds)","Territorial behavior","ME",9,2025-06-02,"calendar",153,2025,NA,NA,"137519_Territorial individuals (birds)_2025"
27026,43.413593,-70.810211,352,"Archilochus","colubris","ruby-throated hummingbird","Animalia",137519,542,"Feeding (or foraging)",2025,4,30,120,2460796,NA,"137519_Feeding (or foraging)","Feeding","ME",9,2025-04-30,"calendar",120,2025,NA,NA,"137519_Feeding (or foraging)_2025"
27026,43.413593,-70.810211,246,"Turdus","migratorius","American robin","Animalia",137607,310,"Fruit/seed consumption",2025,4,30,120,2460796,NA,"137607_Fruit/seed consumption","Feeding","ME",9,2025-04-30,"calendar",120,2025,NA,NA,"137607_Fruit/seed consumption_2025"
27026,43.413593,-70.810211,246,"Turdus","migratorius","American robin","Animalia",137607,457,"Insect consumption",2025,6,11,162,2460838,9,"137607_Insect consumption","Feeding","ME",9,2025-06-11,"calendar",162,2025,NA,NA,"137607_Insect consumption_2025"
27026,43.413593,-70.810211,246,"Turdus","migratorius","American robin","Animalia",137607,542,"Feeding (or foraging)",2025,4,30,120,2460796,NA,"137607_Feeding (or foraging)","Feeding","ME",9,2025-04-30,"calendar",120,2025,NA,NA,"137607_Feeding (or foraging)_2025"
27026,43.413593,-70.810211,360,"Icterus","galbula","Baltimore oriole","Animalia",137608,294,"Singing individuals (birds)",2025,6,2,153,2460829,33,"137608_Singing individuals (birds)","Singing individuals","ME",9,2025-06-02,"calendar",153,2025,NA,NA,"137608_Singing individuals (birds)_2025"
27026,43.413593,-70.810211,360,"Icterus","galbula","Baltimore oriole","Animalia",137608,295,"Territorial individuals (birds)",2025,4,30,120,2460796,NA,"137608_Territorial individuals (birds)","Territorial behavior","ME",9,2025-04-30,"calendar",120,2025,NA,NA,"137608_Territorial individuals (birds)_2025"
27026,43.413593,-70.810211,360,"Icterus","galbula","Baltimore oriole","Animalia",137608,340,"Courtship",2025,4,30,120,2460796,NA,"137608_Courtship","Mating activity","ME",9,2025-04-30,"calendar",120,2025,NA,NA,"137608_Courtship_2025"
27026,43.413593,-70.810211,360,"Icterus","galbula","Baltimore oriole","Animalia",137608,542,"Feeding (or foraging)",2025,4,30,120,2460796,NA,"137608_Feeding (or foraging)","Feeding","ME",9,2025-04-30,"calendar",120,2025,NA,NA,"137608_Feeding (or foraging)_2025"
12064,32.248463,-110.909584,740,"Toxostoma","curvirostre","curve-billed thrasher","Animalia",139416,542,"Feeding (or foraging)",2025,2,12,43,2460719,17,"139416_Feeding (or foraging)","Feeding","AZ",9,2025-02-12,"calendar",43,2025,NA,NA,"139416_Feeding (or foraging)_2025"
12064,32.248463,-110.909584,1223,"Auriparus","flaviceps","verdin","Animalia",139417,294,"Singing individuals (birds)",2025,1,26,26,2460702,16,"139417_Singing individuals (birds)","Singing individuals","AZ",9,2025-01-26,"calendar",26,2025,NA,NA,"139417_Singing individuals (birds)_2025"
12064,32.248463,-110.909584,1223,"Auriparus","flaviceps","verdin","Animalia",139417,542,"Feeding (or foraging)",2025,1,9,9,2460685,4,"139417_Feeding (or foraging)","Feeding","AZ",9,2025-01-09,"calendar",9,2025,NA,NA,"139417_Feeding (or foraging)_2025"
9652,44.768246,-94.155746,245,"Poecile","atricapillus","black-capped chickadee","Animalia",139453,310,"Fruit/seed consumption",2025,1,10,10,2460686,NA,"139453_Fruit/seed consumption","Feeding","MN",9,2025-01-10,"calendar",10,2025,NA,NA,"139453_Fruit/seed consumption_2025"
9652,44.768246,-94.155746,245,"Poecile","atricapillus","black-capped chickadee","Animalia",139453,542,"Feeding (or foraging)",2025,1,10,10,2460686,NA,"139453_Feeding (or foraging)","Feeding","MN",9,2025-01-10,"calendar",10,2025,NA,NA,"139453_Feeding (or foraging)_2025"
27407,38.037094,-122.394722,244,"Charadrius","vociferus","killdeer","Animalia",141455,542,"Feeding (or foraging)",2025,1,27,27,2460703,7,"141455_Feeding (or foraging)","Feeding","CA",9,2025-01-27,"calendar",27,2025,NA,NA,"141455_Feeding (or foraging)_2025"
27407,38.037094,-122.394722,1375,"Anas","platyrhynchos","mallard","Animalia",141456,542,"Feeding (or foraging)",2025,2,24,55,2460731,7,"141456_Feeding (or foraging)","Feeding","CA",9,2025-02-24,"calendar",55,2025,NA,NA,"141456_Feeding (or foraging)_2025"
27407,38.037094,-122.394722,375,"Zenaida","macroura","mourning dove","Animalia",141460,294,"Singing individuals (birds)",2025,3,10,69,2460745,7,"141460_Singing individuals (birds)","Singing individuals","CA",9,2025-03-10,"calendar",69,2025,NA,NA,"141460_Singing individuals (birds)_2025"
27407,38.037094,-122.394722,376,"Sayornis","nigricans","black phoebe","Animalia",141461,294,"Singing individuals (birds)",2025,4,3,93,2460769,7,"141461_Singing individuals (birds)","Singing individuals","CA",9,2025-04-03,"calendar",93,2025,NA,NA,"141461_Singing individuals (birds)_2025"
27407,38.037094,-122.394722,376,"Sayornis","nigricans","black phoebe","Animalia",141461,457,"Insect consumption",2025,1,6,6,2460682,NA,"141461_Insect consumption","Feeding","CA",9,2025-01-06,"calendar",6,2025,NA,NA,"141461_Insect consumption_2025"
27407,38.037094,-122.394722,376,"Sayornis","nigricans","black phoebe","Animalia",141461,542,"Feeding (or foraging)",2025,1,6,6,2460682,NA,"141461_Feeding (or foraging)","Feeding","CA",9,2025-01-06,"calendar",6,2025,NA,NA,"141461_Feeding (or foraging)_2025"
