"site_id","latitude","longitude","species_id","genus","species","common_name","kingdom","individual_id","phenophase_id","phenophase_description","first_yes_year","first_yes_month","first_yes_day","first_yes_doy","first_yes_julian_date","numdays_since_prior_no","ind_phen","phenophase","state","first_yes_date","yeartype","dop","year","ind_phen_year","series_yrs"
1605,40.907997,-73.120705,288,"Bombus","spp.","bumblebee","Animalia",5283,327,"Adults",2011,5,3,123,2455685,NA,"5283_Adults","Adults observed","NY",2011-05-03,"calendar",123,2011,"5283_Adults_2011",11
1419,42.011166,-88.503304,288,"Bombus","spp.","bumblebee","Animalia",10284,312,"Flower visitation",2011,6,8,159,2455721,8,"10284_Flower visitation","Feeding","IL",2011-06-08,"calendar",159,2011,"10284_Flower visitation_2011",14
1419,42.011166,-88.503304,288,"Bombus","spp.","bumblebee","Animalia",10284,327,"Adults",2011,5,19,139,2455701,4,"10284_Adults","Adults observed","IL",2011-05-19,"calendar",139,2011,"10284_Adults_2011",14
5674,44.910587,-70.266861,396,"Danaus","plexippus","monarch","Animalia",12711,312,"Flower visitation",2011,8,9,221,2455783,4,"12711_Flower visitation","Feeding","ME",2011-08-09,"calendar",221,2011,"12711_Flower visitation_2011",11
5674,44.910587,-70.266861,396,"Danaus","plexippus","monarch","Animalia",12711,327,"Adults",2011,8,9,221,2455783,4,"12711_Adults","Adults observed","ME",2011-08-09,"calendar",221,2011,"12711_Adults_2011",11
2803,39.971001,-105.397003,288,"Bombus","spp.","bumblebee","Animalia",16049,312,"Flower visitation",2011,9,1,244,2455806,NA,"16049_Flower visitation","Feeding","CO",2011-09-01,"calendar",244,2011,"16049_Flower visitation_2011",15
2803,39.971001,-105.397003,288,"Bombus","spp.","bumblebee","Animalia",16049,327,"Adults",2011,9,1,244,2455806,NA,"16049_Adults","Adults observed","CO",2011-09-01,"calendar",244,2011,"16049_Adults_2011",15
1419,42.011166,-88.503304,288,"Bombus","spp.","bumblebee","Animalia",10284,312,"Flower visitation",2012,4,7,98,2456025,6,"10284_Flower visitation","Feeding","IL",2012-04-07,"calendar",98,2012,"10284_Flower visitation_2012",14
1419,42.011166,-88.503304,288,"Bombus","spp.","bumblebee","Animalia",10284,327,"Adults",2012,3,17,77,2456004,2,"10284_Adults","Adults observed","IL",2012-03-17,"calendar",77,2012,"10284_Adults_2012",14
2803,39.971001,-105.397003,288,"Bombus","spp.","bumblebee","Animalia",16049,312,"Flower visitation",2012,4,19,110,2456037,4,"16049_Flower visitation","Feeding","CO",2012-04-19,"calendar",110,2012,"16049_Flower visitation_2012",15
2803,39.971001,-105.397003,288,"Bombus","spp.","bumblebee","Animalia",16049,327,"Adults",2012,4,1,92,2456019,3,"16049_Adults","Adults observed","CO",2012-04-01,"calendar",92,2012,"16049_Adults_2012",15
8496,46.328629,-96.061256,396,"Danaus","plexippus","monarch","Animalia",25783,312,"Flower visitation",2012,5,7,128,2456055,2,"25783_Flower visitation","Feeding","MN",2012-05-07,"calendar",128,2012,"25783_Flower visitation_2012",10
8496,46.328629,-96.061256,396,"Danaus","plexippus","monarch","Animalia",25783,327,"Adults",2012,5,7,128,2456055,2,"25783_Adults","Adults observed","MN",2012-05-07,"calendar",128,2012,"25783_Adults_2012",12
8736,44.903229,-93.217445,288,"Bombus","spp.","bumblebee","Animalia",28350,312,"Flower visitation",2012,5,27,148,2456075,NA,"28350_Flower visitation","Feeding","MN",2012-05-27,"calendar",148,2012,"28350_Flower visitation_2012",10
8736,44.903229,-93.217445,288,"Bombus","spp.","bumblebee","Animalia",28350,327,"Adults",2012,5,27,148,2456075,NA,"28350_Adults","Adults observed","MN",2012-05-27,"calendar",148,2012,"28350_Adults_2012",10
8736,44.903229,-93.217445,391,"Pieris","rapae","cabbage white","Animalia",28351,327,"Adults",2012,6,1,153,2456080,5,"28351_Adults","Adults observed","MN",2012-06-01,"calendar",153,2012,"28351_Adults_2012",10
8736,44.903229,-93.217445,396,"Danaus","plexippus","monarch","Animalia",28352,312,"Flower visitation",2012,7,5,187,2456114,1,"28352_Flower visitation","Feeding","MN",2012-07-05,"calendar",187,2012,"28352_Flower visitation_2012",10
8736,44.903229,-93.217445,396,"Danaus","plexippus","monarch","Animalia",28352,327,"Adults",2012,7,5,187,2456114,1,"28352_Adults","Adults observed","MN",2012-07-05,"calendar",187,2012,"28352_Adults_2012",10
8736,44.903229,-93.217445,393,"Vanessa","atalanta","red admiral","Animalia",28355,327,"Adults",2012,5,27,148,2456075,NA,"28355_Adults","Adults observed","MN",2012-05-27,"calendar",148,2012,"28355_Adults_2012",9
8242,31.596231,-110.575493,1133,"Danaus","gilippus","queen","Animalia",29642,312,"Flower visitation",2012,7,26,208,2456135,NA,"29642_Flower visitation","Feeding","AZ",2012-07-26,"calendar",208,2012,"29642_Flower visitation_2012",10
8242,31.596231,-110.575493,1133,"Danaus","gilippus","queen","Animalia",29642,327,"Adults",2012,7,26,208,2456135,NA,"29642_Adults","Adults observed","AZ",2012-07-26,"calendar",208,2012,"29642_Adults_2012",10
8418,32.363758,-94.873947,288,"Bombus","spp.","bumblebee","Animalia",30797,312,"Flower visitation",2012,8,18,231,2456158,NA,"30797_Flower visitation","Feeding","TX",2012-08-18,"calendar",231,2012,"30797_Flower visitation_2012",12
8418,32.363758,-94.873947,288,"Bombus","spp.","bumblebee","Animalia",30797,327,"Adults",2012,8,18,231,2456158,NA,"30797_Adults","Adults observed","TX",2012-08-18,"calendar",231,2012,"30797_Adults_2012",12
1605,40.907997,-73.120705,288,"Bombus","spp.","bumblebee","Animalia",5283,327,"Adults",2013,4,26,116,2456409,NA,"5283_Adults","Adults observed","NY",2013-04-26,"calendar",116,2013,"5283_Adults_2013",11
1419,42.011166,-88.503304,288,"Bombus","spp.","bumblebee","Animalia",10284,312,"Flower visitation",2013,5,18,138,2456431,6,"10284_Flower visitation","Feeding","IL",2013-05-18,"calendar",138,2013,"10284_Flower visitation_2013",14
1419,42.011166,-88.503304,288,"Bombus","spp.","bumblebee","Animalia",10284,327,"Adults",2013,5,18,138,2456431,6,"10284_Adults","Adults observed","IL",2013-05-18,"calendar",138,2013,"10284_Adults_2013",14
5674,44.910587,-70.266861,396,"Danaus","plexippus","monarch","Animalia",12711,312,"Flower visitation",2013,6,2,153,2456446,7,"12711_Flower visitation","Feeding","ME",2013-06-02,"calendar",153,2013,"12711_Flower visitation_2013",11
5674,44.910587,-70.266861,396,"Danaus","plexippus","monarch","Animalia",12711,327,"Adults",2013,6,2,153,2456446,7,"12711_Adults","Adults observed","ME",2013-06-02,"calendar",153,2013,"12711_Adults_2013",11
2803,39.971001,-105.397003,288,"Bombus","spp.","bumblebee","Animalia",16049,312,"Flower visitation",2013,6,9,160,2456453,3,"16049_Flower visitation","Feeding","CO",2013-06-09,"calendar",160,2013,"16049_Flower visitation_2013",15
2803,39.971001,-105.397003,288,"Bombus","spp.","bumblebee","Animalia",16049,327,"Adults",2013,5,12,132,2456425,3,"16049_Adults","Adults observed","CO",2013-05-12,"calendar",132,2013,"16049_Adults_2013",15
8496,46.328629,-96.061256,396,"Danaus","plexippus","monarch","Animalia",25783,312,"Flower visitation",2013,8,30,242,2456535,5,"25783_Flower visitation","Feeding","MN",2013-08-30,"calendar",242,2013,"25783_Flower visitation_2013",10
8496,46.328629,-96.061256,396,"Danaus","plexippus","monarch","Animalia",25783,327,"Adults",2013,6,7,158,2456451,3,"25783_Adults","Adults observed","MN",2013-06-07,"calendar",158,2013,"25783_Adults_2013",12
8736,44.903229,-93.217445,288,"Bombus","spp.","bumblebee","Animalia",28350,312,"Flower visitation",2013,7,1,182,2456475,2,"28350_Flower visitation","Feeding","MN",2013-07-01,"calendar",182,2013,"28350_Flower visitation_2013",10
8736,44.903229,-93.217445,288,"Bombus","spp.","bumblebee","Animalia",28350,327,"Adults",2013,5,16,136,2456429,NA,"28350_Adults","Adults observed","MN",2013-05-16,"calendar",136,2013,"28350_Adults_2013",10
8736,44.903229,-93.217445,391,"Pieris","rapae","cabbage white","Animalia",28351,327,"Adults",2013,7,7,188,2456481,8,"28351_Adults","Adults observed","MN",2013-07-07,"calendar",188,2013,"28351_Adults_2013",10
8736,44.903229,-93.217445,396,"Danaus","plexippus","monarch","Animalia",28352,312,"Flower visitation",2013,8,1,213,2456506,8,"28352_Flower visitation","Feeding","MN",2013-08-01,"calendar",213,2013,"28352_Flower visitation_2013",10
8736,44.903229,-93.217445,396,"Danaus","plexippus","monarch","Animalia",28352,327,"Adults",2013,8,1,213,2456506,8,"28352_Adults","Adults observed","MN",2013-08-01,"calendar",213,2013,"28352_Adults_2013",10
8736,44.903229,-93.217445,393,"Vanessa","atalanta","red admiral","Animalia",28355,327,"Adults",2013,7,10,191,2456484,3,"28355_Adults","Adults observed","MN",2013-07-10,"calendar",191,2013,"28355_Adults_2013",9
8242,31.596231,-110.575493,1133,"Danaus","gilippus","queen","Animalia",29642,312,"Flower visitation",2013,5,31,151,2456444,NA,"29642_Flower visitation","Feeding","AZ",2013-05-31,"calendar",151,2013,"29642_Flower visitation_2013",10
8242,31.596231,-110.575493,1133,"Danaus","gilippus","queen","Animalia",29642,327,"Adults",2013,5,31,151,2456444,26,"29642_Adults","Adults observed","AZ",2013-05-31,"calendar",151,2013,"29642_Adults_2013",10
8418,32.363758,-94.873947,288,"Bombus","spp.","bumblebee","Animalia",30797,312,"Flower visitation",2013,3,18,77,2456370,5,"30797_Flower visitation","Feeding","TX",2013-03-18,"calendar",77,2013,"30797_Flower visitation_2013",12
8418,32.363758,-94.873947,288,"Bombus","spp.","bumblebee","Animalia",30797,327,"Adults",2013,3,18,77,2456370,5,"30797_Adults","Adults observed","TX",2013-03-18,"calendar",77,2013,"30797_Adults_2013",12
10145,42.602543,-83.250992,288,"Bombus","spp.","bumblebee","Animalia",38858,327,"Adults",2013,6,12,163,2456456,NA,"38858_Adults","Adults observed","MI",2013-06-12,"calendar",163,2013,"38858_Adults_2013",13
10145,42.602543,-83.250992,391,"Pieris","rapae","cabbage white","Animalia",38859,327,"Adults",2013,5,2,122,2456415,NA,"38859_Adults","Adults observed","MI",2013-05-02,"calendar",122,2013,"38859_Adults_2013",13
10145,42.602543,-83.250992,272,"Anax","junius","common green darner","Animalia",38869,327,"Adults",2013,5,6,126,2456419,NA,"38869_Adults","Adults observed","MI",2013-05-06,"calendar",126,2013,"38869_Adults_2013",13
10145,42.602543,-83.250992,396,"Danaus","plexippus","monarch","Animalia",38919,327,"Adults",2013,8,2,214,2456507,1,"38919_Adults","Adults observed","MI",2013-08-02,"calendar",214,2013,"38919_Adults_2013",13
10145,42.602543,-83.250992,1137,"Nymphalis","antiopa","mourning cloak","Animalia",38921,327,"Adults",2013,5,1,121,2456414,NA,"38921_Adults","Adults observed","MI",2013-05-01,"calendar",121,2013,"38921_Adults_2013",13
10145,42.602543,-83.250992,1132,"Colias","eurytheme","orange sulphur","Animalia",38930,327,"Adults",2013,8,18,230,2456523,NA,"38930_Adults","Adults observed","MI",2013-08-18,"calendar",230,2013,"38930_Adults_2013",13
6102,32.23188,-110.951012,288,"Bombus","spp.","bumblebee","Animalia",49641,312,"Flower visitation",2013,10,4,277,2456570,NA,"49641_Flower visitation","Feeding","AZ",2013-10-04,"calendar",277,2013,"49641_Flower visitation_2013",10
6102,32.23188,-110.951012,288,"Bombus","spp.","bumblebee","Animalia",49641,327,"Adults",2013,10,4,277,2456570,NA,"49641_Adults","Adults observed","AZ",2013-10-04,"calendar",277,2013,"49641_Adults_2013",10
1419,42.011166,-88.503304,288,"Bombus","spp.","bumblebee","Animalia",10284,312,"Flower visitation",2014,7,1,182,2456840,21,"10284_Flower visitation","Feeding","IL",2014-07-01,"calendar",182,2014,"10284_Flower visitation_2014",14
1419,42.011166,-88.503304,288,"Bombus","spp.","bumblebee","Animalia",10284,327,"Adults",2014,5,3,123,2456781,12,"10284_Adults","Adults observed","IL",2014-05-03,"calendar",123,2014,"10284_Adults_2014",14
5674,44.910587,-70.266861,396,"Danaus","plexippus","monarch","Animalia",12711,312,"Flower visitation",2014,6,8,159,2456817,7,"12711_Flower visitation","Feeding","ME",2014-06-08,"calendar",159,2014,"12711_Flower visitation_2014",11
5674,44.910587,-70.266861,396,"Danaus","plexippus","monarch","Animalia",12711,327,"Adults",2014,6,8,159,2456817,7,"12711_Adults","Adults observed","ME",2014-06-08,"calendar",159,2014,"12711_Adults_2014",11
2803,39.971001,-105.397003,288,"Bombus","spp.","bumblebee","Animalia",16049,312,"Flower visitation",2014,6,1,152,2456810,14,"16049_Flower visitation","Feeding","CO",2014-06-01,"calendar",152,2014,"16049_Flower visitation_2014",15
2803,39.971001,-105.397003,288,"Bombus","spp.","bumblebee","Animalia",16049,327,"Adults",2014,4,20,110,2456768,2,"16049_Adults","Adults observed","CO",2014-04-20,"calendar",110,2014,"16049_Adults_2014",15
8496,46.328629,-96.061256,396,"Danaus","plexippus","monarch","Animalia",25783,312,"Flower visitation",2014,7,28,209,2456867,4,"25783_Flower visitation","Feeding","MN",2014-07-28,"calendar",209,2014,"25783_Flower visitation_2014",10
8496,46.328629,-96.061256,396,"Danaus","plexippus","monarch","Animalia",25783,327,"Adults",2014,6,8,159,2456817,2,"25783_Adults","Adults observed","MN",2014-06-08,"calendar",159,2014,"25783_Adults_2014",12
8736,44.903229,-93.217445,288,"Bombus","spp.","bumblebee","Animalia",28350,312,"Flower visitation",2014,5,23,143,2456801,3,"28350_Flower visitation","Feeding","MN",2014-05-23,"calendar",143,2014,"28350_Flower visitation_2014",10
8736,44.903229,-93.217445,288,"Bombus","spp.","bumblebee","Animalia",28350,327,"Adults",2014,5,11,131,2456789,8,"28350_Adults","Adults observed","MN",2014-05-11,"calendar",131,2014,"28350_Adults_2014",10
8736,44.903229,-93.217445,391,"Pieris","rapae","cabbage white","Animalia",28351,327,"Adults",2014,6,26,177,2456835,3,"28351_Adults","Adults observed","MN",2014-06-26,"calendar",177,2014,"28351_Adults_2014",10
8736,44.903229,-93.217445,396,"Danaus","plexippus","monarch","Animalia",28352,312,"Flower visitation",2014,8,1,213,2456871,3,"28352_Flower visitation","Feeding","MN",2014-08-01,"calendar",213,2014,"28352_Flower visitation_2014",10
8736,44.903229,-93.217445,396,"Danaus","plexippus","monarch","Animalia",28352,327,"Adults",2014,7,5,186,2456844,2,"28352_Adults","Adults observed","MN",2014-07-05,"calendar",186,2014,"28352_Adults_2014",10
8736,44.903229,-93.217445,393,"Vanessa","atalanta","red admiral","Animalia",28355,327,"Adults",2014,6,16,167,2456825,6,"28355_Adults","Adults observed","MN",2014-06-16,"calendar",167,2014,"28355_Adults_2014",9
8242,31.596231,-110.575493,1133,"Danaus","gilippus","queen","Animalia",29642,312,"Flower visitation",2014,6,12,163,2456821,59,"29642_Flower visitation","Feeding","AZ",2014-06-12,"calendar",163,2014,"29642_Flower visitation_2014",10
8242,31.596231,-110.575493,1133,"Danaus","gilippus","queen","Animalia",29642,327,"Adults",2014,6,12,163,2456821,59,"29642_Adults","Adults observed","AZ",2014-06-12,"calendar",163,2014,"29642_Adults_2014",10
8418,32.363758,-94.873947,288,"Bombus","spp.","bumblebee","Animalia",30797,312,"Flower visitation",2014,4,2,92,2456750,3,"30797_Flower visitation","Feeding","TX",2014-04-02,"calendar",92,2014,"30797_Flower visitation_2014",12
8418,32.363758,-94.873947,288,"Bombus","spp.","bumblebee","Animalia",30797,327,"Adults",2014,4,2,92,2456750,3,"30797_Adults","Adults observed","TX",2014-04-02,"calendar",92,2014,"30797_Adults_2014",12
10145,42.602543,-83.250992,288,"Bombus","spp.","bumblebee","Animalia",38858,327,"Adults",2014,4,29,119,2456777,NA,"38858_Adults","Adults observed","MI",2014-04-29,"calendar",119,2014,"38858_Adults_2014",13
10145,42.602543,-83.250992,391,"Pieris","rapae","cabbage white","Animalia",38859,327,"Adults",2014,4,29,119,2456777,NA,"38859_Adults","Adults observed","MI",2014-04-29,"calendar",119,2014,"38859_Adults_2014",13
10145,42.602543,-83.250992,272,"Anax","junius","common green darner","Animalia",38869,327,"Adults",2014,6,21,172,2456830,NA,"38869_Adults","Adults observed","MI",2014-06-21,"calendar",172,2014,"38869_Adults_2014",13
10145,42.602543,-83.250992,396,"Danaus","plexippus","monarch","Animalia",38919,327,"Adults",2014,6,6,157,2456815,NA,"38919_Adults","Adults observed","MI",2014-06-06,"calendar",157,2014,"38919_Adults_2014",13
10145,42.602543,-83.250992,1137,"Nymphalis","antiopa","mourning cloak","Animalia",38921,327,"Adults",2014,7,6,187,2456845,NA,"38921_Adults","Adults observed","MI",2014-07-06,"calendar",187,2014,"38921_Adults_2014",13
10145,42.602543,-83.250992,1132,"Colias","eurytheme","orange sulphur","Animalia",38930,327,"Adults",2014,5,24,144,2456802,NA,"38930_Adults","Adults observed","MI",2014-05-24,"calendar",144,2014,"38930_Adults_2014",13
10145,42.602543,-83.250992,393,"Vanessa","atalanta","red admiral","Animalia",38941,327,"Adults",2014,4,10,100,2456758,NA,"38941_Adults","Adults observed","MI",2014-04-10,"calendar",100,2014,"38941_Adults_2014",11
6102,32.23188,-110.951012,288,"Bombus","spp.","bumblebee","Animalia",49641,312,"Flower visitation",2014,9,4,247,2456905,NA,"49641_Flower visitation","Feeding","AZ",2014-09-04,"calendar",247,2014,"49641_Flower visitation_2014",10
6102,32.23188,-110.951012,288,"Bombus","spp.","bumblebee","Animalia",49641,327,"Adults",2014,9,4,247,2456905,NA,"49641_Adults","Adults observed","AZ",2014-09-04,"calendar",247,2014,"49641_Adults_2014",10
16295,27.929228,-82.725639,396,"Danaus","plexippus","monarch","Animalia",60947,333,"Caterpillars",2014,5,20,140,2456798,7,"60947_Caterpillars","Young observed","FL",2014-05-20,"calendar",140,2014,"60947_Caterpillars_2014",9
16295,27.929228,-82.725639,396,"Danaus","plexippus","monarch","Animalia",60947,447,"Caterpillars feeding",2014,5,20,140,2456798,7,"60947_Caterpillars feeding","Young observed","FL",2014-05-20,"calendar",140,2014,"60947_Caterpillars feeding_2014",9
9652,44.768246,-94.155746,288,"Bombus","spp.","bumblebee","Animalia",69507,312,"Flower visitation",2014,5,5,125,2456783,NA,"69507_Flower visitation","Feeding","MN",2014-05-05,"calendar",125,2014,"69507_Flower visitation_2014",12
9652,44.768246,-94.155746,288,"Bombus","spp.","bumblebee","Animalia",69507,327,"Adults",2014,5,5,125,2456783,NA,"69507_Adults","Adults observed","MN",2014-05-05,"calendar",125,2014,"69507_Adults_2014",12
9652,44.768246,-94.155746,288,"Bombus","spp.","bumblebee","Animalia",69507,370,"Male adults",2014,7,26,207,2456865,NA,"69507_Male adults","Adults observed","MN",2014-07-26,"calendar",207,2014,"69507_Male adults_2014",11
10145,42.602543,-83.250992,1238,"Apis","mellifera","honeybee","Animalia",69919,327,"Adults",2014,5,18,138,2456796,NA,"69919_Adults","Adults observed","MI",2014-05-18,"calendar",138,2014,"69919_Adults_2014",12
16876,41.745537,-74.119392,396,"Danaus","plexippus","monarch","Animalia",72969,312,"Flower visitation",2014,8,29,241,2456899,3,"72969_Flower visitation","Feeding","NY",2014-08-29,"calendar",241,2014,"72969_Flower visitation_2014",12
16876,41.745537,-74.119392,396,"Danaus","plexippus","monarch","Animalia",72969,327,"Adults",2014,8,16,228,2456886,10,"72969_Adults","Adults observed","NY",2014-08-16,"calendar",228,2014,"72969_Adults_2014",12
20969,33.632149,-117.55545,1386,"Apodemia","virgulti","Behr's metalmark","Animalia",90201,327,"Adults",2014,3,8,67,2456725,2,"90201_Adults","Adults observed","CA",2014-03-08,"calendar",67,2014,"90201_Adults_2014",10
20969,33.632149,-117.55545,1383,"Adelpha","californica","California sister","Animalia",90203,327,"Adults",2014,3,6,65,2456723,NA,"90203_Adults","Adults observed","CA",2014-03-06,"calendar",65,2014,"90203_Adults_2014",10
20969,33.632149,-117.55545,1135,"Junonia","coenia","common buckeye","Animalia",90204,327,"Adults",2014,3,6,65,2456723,NA,"90204_Adults","Adults observed","CA",2014-03-06,"calendar",65,2014,"90204_Adults_2014",11
20969,33.632149,-117.55545,1388,"Coenonympha","tullia","common ringlet","Animalia",90205,327,"Adults",2014,3,6,65,2456723,NA,"90205_Adults","Adults observed","CA",2014-03-06,"calendar",65,2014,"90205_Adults_2014",11
1605,40.907997,-73.120705,288,"Bombus","spp.","bumblebee","Animalia",5283,327,"Adults",2015,5,15,135,2457158,NA,"5283_Adults","Adults observed","NY",2015-05-15,"calendar",135,2015,"5283_Adults_2015",11
1419,42.011166,-88.503304,288,"Bombus","spp.","bumblebee","Animalia",10284,312,"Flower visitation",2015,4,17,107,2457130,6,"10284_Flower visitation","Feeding","IL",2015-04-17,"calendar",107,2015,"10284_Flower visitation_2015",14
1419,42.011166,-88.503304,288,"Bombus","spp.","bumblebee","Animalia",10284,327,"Adults",2015,4,17,107,2457130,6,"10284_Adults","Adults observed","IL",2015-04-17,"calendar",107,2015,"10284_Adults_2015",14
2803,39.971001,-105.397003,288,"Bombus","spp.","bumblebee","Animalia",16049,312,"Flower visitation",2015,5,31,151,2457174,6,"16049_Flower visitation","Feeding","CO",2015-05-31,"calendar",151,2015,"16049_Flower visitation_2015",15
2803,39.971001,-105.397003,288,"Bombus","spp.","bumblebee","Animalia",16049,327,"Adults",2015,4,5,95,2457118,3,"16049_Adults","Adults observed","CO",2015-04-05,"calendar",95,2015,"16049_Adults_2015",15
8496,46.328629,-96.061256,396,"Danaus","plexippus","monarch","Animalia",25783,312,"Flower visitation",2015,8,4,216,2457239,10,"25783_Flower visitation","Feeding","MN",2015-08-04,"calendar",216,2015,"25783_Flower visitation_2015",10
8496,46.328629,-96.061256,396,"Danaus","plexippus","monarch","Animalia",25783,327,"Adults",2015,6,11,162,2457185,2,"25783_Adults","Adults observed","MN",2015-06-11,"calendar",162,2015,"25783_Adults_2015",12
8736,44.903229,-93.217445,288,"Bombus","spp.","bumblebee","Animalia",28350,312,"Flower visitation",2015,5,4,124,2457147,7,"28350_Flower visitation","Feeding","MN",2015-05-04,"calendar",124,2015,"28350_Flower visitation_2015",10
8736,44.903229,-93.217445,288,"Bombus","spp.","bumblebee","Animalia",28350,327,"Adults",2015,4,23,113,2457136,12,"28350_Adults","Adults observed","MN",2015-04-23,"calendar",113,2015,"28350_Adults_2015",10
8736,44.903229,-93.217445,391,"Pieris","rapae","cabbage white","Animalia",28351,327,"Adults",2015,4,30,120,2457143,3,"28351_Adults","Adults observed","MN",2015-04-30,"calendar",120,2015,"28351_Adults_2015",10
8736,44.903229,-93.217445,396,"Danaus","plexippus","monarch","Animalia",28352,312,"Flower visitation",2015,7,9,190,2457213,1,"28352_Flower visitation","Feeding","MN",2015-07-09,"calendar",190,2015,"28352_Flower visitation_2015",10
8736,44.903229,-93.217445,396,"Danaus","plexippus","monarch","Animalia",28352,327,"Adults",2015,7,9,190,2457213,1,"28352_Adults","Adults observed","MN",2015-07-09,"calendar",190,2015,"28352_Adults_2015",10
8736,44.903229,-93.217445,393,"Vanessa","atalanta","red admiral","Animalia",28355,327,"Adults",2015,5,22,142,2457165,5,"28355_Adults","Adults observed","MN",2015-05-22,"calendar",142,2015,"28355_Adults_2015",9
8242,31.596231,-110.575493,1133,"Danaus","gilippus","queen","Animalia",29642,312,"Flower visitation",2015,6,8,159,2457182,40,"29642_Flower visitation","Feeding","AZ",2015-06-08,"calendar",159,2015,"29642_Flower visitation_2015",10
8242,31.596231,-110.575493,1133,"Danaus","gilippus","queen","Animalia",29642,327,"Adults",2015,6,8,159,2457182,40,"29642_Adults","Adults observed","AZ",2015-06-08,"calendar",159,2015,"29642_Adults_2015",10
8418,32.363758,-94.873947,288,"Bombus","spp.","bumblebee","Animalia",30797,312,"Flower visitation",2015,3,25,84,2457107,3,"30797_Flower visitation","Feeding","TX",2015-03-25,"calendar",84,2015,"30797_Flower visitation_2015",12
8418,32.363758,-94.873947,288,"Bombus","spp.","bumblebee","Animalia",30797,327,"Adults",2015,3,25,84,2457107,3,"30797_Adults","Adults observed","TX",2015-03-25,"calendar",84,2015,"30797_Adults_2015",12
10145,42.602543,-83.250992,288,"Bombus","spp.","bumblebee","Animalia",38858,327,"Adults",2015,4,18,108,2457131,NA,"38858_Adults","Adults observed","MI",2015-04-18,"calendar",108,2015,"38858_Adults_2015",13
10145,42.602543,-83.250992,391,"Pieris","rapae","cabbage white","Animalia",38859,327,"Adults",2015,4,17,107,2457130,NA,"38859_Adults","Adults observed","MI",2015-04-17,"calendar",107,2015,"38859_Adults_2015",13
10145,42.602543,-83.250992,272,"Anax","junius","common green darner","Animalia",38869,327,"Adults",2015,4,15,105,2457128,NA,"38869_Adults","Adults observed","MI",2015-04-15,"calendar",105,2015,"38869_Adults_2015",13
10145,42.602543,-83.250992,396,"Danaus","plexippus","monarch","Animalia",38919,327,"Adults",2015,5,18,138,2457161,NA,"38919_Adults","Adults observed","MI",2015-05-18,"calendar",138,2015,"38919_Adults_2015",13
10145,42.602543,-83.250992,1137,"Nymphalis","antiopa","mourning cloak","Animalia",38921,327,"Adults",2015,4,11,101,2457124,NA,"38921_Adults","Adults observed","MI",2015-04-11,"calendar",101,2015,"38921_Adults_2015",13
10145,42.602543,-83.250992,1132,"Colias","eurytheme","orange sulphur","Animalia",38930,327,"Adults",2015,7,12,193,2457216,NA,"38930_Adults","Adults observed","MI",2015-07-12,"calendar",193,2015,"38930_Adults_2015",13
10145,42.602543,-83.250992,393,"Vanessa","atalanta","red admiral","Animalia",38941,327,"Adults",2015,5,20,140,2457163,NA,"38941_Adults","Adults observed","MI",2015-05-20,"calendar",140,2015,"38941_Adults_2015",11
6102,32.23188,-110.951012,288,"Bombus","spp.","bumblebee","Animalia",49641,312,"Flower visitation",2015,9,3,246,2457269,1,"49641_Flower visitation","Feeding","AZ",2015-09-03,"calendar",246,2015,"49641_Flower visitation_2015",10
6102,32.23188,-110.951012,288,"Bombus","spp.","bumblebee","Animalia",49641,327,"Adults",2015,9,2,245,2457268,2,"49641_Adults","Adults observed","AZ",2015-09-02,"calendar",245,2015,"49641_Adults_2015",10
16295,27.929228,-82.725639,396,"Danaus","plexippus","monarch","Animalia",60947,333,"Caterpillars",2015,3,25,84,2457107,5,"60947_Caterpillars","Young observed","FL",2015-03-25,"calendar",84,2015,"60947_Caterpillars_2015",9
16295,27.929228,-82.725639,396,"Danaus","plexippus","monarch","Animalia",60947,447,"Caterpillars feeding",2015,3,25,84,2457107,5,"60947_Caterpillars feeding","Young observed","FL",2015-03-25,"calendar",84,2015,"60947_Caterpillars feeding_2015",9
9652,44.768246,-94.155746,288,"Bombus","spp.","bumblebee","Animalia",69507,312,"Flower visitation",2015,4,28,118,2457141,NA,"69507_Flower visitation","Feeding","MN",2015-04-28,"calendar",118,2015,"69507_Flower visitation_2015",12
9652,44.768246,-94.155746,288,"Bombus","spp.","bumblebee","Animalia",69507,327,"Adults",2015,4,28,118,2457141,NA,"69507_Adults","Adults observed","MN",2015-04-28,"calendar",118,2015,"69507_Adults_2015",12
9652,44.768246,-94.155746,288,"Bombus","spp.","bumblebee","Animalia",69507,370,"Male adults",2015,4,28,118,2457141,NA,"69507_Male adults","Adults observed","MN",2015-04-28,"calendar",118,2015,"69507_Male adults_2015",11
10145,42.602543,-83.250992,1238,"Apis","mellifera","honeybee","Animalia",69919,327,"Adults",2015,8,3,215,2457238,NA,"69919_Adults","Adults observed","MI",2015-08-03,"calendar",215,2015,"69919_Adults_2015",12
16876,41.745537,-74.119392,396,"Danaus","plexippus","monarch","Animalia",72969,312,"Flower visitation",2015,8,8,220,2457243,2,"72969_Flower visitation","Feeding","NY",2015-08-08,"calendar",220,2015,"72969_Flower visitation_2015",12
16876,41.745537,-74.119392,396,"Danaus","plexippus","monarch","Animalia",72969,327,"Adults",2015,5,27,147,2457170,1,"72969_Adults","Adults observed","NY",2015-05-27,"calendar",147,2015,"72969_Adults_2015",12
17414,42.936153,-73.433449,396,"Danaus","plexippus","monarch","Animalia",86971,312,"Flower visitation",2015,7,11,192,2457215,8,"86971_Flower visitation","Feeding","NY",2015-07-11,"calendar",192,2015,"86971_Flower visitation_2015",11
17414,42.936153,-73.433449,396,"Danaus","plexippus","monarch","Animalia",86971,327,"Adults",2015,5,30,150,2457173,6,"86971_Adults","Adults observed","NY",2015-05-30,"calendar",150,2015,"86971_Adults_2015",11
20969,33.632149,-117.55545,1386,"Apodemia","virgulti","Behr's metalmark","Animalia",90201,327,"Adults",2015,2,7,38,2457061,2,"90201_Adults","Adults observed","CA",2015-02-07,"calendar",38,2015,"90201_Adults_2015",10
20969,33.632149,-117.55545,1383,"Adelpha","californica","California sister","Animalia",90203,327,"Adults",2015,2,5,36,2457059,5,"90203_Adults","Adults observed","CA",2015-02-05,"calendar",36,2015,"90203_Adults_2015",10
20969,33.632149,-117.55545,1135,"Junonia","coenia","common buckeye","Animalia",90204,312,"Flower visitation",2015,11,1,305,2457328,14,"90204_Flower visitation","Feeding","CA",2015-11-01,"calendar",305,2015,"90204_Flower visitation_2015",9
20969,33.632149,-117.55545,1135,"Junonia","coenia","common buckeye","Animalia",90204,327,"Adults",2015,2,15,46,2457069,8,"90204_Adults","Adults observed","CA",2015-02-15,"calendar",46,2015,"90204_Adults_2015",11
20969,33.632149,-117.55545,1388,"Coenonympha","tullia","common ringlet","Animalia",90205,327,"Adults",2015,3,5,64,2457087,18,"90205_Adults","Adults observed","CA",2015-03-05,"calendar",64,2015,"90205_Adults_2015",11
20969,33.632149,-117.55545,1384,"Anthocharis","sara","Pacific orangetip","Animalia",90206,327,"Adults",2015,1,18,18,2457041,3,"90206_Adults","Adults observed","CA",2015-01-18,"calendar",18,2015,"90206_Adults_2015",10
1605,40.907997,-73.120705,288,"Bombus","spp.","bumblebee","Animalia",5283,327,"Adults",2016,3,17,77,2457465,NA,"5283_Adults","Adults observed","NY",2016-03-17,"calendar",77,2016,"5283_Adults_2016",11
1419,42.011166,-88.503304,288,"Bombus","spp.","bumblebee","Animalia",10284,312,"Flower visitation",2016,5,28,149,2457537,21,"10284_Flower visitation","Feeding","IL",2016-05-28,"calendar",149,2016,"10284_Flower visitation_2016",14
1419,42.011166,-88.503304,288,"Bombus","spp.","bumblebee","Animalia",10284,327,"Adults",2016,4,16,107,2457495,1,"10284_Adults","Adults observed","IL",2016-04-16,"calendar",107,2016,"10284_Adults_2016",14
2803,39.971001,-105.397003,288,"Bombus","spp.","bumblebee","Animalia",16049,312,"Flower visitation",2016,5,29,150,2457538,2,"16049_Flower visitation","Feeding","CO",2016-05-29,"calendar",150,2016,"16049_Flower visitation_2016",15
2803,39.971001,-105.397003,288,"Bombus","spp.","bumblebee","Animalia",16049,327,"Adults",2016,5,6,127,2457515,5,"16049_Adults","Adults observed","CO",2016-05-06,"calendar",127,2016,"16049_Adults_2016",15
8496,46.328629,-96.061256,396,"Danaus","plexippus","monarch","Animalia",25783,312,"Flower visitation",2016,8,4,217,2457605,7,"25783_Flower visitation","Feeding","MN",2016-08-04,"calendar",217,2016,"25783_Flower visitation_2016",10
8496,46.328629,-96.061256,396,"Danaus","plexippus","monarch","Animalia",25783,327,"Adults",2016,6,24,176,2457564,9,"25783_Adults","Adults observed","MN",2016-06-24,"calendar",176,2016,"25783_Adults_2016",12
8715,43.522804,-70.802277,396,"Danaus","plexippus","monarch","Animalia",28194,327,"Adults",2016,7,6,188,2457576,6,"28194_Adults","Adults observed","ME",2016-07-06,"calendar",188,2016,"28194_Adults_2016",9
8736,44.903229,-93.217445,288,"Bombus","spp.","bumblebee","Animalia",28350,312,"Flower visitation",2016,5,5,126,2457514,2,"28350_Flower visitation","Feeding","MN",2016-05-05,"calendar",126,2016,"28350_Flower visitation_2016",10
8736,44.903229,-93.217445,288,"Bombus","spp.","bumblebee","Animalia",28350,327,"Adults",2016,4,16,107,2457495,1,"28350_Adults","Adults observed","MN",2016-04-16,"calendar",107,2016,"28350_Adults_2016",10
8736,44.903229,-93.217445,391,"Pieris","rapae","cabbage white","Animalia",28351,327,"Adults",2016,5,6,127,2457515,3,"28351_Adults","Adults observed","MN",2016-05-06,"calendar",127,2016,"28351_Adults_2016",10
8736,44.903229,-93.217445,396,"Danaus","plexippus","monarch","Animalia",28352,312,"Flower visitation",2016,7,3,185,2457573,4,"28352_Flower visitation","Feeding","MN",2016-07-03,"calendar",185,2016,"28352_Flower visitation_2016",10
8736,44.903229,-93.217445,396,"Danaus","plexippus","monarch","Animalia",28352,327,"Adults",2016,7,3,185,2457573,4,"28352_Adults","Adults observed","MN",2016-07-03,"calendar",185,2016,"28352_Adults_2016",10
8736,44.903229,-93.217445,393,"Vanessa","atalanta","red admiral","Animalia",28355,327,"Adults",2016,5,6,127,2457515,1,"28355_Adults","Adults observed","MN",2016-05-06,"calendar",127,2016,"28355_Adults_2016",9
8242,31.596231,-110.575493,1133,"Danaus","gilippus","queen","Animalia",29642,312,"Flower visitation",2016,6,29,181,2457569,36,"29642_Flower visitation","Feeding","AZ",2016-06-29,"calendar",181,2016,"29642_Flower visitation_2016",10
8242,31.596231,-110.575493,1133,"Danaus","gilippus","queen","Animalia",29642,327,"Adults",2016,6,29,181,2457569,36,"29642_Adults","Adults observed","AZ",2016-06-29,"calendar",181,2016,"29642_Adults_2016",10
8418,32.363758,-94.873947,288,"Bombus","spp.","bumblebee","Animalia",30797,312,"Flower visitation",2016,3,13,73,2457461,11,"30797_Flower visitation","Feeding","TX",2016-03-13,"calendar",73,2016,"30797_Flower visitation_2016",12
8418,32.363758,-94.873947,288,"Bombus","spp.","bumblebee","Animalia",30797,327,"Adults",2016,3,13,73,2457461,11,"30797_Adults","Adults observed","TX",2016-03-13,"calendar",73,2016,"30797_Adults_2016",12
10145,42.602543,-83.250992,288,"Bombus","spp.","bumblebee","Animalia",38858,327,"Adults",2016,4,27,118,2457506,NA,"38858_Adults","Adults observed","MI",2016-04-27,"calendar",118,2016,"38858_Adults_2016",13
10145,42.602543,-83.250992,391,"Pieris","rapae","cabbage white","Animalia",38859,327,"Adults",2016,4,16,107,2457495,NA,"38859_Adults","Adults observed","MI",2016-04-16,"calendar",107,2016,"38859_Adults_2016",13
10145,42.602543,-83.250992,272,"Anax","junius","common green darner","Animalia",38869,327,"Adults",2016,5,8,129,2457517,NA,"38869_Adults","Adults observed","MI",2016-05-08,"calendar",129,2016,"38869_Adults_2016",13
10145,42.602543,-83.250992,396,"Danaus","plexippus","monarch","Animalia",38919,327,"Adults",2016,7,10,192,2457580,NA,"38919_Adults","Adults observed","MI",2016-07-10,"calendar",192,2016,"38919_Adults_2016",13
10145,42.602543,-83.250992,1137,"Nymphalis","antiopa","mourning cloak","Animalia",38921,327,"Adults",2016,5,23,144,2457532,NA,"38921_Adults","Adults observed","MI",2016-05-23,"calendar",144,2016,"38921_Adults_2016",13
10145,42.602543,-83.250992,1132,"Colias","eurytheme","orange sulphur","Animalia",38930,327,"Adults",2016,5,23,144,2457532,NA,"38930_Adults","Adults observed","MI",2016-05-23,"calendar",144,2016,"38930_Adults_2016",13
10145,42.602543,-83.250992,393,"Vanessa","atalanta","red admiral","Animalia",38941,327,"Adults",2016,5,16,137,2457525,NA,"38941_Adults","Adults observed","MI",2016-05-16,"calendar",137,2016,"38941_Adults_2016",11
6102,32.23188,-110.951012,288,"Bombus","spp.","bumblebee","Animalia",49641,312,"Flower visitation",2016,2,11,42,2457430,6,"49641_Flower visitation","Feeding","AZ",2016-02-11,"calendar",42,2016,"49641_Flower visitation_2016",10
6102,32.23188,-110.951012,288,"Bombus","spp.","bumblebee","Animalia",49641,327,"Adults",2016,2,5,36,2457424,NA,"49641_Adults","Adults observed","AZ",2016-02-05,"calendar",36,2016,"49641_Adults_2016",10
16295,27.929228,-82.725639,396,"Danaus","plexippus","monarch","Animalia",60947,333,"Caterpillars",2016,5,6,127,2457515,7,"60947_Caterpillars","Young observed","FL",2016-05-06,"calendar",127,2016,"60947_Caterpillars_2016",9
16295,27.929228,-82.725639,396,"Danaus","plexippus","monarch","Animalia",60947,447,"Caterpillars feeding",2016,10,12,286,2457674,19,"60947_Caterpillars feeding","Young observed","FL",2016-10-12,"calendar",286,2016,"60947_Caterpillars feeding_2016",9
9652,44.768246,-94.155746,288,"Bombus","spp.","bumblebee","Animalia",69507,312,"Flower visitation",2016,5,5,126,2457514,21,"69507_Flower visitation","Feeding","MN",2016-05-05,"calendar",126,2016,"69507_Flower visitation_2016",12
9652,44.768246,-94.155746,288,"Bombus","spp.","bumblebee","Animalia",69507,327,"Adults",2016,4,14,105,2457493,NA,"69507_Adults","Adults observed","MN",2016-04-14,"calendar",105,2016,"69507_Adults_2016",12
9652,44.768246,-94.155746,288,"Bombus","spp.","bumblebee","Animalia",69507,370,"Male adults",2016,4,14,105,2457493,NA,"69507_Male adults","Adults observed","MN",2016-04-14,"calendar",105,2016,"69507_Male adults_2016",11
10145,42.602543,-83.250992,1238,"Apis","mellifera","honeybee","Animalia",69919,327,"Adults",2016,5,22,143,2457531,1,"69919_Adults","Adults observed","MI",2016-05-22,"calendar",143,2016,"69919_Adults_2016",12
16876,41.745537,-74.119392,396,"Danaus","plexippus","monarch","Animalia",72969,312,"Flower visitation",2016,8,17,230,2457618,3,"72969_Flower visitation","Feeding","NY",2016-08-17,"calendar",230,2016,"72969_Flower visitation_2016",12
16876,41.745537,-74.119392,396,"Danaus","plexippus","monarch","Animalia",72969,327,"Adults",2016,6,14,166,2457554,4,"72969_Adults","Adults observed","NY",2016-06-14,"calendar",166,2016,"72969_Adults_2016",12
17414,42.936153,-73.433449,396,"Danaus","plexippus","monarch","Animalia",86971,312,"Flower visitation",2016,8,12,225,2457613,6,"86971_Flower visitation","Feeding","NY",2016-08-12,"calendar",225,2016,"86971_Flower visitation_2016",11
17414,42.936153,-73.433449,396,"Danaus","plexippus","monarch","Animalia",86971,327,"Adults",2016,7,2,184,2457572,7,"86971_Adults","Adults observed","NY",2016-07-02,"calendar",184,2016,"86971_Adults_2016",11
20969,33.632149,-117.55545,1386,"Apodemia","virgulti","Behr's metalmark","Animalia",90201,327,"Adults",2016,3,5,65,2457453,2,"90201_Adults","Adults observed","CA",2016-03-05,"calendar",65,2016,"90201_Adults_2016",10
20969,33.632149,-117.55545,1383,"Adelpha","californica","California sister","Animalia",90203,327,"Adults",2016,1,28,28,2457416,6,"90203_Adults","Adults observed","CA",2016-01-28,"calendar",28,2016,"90203_Adults_2016",10
20969,33.632149,-117.55545,1135,"Junonia","coenia","common buckeye","Animalia",90204,312,"Flower visitation",2016,2,9,40,2457428,3,"90204_Flower visitation","Feeding","CA",2016-02-09,"calendar",40,2016,"90204_Flower visitation_2016",9
20969,33.632149,-117.55545,1135,"Junonia","coenia","common buckeye","Animalia",90204,327,"Adults",2016,1,8,8,2457396,NA,"90204_Adults","Adults observed","CA",2016-01-08,"calendar",8,2016,"90204_Adults_2016",11
20969,33.632149,-117.55545,1388,"Coenonympha","tullia","common ringlet","Animalia",90205,327,"Adults",2016,2,26,57,2457445,6,"90205_Adults","Adults observed","CA",2016-02-26,"calendar",57,2016,"90205_Adults_2016",11
20969,33.632149,-117.55545,1384,"Anthocharis","sara","Pacific orangetip","Animalia",90206,327,"Adults",2016,1,28,28,2457416,6,"90206_Adults","Adults observed","CA",2016-01-28,"calendar",28,2016,"90206_Adults_2016",10
22613,32.33926,-110.981728,1131,"Calephelis","nemesis","fatal metalmark","Animalia",100905,327,"Adults",2016,5,14,135,2457523,14,"100905_Adults","Adults observed","AZ",2016-05-14,"calendar",135,2016,"100905_Adults_2016",10
22613,32.33926,-110.981728,1403,"Papilio","cresphontes","giant swallowtail","Animalia",100906,327,"Adults",2016,3,26,86,2457474,NA,"100906_Adults","Adults observed","AZ",2016-03-26,"calendar",86,2016,"100906_Adults_2016",10
22613,32.33926,-110.981728,1391,"Agraulis","vanillae","gulf fritillary","Animalia",100907,327,"Adults",2016,3,26,86,2457474,NA,"100907_Adults","Adults observed","AZ",2016-03-26,"calendar",86,2016,"100907_Adults_2016",10
22613,32.33926,-110.981728,396,"Danaus","plexippus","monarch","Animalia",100909,327,"Adults",2016,5,14,135,2457523,NA,"100909_Adults","Adults observed","AZ",2016-05-14,"calendar",135,2016,"100909_Adults_2016",10
22613,32.33926,-110.981728,1129,"Battus","philenor","pipevine swallowtail","Animalia",100912,327,"Adults",2016,3,26,86,2457474,NA,"100912_Adults","Adults observed","AZ",2016-03-26,"calendar",86,2016,"100912_Adults_2016",10
22613,32.33926,-110.981728,1129,"Battus","philenor","pipevine swallowtail","Animalia",100912,333,"Caterpillars",2016,4,9,100,2457488,7,"100912_Caterpillars","Young observed","AZ",2016-04-09,"calendar",100,2016,"100912_Caterpillars_2016",9
22613,32.33926,-110.981728,1133,"Danaus","gilippus","queen","Animalia",100913,327,"Adults",2016,4,23,114,2457502,7,"100913_Adults","Adults observed","AZ",2016-04-23,"calendar",114,2016,"100913_Adults_2016",10
22613,32.33926,-110.981728,260,"Celastrina","ladon complex","spring azure","Animalia",100915,327,"Adults",2016,3,26,86,2457474,NA,"100915_Adults","Adults observed","AZ",2016-03-26,"calendar",86,2016,"100915_Adults_2016",9
1419,42.011166,-88.503304,288,"Bombus","spp.","bumblebee","Animalia",10284,312,"Flower visitation",2017,5,27,147,2457901,20,"10284_Flower visitation","Feeding","IL",2017-05-27,"calendar",147,2017,"10284_Flower visitation_2017",14
1419,42.011166,-88.503304,288,"Bombus","spp.","bumblebee","Animalia",10284,327,"Adults",2017,5,7,127,2457881,28,"10284_Adults","Adults observed","IL",2017-05-07,"calendar",127,2017,"10284_Adults_2017",14
2803,39.971001,-105.397003,288,"Bombus","spp.","bumblebee","Animalia",16049,312,"Flower visitation",2017,5,15,135,2457889,3,"16049_Flower visitation","Feeding","CO",2017-05-15,"calendar",135,2017,"16049_Flower visitation_2017",15
2803,39.971001,-105.397003,288,"Bombus","spp.","bumblebee","Animalia",16049,327,"Adults",2017,4,15,105,2457859,2,"16049_Adults","Adults observed","CO",2017-04-15,"calendar",105,2017,"16049_Adults_2017",15
8496,46.328629,-96.061256,396,"Danaus","plexippus","monarch","Animalia",25783,312,"Flower visitation",2017,7,27,208,2457962,7,"25783_Flower visitation","Feeding","MN",2017-07-27,"calendar",208,2017,"25783_Flower visitation_2017",10
8496,46.328629,-96.061256,396,"Danaus","plexippus","monarch","Animalia",25783,327,"Adults",2017,7,20,201,2457955,5,"25783_Adults","Adults observed","MN",2017-07-20,"calendar",201,2017,"25783_Adults_2017",12
8715,43.522804,-70.802277,396,"Danaus","plexippus","monarch","Animalia",28194,327,"Adults",2017,6,21,172,2457926,7,"28194_Adults","Adults observed","ME",2017-06-21,"calendar",172,2017,"28194_Adults_2017",9
8736,44.903229,-93.217445,288,"Bombus","spp.","bumblebee","Animalia",28350,312,"Flower visitation",2017,4,29,119,2457873,4,"28350_Flower visitation","Feeding","MN",2017-04-29,"calendar",119,2017,"28350_Flower visitation_2017",10
8736,44.903229,-93.217445,288,"Bombus","spp.","bumblebee","Animalia",28350,327,"Adults",2017,4,29,119,2457873,4,"28350_Adults","Adults observed","MN",2017-04-29,"calendar",119,2017,"28350_Adults_2017",10
8736,44.903229,-93.217445,391,"Pieris","rapae","cabbage white","Animalia",28351,327,"Adults",2017,5,2,122,2457876,7,"28351_Adults","Adults observed","MN",2017-05-02,"calendar",122,2017,"28351_Adults_2017",10
8736,44.903229,-93.217445,396,"Danaus","plexippus","monarch","Animalia",28352,312,"Flower visitation",2017,7,5,186,2457940,1,"28352_Flower visitation","Feeding","MN",2017-07-05,"calendar",186,2017,"28352_Flower visitation_2017",10
8736,44.903229,-93.217445,396,"Danaus","plexippus","monarch","Animalia",28352,327,"Adults",2017,7,4,185,2457939,1,"28352_Adults","Adults observed","MN",2017-07-04,"calendar",185,2017,"28352_Adults_2017",10
8736,44.903229,-93.217445,393,"Vanessa","atalanta","red admiral","Animalia",28355,327,"Adults",2017,5,25,145,2457899,9,"28355_Adults","Adults observed","MN",2017-05-25,"calendar",145,2017,"28355_Adults_2017",9
8242,31.596231,-110.575493,1133,"Danaus","gilippus","queen","Animalia",29642,312,"Flower visitation",2017,6,4,155,2457909,63,"29642_Flower visitation","Feeding","AZ",2017-06-04,"calendar",155,2017,"29642_Flower visitation_2017",10
8242,31.596231,-110.575493,1133,"Danaus","gilippus","queen","Animalia",29642,327,"Adults",2017,6,4,155,2457909,63,"29642_Adults","Adults observed","AZ",2017-06-04,"calendar",155,2017,"29642_Adults_2017",10
8418,32.363758,-94.873947,288,"Bombus","spp.","bumblebee","Animalia",30797,312,"Flower visitation",2017,2,22,53,2457807,3,"30797_Flower visitation","Feeding","TX",2017-02-22,"calendar",53,2017,"30797_Flower visitation_2017",12
8418,32.363758,-94.873947,288,"Bombus","spp.","bumblebee","Animalia",30797,327,"Adults",2017,2,22,53,2457807,3,"30797_Adults","Adults observed","TX",2017-02-22,"calendar",53,2017,"30797_Adults_2017",12
10145,42.602543,-83.250992,288,"Bombus","spp.","bumblebee","Animalia",38858,327,"Adults",2017,4,24,114,2457868,NA,"38858_Adults","Adults observed","MI",2017-04-24,"calendar",114,2017,"38858_Adults_2017",13
10145,42.602543,-83.250992,391,"Pieris","rapae","cabbage white","Animalia",38859,327,"Adults",2017,4,11,101,2457855,NA,"38859_Adults","Adults observed","MI",2017-04-11,"calendar",101,2017,"38859_Adults_2017",13
10145,42.602543,-83.250992,272,"Anax","junius","common green darner","Animalia",38869,327,"Adults",2017,4,24,114,2457868,NA,"38869_Adults","Adults observed","MI",2017-04-24,"calendar",114,2017,"38869_Adults_2017",13
10145,42.602543,-83.250992,396,"Danaus","plexippus","monarch","Animalia",38919,327,"Adults",2017,5,30,150,2457904,NA,"38919_Adults","Adults observed","MI",2017-05-30,"calendar",150,2017,"38919_Adults_2017",13
10145,42.602543,-83.250992,1137,"Nymphalis","antiopa","mourning cloak","Animalia",38921,327,"Adults",2017,4,2,92,2457846,NA,"38921_Adults","Adults observed","MI",2017-04-02,"calendar",92,2017,"38921_Adults_2017",13
10145,42.602543,-83.250992,1132,"Colias","eurytheme","orange sulphur","Animalia",38930,327,"Adults",2017,6,27,178,2457932,NA,"38930_Adults","Adults observed","MI",2017-06-27,"calendar",178,2017,"38930_Adults_2017",13
10145,42.602543,-83.250992,393,"Vanessa","atalanta","red admiral","Animalia",38941,327,"Adults",2017,4,17,107,2457861,NA,"38941_Adults","Adults observed","MI",2017-04-17,"calendar",107,2017,"38941_Adults_2017",11
6102,32.23188,-110.951012,288,"Bombus","spp.","bumblebee","Animalia",49641,312,"Flower visitation",2017,9,25,268,2458022,33,"49641_Flower visitation","Feeding","AZ",2017-09-25,"calendar",268,2017,"49641_Flower visitation_2017",10
6102,32.23188,-110.951012,288,"Bombus","spp.","bumblebee","Animalia",49641,327,"Adults",2017,8,23,235,2457989,114,"49641_Adults","Adults observed","AZ",2017-08-23,"calendar",235,2017,"49641_Adults_2017",10
12064,32.248463,-110.909584,396,"Danaus","plexippus","monarch","Animalia",50768,312,"Flower visitation",2017,6,9,160,2457914,NA,"50768_Flower visitation","Feeding","AZ",2017-06-09,"calendar",160,2017,"50768_Flower visitation_2017",9
12064,32.248463,-110.909584,396,"Danaus","plexippus","monarch","Animalia",50768,327,"Adults",2017,6,9,160,2457914,NA,"50768_Adults","Adults observed","AZ",2017-06-09,"calendar",160,2017,"50768_Adults_2017",9
12064,32.248463,-110.909584,1133,"Danaus","gilippus","queen","Animalia",50769,312,"Flower visitation",2017,6,16,167,2457921,7,"50769_Flower visitation","Feeding","AZ",2017-06-16,"calendar",167,2017,"50769_Flower visitation_2017",9
12064,32.248463,-110.909584,1133,"Danaus","gilippus","queen","Animalia",50769,327,"Adults",2017,6,16,167,2457921,7,"50769_Adults","Adults observed","AZ",2017-06-16,"calendar",167,2017,"50769_Adults_2017",9
12064,32.248463,-110.909584,1142,"Bombus","sonorus","Sonoran bumble bee","Animalia",50772,312,"Flower visitation",2017,6,16,167,2457921,7,"50772_Flower visitation","Feeding","AZ",2017-06-16,"calendar",167,2017,"50772_Flower visitation_2017",9
12064,32.248463,-110.909584,1142,"Bombus","sonorus","Sonoran bumble bee","Animalia",50772,327,"Adults",2017,6,16,167,2457921,7,"50772_Adults","Adults observed","AZ",2017-06-16,"calendar",167,2017,"50772_Adults_2017",9
12064,32.248463,-110.909584,1143,"Xylocopa","varipuncta","valley carpenter bee","Animalia",50773,327,"Adults",2017,6,9,160,2457914,NA,"50773_Adults","Adults observed","AZ",2017-06-09,"calendar",160,2017,"50773_Adults_2017",9
16295,27.929228,-82.725639,396,"Danaus","plexippus","monarch","Animalia",60947,333,"Caterpillars",2017,2,23,54,2457808,7,"60947_Caterpillars","Young observed","FL",2017-02-23,"calendar",54,2017,"60947_Caterpillars_2017",9
16295,27.929228,-82.725639,396,"Danaus","plexippus","monarch","Animalia",60947,447,"Caterpillars feeding",2017,2,23,54,2457808,7,"60947_Caterpillars feeding","Young observed","FL",2017-02-23,"calendar",54,2017,"60947_Caterpillars feeding_2017",9
9652,44.768246,-94.155746,288,"Bombus","spp.","bumblebee","Animalia",69507,312,"Flower visitation",2017,4,22,112,2457866,21,"69507_Flower visitation","Feeding","MN",2017-04-22,"calendar",112,2017,"69507_Flower visitation_2017",12
9652,44.768246,-94.155746,288,"Bombus","spp.","bumblebee","Animalia",69507,327,"Adults",2017,4,1,91,2457845,NA,"69507_Adults","Adults observed","MN",2017-04-01,"calendar",91,2017,"69507_Adults_2017",12
9652,44.768246,-94.155746,288,"Bombus","spp.","bumblebee","Animalia",69507,370,"Male adults",2017,4,22,112,2457866,NA,"69507_Male adults","Adults observed","MN",2017-04-22,"calendar",112,2017,"69507_Male adults_2017",11
10145,42.602543,-83.250992,1238,"Apis","mellifera","honeybee","Animalia",69919,327,"Adults",2017,4,17,107,2457861,NA,"69919_Adults","Adults observed","MI",2017-04-17,"calendar",107,2017,"69919_Adults_2017",12
16876,41.745537,-74.119392,396,"Danaus","plexippus","monarch","Animalia",72969,312,"Flower visitation",2017,7,19,200,2457954,4,"72969_Flower visitation","Feeding","NY",2017-07-19,"calendar",200,2017,"72969_Flower visitation_2017",12
16876,41.745537,-74.119392,396,"Danaus","plexippus","monarch","Animalia",72969,327,"Adults",2017,7,19,200,2457954,4,"72969_Adults","Adults observed","NY",2017-07-19,"calendar",200,2017,"72969_Adults_2017",12
17414,42.936153,-73.433449,396,"Danaus","plexippus","monarch","Animalia",86971,312,"Flower visitation",2017,6,3,154,2457908,6,"86971_Flower visitation","Feeding","NY",2017-06-03,"calendar",154,2017,"86971_Flower visitation_2017",11
17414,42.936153,-73.433449,396,"Danaus","plexippus","monarch","Animalia",86971,327,"Adults",2017,6,3,154,2457908,6,"86971_Adults","Adults observed","NY",2017-06-03,"calendar",154,2017,"86971_Adults_2017",11
20969,33.632149,-117.55545,1386,"Apodemia","virgulti","Behr's metalmark","Animalia",90201,327,"Adults",2017,5,4,124,2457878,18,"90201_Adults","Adults observed","CA",2017-05-04,"calendar",124,2017,"90201_Adults_2017",10
20969,33.632149,-117.55545,1383,"Adelpha","californica","California sister","Animalia",90203,327,"Adults",2017,3,2,61,2457815,11,"90203_Adults","Adults observed","CA",2017-03-02,"calendar",61,2017,"90203_Adults_2017",10
20969,33.632149,-117.55545,1135,"Junonia","coenia","common buckeye","Animalia",90204,312,"Flower visitation",2017,5,21,141,2457895,7,"90204_Flower visitation","Feeding","CA",2017-05-21,"calendar",141,2017,"90204_Flower visitation_2017",9
20969,33.632149,-117.55545,1135,"Junonia","coenia","common buckeye","Animalia",90204,327,"Adults",2017,3,9,68,2457822,5,"90204_Adults","Adults observed","CA",2017-03-09,"calendar",68,2017,"90204_Adults_2017",11
20969,33.632149,-117.55545,1388,"Coenonympha","tullia","common ringlet","Animalia",90205,327,"Adults",2017,3,4,63,2457817,2,"90205_Adults","Adults observed","CA",2017-03-04,"calendar",63,2017,"90205_Adults_2017",11
20969,33.632149,-117.55545,1384,"Anthocharis","sara","Pacific orangetip","Animalia",90206,327,"Adults",2017,2,4,35,2457789,1,"90206_Adults","Adults observed","CA",2017-02-04,"calendar",35,2017,"90206_Adults_2017",10
22613,32.33926,-110.981728,1131,"Calephelis","nemesis","fatal metalmark","Animalia",100905,327,"Adults",2017,3,18,77,2457831,7,"100905_Adults","Adults observed","AZ",2017-03-18,"calendar",77,2017,"100905_Adults_2017",10
22613,32.33926,-110.981728,1403,"Papilio","cresphontes","giant swallowtail","Animalia",100906,327,"Adults",2017,3,11,70,2457824,7,"100906_Adults","Adults observed","AZ",2017-03-11,"calendar",70,2017,"100906_Adults_2017",10
22613,32.33926,-110.981728,1391,"Agraulis","vanillae","gulf fritillary","Animalia",100907,327,"Adults",2017,1,7,7,2457761,NA,"100907_Adults","Adults observed","AZ",2017-01-07,"calendar",7,2017,"100907_Adults_2017",10
22613,32.33926,-110.981728,396,"Danaus","plexippus","monarch","Animalia",100909,327,"Adults",2017,1,7,7,2457761,NA,"100909_Adults","Adults observed","AZ",2017-01-07,"calendar",7,2017,"100909_Adults_2017",10
22613,32.33926,-110.981728,1129,"Battus","philenor","pipevine swallowtail","Animalia",100912,327,"Adults",2017,1,14,14,2457768,7,"100912_Adults","Adults observed","AZ",2017-01-14,"calendar",14,2017,"100912_Adults_2017",10
22613,32.33926,-110.981728,1129,"Battus","philenor","pipevine swallowtail","Animalia",100912,333,"Caterpillars",2017,4,1,91,2457845,6,"100912_Caterpillars","Young observed","AZ",2017-04-01,"calendar",91,2017,"100912_Caterpillars_2017",9
22613,32.33926,-110.981728,1133,"Danaus","gilippus","queen","Animalia",100913,327,"Adults",2017,1,7,7,2457761,NA,"100913_Adults","Adults observed","AZ",2017-01-07,"calendar",7,2017,"100913_Adults_2017",10
22613,32.33926,-110.981728,260,"Celastrina","ladon complex","spring azure","Animalia",100915,327,"Adults",2017,4,15,105,2457859,6,"100915_Adults","Adults observed","AZ",2017-04-15,"calendar",105,2017,"100915_Adults_2017",9
22979,41.556442,-93.267807,396,"Danaus","plexippus","monarch","Animalia",104138,327,"Adults",2017,7,26,207,2457961,NA,"104138_Adults","Adults observed","IA",2017-07-26,"calendar",207,2017,"104138_Adults_2017",9
22981,41.559528,-93.278351,396,"Danaus","plexippus","monarch","Animalia",104149,327,"Adults",2017,7,3,184,2457938,NA,"104149_Adults","Adults observed","IA",2017-07-03,"calendar",184,2017,"104149_Adults_2017",9
25568,45.140465,-93.312943,273,"Calopteryx","maculata","ebony jewelwing","Animalia",123979,327,"Adults",2017,6,15,166,2457920,NA,"123979_Adults","Adults observed","MN",2017-06-15,"calendar",166,2017,"123979_Adults_2017",9
25568,45.140465,-93.312943,396,"Danaus","plexippus","monarch","Animalia",123980,312,"Flower visitation",2017,7,29,210,2457964,44,"123980_Flower visitation","Feeding","MN",2017-07-29,"calendar",210,2017,"123980_Flower visitation_2017",9
25568,45.140465,-93.312943,396,"Danaus","plexippus","monarch","Animalia",123980,327,"Adults",2017,7,29,210,2457964,44,"123980_Adults","Adults observed","MN",2017-07-29,"calendar",210,2017,"123980_Adults_2017",9
22613,32.33926,-110.981728,415,"Libellula","saturata","flame skimmer","Animalia",136804,327,"Adults",2017,5,2,122,2457876,NA,"136804_Adults","Adults observed","AZ",2017-05-02,"calendar",122,2017,"136804_Adults_2017",9
12064,32.248463,-110.909584,1391,"Agraulis","vanillae","gulf fritillary","Animalia",139418,327,"Adults",2017,6,16,167,2457921,7,"139418_Adults","Adults observed","AZ",2017-06-16,"calendar",167,2017,"139418_Adults_2017",9
9652,44.768246,-94.155746,1427,"Diceroprocta","apache","Apache cicada","Animalia",139451,327,"Adults",2017,7,12,193,2457947,NA,"139451_Adults","Adults observed","MN",2017-07-12,"calendar",193,2017,"139451_Adults_2017",9
9652,44.768246,-94.155746,1427,"Diceroprocta","apache","Apache cicada","Animalia",139451,528,"Courtship calling",2017,7,12,193,2457947,NA,"139451_Courtship calling","Mating activity","MN",2017-07-12,"calendar",193,2017,"139451_Courtship calling_2017",9
9652,44.768246,-94.155746,1427,"Diceroprocta","apache","Apache cicada","Animalia",139451,530,"Cast-off skins (nymph)",2017,7,18,199,2457953,6,"139451_Cast-off skins (nymph)","Young observed","MN",2017-07-18,"calendar",199,2017,"139451_Cast-off skins (nymph)_2017",9
9652,44.768246,-94.155746,391,"Pieris","rapae","cabbage white","Animalia",139454,312,"Flower visitation",2017,6,23,174,2457928,NA,"139454_Flower visitation","Feeding","MN",2017-06-23,"calendar",174,2017,"139454_Flower visitation_2017",9
9652,44.768246,-94.155746,391,"Pieris","rapae","cabbage white","Animalia",139454,327,"Adults",2017,6,23,174,2457928,NA,"139454_Adults","Adults observed","MN",2017-06-23,"calendar",174,2017,"139454_Adults_2017",9
9652,44.768246,-94.155746,1238,"Apis","mellifera","honeybee","Animalia",139456,312,"Flower visitation",2017,6,6,157,2457911,NA,"139456_Flower visitation","Feeding","MN",2017-06-06,"calendar",157,2017,"139456_Flower visitation_2017",9
9652,44.768246,-94.155746,1238,"Apis","mellifera","honeybee","Animalia",139456,327,"Adults",2017,6,6,157,2457911,NA,"139456_Adults","Adults observed","MN",2017-06-06,"calendar",157,2017,"139456_Adults_2017",9
9652,44.768246,-94.155746,396,"Danaus","plexippus","monarch","Animalia",139457,312,"Flower visitation",2017,7,21,202,2457956,5,"139457_Flower visitation","Feeding","MN",2017-07-21,"calendar",202,2017,"139457_Flower visitation_2017",9
9652,44.768246,-94.155746,396,"Danaus","plexippus","monarch","Animalia",139457,327,"Adults",2017,6,4,155,2457909,NA,"139457_Adults","Adults observed","MN",2017-06-04,"calendar",155,2017,"139457_Adults_2017",9
22613,32.33926,-110.981728,272,"Anax","junius","common green darner","Animalia",145493,327,"Adults",2017,10,3,276,2458030,NA,"145493_Adults","Adults observed","AZ",2017-10-03,"calendar",276,2017,"145493_Adults_2017",9
1605,40.907997,-73.120705,288,"Bombus","spp.","bumblebee","Animalia",5283,327,"Adults",2018,5,2,122,2458241,NA,"5283_Adults","Adults observed","NY",2018-05-02,"calendar",122,2018,"5283_Adults_2018",11
1419,42.011166,-88.503304,288,"Bombus","spp.","bumblebee","Animalia",10284,312,"Flower visitation",2018,6,9,160,2458279,34,"10284_Flower visitation","Feeding","IL",2018-06-09,"calendar",160,2018,"10284_Flower visitation_2018",14
1419,42.011166,-88.503304,288,"Bombus","spp.","bumblebee","Animalia",10284,327,"Adults",2018,6,9,160,2458279,34,"10284_Adults","Adults observed","IL",2018-06-09,"calendar",160,2018,"10284_Adults_2018",14
5674,44.910587,-70.266861,396,"Danaus","plexippus","monarch","Animalia",12711,312,"Flower visitation",2018,8,5,217,2458336,14,"12711_Flower visitation","Feeding","ME",2018-08-05,"calendar",217,2018,"12711_Flower visitation_2018",11
5674,44.910587,-70.266861,396,"Danaus","plexippus","monarch","Animalia",12711,327,"Adults",2018,8,5,217,2458336,14,"12711_Adults","Adults observed","ME",2018-08-05,"calendar",217,2018,"12711_Adults_2018",11
2803,39.971001,-105.397003,288,"Bombus","spp.","bumblebee","Animalia",16049,312,"Flower visitation",2018,4,27,117,2458236,4,"16049_Flower visitation","Feeding","CO",2018-04-27,"calendar",117,2018,"16049_Flower visitation_2018",15
2803,39.971001,-105.397003,288,"Bombus","spp.","bumblebee","Animalia",16049,327,"Adults",2018,4,27,117,2458236,4,"16049_Adults","Adults observed","CO",2018-04-27,"calendar",117,2018,"16049_Adults_2018",15
8496,46.328629,-96.061256,396,"Danaus","plexippus","monarch","Animalia",25783,312,"Flower visitation",2018,5,23,143,2458262,3,"25783_Flower visitation","Feeding","MN",2018-05-23,"calendar",143,2018,"25783_Flower visitation_2018",10
8496,46.328629,-96.061256,396,"Danaus","plexippus","monarch","Animalia",25783,327,"Adults",2018,5,20,140,2458259,6,"25783_Adults","Adults observed","MN",2018-05-20,"calendar",140,2018,"25783_Adults_2018",12
8715,43.522804,-70.802277,396,"Danaus","plexippus","monarch","Animalia",28194,327,"Adults",2018,6,27,178,2458297,7,"28194_Adults","Adults observed","ME",2018-06-27,"calendar",178,2018,"28194_Adults_2018",9
8736,44.903229,-93.217445,288,"Bombus","spp.","bumblebee","Animalia",28350,312,"Flower visitation",2018,5,28,148,2458267,21,"28350_Flower visitation","Feeding","MN",2018-05-28,"calendar",148,2018,"28350_Flower visitation_2018",10
8736,44.903229,-93.217445,288,"Bombus","spp.","bumblebee","Animalia",28350,327,"Adults",2018,4,5,95,2458214,92,"28350_Adults","Adults observed","MN",2018-04-05,"calendar",95,2018,"28350_Adults_2018",10
8736,44.903229,-93.217445,391,"Pieris","rapae","cabbage white","Animalia",28351,327,"Adults",2018,7,11,192,2458311,3,"28351_Adults","Adults observed","MN",2018-07-11,"calendar",192,2018,"28351_Adults_2018",10
8736,44.903229,-93.217445,396,"Danaus","plexippus","monarch","Animalia",28352,312,"Flower visitation",2018,6,29,180,2458299,7,"28352_Flower visitation","Feeding","MN",2018-06-29,"calendar",180,2018,"28352_Flower visitation_2018",10
8736,44.903229,-93.217445,396,"Danaus","plexippus","monarch","Animalia",28352,327,"Adults",2018,6,29,180,2458299,7,"28352_Adults","Adults observed","MN",2018-06-29,"calendar",180,2018,"28352_Adults_2018",10
8736,44.903229,-93.217445,393,"Vanessa","atalanta","red admiral","Animalia",28355,327,"Adults",2018,6,21,172,2458291,20,"28355_Adults","Adults observed","MN",2018-06-21,"calendar",172,2018,"28355_Adults_2018",9
8242,31.596231,-110.575493,1133,"Danaus","gilippus","queen","Animalia",29642,312,"Flower visitation",2018,6,9,160,2458279,53,"29642_Flower visitation","Feeding","AZ",2018-06-09,"calendar",160,2018,"29642_Flower visitation_2018",10
8242,31.596231,-110.575493,1133,"Danaus","gilippus","queen","Animalia",29642,327,"Adults",2018,6,9,160,2458279,53,"29642_Adults","Adults observed","AZ",2018-06-09,"calendar",160,2018,"29642_Adults_2018",10
8418,32.363758,-94.873947,288,"Bombus","spp.","bumblebee","Animalia",30797,312,"Flower visitation",2018,3,18,77,2458196,11,"30797_Flower visitation","Feeding","TX",2018-03-18,"calendar",77,2018,"30797_Flower visitation_2018",12
8418,32.363758,-94.873947,288,"Bombus","spp.","bumblebee","Animalia",30797,327,"Adults",2018,3,18,77,2458196,11,"30797_Adults","Adults observed","TX",2018-03-18,"calendar",77,2018,"30797_Adults_2018",12
10145,42.602543,-83.250992,288,"Bombus","spp.","bumblebee","Animalia",38858,327,"Adults",2018,4,29,119,2458238,NA,"38858_Adults","Adults observed","MI",2018-04-29,"calendar",119,2018,"38858_Adults_2018",13
10145,42.602543,-83.250992,391,"Pieris","rapae","cabbage white","Animalia",38859,327,"Adults",2018,4,26,116,2458235,NA,"38859_Adults","Adults observed","MI",2018-04-26,"calendar",116,2018,"38859_Adults_2018",13
10145,42.602543,-83.250992,272,"Anax","junius","common green darner","Animalia",38869,327,"Adults",2018,4,30,120,2458239,NA,"38869_Adults","Adults observed","MI",2018-04-30,"calendar",120,2018,"38869_Adults_2018",13
10145,42.602543,-83.250992,396,"Danaus","plexippus","monarch","Animalia",38919,327,"Adults",2018,5,23,143,2458262,NA,"38919_Adults","Adults observed","MI",2018-05-23,"calendar",143,2018,"38919_Adults_2018",13
10145,42.602543,-83.250992,1137,"Nymphalis","antiopa","mourning cloak","Animalia",38921,327,"Adults",2018,4,20,110,2458229,NA,"38921_Adults","Adults observed","MI",2018-04-20,"calendar",110,2018,"38921_Adults_2018",13
10145,42.602543,-83.250992,1132,"Colias","eurytheme","orange sulphur","Animalia",38930,327,"Adults",2018,5,18,138,2458257,NA,"38930_Adults","Adults observed","MI",2018-05-18,"calendar",138,2018,"38930_Adults_2018",13
10145,42.602543,-83.250992,393,"Vanessa","atalanta","red admiral","Animalia",38941,327,"Adults",2018,5,9,129,2458248,NA,"38941_Adults","Adults observed","MI",2018-05-09,"calendar",129,2018,"38941_Adults_2018",11
6102,32.23188,-110.951012,288,"Bombus","spp.","bumblebee","Animalia",49641,312,"Flower visitation",2018,10,9,282,2458401,NA,"49641_Flower visitation","Feeding","AZ",2018-10-09,"calendar",282,2018,"49641_Flower visitation_2018",10
6102,32.23188,-110.951012,288,"Bombus","spp.","bumblebee","Animalia",49641,327,"Adults",2018,2,16,47,2458166,NA,"49641_Adults","Adults observed","AZ",2018-02-16,"calendar",47,2018,"49641_Adults_2018",10
12064,32.248463,-110.909584,396,"Danaus","plexippus","monarch","Animalia",50768,312,"Flower visitation",2018,1,12,12,2458131,NA,"50768_Flower visitation","Feeding","AZ",2018-01-12,"calendar",12,2018,"50768_Flower visitation_2018",9
12064,32.248463,-110.909584,396,"Danaus","plexippus","monarch","Animalia",50768,327,"Adults",2018,1,12,12,2458131,NA,"50768_Adults","Adults observed","AZ",2018-01-12,"calendar",12,2018,"50768_Adults_2018",9
12064,32.248463,-110.909584,1133,"Danaus","gilippus","queen","Animalia",50769,312,"Flower visitation",2018,2,1,32,2458151,5,"50769_Flower visitation","Feeding","AZ",2018-02-01,"calendar",32,2018,"50769_Flower visitation_2018",9
12064,32.248463,-110.909584,1133,"Danaus","gilippus","queen","Animalia",50769,327,"Adults",2018,2,1,32,2458151,5,"50769_Adults","Adults observed","AZ",2018-02-01,"calendar",32,2018,"50769_Adults_2018",9
12064,32.248463,-110.909584,1142,"Bombus","sonorus","Sonoran bumble bee","Animalia",50772,312,"Flower visitation",2018,3,6,65,2458184,11,"50772_Flower visitation","Feeding","AZ",2018-03-06,"calendar",65,2018,"50772_Flower visitation_2018",9
12064,32.248463,-110.909584,1142,"Bombus","sonorus","Sonoran bumble bee","Animalia",50772,327,"Adults",2018,3,6,65,2458184,11,"50772_Adults","Adults observed","AZ",2018-03-06,"calendar",65,2018,"50772_Adults_2018",9
12064,32.248463,-110.909584,1143,"Xylocopa","varipuncta","valley carpenter bee","Animalia",50773,327,"Adults",2018,1,27,27,2458146,15,"50773_Adults","Adults observed","AZ",2018-01-27,"calendar",27,2018,"50773_Adults_2018",9
16295,27.929228,-82.725639,396,"Danaus","plexippus","monarch","Animalia",60947,333,"Caterpillars",2018,3,22,81,2458200,7,"60947_Caterpillars","Young observed","FL",2018-03-22,"calendar",81,2018,"60947_Caterpillars_2018",9
16295,27.929228,-82.725639,396,"Danaus","plexippus","monarch","Animalia",60947,447,"Caterpillars feeding",2018,3,22,81,2458200,7,"60947_Caterpillars feeding","Young observed","FL",2018-03-22,"calendar",81,2018,"60947_Caterpillars feeding_2018",9
9652,44.768246,-94.155746,288,"Bombus","spp.","bumblebee","Animalia",69507,312,"Flower visitation",2018,5,24,144,2458263,7,"69507_Flower visitation","Feeding","MN",2018-05-24,"calendar",144,2018,"69507_Flower visitation_2018",12
9652,44.768246,-94.155746,288,"Bombus","spp.","bumblebee","Animalia",69507,327,"Adults",2018,5,1,121,2458240,NA,"69507_Adults","Adults observed","MN",2018-05-01,"calendar",121,2018,"69507_Adults_2018",12
9652,44.768246,-94.155746,288,"Bombus","spp.","bumblebee","Animalia",69507,370,"Male adults",2018,5,1,121,2458240,NA,"69507_Male adults","Adults observed","MN",2018-05-01,"calendar",121,2018,"69507_Male adults_2018",11
10145,42.602543,-83.250992,1238,"Apis","mellifera","honeybee","Animalia",69919,327,"Adults",2018,5,5,125,2458244,NA,"69919_Adults","Adults observed","MI",2018-05-05,"calendar",125,2018,"69919_Adults_2018",12
16876,41.745537,-74.119392,396,"Danaus","plexippus","monarch","Animalia",72969,312,"Flower visitation",2018,7,7,188,2458307,11,"72969_Flower visitation","Feeding","NY",2018-07-07,"calendar",188,2018,"72969_Flower visitation_2018",12
16876,41.745537,-74.119392,396,"Danaus","plexippus","monarch","Animalia",72969,327,"Adults",2018,7,7,188,2458307,11,"72969_Adults","Adults observed","NY",2018-07-07,"calendar",188,2018,"72969_Adults_2018",12
17414,42.936153,-73.433449,396,"Danaus","plexippus","monarch","Animalia",86971,312,"Flower visitation",2018,6,11,162,2458281,2,"86971_Flower visitation","Feeding","NY",2018-06-11,"calendar",162,2018,"86971_Flower visitation_2018",11
17414,42.936153,-73.433449,396,"Danaus","plexippus","monarch","Animalia",86971,327,"Adults",2018,6,11,162,2458281,2,"86971_Adults","Adults observed","NY",2018-06-11,"calendar",162,2018,"86971_Adults_2018",11
20969,33.632149,-117.55545,1386,"Apodemia","virgulti","Behr's metalmark","Animalia",90201,327,"Adults",2018,6,7,158,2458277,18,"90201_Adults","Adults observed","CA",2018-06-07,"calendar",158,2018,"90201_Adults_2018",10
20969,33.632149,-117.55545,1383,"Adelpha","californica","California sister","Animalia",90203,327,"Adults",2018,2,8,39,2458158,18,"90203_Adults","Adults observed","CA",2018-02-08,"calendar",39,2018,"90203_Adults_2018",10
20969,33.632149,-117.55545,1135,"Junonia","coenia","common buckeye","Animalia",90204,312,"Flower visitation",2018,3,31,90,2458209,12,"90204_Flower visitation","Feeding","CA",2018-03-31,"calendar",90,2018,"90204_Flower visitation_2018",9
20969,33.632149,-117.55545,1135,"Junonia","coenia","common buckeye","Animalia",90204,327,"Adults",2018,1,4,4,2458123,NA,"90204_Adults","Adults observed","CA",2018-01-04,"calendar",4,2018,"90204_Adults_2018",11
20969,33.632149,-117.55545,1388,"Coenonympha","tullia","common ringlet","Animalia",90205,327,"Adults",2018,4,9,99,2458218,4,"90205_Adults","Adults observed","CA",2018-04-09,"calendar",99,2018,"90205_Adults_2018",11
20969,33.632149,-117.55545,1384,"Anthocharis","sara","Pacific orangetip","Animalia",90206,327,"Adults",2018,2,8,39,2458158,18,"90206_Adults","Adults observed","CA",2018-02-08,"calendar",39,2018,"90206_Adults_2018",10
22613,32.33926,-110.981728,1131,"Calephelis","nemesis","fatal metalmark","Animalia",100905,327,"Adults",2018,2,13,44,2458163,3,"100905_Adults","Adults observed","AZ",2018-02-13,"calendar",44,2018,"100905_Adults_2018",10
22613,32.33926,-110.981728,1403,"Papilio","cresphontes","giant swallowtail","Animalia",100906,327,"Adults",2018,2,10,41,2458160,4,"100906_Adults","Adults observed","AZ",2018-02-10,"calendar",41,2018,"100906_Adults_2018",10
22613,32.33926,-110.981728,1391,"Agraulis","vanillae","gulf fritillary","Animalia",100907,327,"Adults",2018,1,2,2,2458121,NA,"100907_Adults","Adults observed","AZ",2018-01-02,"calendar",2,2018,"100907_Adults_2018",10
22613,32.33926,-110.981728,396,"Danaus","plexippus","monarch","Animalia",100909,327,"Adults",2018,1,2,2,2458121,NA,"100909_Adults","Adults observed","AZ",2018-01-02,"calendar",2,2018,"100909_Adults_2018",10
22613,32.33926,-110.981728,1129,"Battus","philenor","pipevine swallowtail","Animalia",100912,327,"Adults",2018,1,2,2,2458121,NA,"100912_Adults","Adults observed","AZ",2018-01-02,"calendar",2,2018,"100912_Adults_2018",10
22613,32.33926,-110.981728,1129,"Battus","philenor","pipevine swallowtail","Animalia",100912,333,"Caterpillars",2018,1,2,2,2458121,NA,"100912_Caterpillars","Young observed","AZ",2018-01-02,"calendar",2,2018,"100912_Caterpillars_2018",9
22613,32.33926,-110.981728,1133,"Danaus","gilippus","queen","Animalia",100913,327,"Adults",2018,1,2,2,2458121,NA,"100913_Adults","Adults observed","AZ",2018-01-02,"calendar",2,2018,"100913_Adults_2018",10
22613,32.33926,-110.981728,260,"Celastrina","ladon complex","spring azure","Animalia",100915,327,"Adults",2018,1,2,2,2458121,NA,"100915_Adults","Adults observed","AZ",2018-01-02,"calendar",2,2018,"100915_Adults_2018",9
22979,41.556442,-93.267807,396,"Danaus","plexippus","monarch","Animalia",104138,327,"Adults",2018,6,19,170,2458289,14,"104138_Adults","Adults observed","IA",2018-06-19,"calendar",170,2018,"104138_Adults_2018",9
22981,41.559528,-93.278351,396,"Danaus","plexippus","monarch","Animalia",104149,327,"Adults",2018,6,5,156,2458275,6,"104149_Adults","Adults observed","IA",2018-06-05,"calendar",156,2018,"104149_Adults_2018",9
25568,45.140465,-93.312943,273,"Calopteryx","maculata","ebony jewelwing","Animalia",123979,327,"Adults",2018,5,31,151,2458270,4,"123979_Adults","Adults observed","MN",2018-05-31,"calendar",151,2018,"123979_Adults_2018",9
25568,45.140465,-93.312943,396,"Danaus","plexippus","monarch","Animalia",123980,312,"Flower visitation",2018,6,23,174,2458293,6,"123980_Flower visitation","Feeding","MN",2018-06-23,"calendar",174,2018,"123980_Flower visitation_2018",9
25568,45.140465,-93.312943,396,"Danaus","plexippus","monarch","Animalia",123980,327,"Adults",2018,6,23,174,2458293,6,"123980_Adults","Adults observed","MN",2018-06-23,"calendar",174,2018,"123980_Adults_2018",9
22613,32.33926,-110.981728,415,"Libellula","saturata","flame skimmer","Animalia",136804,327,"Adults",2018,3,27,86,2458205,7,"136804_Adults","Adults observed","AZ",2018-03-27,"calendar",86,2018,"136804_Adults_2018",9
12064,32.248463,-110.909584,1391,"Agraulis","vanillae","gulf fritillary","Animalia",139418,327,"Adults",2018,3,23,82,2458201,17,"139418_Adults","Adults observed","AZ",2018-03-23,"calendar",82,2018,"139418_Adults_2018",9
9652,44.768246,-94.155746,1427,"Diceroprocta","apache","Apache cicada","Animalia",139451,327,"Adults",2018,6,29,180,2458299,NA,"139451_Adults","Adults observed","MN",2018-06-29,"calendar",180,2018,"139451_Adults_2018",9
9652,44.768246,-94.155746,1427,"Diceroprocta","apache","Apache cicada","Animalia",139451,528,"Courtship calling",2018,6,29,180,2458299,NA,"139451_Courtship calling","Mating activity","MN",2018-06-29,"calendar",180,2018,"139451_Courtship calling_2018",9
9652,44.768246,-94.155746,1427,"Diceroprocta","apache","Apache cicada","Animalia",139451,530,"Cast-off skins (nymph)",2018,6,29,180,2458299,NA,"139451_Cast-off skins (nymph)","Young observed","MN",2018-06-29,"calendar",180,2018,"139451_Cast-off skins (nymph)_2018",9
9652,44.768246,-94.155746,391,"Pieris","rapae","cabbage white","Animalia",139454,312,"Flower visitation",2018,6,28,179,2458298,35,"139454_Flower visitation","Feeding","MN",2018-06-28,"calendar",179,2018,"139454_Flower visitation_2018",9
9652,44.768246,-94.155746,391,"Pieris","rapae","cabbage white","Animalia",139454,327,"Adults",2018,5,5,125,2458244,NA,"139454_Adults","Adults observed","MN",2018-05-05,"calendar",125,2018,"139454_Adults_2018",9
9652,44.768246,-94.155746,1238,"Apis","mellifera","honeybee","Animalia",139456,312,"Flower visitation",2018,8,2,214,2458333,NA,"139456_Flower visitation","Feeding","MN",2018-08-02,"calendar",214,2018,"139456_Flower visitation_2018",9
9652,44.768246,-94.155746,1238,"Apis","mellifera","honeybee","Animalia",139456,327,"Adults",2018,8,2,214,2458333,NA,"139456_Adults","Adults observed","MN",2018-08-02,"calendar",214,2018,"139456_Adults_2018",9
9652,44.768246,-94.155746,396,"Danaus","plexippus","monarch","Animalia",139457,312,"Flower visitation",2018,6,1,152,2458271,15,"139457_Flower visitation","Feeding","MN",2018-06-01,"calendar",152,2018,"139457_Flower visitation_2018",9
9652,44.768246,-94.155746,396,"Danaus","plexippus","monarch","Animalia",139457,327,"Adults",2018,5,17,137,2458256,NA,"139457_Adults","Adults observed","MN",2018-05-17,"calendar",137,2018,"139457_Adults_2018",9
22613,32.33926,-110.981728,272,"Anax","junius","common green darner","Animalia",145493,327,"Adults",2018,5,22,142,2458261,7,"145493_Adults","Adults observed","AZ",2018-05-22,"calendar",142,2018,"145493_Adults_2018",9
1605,40.907997,-73.120705,288,"Bombus","spp.","bumblebee","Animalia",5283,327,"Adults",2019,4,25,115,2458599,NA,"5283_Adults","Adults observed","NY",2019-04-25,"calendar",115,2019,"5283_Adults_2019",11
1419,42.011166,-88.503304,288,"Bombus","spp.","bumblebee","Animalia",10284,312,"Flower visitation",2019,6,2,153,2458637,1,"10284_Flower visitation","Feeding","IL",2019-06-02,"calendar",153,2019,"10284_Flower visitation_2019",14
1419,42.011166,-88.503304,288,"Bombus","spp.","bumblebee","Animalia",10284,327,"Adults",2019,6,2,153,2458637,1,"10284_Adults","Adults observed","IL",2019-06-02,"calendar",153,2019,"10284_Adults_2019",14
5674,44.910587,-70.266861,396,"Danaus","plexippus","monarch","Animalia",12711,312,"Flower visitation",2019,7,21,202,2458686,7,"12711_Flower visitation","Feeding","ME",2019-07-21,"calendar",202,2019,"12711_Flower visitation_2019",11
5674,44.910587,-70.266861,396,"Danaus","plexippus","monarch","Animalia",12711,327,"Adults",2019,7,21,202,2458686,7,"12711_Adults","Adults observed","ME",2019-07-21,"calendar",202,2019,"12711_Adults_2019",11
2803,39.971001,-105.397003,288,"Bombus","spp.","bumblebee","Animalia",16049,312,"Flower visitation",2019,6,3,154,2458638,4,"16049_Flower visitation","Feeding","CO",2019-06-03,"calendar",154,2019,"16049_Flower visitation_2019",15
2803,39.971001,-105.397003,288,"Bombus","spp.","bumblebee","Animalia",16049,327,"Adults",2019,5,27,147,2458631,7,"16049_Adults","Adults observed","CO",2019-05-27,"calendar",147,2019,"16049_Adults_2019",15
8496,46.328629,-96.061256,396,"Danaus","plexippus","monarch","Animalia",25783,327,"Adults",2019,7,13,194,2458678,17,"25783_Adults","Adults observed","MN",2019-07-13,"calendar",194,2019,"25783_Adults_2019",12
8715,43.522804,-70.802277,396,"Danaus","plexippus","monarch","Animalia",28194,327,"Adults",2019,7,16,197,2458681,8,"28194_Adults","Adults observed","ME",2019-07-16,"calendar",197,2019,"28194_Adults_2019",9
8736,44.903229,-93.217445,288,"Bombus","spp.","bumblebee","Animalia",28350,312,"Flower visitation",2019,6,20,171,2458655,62,"28350_Flower visitation","Feeding","MN",2019-06-20,"calendar",171,2019,"28350_Flower visitation_2019",10
8736,44.903229,-93.217445,288,"Bombus","spp.","bumblebee","Animalia",28350,327,"Adults",2019,4,19,109,2458593,8,"28350_Adults","Adults observed","MN",2019-04-19,"calendar",109,2019,"28350_Adults_2019",10
8736,44.903229,-93.217445,391,"Pieris","rapae","cabbage white","Animalia",28351,327,"Adults",2019,7,24,205,2458689,1,"28351_Adults","Adults observed","MN",2019-07-24,"calendar",205,2019,"28351_Adults_2019",10
8736,44.903229,-93.217445,396,"Danaus","plexippus","monarch","Animalia",28352,312,"Flower visitation",2019,7,24,205,2458689,1,"28352_Flower visitation","Feeding","MN",2019-07-24,"calendar",205,2019,"28352_Flower visitation_2019",10
8736,44.903229,-93.217445,396,"Danaus","plexippus","monarch","Animalia",28352,327,"Adults",2019,7,15,196,2458680,18,"28352_Adults","Adults observed","MN",2019-07-15,"calendar",196,2019,"28352_Adults_2019",10
8736,44.903229,-93.217445,393,"Vanessa","atalanta","red admiral","Animalia",28355,327,"Adults",2019,7,19,200,2458684,2,"28355_Adults","Adults observed","MN",2019-07-19,"calendar",200,2019,"28355_Adults_2019",9
8242,31.596231,-110.575493,1133,"Danaus","gilippus","queen","Animalia",29642,312,"Flower visitation",2019,6,6,157,2458641,39,"29642_Flower visitation","Feeding","AZ",2019-06-06,"calendar",157,2019,"29642_Flower visitation_2019",10
8242,31.596231,-110.575493,1133,"Danaus","gilippus","queen","Animalia",29642,327,"Adults",2019,6,6,157,2458641,39,"29642_Adults","Adults observed","AZ",2019-06-06,"calendar",157,2019,"29642_Adults_2019",10
8418,32.363758,-94.873947,288,"Bombus","spp.","bumblebee","Animalia",30797,312,"Flower visitation",2019,4,3,93,2458577,3,"30797_Flower visitation","Feeding","TX",2019-04-03,"calendar",93,2019,"30797_Flower visitation_2019",12
8418,32.363758,-94.873947,288,"Bombus","spp.","bumblebee","Animalia",30797,327,"Adults",2019,3,17,76,2458560,7,"30797_Adults","Adults observed","TX",2019-03-17,"calendar",76,2019,"30797_Adults_2019",12
10145,42.602543,-83.250992,288,"Bombus","spp.","bumblebee","Animalia",38858,327,"Adults",2019,4,10,100,2458584,NA,"38858_Adults","Adults observed","MI",2019-04-10,"calendar",100,2019,"38858_Adults_2019",13
10145,42.602543,-83.250992,391,"Pieris","rapae","cabbage white","Animalia",38859,327,"Adults",2019,4,9,99,2458583,NA,"38859_Adults","Adults observed","MI",2019-04-09,"calendar",99,2019,"38859_Adults_2019",13
10145,42.602543,-83.250992,272,"Anax","junius","common green darner","Animalia",38869,327,"Adults",2019,5,14,134,2458618,NA,"38869_Adults","Adults observed","MI",2019-05-14,"calendar",134,2019,"38869_Adults_2019",13
10145,42.602543,-83.250992,396,"Danaus","plexippus","monarch","Animalia",38919,327,"Adults",2019,5,21,141,2458625,NA,"38919_Adults","Adults observed","MI",2019-05-21,"calendar",141,2019,"38919_Adults_2019",13
10145,42.602543,-83.250992,1137,"Nymphalis","antiopa","mourning cloak","Animalia",38921,327,"Adults",2019,4,12,102,2458586,NA,"38921_Adults","Adults observed","MI",2019-04-12,"calendar",102,2019,"38921_Adults_2019",13
10145,42.602543,-83.250992,1132,"Colias","eurytheme","orange sulphur","Animalia",38930,327,"Adults",2019,7,16,197,2458681,NA,"38930_Adults","Adults observed","MI",2019-07-16,"calendar",197,2019,"38930_Adults_2019",13
10145,42.602543,-83.250992,393,"Vanessa","atalanta","red admiral","Animalia",38941,327,"Adults",2019,5,4,124,2458608,NA,"38941_Adults","Adults observed","MI",2019-05-04,"calendar",124,2019,"38941_Adults_2019",11
6102,32.23188,-110.951012,288,"Bombus","spp.","bumblebee","Animalia",49641,312,"Flower visitation",2019,2,8,39,2458523,NA,"49641_Flower visitation","Feeding","AZ",2019-02-08,"calendar",39,2019,"49641_Flower visitation_2019",10
6102,32.23188,-110.951012,288,"Bombus","spp.","bumblebee","Animalia",49641,327,"Adults",2019,2,8,39,2458523,NA,"49641_Adults","Adults observed","AZ",2019-02-08,"calendar",39,2019,"49641_Adults_2019",10
12064,32.248463,-110.909584,396,"Danaus","plexippus","monarch","Animalia",50768,312,"Flower visitation",2019,1,4,4,2458488,NA,"50768_Flower visitation","Feeding","AZ",2019-01-04,"calendar",4,2019,"50768_Flower visitation_2019",9
12064,32.248463,-110.909584,396,"Danaus","plexippus","monarch","Animalia",50768,327,"Adults",2019,1,4,4,2458488,NA,"50768_Adults","Adults observed","AZ",2019-01-04,"calendar",4,2019,"50768_Adults_2019",9
12064,32.248463,-110.909584,1133,"Danaus","gilippus","queen","Animalia",50769,312,"Flower visitation",2019,1,4,4,2458488,NA,"50769_Flower visitation","Feeding","AZ",2019-01-04,"calendar",4,2019,"50769_Flower visitation_2019",9
12064,32.248463,-110.909584,1133,"Danaus","gilippus","queen","Animalia",50769,327,"Adults",2019,1,4,4,2458488,NA,"50769_Adults","Adults observed","AZ",2019-01-04,"calendar",4,2019,"50769_Adults_2019",9
12064,32.248463,-110.909584,1142,"Bombus","sonorus","Sonoran bumble bee","Animalia",50772,312,"Flower visitation",2019,2,23,54,2458538,9,"50772_Flower visitation","Feeding","AZ",2019-02-23,"calendar",54,2019,"50772_Flower visitation_2019",9
12064,32.248463,-110.909584,1142,"Bombus","sonorus","Sonoran bumble bee","Animalia",50772,327,"Adults",2019,2,23,54,2458538,9,"50772_Adults","Adults observed","AZ",2019-02-23,"calendar",54,2019,"50772_Adults_2019",9
12064,32.248463,-110.909584,1143,"Xylocopa","varipuncta","valley carpenter bee","Animalia",50773,327,"Adults",2019,3,28,87,2458571,19,"50773_Adults","Adults observed","AZ",2019-03-28,"calendar",87,2019,"50773_Adults_2019",9
16295,27.929228,-82.725639,396,"Danaus","plexippus","monarch","Animalia",60947,333,"Caterpillars",2019,2,23,54,2458538,7,"60947_Caterpillars","Young observed","FL",2019-02-23,"calendar",54,2019,"60947_Caterpillars_2019",9
16295,27.929228,-82.725639,396,"Danaus","plexippus","monarch","Animalia",60947,447,"Caterpillars feeding",2019,2,23,54,2458538,7,"60947_Caterpillars feeding","Young observed","FL",2019-02-23,"calendar",54,2019,"60947_Caterpillars feeding_2019",9
9652,44.768246,-94.155746,288,"Bombus","spp.","bumblebee","Animalia",69507,312,"Flower visitation",2019,4,24,114,2458598,NA,"69507_Flower visitation","Feeding","MN",2019-04-24,"calendar",114,2019,"69507_Flower visitation_2019",12
9652,44.768246,-94.155746,288,"Bombus","spp.","bumblebee","Animalia",69507,327,"Adults",2019,4,24,114,2458598,NA,"69507_Adults","Adults observed","MN",2019-04-24,"calendar",114,2019,"69507_Adults_2019",12
9652,44.768246,-94.155746,288,"Bombus","spp.","bumblebee","Animalia",69507,370,"Male adults",2019,4,24,114,2458598,NA,"69507_Male adults","Adults observed","MN",2019-04-24,"calendar",114,2019,"69507_Male adults_2019",11
10145,42.602543,-83.250992,1238,"Apis","mellifera","honeybee","Animalia",69919,327,"Adults",2019,7,17,198,2458682,NA,"69919_Adults","Adults observed","MI",2019-07-17,"calendar",198,2019,"69919_Adults_2019",12
16876,41.745537,-74.119392,396,"Danaus","plexippus","monarch","Animalia",72969,312,"Flower visitation",2019,6,26,177,2458661,7,"72969_Flower visitation","Feeding","NY",2019-06-26,"calendar",177,2019,"72969_Flower visitation_2019",12
16876,41.745537,-74.119392,396,"Danaus","plexippus","monarch","Animalia",72969,327,"Adults",2019,6,19,170,2458654,7,"72969_Adults","Adults observed","NY",2019-06-19,"calendar",170,2019,"72969_Adults_2019",12
17414,42.936153,-73.433449,396,"Danaus","plexippus","monarch","Animalia",86971,312,"Flower visitation",2019,6,9,160,2458644,11,"86971_Flower visitation","Feeding","NY",2019-06-09,"calendar",160,2019,"86971_Flower visitation_2019",11
17414,42.936153,-73.433449,396,"Danaus","plexippus","monarch","Animalia",86971,327,"Adults",2019,6,9,160,2458644,11,"86971_Adults","Adults observed","NY",2019-06-09,"calendar",160,2019,"86971_Adults_2019",11
20969,33.632149,-117.55545,1386,"Apodemia","virgulti","Behr's metalmark","Animalia",90201,327,"Adults",2019,4,7,97,2458581,9,"90201_Adults","Adults observed","CA",2019-04-07,"calendar",97,2019,"90201_Adults_2019",10
20969,33.632149,-117.55545,1383,"Adelpha","californica","California sister","Animalia",90203,327,"Adults",2019,7,21,202,2458686,3,"90203_Adults","Adults observed","CA",2019-07-21,"calendar",202,2019,"90203_Adults_2019",10
20969,33.632149,-117.55545,1135,"Junonia","coenia","common buckeye","Animalia",90204,312,"Flower visitation",2019,4,7,97,2458581,9,"90204_Flower visitation","Feeding","CA",2019-04-07,"calendar",97,2019,"90204_Flower visitation_2019",9
20969,33.632149,-117.55545,1135,"Junonia","coenia","common buckeye","Animalia",90204,327,"Adults",2019,1,20,20,2458504,10,"90204_Adults","Adults observed","CA",2019-01-20,"calendar",20,2019,"90204_Adults_2019",11
20969,33.632149,-117.55545,1388,"Coenonympha","tullia","common ringlet","Animalia",90205,327,"Adults",2019,3,29,88,2458572,12,"90205_Adults","Adults observed","CA",2019-03-29,"calendar",88,2019,"90205_Adults_2019",11
20969,33.632149,-117.55545,1384,"Anthocharis","sara","Pacific orangetip","Animalia",90206,327,"Adults",2019,1,20,20,2458504,10,"90206_Adults","Adults observed","CA",2019-01-20,"calendar",20,2019,"90206_Adults_2019",10
22613,32.33926,-110.981728,1131,"Calephelis","nemesis","fatal metalmark","Animalia",100905,327,"Adults",2019,4,11,101,2458585,7,"100905_Adults","Adults observed","AZ",2019-04-11,"calendar",101,2019,"100905_Adults_2019",10
22613,32.33926,-110.981728,1403,"Papilio","cresphontes","giant swallowtail","Animalia",100906,327,"Adults",2019,5,9,129,2458613,7,"100906_Adults","Adults observed","AZ",2019-05-09,"calendar",129,2019,"100906_Adults_2019",10
22613,32.33926,-110.981728,1391,"Agraulis","vanillae","gulf fritillary","Animalia",100907,327,"Adults",2019,1,29,29,2458513,7,"100907_Adults","Adults observed","AZ",2019-01-29,"calendar",29,2019,"100907_Adults_2019",10
22613,32.33926,-110.981728,396,"Danaus","plexippus","monarch","Animalia",100909,327,"Adults",2019,1,22,22,2458506,7,"100909_Adults","Adults observed","AZ",2019-01-22,"calendar",22,2019,"100909_Adults_2019",10
22613,32.33926,-110.981728,1129,"Battus","philenor","pipevine swallowtail","Animalia",100912,327,"Adults",2019,3,21,80,2458564,6,"100912_Adults","Adults observed","AZ",2019-03-21,"calendar",80,2019,"100912_Adults_2019",10
22613,32.33926,-110.981728,1129,"Battus","philenor","pipevine swallowtail","Animalia",100912,333,"Caterpillars",2019,6,27,178,2458662,14,"100912_Caterpillars","Young observed","AZ",2019-06-27,"calendar",178,2019,"100912_Caterpillars_2019",9
22613,32.33926,-110.981728,1133,"Danaus","gilippus","queen","Animalia",100913,327,"Adults",2019,1,29,29,2458513,7,"100913_Adults","Adults observed","AZ",2019-01-29,"calendar",29,2019,"100913_Adults_2019",10
22613,32.33926,-110.981728,260,"Celastrina","ladon complex","spring azure","Animalia",100915,327,"Adults",2019,1,29,29,2458513,7,"100915_Adults","Adults observed","AZ",2019-01-29,"calendar",29,2019,"100915_Adults_2019",9
22979,41.556442,-93.267807,396,"Danaus","plexippus","monarch","Animalia",104138,327,"Adults",2019,5,16,136,2458620,8,"104138_Adults","Adults observed","IA",2019-05-16,"calendar",136,2019,"104138_Adults_2019",9
22981,41.559528,-93.278351,396,"Danaus","plexippus","monarch","Animalia",104149,327,"Adults",2019,6,11,162,2458646,6,"104149_Adults","Adults observed","IA",2019-06-11,"calendar",162,2019,"104149_Adults_2019",9
25568,45.140465,-93.312943,273,"Calopteryx","maculata","ebony jewelwing","Animalia",123979,327,"Adults",2019,6,16,167,2458651,17,"123979_Adults","Adults observed","MN",2019-06-16,"calendar",167,2019,"123979_Adults_2019",9
25568,45.140465,-93.312943,396,"Danaus","plexippus","monarch","Animalia",123980,312,"Flower visitation",2019,7,29,210,2458694,8,"123980_Flower visitation","Feeding","MN",2019-07-29,"calendar",210,2019,"123980_Flower visitation_2019",9
25568,45.140465,-93.312943,396,"Danaus","plexippus","monarch","Animalia",123980,327,"Adults",2019,7,21,202,2458686,26,"123980_Adults","Adults observed","MN",2019-07-21,"calendar",202,2019,"123980_Adults_2019",9
22613,32.33926,-110.981728,415,"Libellula","saturata","flame skimmer","Animalia",136804,327,"Adults",2019,4,11,101,2458585,7,"136804_Adults","Adults observed","AZ",2019-04-11,"calendar",101,2019,"136804_Adults_2019",9
12064,32.248463,-110.909584,1391,"Agraulis","vanillae","gulf fritillary","Animalia",139418,327,"Adults",2019,1,24,24,2458508,13,"139418_Adults","Adults observed","AZ",2019-01-24,"calendar",24,2019,"139418_Adults_2019",9
9652,44.768246,-94.155746,1427,"Diceroprocta","apache","Apache cicada","Animalia",139451,327,"Adults",2019,7,25,206,2458690,NA,"139451_Adults","Adults observed","MN",2019-07-25,"calendar",206,2019,"139451_Adults_2019",9
9652,44.768246,-94.155746,1427,"Diceroprocta","apache","Apache cicada","Animalia",139451,528,"Courtship calling",2019,7,25,206,2458690,NA,"139451_Courtship calling","Mating activity","MN",2019-07-25,"calendar",206,2019,"139451_Courtship calling_2019",9
9652,44.768246,-94.155746,1427,"Diceroprocta","apache","Apache cicada","Animalia",139451,530,"Cast-off skins (nymph)",2019,7,25,206,2458690,NA,"139451_Cast-off skins (nymph)","Young observed","MN",2019-07-25,"calendar",206,2019,"139451_Cast-off skins (nymph)_2019",9
9652,44.768246,-94.155746,391,"Pieris","rapae","cabbage white","Animalia",139454,312,"Flower visitation",2019,5,14,134,2458618,NA,"139454_Flower visitation","Feeding","MN",2019-05-14,"calendar",134,2019,"139454_Flower visitation_2019",9
9652,44.768246,-94.155746,391,"Pieris","rapae","cabbage white","Animalia",139454,327,"Adults",2019,5,14,134,2458618,NA,"139454_Adults","Adults observed","MN",2019-05-14,"calendar",134,2019,"139454_Adults_2019",9
9652,44.768246,-94.155746,1238,"Apis","mellifera","honeybee","Animalia",139456,312,"Flower visitation",2019,6,16,167,2458651,NA,"139456_Flower visitation","Feeding","MN",2019-06-16,"calendar",167,2019,"139456_Flower visitation_2019",9
9652,44.768246,-94.155746,1238,"Apis","mellifera","honeybee","Animalia",139456,327,"Adults",2019,6,16,167,2458651,NA,"139456_Adults","Adults observed","MN",2019-06-16,"calendar",167,2019,"139456_Adults_2019",9
9652,44.768246,-94.155746,396,"Danaus","plexippus","monarch","Animalia",139457,312,"Flower visitation",2019,7,25,206,2458690,53,"139457_Flower visitation","Feeding","MN",2019-07-25,"calendar",206,2019,"139457_Flower visitation_2019",9
9652,44.768246,-94.155746,396,"Danaus","plexippus","monarch","Animalia",139457,327,"Adults",2019,6,2,153,2458637,NA,"139457_Adults","Adults observed","MN",2019-06-02,"calendar",153,2019,"139457_Adults_2019",9
22613,32.33926,-110.981728,272,"Anax","junius","common green darner","Animalia",145493,327,"Adults",2019,9,26,269,2458753,56,"145493_Adults","Adults observed","AZ",2019-09-26,"calendar",269,2019,"145493_Adults_2019",9
1605,40.907997,-73.120705,288,"Bombus","spp.","bumblebee","Animalia",5283,327,"Adults",2020,5,19,140,2458989,NA,"5283_Adults","Adults observed","NY",2020-05-19,"calendar",140,2020,"5283_Adults_2020",11
1419,42.011166,-88.503304,288,"Bombus","spp.","bumblebee","Animalia",10284,312,"Flower visitation",2020,4,12,103,2458952,3,"10284_Flower visitation","Feeding","IL",2020-04-12,"calendar",103,2020,"10284_Flower visitation_2020",14
1419,42.011166,-88.503304,288,"Bombus","spp.","bumblebee","Animalia",10284,327,"Adults",2020,4,12,103,2458952,3,"10284_Adults","Adults observed","IL",2020-04-12,"calendar",103,2020,"10284_Adults_2020",14
5674,44.910587,-70.266861,396,"Danaus","plexippus","monarch","Animalia",12711,312,"Flower visitation",2020,7,12,194,2459043,7,"12711_Flower visitation","Feeding","ME",2020-07-12,"calendar",194,2020,"12711_Flower visitation_2020",11
5674,44.910587,-70.266861,396,"Danaus","plexippus","monarch","Animalia",12711,327,"Adults",2020,7,12,194,2459043,7,"12711_Adults","Adults observed","ME",2020-07-12,"calendar",194,2020,"12711_Adults_2020",11
2803,39.971001,-105.397003,288,"Bombus","spp.","bumblebee","Animalia",16049,312,"Flower visitation",2020,5,2,123,2458972,2,"16049_Flower visitation","Feeding","CO",2020-05-02,"calendar",123,2020,"16049_Flower visitation_2020",15
2803,39.971001,-105.397003,288,"Bombus","spp.","bumblebee","Animalia",16049,327,"Adults",2020,5,2,123,2458972,2,"16049_Adults","Adults observed","CO",2020-05-02,"calendar",123,2020,"16049_Adults_2020",15
8496,46.328629,-96.061256,396,"Danaus","plexippus","monarch","Animalia",25783,312,"Flower visitation",2020,7,3,185,2459034,7,"25783_Flower visitation","Feeding","MN",2020-07-03,"calendar",185,2020,"25783_Flower visitation_2020",10
8496,46.328629,-96.061256,396,"Danaus","plexippus","monarch","Animalia",25783,327,"Adults",2020,5,30,151,2459000,3,"25783_Adults","Adults observed","MN",2020-05-30,"calendar",151,2020,"25783_Adults_2020",12
8715,43.522804,-70.802277,396,"Danaus","plexippus","monarch","Animalia",28194,327,"Adults",2020,8,5,218,2459067,20,"28194_Adults","Adults observed","ME",2020-08-05,"calendar",218,2020,"28194_Adults_2020",9
8736,44.903229,-93.217445,288,"Bombus","spp.","bumblebee","Animalia",28350,312,"Flower visitation",2020,5,26,147,2458996,24,"28350_Flower visitation","Feeding","MN",2020-05-26,"calendar",147,2020,"28350_Flower visitation_2020",10
8736,44.903229,-93.217445,288,"Bombus","spp.","bumblebee","Animalia",28350,327,"Adults",2020,4,8,99,2458948,2,"28350_Adults","Adults observed","MN",2020-04-08,"calendar",99,2020,"28350_Adults_2020",10
8736,44.903229,-93.217445,391,"Pieris","rapae","cabbage white","Animalia",28351,327,"Adults",2020,5,3,124,2458973,5,"28351_Adults","Adults observed","MN",2020-05-03,"calendar",124,2020,"28351_Adults_2020",10
8736,44.903229,-93.217445,396,"Danaus","plexippus","monarch","Animalia",28352,312,"Flower visitation",2020,7,15,197,2459046,3,"28352_Flower visitation","Feeding","MN",2020-07-15,"calendar",197,2020,"28352_Flower visitation_2020",10
8736,44.903229,-93.217445,396,"Danaus","plexippus","monarch","Animalia",28352,327,"Adults",2020,6,5,157,2459006,1,"28352_Adults","Adults observed","MN",2020-06-05,"calendar",157,2020,"28352_Adults_2020",10
8736,44.903229,-93.217445,393,"Vanessa","atalanta","red admiral","Animalia",28355,327,"Adults",2020,6,25,177,2459026,2,"28355_Adults","Adults observed","MN",2020-06-25,"calendar",177,2020,"28355_Adults_2020",9
8242,31.596231,-110.575493,1133,"Danaus","gilippus","queen","Animalia",29642,312,"Flower visitation",2020,6,20,172,2459021,24,"29642_Flower visitation","Feeding","AZ",2020-06-20,"calendar",172,2020,"29642_Flower visitation_2020",10
8242,31.596231,-110.575493,1133,"Danaus","gilippus","queen","Animalia",29642,327,"Adults",2020,5,13,134,2458983,23,"29642_Adults","Adults observed","AZ",2020-05-13,"calendar",134,2020,"29642_Adults_2020",10
8418,32.363758,-94.873947,288,"Bombus","spp.","bumblebee","Animalia",30797,312,"Flower visitation",2020,3,29,89,2458938,NA,"30797_Flower visitation","Feeding","TX",2020-03-29,"calendar",89,2020,"30797_Flower visitation_2020",12
8418,32.363758,-94.873947,288,"Bombus","spp.","bumblebee","Animalia",30797,327,"Adults",2020,3,29,89,2458938,NA,"30797_Adults","Adults observed","TX",2020-03-29,"calendar",89,2020,"30797_Adults_2020",12
10145,42.602543,-83.250992,288,"Bombus","spp.","bumblebee","Animalia",38858,327,"Adults",2020,4,8,99,2458948,NA,"38858_Adults","Adults observed","MI",2020-04-08,"calendar",99,2020,"38858_Adults_2020",13
10145,42.602543,-83.250992,391,"Pieris","rapae","cabbage white","Animalia",38859,327,"Adults",2020,4,5,96,2458945,NA,"38859_Adults","Adults observed","MI",2020-04-05,"calendar",96,2020,"38859_Adults_2020",13
10145,42.602543,-83.250992,272,"Anax","junius","common green darner","Animalia",38869,327,"Adults",2020,5,1,122,2458971,1,"38869_Adults","Adults observed","MI",2020-05-01,"calendar",122,2020,"38869_Adults_2020",13
10145,42.602543,-83.250992,396,"Danaus","plexippus","monarch","Animalia",38919,327,"Adults",2020,6,5,157,2459006,1,"38919_Adults","Adults observed","MI",2020-06-05,"calendar",157,2020,"38919_Adults_2020",13
10145,42.602543,-83.250992,1137,"Nymphalis","antiopa","mourning cloak","Animalia",38921,327,"Adults",2020,4,8,99,2458948,NA,"38921_Adults","Adults observed","MI",2020-04-08,"calendar",99,2020,"38921_Adults_2020",13
10145,42.602543,-83.250992,1132,"Colias","eurytheme","orange sulphur","Animalia",38930,327,"Adults",2020,6,14,166,2459015,1,"38930_Adults","Adults observed","MI",2020-06-14,"calendar",166,2020,"38930_Adults_2020",13
10145,42.602543,-83.250992,393,"Vanessa","atalanta","red admiral","Animalia",38941,327,"Adults",2020,5,21,142,2458991,1,"38941_Adults","Adults observed","MI",2020-05-21,"calendar",142,2020,"38941_Adults_2020",11
12064,32.248463,-110.909584,396,"Danaus","plexippus","monarch","Animalia",50768,312,"Flower visitation",2020,3,5,65,2458914,9,"50768_Flower visitation","Feeding","AZ",2020-03-05,"calendar",65,2020,"50768_Flower visitation_2020",9
12064,32.248463,-110.909584,396,"Danaus","plexippus","monarch","Animalia",50768,327,"Adults",2020,1,12,12,2458861,4,"50768_Adults","Adults observed","AZ",2020-01-12,"calendar",12,2020,"50768_Adults_2020",9
12064,32.248463,-110.909584,1133,"Danaus","gilippus","queen","Animalia",50769,312,"Flower visitation",2020,1,7,7,2458856,NA,"50769_Flower visitation","Feeding","AZ",2020-01-07,"calendar",7,2020,"50769_Flower visitation_2020",9
12064,32.248463,-110.909584,1133,"Danaus","gilippus","queen","Animalia",50769,327,"Adults",2020,1,7,7,2458856,NA,"50769_Adults","Adults observed","AZ",2020-01-07,"calendar",7,2020,"50769_Adults_2020",9
12064,32.248463,-110.909584,1142,"Bombus","sonorus","Sonoran bumble bee","Animalia",50772,312,"Flower visitation",2020,10,1,275,2459124,18,"50772_Flower visitation","Feeding","AZ",2020-10-01,"calendar",275,2020,"50772_Flower visitation_2020",9
12064,32.248463,-110.909584,1142,"Bombus","sonorus","Sonoran bumble bee","Animalia",50772,327,"Adults",2020,10,1,275,2459124,18,"50772_Adults","Adults observed","AZ",2020-10-01,"calendar",275,2020,"50772_Adults_2020",9
12064,32.248463,-110.909584,1143,"Xylocopa","varipuncta","valley carpenter bee","Animalia",50773,327,"Adults",2020,3,6,66,2458915,1,"50773_Adults","Adults observed","AZ",2020-03-06,"calendar",66,2020,"50773_Adults_2020",9
16295,27.929228,-82.725639,396,"Danaus","plexippus","monarch","Animalia",60947,333,"Caterpillars",2020,4,18,109,2458958,7,"60947_Caterpillars","Young observed","FL",2020-04-18,"calendar",109,2020,"60947_Caterpillars_2020",9
16295,27.929228,-82.725639,396,"Danaus","plexippus","monarch","Animalia",60947,447,"Caterpillars feeding",2020,4,18,109,2458958,7,"60947_Caterpillars feeding","Young observed","FL",2020-04-18,"calendar",109,2020,"60947_Caterpillars feeding_2020",9
9652,44.768246,-94.155746,288,"Bombus","spp.","bumblebee","Animalia",69507,312,"Flower visitation",2020,4,25,116,2458965,18,"69507_Flower visitation","Feeding","MN",2020-04-25,"calendar",116,2020,"69507_Flower visitation_2020",12
9652,44.768246,-94.155746,288,"Bombus","spp.","bumblebee","Animalia",69507,327,"Adults",2020,4,7,98,2458947,NA,"69507_Adults","Adults observed","MN",2020-04-07,"calendar",98,2020,"69507_Adults_2020",12
9652,44.768246,-94.155746,288,"Bombus","spp.","bumblebee","Animalia",69507,370,"Male adults",2020,4,7,98,2458947,NA,"69507_Male adults","Adults observed","MN",2020-04-07,"calendar",98,2020,"69507_Male adults_2020",11
10145,42.602543,-83.250992,1238,"Apis","mellifera","honeybee","Animalia",69919,327,"Adults",2020,4,28,119,2458968,1,"69919_Adults","Adults observed","MI",2020-04-28,"calendar",119,2020,"69919_Adults_2020",12
16876,41.745537,-74.119392,396,"Danaus","plexippus","monarch","Animalia",72969,312,"Flower visitation",2020,8,28,241,2459090,11,"72969_Flower visitation","Feeding","NY",2020-08-28,"calendar",241,2020,"72969_Flower visitation_2020",12
16876,41.745537,-74.119392,396,"Danaus","plexippus","monarch","Animalia",72969,327,"Adults",2020,6,26,178,2459027,10,"72969_Adults","Adults observed","NY",2020-06-26,"calendar",178,2020,"72969_Adults_2020",12
17414,42.936153,-73.433449,396,"Danaus","plexippus","monarch","Animalia",86971,312,"Flower visitation",2020,7,31,213,2459062,14,"86971_Flower visitation","Feeding","NY",2020-07-31,"calendar",213,2020,"86971_Flower visitation_2020",11
17414,42.936153,-73.433449,396,"Danaus","plexippus","monarch","Animalia",86971,327,"Adults",2020,6,14,166,2459015,4,"86971_Adults","Adults observed","NY",2020-06-14,"calendar",166,2020,"86971_Adults_2020",11
20969,33.632149,-117.55545,1135,"Junonia","coenia","common buckeye","Animalia",90204,327,"Adults",2020,1,10,10,2458859,6,"90204_Adults","Adults observed","CA",2020-01-10,"calendar",10,2020,"90204_Adults_2020",11
20969,33.632149,-117.55545,1388,"Coenonympha","tullia","common ringlet","Animalia",90205,327,"Adults",2020,2,1,32,2458881,13,"90205_Adults","Adults observed","CA",2020-02-01,"calendar",32,2020,"90205_Adults_2020",11
20969,33.632149,-117.55545,1384,"Anthocharis","sara","Pacific orangetip","Animalia",90206,327,"Adults",2020,1,19,19,2458868,5,"90206_Adults","Adults observed","CA",2020-01-19,"calendar",19,2020,"90206_Adults_2020",10
22613,32.33926,-110.981728,1131,"Calephelis","nemesis","fatal metalmark","Animalia",100905,327,"Adults",2020,4,4,95,2458944,NA,"100905_Adults","Adults observed","AZ",2020-04-04,"calendar",95,2020,"100905_Adults_2020",10
22613,32.33926,-110.981728,1403,"Papilio","cresphontes","giant swallowtail","Animalia",100906,327,"Adults",2020,3,10,70,2458919,NA,"100906_Adults","Adults observed","AZ",2020-03-10,"calendar",70,2020,"100906_Adults_2020",10
22613,32.33926,-110.981728,1391,"Agraulis","vanillae","gulf fritillary","Animalia",100907,327,"Adults",2020,1,23,23,2458872,NA,"100907_Adults","Adults observed","AZ",2020-01-23,"calendar",23,2020,"100907_Adults_2020",10
22613,32.33926,-110.981728,396,"Danaus","plexippus","monarch","Animalia",100909,327,"Adults",2020,1,7,7,2458856,NA,"100909_Adults","Adults observed","AZ",2020-01-07,"calendar",7,2020,"100909_Adults_2020",10
22613,32.33926,-110.981728,1129,"Battus","philenor","pipevine swallowtail","Animalia",100912,327,"Adults",2020,1,30,30,2458879,NA,"100912_Adults","Adults observed","AZ",2020-01-30,"calendar",30,2020,"100912_Adults_2020",10
22613,32.33926,-110.981728,1129,"Battus","philenor","pipevine swallowtail","Animalia",100912,333,"Caterpillars",2020,1,7,7,2458856,NA,"100912_Caterpillars","Young observed","AZ",2020-01-07,"calendar",7,2020,"100912_Caterpillars_2020",9
22613,32.33926,-110.981728,1133,"Danaus","gilippus","queen","Animalia",100913,327,"Adults",2020,1,23,23,2458872,16,"100913_Adults","Adults observed","AZ",2020-01-23,"calendar",23,2020,"100913_Adults_2020",10
22613,32.33926,-110.981728,260,"Celastrina","ladon complex","spring azure","Animalia",100915,327,"Adults",2020,4,12,103,2458952,NA,"100915_Adults","Adults observed","AZ",2020-04-12,"calendar",103,2020,"100915_Adults_2020",9
22979,41.556442,-93.267807,396,"Danaus","plexippus","monarch","Animalia",104138,327,"Adults",2020,7,7,189,2459038,12,"104138_Adults","Adults observed","IA",2020-07-07,"calendar",189,2020,"104138_Adults_2020",9
22981,41.559528,-93.278351,396,"Danaus","plexippus","monarch","Animalia",104149,327,"Adults",2020,6,11,163,2459012,10,"104149_Adults","Adults observed","IA",2020-06-11,"calendar",163,2020,"104149_Adults_2020",9
25568,45.140465,-93.312943,273,"Calopteryx","maculata","ebony jewelwing","Animalia",123979,327,"Adults",2020,7,1,183,2459032,NA,"123979_Adults","Adults observed","MN",2020-07-01,"calendar",183,2020,"123979_Adults_2020",9
25568,45.140465,-93.312943,396,"Danaus","plexippus","monarch","Animalia",123980,312,"Flower visitation",2020,8,2,215,2459064,7,"123980_Flower visitation","Feeding","MN",2020-08-02,"calendar",215,2020,"123980_Flower visitation_2020",9
25568,45.140465,-93.312943,396,"Danaus","plexippus","monarch","Animalia",123980,327,"Adults",2020,7,4,186,2459035,3,"123980_Adults","Adults observed","MN",2020-07-04,"calendar",186,2020,"123980_Adults_2020",9
22613,32.33926,-110.981728,415,"Libellula","saturata","flame skimmer","Animalia",136804,327,"Adults",2020,3,28,88,2458937,NA,"136804_Adults","Adults observed","AZ",2020-03-28,"calendar",88,2020,"136804_Adults_2020",9
12064,32.248463,-110.909584,1391,"Agraulis","vanillae","gulf fritillary","Animalia",139418,327,"Adults",2020,1,8,8,2458857,1,"139418_Adults","Adults observed","AZ",2020-01-08,"calendar",8,2020,"139418_Adults_2020",9
9652,44.768246,-94.155746,1427,"Diceroprocta","apache","Apache cicada","Animalia",139451,327,"Adults",2020,7,1,183,2459032,NA,"139451_Adults","Adults observed","MN",2020-07-01,"calendar",183,2020,"139451_Adults_2020",9
9652,44.768246,-94.155746,1427,"Diceroprocta","apache","Apache cicada","Animalia",139451,528,"Courtship calling",2020,7,1,183,2459032,NA,"139451_Courtship calling","Mating activity","MN",2020-07-01,"calendar",183,2020,"139451_Courtship calling_2020",9
9652,44.768246,-94.155746,1427,"Diceroprocta","apache","Apache cicada","Animalia",139451,530,"Cast-off skins (nymph)",2020,7,2,184,2459033,1,"139451_Cast-off skins (nymph)","Young observed","MN",2020-07-02,"calendar",184,2020,"139451_Cast-off skins (nymph)_2020",9
9652,44.768246,-94.155746,391,"Pieris","rapae","cabbage white","Animalia",139454,312,"Flower visitation",2020,5,11,132,2458981,NA,"139454_Flower visitation","Feeding","MN",2020-05-11,"calendar",132,2020,"139454_Flower visitation_2020",9
9652,44.768246,-94.155746,391,"Pieris","rapae","cabbage white","Animalia",139454,327,"Adults",2020,5,11,132,2458981,NA,"139454_Adults","Adults observed","MN",2020-05-11,"calendar",132,2020,"139454_Adults_2020",9
9652,44.768246,-94.155746,1238,"Apis","mellifera","honeybee","Animalia",139456,312,"Flower visitation",2020,6,22,174,2459023,NA,"139456_Flower visitation","Feeding","MN",2020-06-22,"calendar",174,2020,"139456_Flower visitation_2020",9
9652,44.768246,-94.155746,1238,"Apis","mellifera","honeybee","Animalia",139456,327,"Adults",2020,6,22,174,2459023,NA,"139456_Adults","Adults observed","MN",2020-06-22,"calendar",174,2020,"139456_Adults_2020",9
9652,44.768246,-94.155746,396,"Danaus","plexippus","monarch","Animalia",139457,312,"Flower visitation",2020,6,10,162,2459011,NA,"139457_Flower visitation","Feeding","MN",2020-06-10,"calendar",162,2020,"139457_Flower visitation_2020",9
9652,44.768246,-94.155746,396,"Danaus","plexippus","monarch","Animalia",139457,327,"Adults",2020,6,10,162,2459011,NA,"139457_Adults","Adults observed","MN",2020-06-10,"calendar",162,2020,"139457_Adults_2020",9
22613,32.33926,-110.981728,272,"Anax","junius","common green darner","Animalia",145493,327,"Adults",2020,6,23,175,2459024,14,"145493_Adults","Adults observed","AZ",2020-06-23,"calendar",175,2020,"145493_Adults_2020",9
5674,44.910587,-70.266861,396,"Danaus","plexippus","monarch","Animalia",12711,312,"Flower visitation",2021,7,4,185,2459400,7,"12711_Flower visitation","Feeding","ME",2021-07-04,"calendar",185,2021,"12711_Flower visitation_2021",11
5674,44.910587,-70.266861,396,"Danaus","plexippus","monarch","Animalia",12711,327,"Adults",2021,7,4,185,2459400,7,"12711_Adults","Adults observed","ME",2021-07-04,"calendar",185,2021,"12711_Adults_2021",11
2803,39.971001,-105.397003,288,"Bombus","spp.","bumblebee","Animalia",16049,312,"Flower visitation",2021,5,26,146,2459361,2,"16049_Flower visitation","Feeding","CO",2021-05-26,"calendar",146,2021,"16049_Flower visitation_2021",15
2803,39.971001,-105.397003,288,"Bombus","spp.","bumblebee","Animalia",16049,327,"Adults",2021,5,26,146,2459361,2,"16049_Adults","Adults observed","CO",2021-05-26,"calendar",146,2021,"16049_Adults_2021",15
8496,46.328629,-96.061256,396,"Danaus","plexippus","monarch","Animalia",25783,312,"Flower visitation",2021,6,4,155,2459370,13,"25783_Flower visitation","Feeding","MN",2021-06-04,"calendar",155,2021,"25783_Flower visitation_2021",10
8496,46.328629,-96.061256,396,"Danaus","plexippus","monarch","Animalia",25783,327,"Adults",2021,6,4,155,2459370,13,"25783_Adults","Adults observed","MN",2021-06-04,"calendar",155,2021,"25783_Adults_2021",12
8715,43.522804,-70.802277,396,"Danaus","plexippus","monarch","Animalia",28194,327,"Adults",2021,6,19,170,2459385,17,"28194_Adults","Adults observed","ME",2021-06-19,"calendar",170,2021,"28194_Adults_2021",9
8736,44.903229,-93.217445,288,"Bombus","spp.","bumblebee","Animalia",28350,312,"Flower visitation",2021,5,25,145,2459360,8,"28350_Flower visitation","Feeding","MN",2021-05-25,"calendar",145,2021,"28350_Flower visitation_2021",10
8736,44.903229,-93.217445,288,"Bombus","spp.","bumblebee","Animalia",28350,327,"Adults",2021,5,25,145,2459360,8,"28350_Adults","Adults observed","MN",2021-05-25,"calendar",145,2021,"28350_Adults_2021",10
8736,44.903229,-93.217445,391,"Pieris","rapae","cabbage white","Animalia",28351,327,"Adults",2021,6,10,161,2459376,1,"28351_Adults","Adults observed","MN",2021-06-10,"calendar",161,2021,"28351_Adults_2021",10
8736,44.903229,-93.217445,396,"Danaus","plexippus","monarch","Animalia",28352,312,"Flower visitation",2021,7,2,183,2459398,1,"28352_Flower visitation","Feeding","MN",2021-07-02,"calendar",183,2021,"28352_Flower visitation_2021",10
8736,44.903229,-93.217445,396,"Danaus","plexippus","monarch","Animalia",28352,327,"Adults",2021,6,27,178,2459393,6,"28352_Adults","Adults observed","MN",2021-06-27,"calendar",178,2021,"28352_Adults_2021",10
8242,31.596231,-110.575493,1133,"Danaus","gilippus","queen","Animalia",29642,312,"Flower visitation",2021,5,24,144,2459359,21,"29642_Flower visitation","Feeding","AZ",2021-05-24,"calendar",144,2021,"29642_Flower visitation_2021",10
8242,31.596231,-110.575493,1133,"Danaus","gilippus","queen","Animalia",29642,327,"Adults",2021,5,24,144,2459359,21,"29642_Adults","Adults observed","AZ",2021-05-24,"calendar",144,2021,"29642_Adults_2021",10
10145,42.602543,-83.250992,288,"Bombus","spp.","bumblebee","Animalia",38858,327,"Adults",2021,4,13,103,2459318,1,"38858_Adults","Adults observed","MI",2021-04-13,"calendar",103,2021,"38858_Adults_2021",13
10145,42.602543,-83.250992,391,"Pieris","rapae","cabbage white","Animalia",38859,327,"Adults",2021,4,6,96,2459311,NA,"38859_Adults","Adults observed","MI",2021-04-06,"calendar",96,2021,"38859_Adults_2021",13
10145,42.602543,-83.250992,272,"Anax","junius","common green darner","Animalia",38869,327,"Adults",2021,4,28,118,2459333,1,"38869_Adults","Adults observed","MI",2021-04-28,"calendar",118,2021,"38869_Adults_2021",13
10145,42.602543,-83.250992,396,"Danaus","plexippus","monarch","Animalia",38919,327,"Adults",2021,6,3,154,2459369,1,"38919_Adults","Adults observed","MI",2021-06-03,"calendar",154,2021,"38919_Adults_2021",13
10145,42.602543,-83.250992,1137,"Nymphalis","antiopa","mourning cloak","Animalia",38921,327,"Adults",2021,4,4,94,2459309,NA,"38921_Adults","Adults observed","MI",2021-04-04,"calendar",94,2021,"38921_Adults_2021",13
10145,42.602543,-83.250992,1132,"Colias","eurytheme","orange sulphur","Animalia",38930,327,"Adults",2021,5,2,122,2459337,2,"38930_Adults","Adults observed","MI",2021-05-02,"calendar",122,2021,"38930_Adults_2021",13
10145,42.602543,-83.250992,393,"Vanessa","atalanta","red admiral","Animalia",38941,327,"Adults",2021,5,21,141,2459356,1,"38941_Adults","Adults observed","MI",2021-05-21,"calendar",141,2021,"38941_Adults_2021",11
6102,32.23188,-110.951012,288,"Bombus","spp.","bumblebee","Animalia",49641,312,"Flower visitation",2021,2,5,36,2459251,1,"49641_Flower visitation","Feeding","AZ",2021-02-05,"calendar",36,2021,"49641_Flower visitation_2021",10
6102,32.23188,-110.951012,288,"Bombus","spp.","bumblebee","Animalia",49641,327,"Adults",2021,2,8,39,2459254,2,"49641_Adults","Adults observed","AZ",2021-02-08,"calendar",39,2021,"49641_Adults_2021",10
12064,32.248463,-110.909584,396,"Danaus","plexippus","monarch","Animalia",50768,312,"Flower visitation",2021,6,13,164,2459379,5,"50768_Flower visitation","Feeding","AZ",2021-06-13,"calendar",164,2021,"50768_Flower visitation_2021",9
12064,32.248463,-110.909584,396,"Danaus","plexippus","monarch","Animalia",50768,327,"Adults",2021,6,13,164,2459379,5,"50768_Adults","Adults observed","AZ",2021-06-13,"calendar",164,2021,"50768_Adults_2021",9
12064,32.248463,-110.909584,1133,"Danaus","gilippus","queen","Animalia",50769,312,"Flower visitation",2021,2,4,35,2459250,26,"50769_Flower visitation","Feeding","AZ",2021-02-04,"calendar",35,2021,"50769_Flower visitation_2021",9
12064,32.248463,-110.909584,1133,"Danaus","gilippus","queen","Animalia",50769,327,"Adults",2021,1,7,7,2459222,NA,"50769_Adults","Adults observed","AZ",2021-01-07,"calendar",7,2021,"50769_Adults_2021",9
12064,32.248463,-110.909584,1142,"Bombus","sonorus","Sonoran bumble bee","Animalia",50772,312,"Flower visitation",2021,2,4,35,2459250,26,"50772_Flower visitation","Feeding","AZ",2021-02-04,"calendar",35,2021,"50772_Flower visitation_2021",9
12064,32.248463,-110.909584,1142,"Bombus","sonorus","Sonoran bumble bee","Animalia",50772,327,"Adults",2021,2,4,35,2459250,26,"50772_Adults","Adults observed","AZ",2021-02-04,"calendar",35,2021,"50772_Adults_2021",9
12064,32.248463,-110.909584,1143,"Xylocopa","varipuncta","valley carpenter bee","Animalia",50773,327,"Adults",2021,3,9,68,2459283,4,"50773_Adults","Adults observed","AZ",2021-03-09,"calendar",68,2021,"50773_Adults_2021",9
16295,27.929228,-82.725639,396,"Danaus","plexippus","monarch","Animalia",60947,333,"Caterpillars",2021,3,20,79,2459294,7,"60947_Caterpillars","Young observed","FL",2021-03-20,"calendar",79,2021,"60947_Caterpillars_2021",9
16295,27.929228,-82.725639,396,"Danaus","plexippus","monarch","Animalia",60947,447,"Caterpillars feeding",2021,3,20,79,2459294,7,"60947_Caterpillars feeding","Young observed","FL",2021-03-20,"calendar",79,2021,"60947_Caterpillars feeding_2021",9
9652,44.768246,-94.155746,288,"Bombus","spp.","bumblebee","Animalia",69507,312,"Flower visitation",2021,5,12,132,2459347,12,"69507_Flower visitation","Feeding","MN",2021-05-12,"calendar",132,2021,"69507_Flower visitation_2021",12
9652,44.768246,-94.155746,288,"Bombus","spp.","bumblebee","Animalia",69507,327,"Adults",2021,4,24,114,2459329,NA,"69507_Adults","Adults observed","MN",2021-04-24,"calendar",114,2021,"69507_Adults_2021",12
9652,44.768246,-94.155746,288,"Bombus","spp.","bumblebee","Animalia",69507,370,"Male adults",2021,4,24,114,2459329,NA,"69507_Male adults","Adults observed","MN",2021-04-24,"calendar",114,2021,"69507_Male adults_2021",11
10145,42.602543,-83.250992,1238,"Apis","mellifera","honeybee","Animalia",69919,327,"Adults",2021,7,4,185,2459400,NA,"69919_Adults","Adults observed","MI",2021-07-04,"calendar",185,2021,"69919_Adults_2021",12
16876,41.745537,-74.119392,396,"Danaus","plexippus","monarch","Animalia",72969,312,"Flower visitation",2021,6,11,162,2459377,11,"72969_Flower visitation","Feeding","NY",2021-06-11,"calendar",162,2021,"72969_Flower visitation_2021",12
16876,41.745537,-74.119392,396,"Danaus","plexippus","monarch","Animalia",72969,327,"Adults",2021,6,10,161,2459376,10,"72969_Adults","Adults observed","NY",2021-06-10,"calendar",161,2021,"72969_Adults_2021",12
17414,42.936153,-73.433449,396,"Danaus","plexippus","monarch","Animalia",86971,312,"Flower visitation",2021,7,26,207,2459422,3,"86971_Flower visitation","Feeding","NY",2021-07-26,"calendar",207,2021,"86971_Flower visitation_2021",11
17414,42.936153,-73.433449,396,"Danaus","plexippus","monarch","Animalia",86971,327,"Adults",2021,6,5,156,2459371,4,"86971_Adults","Adults observed","NY",2021-06-05,"calendar",156,2021,"86971_Adults_2021",11
22613,32.33926,-110.981728,1131,"Calephelis","nemesis","fatal metalmark","Animalia",100905,327,"Adults",2021,7,20,201,2459416,5,"100905_Adults","Adults observed","AZ",2021-07-20,"calendar",201,2021,"100905_Adults_2021",10
22613,32.33926,-110.981728,1403,"Papilio","cresphontes","giant swallowtail","Animalia",100906,327,"Adults",2021,6,1,152,2459367,7,"100906_Adults","Adults observed","AZ",2021-06-01,"calendar",152,2021,"100906_Adults_2021",10
22613,32.33926,-110.981728,1391,"Agraulis","vanillae","gulf fritillary","Animalia",100907,327,"Adults",2021,2,9,40,2459255,7,"100907_Adults","Adults observed","AZ",2021-02-09,"calendar",40,2021,"100907_Adults_2021",10
22613,32.33926,-110.981728,396,"Danaus","plexippus","monarch","Animalia",100909,327,"Adults",2021,2,2,33,2459248,5,"100909_Adults","Adults observed","AZ",2021-02-02,"calendar",33,2021,"100909_Adults_2021",10
22613,32.33926,-110.981728,1129,"Battus","philenor","pipevine swallowtail","Animalia",100912,327,"Adults",2021,2,9,40,2459255,7,"100912_Adults","Adults observed","AZ",2021-02-09,"calendar",40,2021,"100912_Adults_2021",10
22613,32.33926,-110.981728,1129,"Battus","philenor","pipevine swallowtail","Animalia",100912,333,"Caterpillars",2021,9,14,257,2459472,7,"100912_Caterpillars","Young observed","AZ",2021-09-14,"calendar",257,2021,"100912_Caterpillars_2021",9
22613,32.33926,-110.981728,1133,"Danaus","gilippus","queen","Animalia",100913,327,"Adults",2021,1,5,5,2459220,NA,"100913_Adults","Adults observed","AZ",2021-01-05,"calendar",5,2021,"100913_Adults_2021",10
22979,41.556442,-93.267807,396,"Danaus","plexippus","monarch","Animalia",104138,327,"Adults",2021,5,19,139,2459354,7,"104138_Adults","Adults observed","IA",2021-05-19,"calendar",139,2021,"104138_Adults_2021",9
22981,41.559528,-93.278351,396,"Danaus","plexippus","monarch","Animalia",104149,327,"Adults",2021,5,26,146,2459361,7,"104149_Adults","Adults observed","IA",2021-05-26,"calendar",146,2021,"104149_Adults_2021",9
25568,45.140465,-93.312943,273,"Calopteryx","maculata","ebony jewelwing","Animalia",123979,327,"Adults",2021,5,13,133,2459348,4,"123979_Adults","Adults observed","MN",2021-05-13,"calendar",133,2021,"123979_Adults_2021",9
25568,45.140465,-93.312943,396,"Danaus","plexippus","monarch","Animalia",123980,312,"Flower visitation",2021,7,17,198,2459413,13,"123980_Flower visitation","Feeding","MN",2021-07-17,"calendar",198,2021,"123980_Flower visitation_2021",9
25568,45.140465,-93.312943,396,"Danaus","plexippus","monarch","Animalia",123980,327,"Adults",2021,7,17,198,2459413,13,"123980_Adults","Adults observed","MN",2021-07-17,"calendar",198,2021,"123980_Adults_2021",9
22613,32.33926,-110.981728,415,"Libellula","saturata","flame skimmer","Animalia",136804,327,"Adults",2021,3,9,68,2459283,7,"136804_Adults","Adults observed","AZ",2021-03-09,"calendar",68,2021,"136804_Adults_2021",9
12064,32.248463,-110.909584,1391,"Agraulis","vanillae","gulf fritillary","Animalia",139418,327,"Adults",2021,3,27,86,2459301,13,"139418_Adults","Adults observed","AZ",2021-03-27,"calendar",86,2021,"139418_Adults_2021",9
9652,44.768246,-94.155746,1427,"Diceroprocta","apache","Apache cicada","Animalia",139451,327,"Adults",2021,6,23,174,2459389,NA,"139451_Adults","Adults observed","MN",2021-06-23,"calendar",174,2021,"139451_Adults_2021",9
9652,44.768246,-94.155746,1427,"Diceroprocta","apache","Apache cicada","Animalia",139451,528,"Courtship calling",2021,6,23,174,2459389,NA,"139451_Courtship calling","Mating activity","MN",2021-06-23,"calendar",174,2021,"139451_Courtship calling_2021",9
9652,44.768246,-94.155746,1427,"Diceroprocta","apache","Apache cicada","Animalia",139451,530,"Cast-off skins (nymph)",2021,6,23,174,2459389,NA,"139451_Cast-off skins (nymph)","Young observed","MN",2021-06-23,"calendar",174,2021,"139451_Cast-off skins (nymph)_2021",9
9652,44.768246,-94.155746,391,"Pieris","rapae","cabbage white","Animalia",139454,312,"Flower visitation",2021,6,13,164,2459379,44,"139454_Flower visitation","Feeding","MN",2021-06-13,"calendar",164,2021,"139454_Flower visitation_2021",9
9652,44.768246,-94.155746,391,"Pieris","rapae","cabbage white","Animalia",139454,327,"Adults",2021,4,30,120,2459335,NA,"139454_Adults","Adults observed","MN",2021-04-30,"calendar",120,2021,"139454_Adults_2021",9
9652,44.768246,-94.155746,1238,"Apis","mellifera","honeybee","Animalia",139456,312,"Flower visitation",2021,7,29,210,2459425,NA,"139456_Flower visitation","Feeding","MN",2021-07-29,"calendar",210,2021,"139456_Flower visitation_2021",9
9652,44.768246,-94.155746,1238,"Apis","mellifera","honeybee","Animalia",139456,327,"Adults",2021,7,29,210,2459425,NA,"139456_Adults","Adults observed","MN",2021-07-29,"calendar",210,2021,"139456_Adults_2021",9
9652,44.768246,-94.155746,396,"Danaus","plexippus","monarch","Animalia",139457,312,"Flower visitation",2021,5,23,143,2459358,NA,"139457_Flower visitation","Feeding","MN",2021-05-23,"calendar",143,2021,"139457_Flower visitation_2021",9
9652,44.768246,-94.155746,396,"Danaus","plexippus","monarch","Animalia",139457,327,"Adults",2021,5,23,143,2459358,NA,"139457_Adults","Adults observed","MN",2021-05-23,"calendar",143,2021,"139457_Adults_2021",9
22613,32.33926,-110.981728,272,"Anax","junius","common green darner","Animalia",145493,327,"Adults",2021,6,16,167,2459382,7,"145493_Adults","Adults observed","AZ",2021-06-16,"calendar",167,2021,"145493_Adults_2021",9
1605,40.907997,-73.120705,288,"Bombus","spp.","bumblebee","Animalia",5283,327,"Adults",2022,11,14,318,2459898,NA,"5283_Adults","Adults observed","NY",2022-11-14,"calendar",318,2022,"5283_Adults_2022",11
1419,42.011166,-88.503304,288,"Bombus","spp.","bumblebee","Animalia",10284,312,"Flower visitation",2022,6,19,170,2459750,7,"10284_Flower visitation","Feeding","IL",2022-06-19,"calendar",170,2022,"10284_Flower visitation_2022",14
1419,42.011166,-88.503304,288,"Bombus","spp.","bumblebee","Animalia",10284,327,"Adults",2022,6,19,170,2459750,7,"10284_Adults","Adults observed","IL",2022-06-19,"calendar",170,2022,"10284_Adults_2022",14
5674,44.910587,-70.266861,396,"Danaus","plexippus","monarch","Animalia",12711,312,"Flower visitation",2022,6,26,177,2459757,7,"12711_Flower visitation","Feeding","ME",2022-06-26,"calendar",177,2022,"12711_Flower visitation_2022",11
5674,44.910587,-70.266861,396,"Danaus","plexippus","monarch","Animalia",12711,327,"Adults",2022,6,19,170,2459750,7,"12711_Adults","Adults observed","ME",2022-06-19,"calendar",170,2022,"12711_Adults_2022",11
2803,39.971001,-105.397003,288,"Bombus","spp.","bumblebee","Animalia",16049,312,"Flower visitation",2022,5,16,136,2459716,4,"16049_Flower visitation","Feeding","CO",2022-05-16,"calendar",136,2022,"16049_Flower visitation_2022",15
2803,39.971001,-105.397003,288,"Bombus","spp.","bumblebee","Animalia",16049,327,"Adults",2022,4,20,110,2459690,36,"16049_Adults","Adults observed","CO",2022-04-20,"calendar",110,2022,"16049_Adults_2022",15
8496,46.328629,-96.061256,396,"Danaus","plexippus","monarch","Animalia",25783,312,"Flower visitation",2022,5,28,148,2459728,3,"25783_Flower visitation","Feeding","MN",2022-05-28,"calendar",148,2022,"25783_Flower visitation_2022",10
8496,46.328629,-96.061256,396,"Danaus","plexippus","monarch","Animalia",25783,327,"Adults",2022,5,28,148,2459728,3,"25783_Adults","Adults observed","MN",2022-05-28,"calendar",148,2022,"25783_Adults_2022",12
8715,43.522804,-70.802277,396,"Danaus","plexippus","monarch","Animalia",28194,327,"Adults",2022,7,26,207,2459787,31,"28194_Adults","Adults observed","ME",2022-07-26,"calendar",207,2022,"28194_Adults_2022",9
10145,42.602543,-83.250992,288,"Bombus","spp.","bumblebee","Animalia",38858,327,"Adults",2022,5,6,126,2459706,NA,"38858_Adults","Adults observed","MI",2022-05-06,"calendar",126,2022,"38858_Adults_2022",13
10145,42.602543,-83.250992,391,"Pieris","rapae","cabbage white","Animalia",38859,327,"Adults",2022,5,1,121,2459701,1,"38859_Adults","Adults observed","MI",2022-05-01,"calendar",121,2022,"38859_Adults_2022",13
10145,42.602543,-83.250992,272,"Anax","junius","common green darner","Animalia",38869,327,"Adults",2022,4,29,119,2459699,1,"38869_Adults","Adults observed","MI",2022-04-29,"calendar",119,2022,"38869_Adults_2022",13
10145,42.602543,-83.250992,396,"Danaus","plexippus","monarch","Animalia",38919,327,"Adults",2022,6,1,152,2459732,1,"38919_Adults","Adults observed","MI",2022-06-01,"calendar",152,2022,"38919_Adults_2022",13
10145,42.602543,-83.250992,1137,"Nymphalis","antiopa","mourning cloak","Animalia",38921,327,"Adults",2022,4,24,114,2459694,1,"38921_Adults","Adults observed","MI",2022-04-24,"calendar",114,2022,"38921_Adults_2022",13
10145,42.602543,-83.250992,1132,"Colias","eurytheme","orange sulphur","Animalia",38930,327,"Adults",2022,5,19,139,2459719,NA,"38930_Adults","Adults observed","MI",2022-05-19,"calendar",139,2022,"38930_Adults_2022",13
6102,32.23188,-110.951012,288,"Bombus","spp.","bumblebee","Animalia",49641,312,"Flower visitation",2022,10,20,293,2459873,13,"49641_Flower visitation","Feeding","AZ",2022-10-20,"calendar",293,2022,"49641_Flower visitation_2022",10
6102,32.23188,-110.951012,288,"Bombus","spp.","bumblebee","Animalia",49641,327,"Adults",2022,10,20,293,2459873,13,"49641_Adults","Adults observed","AZ",2022-10-20,"calendar",293,2022,"49641_Adults_2022",10
12064,32.248463,-110.909584,396,"Danaus","plexippus","monarch","Animalia",50768,312,"Flower visitation",2022,3,18,77,2459657,7,"50768_Flower visitation","Feeding","AZ",2022-03-18,"calendar",77,2022,"50768_Flower visitation_2022",9
12064,32.248463,-110.909584,396,"Danaus","plexippus","monarch","Animalia",50768,327,"Adults",2022,4,12,102,2459682,5,"50768_Adults","Adults observed","AZ",2022-04-12,"calendar",102,2022,"50768_Adults_2022",9
12064,32.248463,-110.909584,1133,"Danaus","gilippus","queen","Animalia",50769,312,"Flower visitation",2022,5,5,125,2459705,11,"50769_Flower visitation","Feeding","AZ",2022-05-05,"calendar",125,2022,"50769_Flower visitation_2022",9
12064,32.248463,-110.909584,1133,"Danaus","gilippus","queen","Animalia",50769,327,"Adults",2022,5,5,125,2459705,11,"50769_Adults","Adults observed","AZ",2022-05-05,"calendar",125,2022,"50769_Adults_2022",9
12064,32.248463,-110.909584,1142,"Bombus","sonorus","Sonoran bumble bee","Animalia",50772,312,"Flower visitation",2022,5,5,125,2459705,11,"50772_Flower visitation","Feeding","AZ",2022-05-05,"calendar",125,2022,"50772_Flower visitation_2022",9
12064,32.248463,-110.909584,1142,"Bombus","sonorus","Sonoran bumble bee","Animalia",50772,327,"Adults",2022,5,5,125,2459705,11,"50772_Adults","Adults observed","AZ",2022-05-05,"calendar",125,2022,"50772_Adults_2022",9
12064,32.248463,-110.909584,1143,"Xylocopa","varipuncta","valley carpenter bee","Animalia",50773,327,"Adults",2022,3,3,62,2459642,52,"50773_Adults","Adults observed","AZ",2022-03-03,"calendar",62,2022,"50773_Adults_2022",9
16295,27.929228,-82.725639,396,"Danaus","plexippus","monarch","Animalia",60947,333,"Caterpillars",2022,1,29,29,2459609,14,"60947_Caterpillars","Young observed","FL",2022-01-29,"calendar",29,2022,"60947_Caterpillars_2022",9
16295,27.929228,-82.725639,396,"Danaus","plexippus","monarch","Animalia",60947,447,"Caterpillars feeding",2022,1,29,29,2459609,14,"60947_Caterpillars feeding","Young observed","FL",2022-01-29,"calendar",29,2022,"60947_Caterpillars feeding_2022",9
9652,44.768246,-94.155746,288,"Bombus","spp.","bumblebee","Animalia",69507,312,"Flower visitation",2022,6,8,159,2459739,25,"69507_Flower visitation","Feeding","MN",2022-06-08,"calendar",159,2022,"69507_Flower visitation_2022",12
9652,44.768246,-94.155746,288,"Bombus","spp.","bumblebee","Animalia",69507,327,"Adults",2022,5,4,124,2459704,NA,"69507_Adults","Adults observed","MN",2022-05-04,"calendar",124,2022,"69507_Adults_2022",12
10145,42.602543,-83.250992,1238,"Apis","mellifera","honeybee","Animalia",69919,327,"Adults",2022,7,13,194,2459774,1,"69919_Adults","Adults observed","MI",2022-07-13,"calendar",194,2022,"69919_Adults_2022",12
16876,41.745537,-74.119392,396,"Danaus","plexippus","monarch","Animalia",72969,312,"Flower visitation",2022,6,19,170,2459750,13,"72969_Flower visitation","Feeding","NY",2022-06-19,"calendar",170,2022,"72969_Flower visitation_2022",12
16876,41.745537,-74.119392,396,"Danaus","plexippus","monarch","Animalia",72969,327,"Adults",2022,6,20,171,2459751,1,"72969_Adults","Adults observed","NY",2022-06-20,"calendar",171,2022,"72969_Adults_2022",12
17414,42.936153,-73.433449,396,"Danaus","plexippus","monarch","Animalia",86971,312,"Flower visitation",2022,6,24,175,2459755,5,"86971_Flower visitation","Feeding","NY",2022-06-24,"calendar",175,2022,"86971_Flower visitation_2022",11
17414,42.936153,-73.433449,396,"Danaus","plexippus","monarch","Animalia",86971,327,"Adults",2022,5,23,143,2459723,3,"86971_Adults","Adults observed","NY",2022-05-23,"calendar",143,2022,"86971_Adults_2022",11
20969,33.632149,-117.55545,1386,"Apodemia","virgulti","Behr's metalmark","Animalia",90201,327,"Adults",2022,6,4,155,2459735,20,"90201_Adults","Adults observed","CA",2022-06-04,"calendar",155,2022,"90201_Adults_2022",10
20969,33.632149,-117.55545,1383,"Adelpha","californica","California sister","Animalia",90203,327,"Adults",2022,5,15,135,2459715,4,"90203_Adults","Adults observed","CA",2022-05-15,"calendar",135,2022,"90203_Adults_2022",10
20969,33.632149,-117.55545,1135,"Junonia","coenia","common buckeye","Animalia",90204,312,"Flower visitation",2022,9,8,251,2459831,8,"90204_Flower visitation","Feeding","CA",2022-09-08,"calendar",251,2022,"90204_Flower visitation_2022",9
20969,33.632149,-117.55545,1135,"Junonia","coenia","common buckeye","Animalia",90204,327,"Adults",2022,4,10,100,2459680,8,"90204_Adults","Adults observed","CA",2022-04-10,"calendar",100,2022,"90204_Adults_2022",11
20969,33.632149,-117.55545,1388,"Coenonympha","tullia","common ringlet","Animalia",90205,327,"Adults",2022,4,2,92,2459672,NA,"90205_Adults","Adults observed","CA",2022-04-02,"calendar",92,2022,"90205_Adults_2022",11
20969,33.632149,-117.55545,1384,"Anthocharis","sara","Pacific orangetip","Animalia",90206,327,"Adults",2022,4,10,100,2459680,8,"90206_Adults","Adults observed","CA",2022-04-10,"calendar",100,2022,"90206_Adults_2022",10
22613,32.33926,-110.981728,1131,"Calephelis","nemesis","fatal metalmark","Animalia",100905,327,"Adults",2022,7,5,186,2459766,6,"100905_Adults","Adults observed","AZ",2022-07-05,"calendar",186,2022,"100905_Adults_2022",10
22613,32.33926,-110.981728,1403,"Papilio","cresphontes","giant swallowtail","Animalia",100906,327,"Adults",2022,3,30,89,2459669,8,"100906_Adults","Adults observed","AZ",2022-03-30,"calendar",89,2022,"100906_Adults_2022",10
22613,32.33926,-110.981728,1391,"Agraulis","vanillae","gulf fritillary","Animalia",100907,327,"Adults",2022,1,25,25,2459605,7,"100907_Adults","Adults observed","AZ",2022-01-25,"calendar",25,2022,"100907_Adults_2022",10
22613,32.33926,-110.981728,396,"Danaus","plexippus","monarch","Animalia",100909,327,"Adults",2022,1,4,4,2459584,NA,"100909_Adults","Adults observed","AZ",2022-01-04,"calendar",4,2022,"100909_Adults_2022",10
22613,32.33926,-110.981728,1129,"Battus","philenor","pipevine swallowtail","Animalia",100912,327,"Adults",2022,1,4,4,2459584,NA,"100912_Adults","Adults observed","AZ",2022-01-04,"calendar",4,2022,"100912_Adults_2022",10
22613,32.33926,-110.981728,1129,"Battus","philenor","pipevine swallowtail","Animalia",100912,333,"Caterpillars",2022,4,26,116,2459696,7,"100912_Caterpillars","Young observed","AZ",2022-04-26,"calendar",116,2022,"100912_Caterpillars_2022",9
22613,32.33926,-110.981728,1133,"Danaus","gilippus","queen","Animalia",100913,327,"Adults",2022,1,4,4,2459584,NA,"100913_Adults","Adults observed","AZ",2022-01-04,"calendar",4,2022,"100913_Adults_2022",10
22613,32.33926,-110.981728,260,"Celastrina","ladon complex","spring azure","Animalia",100915,327,"Adults",2022,9,20,263,2459843,7,"100915_Adults","Adults observed","AZ",2022-09-20,"calendar",263,2022,"100915_Adults_2022",9
22979,41.556442,-93.267807,396,"Danaus","plexippus","monarch","Animalia",104138,327,"Adults",2022,5,16,136,2459716,5,"104138_Adults","Adults observed","IA",2022-05-16,"calendar",136,2022,"104138_Adults_2022",9
22981,41.559528,-93.278351,396,"Danaus","plexippus","monarch","Animalia",104149,327,"Adults",2022,6,16,167,2459747,16,"104149_Adults","Adults observed","IA",2022-06-16,"calendar",167,2022,"104149_Adults_2022",9
25568,45.140465,-93.312943,273,"Calopteryx","maculata","ebony jewelwing","Animalia",123979,327,"Adults",2022,7,4,185,2459765,8,"123979_Adults","Adults observed","MN",2022-07-04,"calendar",185,2022,"123979_Adults_2022",9
25568,45.140465,-93.312943,396,"Danaus","plexippus","monarch","Animalia",123980,312,"Flower visitation",2022,7,26,207,2459787,2,"123980_Flower visitation","Feeding","MN",2022-07-26,"calendar",207,2022,"123980_Flower visitation_2022",9
25568,45.140465,-93.312943,396,"Danaus","plexippus","monarch","Animalia",123980,327,"Adults",2022,7,26,207,2459787,2,"123980_Adults","Adults observed","MN",2022-07-26,"calendar",207,2022,"123980_Adults_2022",9
22613,32.33926,-110.981728,415,"Libellula","saturata","flame skimmer","Animalia",136804,327,"Adults",2022,3,15,74,2459654,7,"136804_Adults","Adults observed","AZ",2022-03-15,"calendar",74,2022,"136804_Adults_2022",9
12064,32.248463,-110.909584,1391,"Agraulis","vanillae","gulf fritillary","Animalia",139418,327,"Adults",2022,7,28,209,2459789,21,"139418_Adults","Adults observed","AZ",2022-07-28,"calendar",209,2022,"139418_Adults_2022",9
9652,44.768246,-94.155746,1427,"Diceroprocta","apache","Apache cicada","Animalia",139451,327,"Adults",2022,6,26,177,2459757,NA,"139451_Adults","Adults observed","MN",2022-06-26,"calendar",177,2022,"139451_Adults_2022",9
9652,44.768246,-94.155746,1427,"Diceroprocta","apache","Apache cicada","Animalia",139451,528,"Courtship calling",2022,6,26,177,2459757,NA,"139451_Courtship calling","Mating activity","MN",2022-06-26,"calendar",177,2022,"139451_Courtship calling_2022",9
9652,44.768246,-94.155746,1427,"Diceroprocta","apache","Apache cicada","Animalia",139451,530,"Cast-off skins (nymph)",2022,6,26,177,2459757,NA,"139451_Cast-off skins (nymph)","Young observed","MN",2022-06-26,"calendar",177,2022,"139451_Cast-off skins (nymph)_2022",9
9652,44.768246,-94.155746,391,"Pieris","rapae","cabbage white","Animalia",139454,312,"Flower visitation",2022,6,28,179,2459759,35,"139454_Flower visitation","Feeding","MN",2022-06-28,"calendar",179,2022,"139454_Flower visitation_2022",9
9652,44.768246,-94.155746,391,"Pieris","rapae","cabbage white","Animalia",139454,327,"Adults",2022,5,9,129,2459709,NA,"139454_Adults","Adults observed","MN",2022-05-09,"calendar",129,2022,"139454_Adults_2022",9
9652,44.768246,-94.155746,1238,"Apis","mellifera","honeybee","Animalia",139456,312,"Flower visitation",2022,8,10,222,2459802,NA,"139456_Flower visitation","Feeding","MN",2022-08-10,"calendar",222,2022,"139456_Flower visitation_2022",9
9652,44.768246,-94.155746,1238,"Apis","mellifera","honeybee","Animalia",139456,327,"Adults",2022,8,10,222,2459802,NA,"139456_Adults","Adults observed","MN",2022-08-10,"calendar",222,2022,"139456_Adults_2022",9
9652,44.768246,-94.155746,396,"Danaus","plexippus","monarch","Animalia",139457,312,"Flower visitation",2022,6,17,168,2459748,34,"139457_Flower visitation","Feeding","MN",2022-06-17,"calendar",168,2022,"139457_Flower visitation_2022",9
9652,44.768246,-94.155746,396,"Danaus","plexippus","monarch","Animalia",139457,327,"Adults",2022,5,14,134,2459714,NA,"139457_Adults","Adults observed","MN",2022-05-14,"calendar",134,2022,"139457_Adults_2022",9
22613,32.33926,-110.981728,272,"Anax","junius","common green darner","Animalia",145493,327,"Adults",2022,7,5,186,2459766,6,"145493_Adults","Adults observed","AZ",2022-07-05,"calendar",186,2022,"145493_Adults_2022",9
1605,40.907997,-73.120705,288,"Bombus","spp.","bumblebee","Animalia",5283,327,"Adults",2023,4,12,102,2460047,NA,"5283_Adults","Adults observed","NY",2023-04-12,"calendar",102,2023,"5283_Adults_2023",11
1419,42.011166,-88.503304,288,"Bombus","spp.","bumblebee","Animalia",10284,312,"Flower visitation",2023,6,5,156,2460101,21,"10284_Flower visitation","Feeding","IL",2023-06-05,"calendar",156,2023,"10284_Flower visitation_2023",14
1419,42.011166,-88.503304,288,"Bombus","spp.","bumblebee","Animalia",10284,327,"Adults",2023,5,15,135,2460080,10,"10284_Adults","Adults observed","IL",2023-05-15,"calendar",135,2023,"10284_Adults_2023",14
5674,44.910587,-70.266861,396,"Danaus","plexippus","monarch","Animalia",12711,312,"Flower visitation",2023,7,2,183,2460128,7,"12711_Flower visitation","Feeding","ME",2023-07-02,"calendar",183,2023,"12711_Flower visitation_2023",11
5674,44.910587,-70.266861,396,"Danaus","plexippus","monarch","Animalia",12711,327,"Adults",2023,7,2,183,2460128,7,"12711_Adults","Adults observed","ME",2023-07-02,"calendar",183,2023,"12711_Adults_2023",11
2803,39.971001,-105.397003,288,"Bombus","spp.","bumblebee","Animalia",16049,312,"Flower visitation",2023,5,26,146,2460091,7,"16049_Flower visitation","Feeding","CO",2023-05-26,"calendar",146,2023,"16049_Flower visitation_2023",15
2803,39.971001,-105.397003,288,"Bombus","spp.","bumblebee","Animalia",16049,327,"Adults",2023,5,26,146,2460091,7,"16049_Adults","Adults observed","CO",2023-05-26,"calendar",146,2023,"16049_Adults_2023",15
8496,46.328629,-96.061256,396,"Danaus","plexippus","monarch","Animalia",25783,327,"Adults",2023,5,29,149,2460094,6,"25783_Adults","Adults observed","MN",2023-05-29,"calendar",149,2023,"25783_Adults_2023",12
8715,43.522804,-70.802277,396,"Danaus","plexippus","monarch","Animalia",28194,327,"Adults",2023,9,16,259,2460204,56,"28194_Adults","Adults observed","ME",2023-09-16,"calendar",259,2023,"28194_Adults_2023",9
8418,32.363758,-94.873947,288,"Bombus","spp.","bumblebee","Animalia",30797,312,"Flower visitation",2023,3,9,68,2460013,3,"30797_Flower visitation","Feeding","TX",2023-03-09,"calendar",68,2023,"30797_Flower visitation_2023",12
8418,32.363758,-94.873947,288,"Bombus","spp.","bumblebee","Animalia",30797,327,"Adults",2023,3,9,68,2460013,3,"30797_Adults","Adults observed","TX",2023-03-09,"calendar",68,2023,"30797_Adults_2023",12
10145,42.602543,-83.250992,288,"Bombus","spp.","bumblebee","Animalia",38858,327,"Adults",2023,4,15,105,2460050,4,"38858_Adults","Adults observed","MI",2023-04-15,"calendar",105,2023,"38858_Adults_2023",13
10145,42.602543,-83.250992,391,"Pieris","rapae","cabbage white","Animalia",38859,327,"Adults",2023,4,15,105,2460050,4,"38859_Adults","Adults observed","MI",2023-04-15,"calendar",105,2023,"38859_Adults_2023",13
10145,42.602543,-83.250992,272,"Anax","junius","common green darner","Animalia",38869,327,"Adults",2023,6,25,176,2460121,1,"38869_Adults","Adults observed","MI",2023-06-25,"calendar",176,2023,"38869_Adults_2023",13
10145,42.602543,-83.250992,396,"Danaus","plexippus","monarch","Animalia",38919,327,"Adults",2023,6,30,181,2460126,1,"38919_Adults","Adults observed","MI",2023-06-30,"calendar",181,2023,"38919_Adults_2023",13
10145,42.602543,-83.250992,1137,"Nymphalis","antiopa","mourning cloak","Animalia",38921,327,"Adults",2023,9,13,256,2460201,2,"38921_Adults","Adults observed","MI",2023-09-13,"calendar",256,2023,"38921_Adults_2023",13
10145,42.602543,-83.250992,1132,"Colias","eurytheme","orange sulphur","Animalia",38930,327,"Adults",2023,5,12,132,2460077,1,"38930_Adults","Adults observed","MI",2023-05-12,"calendar",132,2023,"38930_Adults_2023",13
10145,42.602543,-83.250992,393,"Vanessa","atalanta","red admiral","Animalia",38941,327,"Adults",2023,4,10,100,2460045,1,"38941_Adults","Adults observed","MI",2023-04-10,"calendar",100,2023,"38941_Adults_2023",11
6102,32.23188,-110.951012,288,"Bombus","spp.","bumblebee","Animalia",49641,312,"Flower visitation",2023,2,2,33,2459978,2,"49641_Flower visitation","Feeding","AZ",2023-02-02,"calendar",33,2023,"49641_Flower visitation_2023",10
6102,32.23188,-110.951012,288,"Bombus","spp.","bumblebee","Animalia",49641,327,"Adults",2023,2,3,34,2459979,1,"49641_Adults","Adults observed","AZ",2023-02-03,"calendar",34,2023,"49641_Adults_2023",10
12064,32.248463,-110.909584,396,"Danaus","plexippus","monarch","Animalia",50768,312,"Flower visitation",2023,1,19,19,2459964,7,"50768_Flower visitation","Feeding","AZ",2023-01-19,"calendar",19,2023,"50768_Flower visitation_2023",9
12064,32.248463,-110.909584,396,"Danaus","plexippus","monarch","Animalia",50768,327,"Adults",2023,1,12,12,2459957,7,"50768_Adults","Adults observed","AZ",2023-01-12,"calendar",12,2023,"50768_Adults_2023",9
12064,32.248463,-110.909584,1133,"Danaus","gilippus","queen","Animalia",50769,312,"Flower visitation",2023,1,19,19,2459964,7,"50769_Flower visitation","Feeding","AZ",2023-01-19,"calendar",19,2023,"50769_Flower visitation_2023",9
12064,32.248463,-110.909584,1133,"Danaus","gilippus","queen","Animalia",50769,327,"Adults",2023,1,19,19,2459964,7,"50769_Adults","Adults observed","AZ",2023-01-19,"calendar",19,2023,"50769_Adults_2023",9
12064,32.248463,-110.909584,1142,"Bombus","sonorus","Sonoran bumble bee","Animalia",50772,312,"Flower visitation",2023,6,15,166,2460111,14,"50772_Flower visitation","Feeding","AZ",2023-06-15,"calendar",166,2023,"50772_Flower visitation_2023",9
12064,32.248463,-110.909584,1142,"Bombus","sonorus","Sonoran bumble bee","Animalia",50772,327,"Adults",2023,6,15,166,2460111,14,"50772_Adults","Adults observed","AZ",2023-06-15,"calendar",166,2023,"50772_Adults_2023",9
12064,32.248463,-110.909584,1143,"Xylocopa","varipuncta","valley carpenter bee","Animalia",50773,327,"Adults",2023,4,12,102,2460047,21,"50773_Adults","Adults observed","AZ",2023-04-12,"calendar",102,2023,"50773_Adults_2023",9
9652,44.768246,-94.155746,288,"Bombus","spp.","bumblebee","Animalia",69507,312,"Flower visitation",2023,5,9,129,2460074,6,"69507_Flower visitation","Feeding","MN",2023-05-09,"calendar",129,2023,"69507_Flower visitation_2023",12
9652,44.768246,-94.155746,288,"Bombus","spp.","bumblebee","Animalia",69507,327,"Adults",2023,5,3,123,2460068,NA,"69507_Adults","Adults observed","MN",2023-05-03,"calendar",123,2023,"69507_Adults_2023",12
9652,44.768246,-94.155746,288,"Bombus","spp.","bumblebee","Animalia",69507,370,"Male adults",2023,5,3,123,2460068,NA,"69507_Male adults","Adults observed","MN",2023-05-03,"calendar",123,2023,"69507_Male adults_2023",11
10145,42.602543,-83.250992,1238,"Apis","mellifera","honeybee","Animalia",69919,327,"Adults",2023,4,20,110,2460055,1,"69919_Adults","Adults observed","MI",2023-04-20,"calendar",110,2023,"69919_Adults_2023",12
16876,41.745537,-74.119392,396,"Danaus","plexippus","monarch","Animalia",72969,312,"Flower visitation",2023,8,22,234,2460179,5,"72969_Flower visitation","Feeding","NY",2023-08-22,"calendar",234,2023,"72969_Flower visitation_2023",12
16876,41.745537,-74.119392,396,"Danaus","plexippus","monarch","Animalia",72969,327,"Adults",2023,6,29,180,2460125,14,"72969_Adults","Adults observed","NY",2023-06-29,"calendar",180,2023,"72969_Adults_2023",12
17414,42.936153,-73.433449,396,"Danaus","plexippus","monarch","Animalia",86971,312,"Flower visitation",2023,7,7,188,2460133,2,"86971_Flower visitation","Feeding","NY",2023-07-07,"calendar",188,2023,"86971_Flower visitation_2023",11
17414,42.936153,-73.433449,396,"Danaus","plexippus","monarch","Animalia",86971,327,"Adults",2023,5,30,150,2460095,7,"86971_Adults","Adults observed","NY",2023-05-30,"calendar",150,2023,"86971_Adults_2023",11
20969,33.632149,-117.55545,1386,"Apodemia","virgulti","Behr's metalmark","Animalia",90201,327,"Adults",2023,5,8,128,2460073,18,"90201_Adults","Adults observed","CA",2023-05-08,"calendar",128,2023,"90201_Adults_2023",10
20969,33.632149,-117.55545,1383,"Adelpha","californica","California sister","Animalia",90203,327,"Adults",2023,4,20,110,2460055,4,"90203_Adults","Adults observed","CA",2023-04-20,"calendar",110,2023,"90203_Adults_2023",10
20969,33.632149,-117.55545,1135,"Junonia","coenia","common buckeye","Animalia",90204,312,"Flower visitation",2023,7,6,187,2460132,18,"90204_Flower visitation","Feeding","CA",2023-07-06,"calendar",187,2023,"90204_Flower visitation_2023",9
20969,33.632149,-117.55545,1135,"Junonia","coenia","common buckeye","Animalia",90204,327,"Adults",2023,2,19,50,2459995,5,"90204_Adults","Adults observed","CA",2023-02-19,"calendar",50,2023,"90204_Adults_2023",11
20969,33.632149,-117.55545,1388,"Coenonympha","tullia","common ringlet","Animalia",90205,327,"Adults",2023,4,1,91,2460036,13,"90205_Adults","Adults observed","CA",2023-04-01,"calendar",91,2023,"90205_Adults_2023",11
20969,33.632149,-117.55545,1384,"Anthocharis","sara","Pacific orangetip","Animalia",90206,327,"Adults",2023,2,4,35,2459980,28,"90206_Adults","Adults observed","CA",2023-02-04,"calendar",35,2023,"90206_Adults_2023",10
22613,32.33926,-110.981728,1131,"Calephelis","nemesis","fatal metalmark","Animalia",100905,327,"Adults",2023,8,9,221,2460166,8,"100905_Adults","Adults observed","AZ",2023-08-09,"calendar",221,2023,"100905_Adults_2023",10
22613,32.33926,-110.981728,1403,"Papilio","cresphontes","giant swallowtail","Animalia",100906,327,"Adults",2023,4,26,116,2460061,8,"100906_Adults","Adults observed","AZ",2023-04-26,"calendar",116,2023,"100906_Adults_2023",10
22613,32.33926,-110.981728,1391,"Agraulis","vanillae","gulf fritillary","Animalia",100907,327,"Adults",2023,4,4,94,2460039,7,"100907_Adults","Adults observed","AZ",2023-04-04,"calendar",94,2023,"100907_Adults_2023",10
22613,32.33926,-110.981728,396,"Danaus","plexippus","monarch","Animalia",100909,327,"Adults",2023,2,8,39,2459984,4,"100909_Adults","Adults observed","AZ",2023-02-08,"calendar",39,2023,"100909_Adults_2023",10
22613,32.33926,-110.981728,1129,"Battus","philenor","pipevine swallowtail","Animalia",100912,327,"Adults",2023,2,28,59,2460004,5,"100912_Adults","Adults observed","AZ",2023-02-28,"calendar",59,2023,"100912_Adults_2023",10
22613,32.33926,-110.981728,1133,"Danaus","gilippus","queen","Animalia",100913,327,"Adults",2023,2,1,32,2459977,7,"100913_Adults","Adults observed","AZ",2023-02-01,"calendar",32,2023,"100913_Adults_2023",10
22613,32.33926,-110.981728,260,"Celastrina","ladon complex","spring azure","Animalia",100915,327,"Adults",2023,10,25,298,2460243,7,"100915_Adults","Adults observed","AZ",2023-10-25,"calendar",298,2023,"100915_Adults_2023",9
22979,41.556442,-93.267807,396,"Danaus","plexippus","monarch","Animalia",104138,327,"Adults",2023,5,24,144,2460089,7,"104138_Adults","Adults observed","IA",2023-05-24,"calendar",144,2023,"104138_Adults_2023",9
22981,41.559528,-93.278351,396,"Danaus","plexippus","monarch","Animalia",104149,327,"Adults",2023,6,14,165,2460110,14,"104149_Adults","Adults observed","IA",2023-06-14,"calendar",165,2023,"104149_Adults_2023",9
25568,45.140465,-93.312943,273,"Calopteryx","maculata","ebony jewelwing","Animalia",123979,327,"Adults",2023,5,14,134,2460079,14,"123979_Adults","Adults observed","MN",2023-05-14,"calendar",134,2023,"123979_Adults_2023",9
25568,45.140465,-93.312943,396,"Danaus","plexippus","monarch","Animalia",123980,312,"Flower visitation",2023,6,2,153,2460098,4,"123980_Flower visitation","Feeding","MN",2023-06-02,"calendar",153,2023,"123980_Flower visitation_2023",9
25568,45.140465,-93.312943,396,"Danaus","plexippus","monarch","Animalia",123980,327,"Adults",2023,6,2,153,2460098,4,"123980_Adults","Adults observed","MN",2023-06-02,"calendar",153,2023,"123980_Adults_2023",9
22613,32.33926,-110.981728,415,"Libellula","saturata","flame skimmer","Animalia",136804,327,"Adults",2023,5,16,136,2460081,7,"136804_Adults","Adults observed","AZ",2023-05-16,"calendar",136,2023,"136804_Adults_2023",9
12064,32.248463,-110.909584,1391,"Agraulis","vanillae","gulf fritillary","Animalia",139418,327,"Adults",2023,6,29,180,2460125,5,"139418_Adults","Adults observed","AZ",2023-06-29,"calendar",180,2023,"139418_Adults_2023",9
9652,44.768246,-94.155746,1427,"Diceroprocta","apache","Apache cicada","Animalia",139451,327,"Adults",2023,6,26,177,2460122,NA,"139451_Adults","Adults observed","MN",2023-06-26,"calendar",177,2023,"139451_Adults_2023",9
9652,44.768246,-94.155746,1427,"Diceroprocta","apache","Apache cicada","Animalia",139451,528,"Courtship calling",2023,6,26,177,2460122,NA,"139451_Courtship calling","Mating activity","MN",2023-06-26,"calendar",177,2023,"139451_Courtship calling_2023",9
9652,44.768246,-94.155746,1427,"Diceroprocta","apache","Apache cicada","Animalia",139451,530,"Cast-off skins (nymph)",2023,7,7,188,2460133,7,"139451_Cast-off skins (nymph)","Young observed","MN",2023-07-07,"calendar",188,2023,"139451_Cast-off skins (nymph)_2023",9
9652,44.768246,-94.155746,391,"Pieris","rapae","cabbage white","Animalia",139454,312,"Flower visitation",2023,5,10,130,2460075,1,"139454_Flower visitation","Feeding","MN",2023-05-10,"calendar",130,2023,"139454_Flower visitation_2023",9
9652,44.768246,-94.155746,391,"Pieris","rapae","cabbage white","Animalia",139454,327,"Adults",2023,5,9,129,2460074,NA,"139454_Adults","Adults observed","MN",2023-05-09,"calendar",129,2023,"139454_Adults_2023",9
9652,44.768246,-94.155746,1238,"Apis","mellifera","honeybee","Animalia",139456,312,"Flower visitation",2023,6,4,155,2460100,NA,"139456_Flower visitation","Feeding","MN",2023-06-04,"calendar",155,2023,"139456_Flower visitation_2023",9
9652,44.768246,-94.155746,1238,"Apis","mellifera","honeybee","Animalia",139456,327,"Adults",2023,6,4,155,2460100,NA,"139456_Adults","Adults observed","MN",2023-06-04,"calendar",155,2023,"139456_Adults_2023",9
9652,44.768246,-94.155746,396,"Danaus","plexippus","monarch","Animalia",139457,312,"Flower visitation",2023,6,2,153,2460098,7,"139457_Flower visitation","Feeding","MN",2023-06-02,"calendar",153,2023,"139457_Flower visitation_2023",9
9652,44.768246,-94.155746,396,"Danaus","plexippus","monarch","Animalia",139457,327,"Adults",2023,5,26,146,2460091,NA,"139457_Adults","Adults observed","MN",2023-05-26,"calendar",146,2023,"139457_Adults_2023",9
22613,32.33926,-110.981728,272,"Anax","junius","common green darner","Animalia",145493,327,"Adults",2023,3,28,87,2460032,7,"145493_Adults","Adults observed","AZ",2023-03-28,"calendar",87,2023,"145493_Adults_2023",9
1605,40.907997,-73.120705,288,"Bombus","spp.","bumblebee","Animalia",5283,327,"Adults",2024,4,9,100,2460410,NA,"5283_Adults","Adults observed","NY",2024-04-09,"calendar",100,2024,"5283_Adults_2024",11
1419,42.011166,-88.503304,288,"Bombus","spp.","bumblebee","Animalia",10284,312,"Flower visitation",2024,7,23,205,2460515,22,"10284_Flower visitation","Feeding","IL",2024-07-23,"calendar",205,2024,"10284_Flower visitation_2024",14
1419,42.011166,-88.503304,288,"Bombus","spp.","bumblebee","Animalia",10284,327,"Adults",2024,5,5,126,2460436,6,"10284_Adults","Adults observed","IL",2024-05-05,"calendar",126,2024,"10284_Adults_2024",14
5674,44.910587,-70.266861,396,"Danaus","plexippus","monarch","Animalia",12711,312,"Flower visitation",2024,7,28,210,2460520,7,"12711_Flower visitation","Feeding","ME",2024-07-28,"calendar",210,2024,"12711_Flower visitation_2024",11
5674,44.910587,-70.266861,396,"Danaus","plexippus","monarch","Animalia",12711,327,"Adults",2024,7,28,210,2460520,7,"12711_Adults","Adults observed","ME",2024-07-28,"calendar",210,2024,"12711_Adults_2024",11
2803,39.971001,-105.397003,288,"Bombus","spp.","bumblebee","Animalia",16049,312,"Flower visitation",2024,5,20,141,2460451,3,"16049_Flower visitation","Feeding","CO",2024-05-20,"calendar",141,2024,"16049_Flower visitation_2024",15
2803,39.971001,-105.397003,288,"Bombus","spp.","bumblebee","Animalia",16049,327,"Adults",2024,5,3,124,2460434,3,"16049_Adults","Adults observed","CO",2024-05-03,"calendar",124,2024,"16049_Adults_2024",15
8715,43.522804,-70.802277,396,"Danaus","plexippus","monarch","Animalia",28194,327,"Adults",2024,7,20,202,2460512,12,"28194_Adults","Adults observed","ME",2024-07-20,"calendar",202,2024,"28194_Adults_2024",9
8418,32.363758,-94.873947,288,"Bombus","spp.","bumblebee","Animalia",30797,312,"Flower visitation",2024,4,4,95,2460405,4,"30797_Flower visitation","Feeding","TX",2024-04-04,"calendar",95,2024,"30797_Flower visitation_2024",12
8418,32.363758,-94.873947,288,"Bombus","spp.","bumblebee","Animalia",30797,327,"Adults",2024,4,4,95,2460405,4,"30797_Adults","Adults observed","TX",2024-04-04,"calendar",95,2024,"30797_Adults_2024",12
10145,42.602543,-83.250992,288,"Bombus","spp.","bumblebee","Animalia",38858,327,"Adults",2024,4,9,100,2460410,NA,"38858_Adults","Adults observed","MI",2024-04-09,"calendar",100,2024,"38858_Adults_2024",13
10145,42.602543,-83.250992,391,"Pieris","rapae","cabbage white","Animalia",38859,327,"Adults",2024,3,13,73,2460383,1,"38859_Adults","Adults observed","MI",2024-03-13,"calendar",73,2024,"38859_Adults_2024",13
10145,42.602543,-83.250992,272,"Anax","junius","common green darner","Animalia",38869,327,"Adults",2024,4,19,110,2460420,1,"38869_Adults","Adults observed","MI",2024-04-19,"calendar",110,2024,"38869_Adults_2024",13
10145,42.602543,-83.250992,396,"Danaus","plexippus","monarch","Animalia",38919,327,"Adults",2024,5,8,129,2460439,1,"38919_Adults","Adults observed","MI",2024-05-08,"calendar",129,2024,"38919_Adults_2024",13
10145,42.602543,-83.250992,1137,"Nymphalis","antiopa","mourning cloak","Animalia",38921,327,"Adults",2024,4,9,100,2460410,NA,"38921_Adults","Adults observed","MI",2024-04-09,"calendar",100,2024,"38921_Adults_2024",13
10145,42.602543,-83.250992,1132,"Colias","eurytheme","orange sulphur","Animalia",38930,327,"Adults",2024,4,22,113,2460423,1,"38930_Adults","Adults observed","MI",2024-04-22,"calendar",113,2024,"38930_Adults_2024",13
10145,42.602543,-83.250992,393,"Vanessa","atalanta","red admiral","Animalia",38941,327,"Adults",2024,4,10,101,2460411,1,"38941_Adults","Adults observed","MI",2024-04-10,"calendar",101,2024,"38941_Adults_2024",11
12064,32.248463,-110.909584,396,"Danaus","plexippus","monarch","Animalia",50768,312,"Flower visitation",2024,9,19,263,2460573,12,"50768_Flower visitation","Feeding","AZ",2024-09-19,"calendar",263,2024,"50768_Flower visitation_2024",9
12064,32.248463,-110.909584,396,"Danaus","plexippus","monarch","Animalia",50768,327,"Adults",2024,7,28,210,2460520,6,"50768_Adults","Adults observed","AZ",2024-07-28,"calendar",210,2024,"50768_Adults_2024",9
12064,32.248463,-110.909584,1133,"Danaus","gilippus","queen","Animalia",50769,312,"Flower visitation",2024,3,7,67,2460377,NA,"50769_Flower visitation","Feeding","AZ",2024-03-07,"calendar",67,2024,"50769_Flower visitation_2024",9
12064,32.248463,-110.909584,1133,"Danaus","gilippus","queen","Animalia",50769,327,"Adults",2024,3,7,67,2460377,NA,"50769_Adults","Adults observed","AZ",2024-03-07,"calendar",67,2024,"50769_Adults_2024",9
12064,32.248463,-110.909584,1142,"Bombus","sonorus","Sonoran bumble bee","Animalia",50772,312,"Flower visitation",2024,5,2,123,2460433,42,"50772_Flower visitation","Feeding","AZ",2024-05-02,"calendar",123,2024,"50772_Flower visitation_2024",9
12064,32.248463,-110.909584,1142,"Bombus","sonorus","Sonoran bumble bee","Animalia",50772,327,"Adults",2024,5,2,123,2460433,42,"50772_Adults","Adults observed","AZ",2024-05-02,"calendar",123,2024,"50772_Adults_2024",9
12064,32.248463,-110.909584,1143,"Xylocopa","varipuncta","valley carpenter bee","Animalia",50773,327,"Adults",2024,3,21,81,2460391,14,"50773_Adults","Adults observed","AZ",2024-03-21,"calendar",81,2024,"50773_Adults_2024",9
9652,44.768246,-94.155746,288,"Bombus","spp.","bumblebee","Animalia",69507,312,"Flower visitation",2024,4,22,113,2460423,NA,"69507_Flower visitation","Feeding","MN",2024-04-22,"calendar",113,2024,"69507_Flower visitation_2024",12
9652,44.768246,-94.155746,288,"Bombus","spp.","bumblebee","Animalia",69507,327,"Adults",2024,4,22,113,2460423,NA,"69507_Adults","Adults observed","MN",2024-04-22,"calendar",113,2024,"69507_Adults_2024",12
9652,44.768246,-94.155746,288,"Bombus","spp.","bumblebee","Animalia",69507,370,"Male adults",2024,6,2,154,2460464,19,"69507_Male adults","Adults observed","MN",2024-06-02,"calendar",154,2024,"69507_Male adults_2024",11
10145,42.602543,-83.250992,1238,"Apis","mellifera","honeybee","Animalia",69919,327,"Adults",2024,6,19,171,2460481,1,"69919_Adults","Adults observed","MI",2024-06-19,"calendar",171,2024,"69919_Adults_2024",12
16876,41.745537,-74.119392,396,"Danaus","plexippus","monarch","Animalia",72969,312,"Flower visitation",2024,6,1,153,2460463,3,"72969_Flower visitation","Feeding","NY",2024-06-01,"calendar",153,2024,"72969_Flower visitation_2024",12
16876,41.745537,-74.119392,396,"Danaus","plexippus","monarch","Animalia",72969,327,"Adults",2024,5,29,150,2460460,5,"72969_Adults","Adults observed","NY",2024-05-29,"calendar",150,2024,"72969_Adults_2024",12
17414,42.936153,-73.433449,396,"Danaus","plexippus","monarch","Animalia",86971,312,"Flower visitation",2024,7,14,196,2460506,8,"86971_Flower visitation","Feeding","NY",2024-07-14,"calendar",196,2024,"86971_Flower visitation_2024",11
17414,42.936153,-73.433449,396,"Danaus","plexippus","monarch","Animalia",86971,327,"Adults",2024,6,16,168,2460478,3,"86971_Adults","Adults observed","NY",2024-06-16,"calendar",168,2024,"86971_Adults_2024",11
20969,33.632149,-117.55545,1386,"Apodemia","virgulti","Behr's metalmark","Animalia",90201,327,"Adults",2024,10,5,279,2460589,13,"90201_Adults","Adults observed","CA",2024-10-05,"calendar",279,2024,"90201_Adults_2024",10
20969,33.632149,-117.55545,1383,"Adelpha","californica","California sister","Animalia",90203,327,"Adults",2024,3,11,71,2460381,2,"90203_Adults","Adults observed","CA",2024-03-11,"calendar",71,2024,"90203_Adults_2024",10
20969,33.632149,-117.55545,1135,"Junonia","coenia","common buckeye","Animalia",90204,312,"Flower visitation",2024,7,11,193,2460503,25,"90204_Flower visitation","Feeding","CA",2024-07-11,"calendar",193,2024,"90204_Flower visitation_2024",9
20969,33.632149,-117.55545,1135,"Junonia","coenia","common buckeye","Animalia",90204,327,"Adults",2024,2,22,53,2460363,4,"90204_Adults","Adults observed","CA",2024-02-22,"calendar",53,2024,"90204_Adults_2024",11
20969,33.632149,-117.55545,1388,"Coenonympha","tullia","common ringlet","Animalia",90205,327,"Adults",2024,3,9,69,2460379,2,"90205_Adults","Adults observed","CA",2024-03-09,"calendar",69,2024,"90205_Adults_2024",11
20969,33.632149,-117.55545,1384,"Anthocharis","sara","Pacific orangetip","Animalia",90206,327,"Adults",2024,3,9,69,2460379,2,"90206_Adults","Adults observed","CA",2024-03-09,"calendar",69,2024,"90206_Adults_2024",10
22613,32.33926,-110.981728,1131,"Calephelis","nemesis","fatal metalmark","Animalia",100905,327,"Adults",2024,6,18,170,2460480,13,"100905_Adults","Adults observed","AZ",2024-06-18,"calendar",170,2024,"100905_Adults_2024",10
22613,32.33926,-110.981728,1403,"Papilio","cresphontes","giant swallowtail","Animalia",100906,327,"Adults",2024,4,17,108,2460418,7,"100906_Adults","Adults observed","AZ",2024-04-17,"calendar",108,2024,"100906_Adults_2024",10
22613,32.33926,-110.981728,1391,"Agraulis","vanillae","gulf fritillary","Animalia",100907,327,"Adults",2024,1,3,3,2460313,NA,"100907_Adults","Adults observed","AZ",2024-01-03,"calendar",3,2024,"100907_Adults_2024",10
22613,32.33926,-110.981728,396,"Danaus","plexippus","monarch","Animalia",100909,327,"Adults",2024,1,3,3,2460313,NA,"100909_Adults","Adults observed","AZ",2024-01-03,"calendar",3,2024,"100909_Adults_2024",10
22613,32.33926,-110.981728,1129,"Battus","philenor","pipevine swallowtail","Animalia",100912,327,"Adults",2024,5,14,135,2460445,6,"100912_Adults","Adults observed","AZ",2024-05-14,"calendar",135,2024,"100912_Adults_2024",10
22613,32.33926,-110.981728,1129,"Battus","philenor","pipevine swallowtail","Animalia",100912,333,"Caterpillars",2024,11,13,318,2460628,6,"100912_Caterpillars","Young observed","AZ",2024-11-13,"calendar",318,2024,"100912_Caterpillars_2024",9
22613,32.33926,-110.981728,1133,"Danaus","gilippus","queen","Animalia",100913,327,"Adults",2024,1,3,3,2460313,NA,"100913_Adults","Adults observed","AZ",2024-01-03,"calendar",3,2024,"100913_Adults_2024",10
22613,32.33926,-110.981728,260,"Celastrina","ladon complex","spring azure","Animalia",100915,327,"Adults",2024,3,27,87,2460397,7,"100915_Adults","Adults observed","AZ",2024-03-27,"calendar",87,2024,"100915_Adults_2024",9
22979,41.556442,-93.267807,396,"Danaus","plexippus","monarch","Animalia",104138,327,"Adults",2024,5,22,143,2460453,7,"104138_Adults","Adults observed","IA",2024-05-22,"calendar",143,2024,"104138_Adults_2024",9
22981,41.559528,-93.278351,396,"Danaus","plexippus","monarch","Animalia",104149,327,"Adults",2024,5,22,143,2460453,7,"104149_Adults","Adults observed","IA",2024-05-22,"calendar",143,2024,"104149_Adults_2024",9
25568,45.140465,-93.312943,273,"Calopteryx","maculata","ebony jewelwing","Animalia",123979,327,"Adults",2024,6,23,175,2460485,7,"123979_Adults","Adults observed","MN",2024-06-23,"calendar",175,2024,"123979_Adults_2024",9
25568,45.140465,-93.312943,396,"Danaus","plexippus","monarch","Animalia",123980,312,"Flower visitation",2024,7,30,212,2460522,9,"123980_Flower visitation","Feeding","MN",2024-07-30,"calendar",212,2024,"123980_Flower visitation_2024",9
25568,45.140465,-93.312943,396,"Danaus","plexippus","monarch","Animalia",123980,327,"Adults",2024,5,18,139,2460449,7,"123980_Adults","Adults observed","MN",2024-05-18,"calendar",139,2024,"123980_Adults_2024",9
22613,32.33926,-110.981728,415,"Libellula","saturata","flame skimmer","Animalia",136804,327,"Adults",2024,3,27,87,2460397,7,"136804_Adults","Adults observed","AZ",2024-03-27,"calendar",87,2024,"136804_Adults_2024",9
12064,32.248463,-110.909584,1391,"Agraulis","vanillae","gulf fritillary","Animalia",139418,327,"Adults",2024,5,30,151,2460461,14,"139418_Adults","Adults observed","AZ",2024-05-30,"calendar",151,2024,"139418_Adults_2024",9
9652,44.768246,-94.155746,1427,"Diceroprocta","apache","Apache cicada","Animalia",139451,327,"Adults",2024,6,30,182,2460492,NA,"139451_Adults","Adults observed","MN",2024-06-30,"calendar",182,2024,"139451_Adults_2024",9
9652,44.768246,-94.155746,1427,"Diceroprocta","apache","Apache cicada","Animalia",139451,528,"Courtship calling",2024,6,30,182,2460492,NA,"139451_Courtship calling","Mating activity","MN",2024-06-30,"calendar",182,2024,"139451_Courtship calling_2024",9
9652,44.768246,-94.155746,1427,"Diceroprocta","apache","Apache cicada","Animalia",139451,530,"Cast-off skins (nymph)",2024,7,15,197,2460507,5,"139451_Cast-off skins (nymph)","Young observed","MN",2024-07-15,"calendar",197,2024,"139451_Cast-off skins (nymph)_2024",9
9652,44.768246,-94.155746,391,"Pieris","rapae","cabbage white","Animalia",139454,312,"Flower visitation",2024,5,3,124,2460434,7,"139454_Flower visitation","Feeding","MN",2024-05-03,"calendar",124,2024,"139454_Flower visitation_2024",9
9652,44.768246,-94.155746,391,"Pieris","rapae","cabbage white","Animalia",139454,327,"Adults",2024,4,13,104,2460414,NA,"139454_Adults","Adults observed","MN",2024-04-13,"calendar",104,2024,"139454_Adults_2024",9
9652,44.768246,-94.155746,1238,"Apis","mellifera","honeybee","Animalia",139456,312,"Flower visitation",2024,8,28,241,2460551,NA,"139456_Flower visitation","Feeding","MN",2024-08-28,"calendar",241,2024,"139456_Flower visitation_2024",9
9652,44.768246,-94.155746,1238,"Apis","mellifera","honeybee","Animalia",139456,327,"Adults",2024,8,28,241,2460551,NA,"139456_Adults","Adults observed","MN",2024-08-28,"calendar",241,2024,"139456_Adults_2024",9
9652,44.768246,-94.155746,396,"Danaus","plexippus","monarch","Animalia",139457,312,"Flower visitation",2024,5,18,139,2460449,NA,"139457_Flower visitation","Feeding","MN",2024-05-18,"calendar",139,2024,"139457_Flower visitation_2024",9
9652,44.768246,-94.155746,396,"Danaus","plexippus","monarch","Animalia",139457,327,"Adults",2024,5,18,139,2460449,NA,"139457_Adults","Adults observed","MN",2024-05-18,"calendar",139,2024,"139457_Adults_2024",9
22613,32.33926,-110.981728,272,"Anax","junius","common green darner","Animalia",145493,327,"Adults",2024,5,21,142,2460452,6,"145493_Adults","Adults observed","AZ",2024-05-21,"calendar",142,2024,"145493_Adults_2024",9
1605,40.907997,-73.120705,288,"Bombus","spp.","bumblebee","Animalia",5283,327,"Adults",2025,4,15,105,2460781,NA,"5283_Adults","Adults observed","NY",2025-04-15,"calendar",105,2025,"5283_Adults_2025",11
1419,42.011166,-88.503304,288,"Bombus","spp.","bumblebee","Animalia",10284,312,"Flower visitation",2025,6,9,160,2460836,8,"10284_Flower visitation","Feeding","IL",2025-06-09,"calendar",160,2025,"10284_Flower visitation_2025",14
1419,42.011166,-88.503304,288,"Bombus","spp.","bumblebee","Animalia",10284,327,"Adults",2025,6,9,160,2460836,8,"10284_Adults","Adults observed","IL",2025-06-09,"calendar",160,2025,"10284_Adults_2025",14
5674,44.910587,-70.266861,396,"Danaus","plexippus","monarch","Animalia",12711,312,"Flower visitation",2025,6,15,166,2460842,7,"12711_Flower visitation","Feeding","ME",2025-06-15,"calendar",166,2025,"12711_Flower visitation_2025",11
5674,44.910587,-70.266861,396,"Danaus","plexippus","monarch","Animalia",12711,327,"Adults",2025,6,15,166,2460842,7,"12711_Adults","Adults observed","ME",2025-06-15,"calendar",166,2025,"12711_Adults_2025",11
2803,39.971001,-105.397003,288,"Bombus","spp.","bumblebee","Animalia",16049,312,"Flower visitation",2025,5,6,126,2460802,11,"16049_Flower visitation","Feeding","CO",2025-05-06,"calendar",126,2025,"16049_Flower visitation_2025",15
2803,39.971001,-105.397003,288,"Bombus","spp.","bumblebee","Animalia",16049,327,"Adults",2025,5,6,126,2460802,11,"16049_Adults","Adults observed","CO",2025-05-06,"calendar",126,2025,"16049_Adults_2025",15
8418,32.363758,-94.873947,288,"Bombus","spp.","bumblebee","Animalia",30797,312,"Flower visitation",2025,3,12,71,2460747,6,"30797_Flower visitation","Feeding","TX",2025-03-12,"calendar",71,2025,"30797_Flower visitation_2025",12
8418,32.363758,-94.873947,288,"Bombus","spp.","bumblebee","Animalia",30797,327,"Adults",2025,3,12,71,2460747,6,"30797_Adults","Adults observed","TX",2025-03-12,"calendar",71,2025,"30797_Adults_2025",12
10145,42.602543,-83.250992,288,"Bombus","spp.","bumblebee","Animalia",38858,327,"Adults",2025,4,28,118,2460794,6,"38858_Adults","Adults observed","MI",2025-04-28,"calendar",118,2025,"38858_Adults_2025",13
10145,42.602543,-83.250992,391,"Pieris","rapae","cabbage white","Animalia",38859,327,"Adults",2025,4,14,104,2460780,1,"38859_Adults","Adults observed","MI",2025-04-14,"calendar",104,2025,"38859_Adults_2025",13
10145,42.602543,-83.250992,272,"Anax","junius","common green darner","Animalia",38869,327,"Adults",2025,8,11,223,2460899,1,"38869_Adults","Adults observed","MI",2025-08-11,"calendar",223,2025,"38869_Adults_2025",13
10145,42.602543,-83.250992,396,"Danaus","plexippus","monarch","Animalia",38919,327,"Adults",2025,6,28,179,2460855,6,"38919_Adults","Adults observed","MI",2025-06-28,"calendar",179,2025,"38919_Adults_2025",13
10145,42.602543,-83.250992,1137,"Nymphalis","antiopa","mourning cloak","Animalia",38921,327,"Adults",2025,6,2,153,2460829,9,"38921_Adults","Adults observed","MI",2025-06-02,"calendar",153,2025,"38921_Adults_2025",13
10145,42.602543,-83.250992,1132,"Colias","eurytheme","orange sulphur","Animalia",38930,327,"Adults",2025,5,2,122,2460798,1,"38930_Adults","Adults observed","MI",2025-05-02,"calendar",122,2025,"38930_Adults_2025",13
10145,42.602543,-83.250992,393,"Vanessa","atalanta","red admiral","Animalia",38941,327,"Adults",2025,5,11,131,2460807,1,"38941_Adults","Adults observed","MI",2025-05-11,"calendar",131,2025,"38941_Adults_2025",11
12064,32.248463,-110.909584,396,"Danaus","plexippus","monarch","Animalia",50768,312,"Flower visitation",2025,5,15,135,2460811,19,"50768_Flower visitation","Feeding","AZ",2025-05-15,"calendar",135,2025,"50768_Flower visitation_2025",9
12064,32.248463,-110.909584,396,"Danaus","plexippus","monarch","Animalia",50768,327,"Adults",2025,1,10,10,2460686,1,"50768_Adults","Adults observed","AZ",2025-01-10,"calendar",10,2025,"50768_Adults_2025",9
12064,32.248463,-110.909584,1133,"Danaus","gilippus","queen","Animalia",50769,312,"Flower visitation",2025,2,16,47,2460723,4,"50769_Flower visitation","Feeding","AZ",2025-02-16,"calendar",47,2025,"50769_Flower visitation_2025",9
12064,32.248463,-110.909584,1133,"Danaus","gilippus","queen","Animalia",50769,327,"Adults",2025,1,10,10,2460686,1,"50769_Adults","Adults observed","AZ",2025-01-10,"calendar",10,2025,"50769_Adults_2025",9
12064,32.248463,-110.909584,1142,"Bombus","sonorus","Sonoran bumble bee","Animalia",50772,312,"Flower visitation",2025,4,10,100,2460776,10,"50772_Flower visitation","Feeding","AZ",2025-04-10,"calendar",100,2025,"50772_Flower visitation_2025",9
12064,32.248463,-110.909584,1142,"Bombus","sonorus","Sonoran bumble bee","Animalia",50772,327,"Adults",2025,4,10,100,2460776,10,"50772_Adults","Adults observed","AZ",2025-04-10,"calendar",100,2025,"50772_Adults_2025",9
12064,32.248463,-110.909584,1143,"Xylocopa","varipuncta","valley carpenter bee","Animalia",50773,327,"Adults",2025,2,20,51,2460727,4,"50773_Adults","Adults observed","AZ",2025-02-20,"calendar",51,2025,"50773_Adults_2025",9
9652,44.768246,-94.155746,288,"Bombus","spp.","bumblebee","Animalia",69507,312,"Flower visitation",2025,5,24,144,2460820,17,"69507_Flower visitation","Feeding","MN",2025-05-24,"calendar",144,2025,"69507_Flower visitation_2025",12
9652,44.768246,-94.155746,288,"Bombus","spp.","bumblebee","Animalia",69507,327,"Adults",2025,4,26,116,2460792,NA,"69507_Adults","Adults observed","MN",2025-04-26,"calendar",116,2025,"69507_Adults_2025",12
9652,44.768246,-94.155746,288,"Bombus","spp.","bumblebee","Animalia",69507,370,"Male adults",2025,6,5,156,2460832,10,"69507_Male adults","Adults observed","MN",2025-06-05,"calendar",156,2025,"69507_Male adults_2025",11
10145,42.602543,-83.250992,1238,"Apis","mellifera","honeybee","Animalia",69919,327,"Adults",2025,6,11,162,2460838,1,"69919_Adults","Adults observed","MI",2025-06-11,"calendar",162,2025,"69919_Adults_2025",12
16876,41.745537,-74.119392,396,"Danaus","plexippus","monarch","Animalia",72969,312,"Flower visitation",2025,6,6,157,2460833,14,"72969_Flower visitation","Feeding","NY",2025-06-06,"calendar",157,2025,"72969_Flower visitation_2025",12
16876,41.745537,-74.119392,396,"Danaus","plexippus","monarch","Animalia",72969,327,"Adults",2025,6,6,157,2460833,14,"72969_Adults","Adults observed","NY",2025-06-06,"calendar",157,2025,"72969_Adults_2025",12
17414,42.936153,-73.433449,396,"Danaus","plexippus","monarch","Animalia",86971,312,"Flower visitation",2025,6,21,172,2460848,7,"86971_Flower visitation","Feeding","NY",2025-06-21,"calendar",172,2025,"86971_Flower visitation_2025",11
17414,42.936153,-73.433449,396,"Danaus","plexippus","monarch","Animalia",86971,327,"Adults",2025,6,8,159,2460835,4,"86971_Adults","Adults observed","NY",2025-06-08,"calendar",159,2025,"86971_Adults_2025",11
20969,33.632149,-117.55545,1386,"Apodemia","virgulti","Behr's metalmark","Animalia",90201,327,"Adults",2025,6,7,158,2460834,2,"90201_Adults","Adults observed","CA",2025-06-07,"calendar",158,2025,"90201_Adults_2025",10
20969,33.632149,-117.55545,1383,"Adelpha","californica","California sister","Animalia",90203,327,"Adults",2025,11,11,315,2460991,5,"90203_Adults","Adults observed","CA",2025-11-11,"calendar",315,2025,"90203_Adults_2025",10
20969,33.632149,-117.55545,1135,"Junonia","coenia","common buckeye","Animalia",90204,312,"Flower visitation",2025,7,10,191,2460867,2,"90204_Flower visitation","Feeding","CA",2025-07-10,"calendar",191,2025,"90204_Flower visitation_2025",9
20969,33.632149,-117.55545,1135,"Junonia","coenia","common buckeye","Animalia",90204,327,"Adults",2025,3,10,69,2460745,1,"90204_Adults","Adults observed","CA",2025-03-10,"calendar",69,2025,"90204_Adults_2025",11
20969,33.632149,-117.55545,1388,"Coenonympha","tullia","common ringlet","Animalia",90205,327,"Adults",2025,3,10,69,2460745,1,"90205_Adults","Adults observed","CA",2025-03-10,"calendar",69,2025,"90205_Adults_2025",11
20969,33.632149,-117.55545,1384,"Anthocharis","sara","Pacific orangetip","Animalia",90206,327,"Adults",2025,3,10,69,2460745,1,"90206_Adults","Adults observed","CA",2025-03-10,"calendar",69,2025,"90206_Adults_2025",10
22613,32.33926,-110.981728,1131,"Calephelis","nemesis","fatal metalmark","Animalia",100905,327,"Adults",2025,2,20,51,2460727,9,"100905_Adults","Adults observed","AZ",2025-02-20,"calendar",51,2025,"100905_Adults_2025",10
22613,32.33926,-110.981728,1403,"Papilio","cresphontes","giant swallowtail","Animalia",100906,327,"Adults",2025,3,22,81,2460757,11,"100906_Adults","Adults observed","AZ",2025-03-22,"calendar",81,2025,"100906_Adults_2025",10
22613,32.33926,-110.981728,1391,"Agraulis","vanillae","gulf fritillary","Animalia",100907,327,"Adults",2025,1,15,15,2460691,8,"100907_Adults","Adults observed","AZ",2025-01-15,"calendar",15,2025,"100907_Adults_2025",10
22613,32.33926,-110.981728,396,"Danaus","plexippus","monarch","Animalia",100909,327,"Adults",2025,9,2,245,2460921,7,"100909_Adults","Adults observed","AZ",2025-09-02,"calendar",245,2025,"100909_Adults_2025",10
22613,32.33926,-110.981728,1129,"Battus","philenor","pipevine swallowtail","Animalia",100912,327,"Adults",2025,1,15,15,2460691,8,"100912_Adults","Adults observed","AZ",2025-01-15,"calendar",15,2025,"100912_Adults_2025",10
22613,32.33926,-110.981728,1129,"Battus","philenor","pipevine swallowtail","Animalia",100912,333,"Caterpillars",2025,4,16,106,2460782,8,"100912_Caterpillars","Young observed","AZ",2025-04-16,"calendar",106,2025,"100912_Caterpillars_2025",9
22613,32.33926,-110.981728,1133,"Danaus","gilippus","queen","Animalia",100913,327,"Adults",2025,1,15,15,2460691,8,"100913_Adults","Adults observed","AZ",2025-01-15,"calendar",15,2025,"100913_Adults_2025",10
22613,32.33926,-110.981728,260,"Celastrina","ladon complex","spring azure","Animalia",100915,327,"Adults",2025,1,23,23,2460699,8,"100915_Adults","Adults observed","AZ",2025-01-23,"calendar",23,2025,"100915_Adults_2025",9
22979,41.556442,-93.267807,396,"Danaus","plexippus","monarch","Animalia",104138,327,"Adults",2025,7,7,188,2460864,5,"104138_Adults","Adults observed","IA",2025-07-07,"calendar",188,2025,"104138_Adults_2025",9
22981,41.559528,-93.278351,396,"Danaus","plexippus","monarch","Animalia",104149,327,"Adults",2025,6,20,171,2460847,9,"104149_Adults","Adults observed","IA",2025-06-20,"calendar",171,2025,"104149_Adults_2025",9
25568,45.140465,-93.312943,273,"Calopteryx","maculata","ebony jewelwing","Animalia",123979,327,"Adults",2025,6,5,156,2460832,35,"123979_Adults","Adults observed","MN",2025-06-05,"calendar",156,2025,"123979_Adults_2025",9
25568,45.140465,-93.312943,396,"Danaus","plexippus","monarch","Animalia",123980,312,"Flower visitation",2025,7,13,194,2460870,11,"123980_Flower visitation","Feeding","MN",2025-07-13,"calendar",194,2025,"123980_Flower visitation_2025",9
25568,45.140465,-93.312943,396,"Danaus","plexippus","monarch","Animalia",123980,327,"Adults",2025,6,5,156,2460832,35,"123980_Adults","Adults observed","MN",2025-06-05,"calendar",156,2025,"123980_Adults_2025",9
22613,32.33926,-110.981728,415,"Libellula","saturata","flame skimmer","Animalia",136804,327,"Adults",2025,4,22,112,2460788,6,"136804_Adults","Adults observed","AZ",2025-04-22,"calendar",112,2025,"136804_Adults_2025",9
12064,32.248463,-110.909584,1391,"Agraulis","vanillae","gulf fritillary","Animalia",139418,327,"Adults",2025,4,26,116,2460792,15,"139418_Adults","Adults observed","AZ",2025-04-26,"calendar",116,2025,"139418_Adults_2025",9
9652,44.768246,-94.155746,1427,"Diceroprocta","apache","Apache cicada","Animalia",139451,327,"Adults",2025,7,9,190,2460866,NA,"139451_Adults","Adults observed","MN",2025-07-09,"calendar",190,2025,"139451_Adults_2025",9
9652,44.768246,-94.155746,1427,"Diceroprocta","apache","Apache cicada","Animalia",139451,528,"Courtship calling",2025,7,9,190,2460866,NA,"139451_Courtship calling","Mating activity","MN",2025-07-09,"calendar",190,2025,"139451_Courtship calling_2025",9
9652,44.768246,-94.155746,1427,"Diceroprocta","apache","Apache cicada","Animalia",139451,530,"Cast-off skins (nymph)",2025,7,18,199,2460875,1,"139451_Cast-off skins (nymph)","Young observed","MN",2025-07-18,"calendar",199,2025,"139451_Cast-off skins (nymph)_2025",9
9652,44.768246,-94.155746,391,"Pieris","rapae","cabbage white","Animalia",139454,312,"Flower visitation",2025,6,16,167,2460843,40,"139454_Flower visitation","Feeding","MN",2025-06-16,"calendar",167,2025,"139454_Flower visitation_2025",9
9652,44.768246,-94.155746,391,"Pieris","rapae","cabbage white","Animalia",139454,327,"Adults",2025,4,26,116,2460792,NA,"139454_Adults","Adults observed","MN",2025-04-26,"calendar",116,2025,"139454_Adults_2025",9
9652,44.768246,-94.155746,1238,"Apis","mellifera","honeybee","Animalia",139456,312,"Flower visitation",2025,9,10,253,2460929,184,"139456_Flower visitation","Feeding","MN",2025-09-10,"calendar",253,2025,"139456_Flower visitation_2025",9
9652,44.768246,-94.155746,1238,"Apis","mellifera","honeybee","Animalia",139456,327,"Adults",2025,3,10,69,2460745,NA,"139456_Adults","Adults observed","MN",2025-03-10,"calendar",69,2025,"139456_Adults_2025",9
9652,44.768246,-94.155746,396,"Danaus","plexippus","monarch","Animalia",139457,312,"Flower visitation",2025,6,20,171,2460847,4,"139457_Flower visitation","Feeding","MN",2025-06-20,"calendar",171,2025,"139457_Flower visitation_2025",9
9652,44.768246,-94.155746,396,"Danaus","plexippus","monarch","Animalia",139457,327,"Adults",2025,6,16,167,2460843,NA,"139457_Adults","Adults observed","MN",2025-06-16,"calendar",167,2025,"139457_Adults_2025",9
22613,32.33926,-110.981728,272,"Anax","junius","common green darner","Animalia",145493,327,"Adults",2025,7,3,184,2460860,7,"145493_Adults","Adults observed","AZ",2025-07-03,"calendar",184,2025,"145493_Adults_2025",9
