"site_id","latitude","longitude","elevation_in_meters","state","species_id","genus","species","common_name","kingdom","individual_id","phenophase_id","phenophase_description","first_yes_year","first_yes_month","first_yes_day","first_yes_doy","first_yes_julian_date","numdays_since_prior_no","last_yes_year","last_yes_month","last_yes_day","last_yes_doy","last_yes_julian_date","numdays_until_next_no","ind_phen","phenophase","resident","present_jan1","ind_phen_year","series_yrs"
1419,42.011166,-88.503304,280,"IL",244,"Charadrius","vociferus","killdeer","Animalia",10286,293,"Calls or song (birds)",2011,3,23,82,2455644,14,2011,3,31,90,2455652,2,"10286_Calls or song (birds)","Adults observed",FALSE,0,"10286_Calls or song (birds)_2011",10
5582,45.195858,-70.45369,366,"ME",243,"Gavia","immer","common loon","Animalia",12467,293,"Calls or song (birds)",2011,5,8,128,2455690,7,2011,5,8,128,2455690,14,"12467_Calls or song (birds)","Adults observed",FALSE,0,"12467_Calls or song (birds)_2011",12
5583,45.196041,-70.459015,368,"ME",243,"Gavia","immer","common loon","Animalia",12472,292,"Live individuals",2011,6,4,155,2455717,13,2011,6,4,155,2455717,11,"12472_Live individuals","Adults observed",FALSE,0,"12472_Live individuals_2011",12
2803,39.971001,-105.397003,2329,"CO",246,"Turdus","migratorius","American robin","Animalia",16046,292,"Live individuals",2011,9,8,251,2455813,5,2011,9,8,251,2455813,3,"16046_Live individuals","Adults observed",FALSE,0,"16046_Live individuals_2011",15
2803,39.971001,-105.397003,2329,"CO",357,"Sialia","mexicana","western bluebird","Animalia",16214,292,"Live individuals",2011,9,22,265,2455827,4,2011,9,30,273,2455835,2,"16214_Live individuals","Adults observed",FALSE,0,"16214_Live individuals_2011",14
1419,42.011166,-88.503304,280,"IL",244,"Charadrius","vociferus","killdeer","Animalia",10286,293,"Calls or song (birds)",2012,3,15,75,2456002,3,2012,3,17,77,2456004,1,"10286_Calls or song (birds)","Adults observed",FALSE,0,"10286_Calls or song (birds)_2012",10
5582,45.195858,-70.45369,366,"ME",243,"Gavia","immer","common loon","Animalia",12467,293,"Calls or song (birds)",2012,4,14,105,2456032,14,2012,4,14,105,2456032,7,"12467_Calls or song (birds)","Adults observed",FALSE,0,"12467_Calls or song (birds)_2012",12
5583,45.196041,-70.459015,368,"ME",243,"Gavia","immer","common loon","Animalia",12472,292,"Live individuals",2012,4,14,105,2456032,14,2012,4,21,112,2456039,7,"12472_Live individuals","Adults observed",FALSE,0,"12472_Live individuals_2012",12
5674,44.910587,-70.266861,261,"ME",352,"Archilochus","colubris","ruby-throated hummingbird","Animalia",12712,292,"Live individuals",2012,5,13,134,2456061,7,2012,5,13,134,2456061,7,"12712_Live individuals","Adults observed",FALSE,0,"12712_Live individuals_2012",14
2803,39.971001,-105.397003,2329,"CO",246,"Turdus","migratorius","American robin","Animalia",16046,292,"Live individuals",2012,2,1,32,2455959,3,2012,2,1,32,2455959,4,"16046_Live individuals","Adults observed",FALSE,0,"16046_Live individuals_2012",15
2803,39.971001,-105.397003,2329,"CO",354,"Selasphorus","platycercus","broad-tailed hummingbird","Animalia",16048,292,"Live individuals",2012,4,26,117,2456044,4,2012,4,26,117,2456044,3,"16048_Live individuals","Adults observed",FALSE,0,"16048_Live individuals_2012",14
2803,39.971001,-105.397003,2329,"CO",357,"Sialia","mexicana","western bluebird","Animalia",16214,292,"Live individuals",2012,3,31,91,2456018,2,2012,3,31,91,2456018,1,"16214_Live individuals","Adults observed",FALSE,0,"16214_Live individuals_2012",14
8496,46.328629,-96.061256,393,"MN",246,"Turdus","migratorius","American robin","Animalia",25780,292,"Live individuals",2012,5,5,126,2456053,3,2012,5,5,126,2456053,2,"25780_Live individuals","Adults observed",FALSE,0,"25780_Live individuals_2012",12
8496,46.328629,-96.061256,393,"MN",352,"Archilochus","colubris","ruby-throated hummingbird","Animalia",25784,292,"Live individuals",2012,5,9,130,2456057,2,2012,5,30,151,2456078,2,"25784_Live individuals","Adults observed",FALSE,0,"25784_Live individuals_2012",11
8496,46.328629,-96.061256,393,"MN",1104,"Hirundo","rustica","barn swallow","Animalia",25894,292,"Live individuals",2012,5,2,123,2456050,2,2012,8,21,234,2456161,2,"25894_Live individuals","Adults observed",FALSE,0,"25894_Live individuals_2012",10
8496,46.328629,-96.061256,393,"MN",355,"Troglodytes","aedon","house wren","Animalia",25897,292,"Live individuals",2012,5,11,132,2456059,2,2012,5,11,132,2456059,17,"25897_Live individuals","Adults observed",FALSE,0,"25897_Live individuals_2012",11
8715,43.522804,-70.802277,215,"ME",352,"Archilochus","colubris","ruby-throated hummingbird","Animalia",28193,292,"Live individuals",2012,5,28,149,2456076,6,2012,5,28,149,2456076,10,"28193_Live individuals","Adults observed",FALSE,0,"28193_Live individuals_2012",13
8736,44.903229,-93.217445,248,"MN",352,"Archilochus","colubris","ruby-throated hummingbird","Animalia",28356,292,"Live individuals",2012,8,9,222,2456149,3,2012,8,9,222,2456149,3,"28356_Live individuals","Adults observed",FALSE,0,"28356_Live individuals_2012",10
8418,32.363758,-94.873947,115,"TX",352,"Archilochus","colubris","ruby-throated hummingbird","Animalia",30980,292,"Live individuals",2012,9,30,274,2456201,5,2012,10,5,279,2456206,3,"30980_Live individuals","Adults observed",FALSE,0,"30980_Live individuals_2012",11
1419,42.011166,-88.503304,280,"IL",244,"Charadrius","vociferus","killdeer","Animalia",10286,293,"Calls or song (birds)",2013,3,28,87,2456380,2,2013,3,28,87,2456380,2,"10286_Calls or song (birds)","Adults observed",FALSE,0,"10286_Calls or song (birds)_2013",10
5582,45.195858,-70.45369,366,"ME",243,"Gavia","immer","common loon","Animalia",12467,293,"Calls or song (birds)",2013,5,9,129,2456422,7,2013,5,13,133,2456426,7,"12467_Calls or song (birds)","Adults observed",FALSE,0,"12467_Calls or song (birds)_2013",12
5583,45.196041,-70.459015,368,"ME",243,"Gavia","immer","common loon","Animalia",12472,292,"Live individuals",2013,5,9,129,2456422,7,2013,5,9,129,2456422,4,"12472_Live individuals","Adults observed",FALSE,0,"12472_Live individuals_2013",12
5674,44.910587,-70.266861,261,"ME",246,"Turdus","migratorius","American robin","Animalia",12709,292,"Live individuals",2013,3,24,83,2456376,7,2013,3,24,83,2456376,7,"12709_Live individuals","Adults observed",FALSE,0,"12709_Live individuals_2013",13
5674,44.910587,-70.266861,261,"ME",352,"Archilochus","colubris","ruby-throated hummingbird","Animalia",12712,292,"Live individuals",2013,5,13,133,2456426,2,2013,8,18,230,2456523,126,"12712_Live individuals","Adults observed",FALSE,0,"12712_Live individuals_2013",14
2803,39.971001,-105.397003,2329,"CO",246,"Turdus","migratorius","American robin","Animalia",16046,292,"Live individuals",2013,3,21,80,2456373,4,2013,3,21,80,2456373,3,"16046_Live individuals","Adults observed",FALSE,0,"16046_Live individuals_2013",15
2803,39.971001,-105.397003,2329,"CO",354,"Selasphorus","platycercus","broad-tailed hummingbird","Animalia",16048,292,"Live individuals",2013,4,25,115,2456408,4,2013,4,25,115,2456408,3,"16048_Live individuals","Adults observed",FALSE,0,"16048_Live individuals_2013",14
2803,39.971001,-105.397003,2329,"CO",357,"Sialia","mexicana","western bluebird","Animalia",16214,292,"Live individuals",2013,3,31,90,2456383,7,2013,4,12,102,2456395,2,"16214_Live individuals","Adults observed",FALSE,0,"16214_Live individuals_2013",14
8496,46.328629,-96.061256,393,"MN",246,"Turdus","migratorius","American robin","Animalia",25780,292,"Live individuals",2013,3,30,89,2456382,3,2013,4,2,92,2456385,5,"25780_Live individuals","Adults observed",FALSE,0,"25780_Live individuals_2013",12
8496,46.328629,-96.061256,393,"MN",352,"Archilochus","colubris","ruby-throated hummingbird","Animalia",25784,292,"Live individuals",2013,5,13,133,2456426,2,2013,5,26,146,2456439,3,"25784_Live individuals","Adults observed",FALSE,0,"25784_Live individuals_2013",11
8496,46.328629,-96.061256,393,"MN",1104,"Hirundo","rustica","barn swallow","Animalia",25894,292,"Live individuals",2013,5,6,126,2456419,2,2013,5,8,128,2456421,3,"25894_Live individuals","Adults observed",FALSE,0,"25894_Live individuals_2013",10
8496,46.328629,-96.061256,393,"MN",355,"Troglodytes","aedon","house wren","Animalia",25897,292,"Live individuals",2013,5,20,140,2456433,3,2013,5,29,149,2456442,3,"25897_Live individuals","Adults observed",FALSE,0,"25897_Live individuals_2013",11
8715,43.522804,-70.802277,215,"ME",352,"Archilochus","colubris","ruby-throated hummingbird","Animalia",28193,292,"Live individuals",2013,6,5,156,2456449,7,2013,6,11,162,2456455,10,"28193_Live individuals","Adults observed",FALSE,0,"28193_Live individuals_2013",13
8736,44.903229,-93.217445,248,"MN",352,"Archilochus","colubris","ruby-throated hummingbird","Animalia",28356,292,"Live individuals",2013,8,15,227,2456520,3,2013,8,27,239,2456532,6,"28356_Live individuals","Adults observed",FALSE,0,"28356_Live individuals_2013",10
8418,32.363758,-94.873947,115,"TX",352,"Archilochus","colubris","ruby-throated hummingbird","Animalia",30980,292,"Live individuals",2013,4,17,107,2456400,3,2013,4,21,111,2456404,3,"30980_Live individuals","Adults observed",FALSE,0,"30980_Live individuals_2013",11
8496,46.328629,-96.061256,393,"MN",375,"Zenaida","macroura","mourning dove","Animalia",32296,292,"Live individuals",2013,4,2,92,2456385,3,2013,6,18,169,2456462,4,"32296_Live individuals","Adults observed",FALSE,0,"32296_Live individuals_2013",11
10145,42.602543,-83.250992,277,"MI",1193,"Setophaga","ruticilla","American redstart","Animalia",38839,293,"Calls or song (birds)",2013,5,14,134,2456427,5,2013,5,17,137,2456430,3,"38839_Calls or song (birds)","Adults observed",FALSE,0,"38839_Calls or song (birds)_2013",9
10145,42.602543,-83.250992,277,"MI",1104,"Hirundo","rustica","barn swallow","Animalia",38845,292,"Live individuals",2013,6,8,159,2456452,1,2013,6,8,159,2456452,1,"38845_Live individuals","Adults observed",FALSE,0,"38845_Live individuals_2013",13
10145,42.602543,-83.250992,277,"MI",363,"Molothrus","ater","brown-headed cowbird","Animalia",38857,292,"Live individuals",2013,4,16,106,2456399,6,2013,4,16,106,2456399,1,"38857_Live individuals","Adults observed",FALSE,0,"38857_Live individuals_2013",13
10145,42.602543,-83.250992,277,"MI",1093,"Chaetura","pelagica","chimney swift","Animalia",38864,292,"Live individuals",2013,6,9,160,2456453,1,2013,6,9,160,2456453,1,"38864_Live individuals","Adults observed",FALSE,0,"38864_Live individuals_2013",13
10145,42.602543,-83.250992,277,"MI",355,"Troglodytes","aedon","house wren","Animalia",38908,292,"Live individuals",2013,6,11,162,2456455,1,2013,6,12,163,2456456,1,"38908_Live individuals","Adults observed",FALSE,0,"38908_Live individuals_2013",13
10145,42.602543,-83.250992,277,"MI",359,"Agelaius","phoeniceus","red-winged blackbird","Animalia",38946,292,"Live individuals",2013,4,20,110,2456403,2,2013,4,20,110,2456403,1,"38946_Live individuals","Adults observed",FALSE,0,"38946_Live individuals_2013",13
10145,42.602543,-83.250992,277,"MI",352,"Archilochus","colubris","ruby-throated hummingbird","Animalia",38951,292,"Live individuals",2013,7,29,210,2456503,1,2013,7,29,210,2456503,1,"38951_Live individuals","Adults observed",FALSE,0,"38951_Live individuals_2013",11
10717,38.285664,-111.246605,1790,"UT",246,"Turdus","migratorius","American robin","Animalia",42593,292,"Live individuals",2013,5,5,125,2456418,1,2013,5,17,137,2456430,2,"42593_Live individuals","Adults observed",FALSE,0,"42593_Live individuals_2013",10
1419,42.011166,-88.503304,280,"IL",1117,"Sayornis","phoebe","eastern phoebe","Animalia",44642,292,"Live individuals",2013,5,18,138,2456431,6,2013,6,2,153,2456446,6,"44642_Live individuals","Adults observed",FALSE,0,"44642_Live individuals_2013",9
1419,42.011166,-88.503304,280,"IL",244,"Charadrius","vociferus","killdeer","Animalia",10286,293,"Calls or song (birds)",2014,10,10,283,2456941,6,2014,10,10,283,2456941,8,"10286_Calls or song (birds)","Adults observed",FALSE,0,"10286_Calls or song (birds)_2014",10
5582,45.195858,-70.45369,366,"ME",243,"Gavia","immer","common loon","Animalia",12467,293,"Calls or song (birds)",2014,5,1,121,2456779,4,2014,5,1,121,2456779,11,"12467_Calls or song (birds)","Adults observed",FALSE,0,"12467_Calls or song (birds)_2014",12
5583,45.196041,-70.459015,368,"ME",243,"Gavia","immer","common loon","Animalia",12472,292,"Live individuals",2014,5,28,148,2456806,9,2014,6,11,162,2456820,15,"12472_Live individuals","Adults observed",FALSE,0,"12472_Live individuals_2014",12
5674,44.910587,-70.266861,261,"ME",246,"Turdus","migratorius","American robin","Animalia",12709,292,"Live individuals",2014,4,20,110,2456768,7,2014,7,20,201,2456859,155,"12709_Live individuals","Adults observed",FALSE,0,"12709_Live individuals_2014",13
5674,44.910587,-70.266861,261,"ME",352,"Archilochus","colubris","ruby-throated hummingbird","Animalia",12712,292,"Live individuals",2014,5,25,145,2456803,7,2014,7,20,201,2456859,155,"12712_Live individuals","Adults observed",FALSE,0,"12712_Live individuals_2014",14
2803,39.971001,-105.397003,2329,"CO",246,"Turdus","migratorius","American robin","Animalia",16046,292,"Live individuals",2014,1,23,23,2456681,3,2014,1,23,23,2456681,4,"16046_Live individuals","Adults observed",FALSE,0,"16046_Live individuals_2014",15
2803,39.971001,-105.397003,2329,"CO",354,"Selasphorus","platycercus","broad-tailed hummingbird","Animalia",16048,292,"Live individuals",2014,5,1,121,2456779,6,2014,9,21,264,2456922,5,"16048_Live individuals","Adults observed",FALSE,0,"16048_Live individuals_2014",14
2803,39.971001,-105.397003,2329,"CO",357,"Sialia","mexicana","western bluebird","Animalia",16214,292,"Live individuals",2014,3,26,85,2456743,6,2014,3,26,85,2456743,9,"16214_Live individuals","Adults observed",FALSE,0,"16214_Live individuals_2014",14
8496,46.328629,-96.061256,393,"MN",246,"Turdus","migratorius","American robin","Animalia",25780,292,"Live individuals",2014,3,26,85,2456743,8,2014,3,26,85,2456743,6,"25780_Live individuals","Adults observed",FALSE,0,"25780_Live individuals_2014",12
8496,46.328629,-96.061256,393,"MN",352,"Archilochus","colubris","ruby-throated hummingbird","Animalia",25784,292,"Live individuals",2014,5,11,131,2456789,3,2014,5,11,131,2456789,22,"25784_Live individuals","Adults observed",FALSE,0,"25784_Live individuals_2014",11
8496,46.328629,-96.061256,393,"MN",1104,"Hirundo","rustica","barn swallow","Animalia",25894,292,"Live individuals",2014,5,5,125,2456783,6,2014,9,10,253,2456911,13,"25894_Live individuals","Adults observed",FALSE,0,"25894_Live individuals_2014",10
8496,46.328629,-96.061256,393,"MN",355,"Troglodytes","aedon","house wren","Animalia",25897,292,"Live individuals",2014,5,8,128,2456786,3,2014,5,8,128,2456786,3,"25897_Live individuals","Adults observed",FALSE,0,"25897_Live individuals_2014",11
8715,43.522804,-70.802277,215,"ME",352,"Archilochus","colubris","ruby-throated hummingbird","Animalia",28193,292,"Live individuals",2014,5,16,136,2456794,3,2014,5,20,140,2456798,3,"28193_Live individuals","Adults observed",FALSE,0,"28193_Live individuals_2014",13
8736,44.903229,-93.217445,248,"MN",352,"Archilochus","colubris","ruby-throated hummingbird","Animalia",28356,292,"Live individuals",2014,9,6,249,2456907,2,2014,9,7,250,2456908,1,"28356_Live individuals","Adults observed",FALSE,0,"28356_Live individuals_2014",10
8418,32.363758,-94.873947,115,"TX",352,"Archilochus","colubris","ruby-throated hummingbird","Animalia",30980,292,"Live individuals",2014,4,2,92,2456750,3,2014,4,6,96,2456754,3,"30980_Live individuals","Adults observed",FALSE,0,"30980_Live individuals_2014",11
8496,46.328629,-96.061256,393,"MN",375,"Zenaida","macroura","mourning dove","Animalia",32296,292,"Live individuals",2014,1,23,23,2456681,5,2014,1,23,23,2456681,6,"32296_Live individuals","Adults observed",FALSE,0,"32296_Live individuals_2014",11
10145,42.602543,-83.250992,277,"MI",1193,"Setophaga","ruticilla","American redstart","Animalia",38839,293,"Calls or song (birds)",2014,5,11,131,2456789,1,2014,5,11,131,2456789,1,"38839_Calls or song (birds)","Adults observed",FALSE,0,"38839_Calls or song (birds)_2014",9
10145,42.602543,-83.250992,277,"MI",1104,"Hirundo","rustica","barn swallow","Animalia",38845,292,"Live individuals",2014,6,9,160,2456818,1,2014,6,9,160,2456818,2,"38845_Live individuals","Adults observed",FALSE,0,"38845_Live individuals_2014",13
10145,42.602543,-83.250992,277,"MI",363,"Molothrus","ater","brown-headed cowbird","Animalia",38857,292,"Live individuals",2014,4,14,104,2456762,1,2014,4,15,105,2456763,1,"38857_Live individuals","Adults observed",FALSE,0,"38857_Live individuals_2014",13
10145,42.602543,-83.250992,277,"MI",1093,"Chaetura","pelagica","chimney swift","Animalia",38864,292,"Live individuals",2014,5,26,146,2456804,1,2014,5,27,147,2456805,2,"38864_Live individuals","Adults observed",FALSE,0,"38864_Live individuals_2014",13
10145,42.602543,-83.250992,277,"MI",355,"Troglodytes","aedon","house wren","Animalia",38908,292,"Live individuals",2014,5,20,140,2456798,1,2014,5,20,140,2456798,1,"38908_Live individuals","Adults observed",FALSE,0,"38908_Live individuals_2014",13
10145,42.602543,-83.250992,277,"MI",248,"Pandion","haliaetus","osprey","Animalia",38931,292,"Live individuals",2014,5,4,124,2456782,1,2014,5,4,124,2456782,1,"38931_Live individuals","Adults observed",FALSE,0,"38931_Live individuals_2014",9
10145,42.602543,-83.250992,277,"MI",359,"Agelaius","phoeniceus","red-winged blackbird","Animalia",38946,292,"Live individuals",2014,3,20,79,2456737,1,2014,3,20,79,2456737,1,"38946_Live individuals","Adults observed",FALSE,0,"38946_Live individuals_2014",13
10145,42.602543,-83.250992,277,"MI",352,"Archilochus","colubris","ruby-throated hummingbird","Animalia",38951,292,"Live individuals",2014,5,16,136,2456794,2,2014,5,18,138,2456796,1,"38951_Live individuals","Adults observed",FALSE,0,"38951_Live individuals_2014",11
10717,38.285664,-111.246605,1790,"UT",246,"Turdus","migratorius","American robin","Animalia",42593,292,"Live individuals",2014,3,26,85,2456743,1,2014,3,27,86,2456744,1,"42593_Live individuals","Adults observed",FALSE,0,"42593_Live individuals_2014",10
17414,42.936153,-73.433449,147,"NY",1124,"Tachycineta","bicolor","tree swallow","Animalia",66940,292,"Live individuals",2014,4,11,101,2456759,5,2014,5,1,121,2456779,5,"66940_Live individuals","Adults observed",FALSE,0,"66940_Live individuals_2014",12
5582,45.195858,-70.45369,366,"ME",243,"Gavia","immer","common loon","Animalia",12467,293,"Calls or song (birds)",2015,5,21,141,2457164,7,2015,5,29,149,2457172,12,"12467_Calls or song (birds)","Adults observed",FALSE,0,"12467_Calls or song (birds)_2015",12
5583,45.196041,-70.459015,368,"ME",243,"Gavia","immer","common loon","Animalia",12472,292,"Live individuals",2015,5,21,141,2457164,7,2015,7,10,191,2457214,38,"12472_Live individuals","Adults observed",FALSE,0,"12472_Live individuals_2015",12
5674,44.910587,-70.266861,261,"ME",246,"Turdus","migratorius","American robin","Animalia",12709,292,"Live individuals",2015,3,8,67,2457090,7,2015,3,8,67,2457090,7,"12709_Live individuals","Adults observed",FALSE,0,"12709_Live individuals_2015",13
5674,44.910587,-70.266861,261,"ME",352,"Archilochus","colubris","ruby-throated hummingbird","Animalia",12712,292,"Live individuals",2015,5,11,131,2457154,7,2015,8,9,221,2457244,NA,"12712_Live individuals","Adults observed",FALSE,0,"12712_Live individuals_2015",14
2803,39.971001,-105.397003,2329,"CO",246,"Turdus","migratorius","American robin","Animalia",16046,292,"Live individuals",2015,3,15,74,2457097,1,2015,4,11,101,2457124,13,"16046_Live individuals","Adults observed",FALSE,0,"16046_Live individuals_2015",15
2803,39.971001,-105.397003,2329,"CO",354,"Selasphorus","platycercus","broad-tailed hummingbird","Animalia",16048,292,"Live individuals",2015,4,24,114,2457137,13,2015,4,24,114,2457137,2,"16048_Live individuals","Adults observed",FALSE,0,"16048_Live individuals_2015",14
2803,39.971001,-105.397003,2329,"CO",357,"Sialia","mexicana","western bluebird","Animalia",16214,292,"Live individuals",2015,4,7,97,2457120,2,2015,4,7,97,2457120,4,"16214_Live individuals","Adults observed",FALSE,0,"16214_Live individuals_2015",14
8496,46.328629,-96.061256,393,"MN",246,"Turdus","migratorius","American robin","Animalia",25780,292,"Live individuals",2015,3,14,73,2457096,6,2015,8,14,226,2457249,7,"25780_Live individuals","Adults observed",FALSE,0,"25780_Live individuals_2015",12
8496,46.328629,-96.061256,393,"MN",352,"Archilochus","colubris","ruby-throated hummingbird","Animalia",25784,292,"Live individuals",2015,5,16,136,2457159,7,2015,8,21,233,2457256,28,"25784_Live individuals","Adults observed",FALSE,0,"25784_Live individuals_2015",11
8496,46.328629,-96.061256,393,"MN",1104,"Hirundo","rustica","barn swallow","Animalia",25894,292,"Live individuals",2015,4,29,119,2457142,1,2015,8,21,233,2457256,28,"25894_Live individuals","Adults observed",FALSE,0,"25894_Live individuals_2015",10
8496,46.328629,-96.061256,393,"MN",355,"Troglodytes","aedon","house wren","Animalia",25897,292,"Live individuals",2015,4,28,118,2457141,6,2015,4,28,118,2457141,1,"25897_Live individuals","Adults observed",FALSE,0,"25897_Live individuals_2015",11
8715,43.522804,-70.802277,215,"ME",352,"Archilochus","colubris","ruby-throated hummingbird","Animalia",28193,292,"Live individuals",2015,5,13,133,2457156,7,2015,5,20,140,2457163,7,"28193_Live individuals","Adults observed",FALSE,0,"28193_Live individuals_2015",13
8736,44.903229,-93.217445,248,"MN",352,"Archilochus","colubris","ruby-throated hummingbird","Animalia",28356,292,"Live individuals",2015,8,4,216,2457239,1,2015,8,4,216,2457239,1,"28356_Live individuals","Adults observed",FALSE,0,"28356_Live individuals_2015",10
8418,32.363758,-94.873947,115,"TX",352,"Archilochus","colubris","ruby-throated hummingbird","Animalia",30980,292,"Live individuals",2015,3,25,84,2457107,3,2015,3,29,88,2457111,3,"30980_Live individuals","Adults observed",FALSE,0,"30980_Live individuals_2015",11
8496,46.328629,-96.061256,393,"MN",375,"Zenaida","macroura","mourning dove","Animalia",32296,292,"Live individuals",2015,1,5,5,2457028,3,2015,1,9,9,2457032,6,"32296_Live individuals","Adults observed",FALSE,0,"32296_Live individuals_2015",11
10145,42.602543,-83.250992,277,"MI",1193,"Setophaga","ruticilla","American redstart","Animalia",38839,293,"Calls or song (birds)",2015,5,1,121,2457144,1,2015,5,1,121,2457144,1,"38839_Calls or song (birds)","Adults observed",FALSE,0,"38839_Calls or song (birds)_2015",9
10145,42.602543,-83.250992,277,"MI",1104,"Hirundo","rustica","barn swallow","Animalia",38845,292,"Live individuals",2015,6,8,159,2457182,1,2015,6,8,159,2457182,1,"38845_Live individuals","Adults observed",FALSE,0,"38845_Live individuals_2015",13
10145,42.602543,-83.250992,277,"MI",363,"Molothrus","ater","brown-headed cowbird","Animalia",38857,292,"Live individuals",2015,4,12,102,2457125,1,2015,4,12,102,2457125,1,"38857_Live individuals","Adults observed",FALSE,0,"38857_Live individuals_2015",13
10145,42.602543,-83.250992,277,"MI",1093,"Chaetura","pelagica","chimney swift","Animalia",38864,292,"Live individuals",2015,6,18,169,2457192,1,2015,6,18,169,2457192,1,"38864_Live individuals","Adults observed",FALSE,0,"38864_Live individuals_2015",13
10145,42.602543,-83.250992,277,"MI",355,"Troglodytes","aedon","house wren","Animalia",38908,292,"Live individuals",2015,7,3,184,2457207,1,2015,7,3,184,2457207,1,"38908_Live individuals","Adults observed",FALSE,0,"38908_Live individuals_2015",13
10145,42.602543,-83.250992,277,"MI",359,"Agelaius","phoeniceus","red-winged blackbird","Animalia",38946,292,"Live individuals",2015,3,18,77,2457100,1,2015,3,19,78,2457101,1,"38946_Live individuals","Adults observed",FALSE,0,"38946_Live individuals_2015",13
10145,42.602543,-83.250992,277,"MI",352,"Archilochus","colubris","ruby-throated hummingbird","Animalia",38951,292,"Live individuals",2015,5,13,133,2457156,1,2015,5,13,133,2457156,1,"38951_Live individuals","Adults observed",FALSE,0,"38951_Live individuals_2015",11
10717,38.285664,-111.246605,1790,"UT",246,"Turdus","migratorius","American robin","Animalia",42593,292,"Live individuals",2015,4,4,94,2457117,6,2015,4,9,99,2457122,4,"42593_Live individuals","Adults observed",FALSE,0,"42593_Live individuals_2015",10
17414,42.936153,-73.433449,147,"NY",1124,"Tachycineta","bicolor","tree swallow","Animalia",66940,292,"Live individuals",2015,4,8,98,2457121,6,2015,4,8,98,2457121,6,"66940_Live individuals","Adults observed",FALSE,0,"66940_Live individuals_2015",12
19944,33.66478,-117.843063,22,"CA",242,"Petrochelidon","pyrrhonota","cliff swallow","Animalia",81457,292,"Live individuals",2015,8,14,226,2457249,5,2015,8,14,226,2457249,3,"81457_Live individuals","Adults observed",FALSE,0,"81457_Live individuals_2015",11
17414,42.936153,-73.433449,147,"NY",1197,"Geothlypis","trichas","common yellowthroat","Animalia",86970,292,"Live individuals",2015,6,19,170,2457193,7,2015,6,19,170,2457193,3,"86970_Live individuals","Adults observed",FALSE,0,"86970_Live individuals_2015",10
20765,33.632149,-117.55545,440,"CA",358,"Setophaga","petechia","yellow warbler","Animalia",88476,293,"Calls or song (birds)",2015,6,9,160,2457183,5,2015,6,9,160,2457183,12,"88476_Calls or song (birds)","Adults observed",FALSE,0,"88476_Calls or song (birds)_2015",9
1419,42.011166,-88.503304,280,"IL",244,"Charadrius","vociferus","killdeer","Animalia",10286,293,"Calls or song (birds)",2016,3,28,88,2457476,8,2016,3,28,88,2457476,13,"10286_Calls or song (birds)","Adults observed",FALSE,0,"10286_Calls or song (birds)_2016",10
5582,45.195858,-70.45369,366,"ME",243,"Gavia","immer","common loon","Animalia",12467,293,"Calls or song (birds)",2016,5,4,125,2457513,8,2016,5,10,131,2457519,7,"12467_Calls or song (birds)","Adults observed",FALSE,0,"12467_Calls or song (birds)_2016",12
5583,45.196041,-70.459015,368,"ME",243,"Gavia","immer","common loon","Animalia",12472,292,"Live individuals",2016,6,7,159,2457547,7,2016,6,7,159,2457547,8,"12472_Live individuals","Adults observed",FALSE,0,"12472_Live individuals_2016",12
5674,44.910587,-70.266861,261,"ME",246,"Turdus","migratorius","American robin","Animalia",12709,292,"Live individuals",2016,3,20,80,2457468,7,2016,9,4,248,2457636,7,"12709_Live individuals","Adults observed",FALSE,0,"12709_Live individuals_2016",13
5674,44.910587,-70.266861,261,"ME",352,"Archilochus","colubris","ruby-throated hummingbird","Animalia",12712,292,"Live individuals",2016,5,15,136,2457524,7,2016,9,11,255,2457643,7,"12712_Live individuals","Adults observed",FALSE,0,"12712_Live individuals_2016",14
2803,39.971001,-105.397003,2329,"CO",246,"Turdus","migratorius","American robin","Animalia",16046,292,"Live individuals",2016,1,21,21,2457409,5,2016,1,24,24,2457412,4,"16046_Live individuals","Adults observed",FALSE,0,"16046_Live individuals_2016",15
2803,39.971001,-105.397003,2329,"CO",354,"Selasphorus","platycercus","broad-tailed hummingbird","Animalia",16048,292,"Live individuals",2016,5,6,127,2457515,5,2016,9,6,250,2457638,11,"16048_Live individuals","Adults observed",FALSE,0,"16048_Live individuals_2016",14
2803,39.971001,-105.397003,2329,"CO",357,"Sialia","mexicana","western bluebird","Animalia",16214,292,"Live individuals",2016,8,19,232,2457620,3,2016,8,19,232,2457620,3,"16214_Live individuals","Adults observed",FALSE,0,"16214_Live individuals_2016",14
8496,46.328629,-96.061256,393,"MN",246,"Turdus","migratorius","American robin","Animalia",25780,292,"Live individuals",2016,3,3,63,2457451,5,2016,8,11,224,2457612,6,"25780_Live individuals","Adults observed",FALSE,0,"25780_Live individuals_2016",12
8496,46.328629,-96.061256,393,"MN",352,"Archilochus","colubris","ruby-throated hummingbird","Animalia",25784,292,"Live individuals",2016,5,20,141,2457529,6,2016,9,10,254,2457642,9,"25784_Live individuals","Adults observed",FALSE,0,"25784_Live individuals_2016",11
8496,46.328629,-96.061256,393,"MN",1104,"Hirundo","rustica","barn swallow","Animalia",25894,292,"Live individuals",2016,4,30,121,2457509,6,2016,8,27,240,2457628,23,"25894_Live individuals","Adults observed",FALSE,0,"25894_Live individuals_2016",10
8496,46.328629,-96.061256,393,"MN",355,"Troglodytes","aedon","house wren","Animalia",25897,292,"Live individuals",2016,5,14,135,2457523,4,2016,7,20,202,2457590,8,"25897_Live individuals","Adults observed",FALSE,0,"25897_Live individuals_2016",11
8715,43.522804,-70.802277,215,"ME",352,"Archilochus","colubris","ruby-throated hummingbird","Animalia",28193,292,"Live individuals",2016,6,16,168,2457556,8,2016,7,17,199,2457587,NA,"28193_Live individuals","Adults observed",FALSE,0,"28193_Live individuals_2016",13
8736,44.903229,-93.217445,248,"MN",352,"Archilochus","colubris","ruby-throated hummingbird","Animalia",28356,292,"Live individuals",2016,7,14,196,2457584,1,2016,7,14,196,2457584,3,"28356_Live individuals","Adults observed",FALSE,0,"28356_Live individuals_2016",10
8418,32.363758,-94.873947,115,"TX",352,"Archilochus","colubris","ruby-throated hummingbird","Animalia",30980,292,"Live individuals",2016,4,10,101,2457489,4,2016,4,10,101,2457489,3,"30980_Live individuals","Adults observed",FALSE,0,"30980_Live individuals_2016",11
8496,46.328629,-96.061256,393,"MN",375,"Zenaida","macroura","mourning dove","Animalia",32296,292,"Live individuals",2016,1,31,31,2457419,5,2016,1,31,31,2457419,9,"32296_Live individuals","Adults observed",FALSE,0,"32296_Live individuals_2016",11
10145,42.602543,-83.250992,277,"MI",1193,"Setophaga","ruticilla","American redstart","Animalia",38839,293,"Calls or song (birds)",2016,5,16,137,2457525,1,2016,5,16,137,2457525,1,"38839_Calls or song (birds)","Adults observed",FALSE,0,"38839_Calls or song (birds)_2016",9
10145,42.602543,-83.250992,277,"MI",1104,"Hirundo","rustica","barn swallow","Animalia",38845,292,"Live individuals",2016,5,23,144,2457532,1,2016,5,23,144,2457532,1,"38845_Live individuals","Adults observed",FALSE,0,"38845_Live individuals_2016",13
10145,42.602543,-83.250992,277,"MI",363,"Molothrus","ater","brown-headed cowbird","Animalia",38857,292,"Live individuals",2016,4,5,96,2457484,1,2016,4,5,96,2457484,1,"38857_Live individuals","Adults observed",FALSE,0,"38857_Live individuals_2016",13
10145,42.602543,-83.250992,277,"MI",1093,"Chaetura","pelagica","chimney swift","Animalia",38864,292,"Live individuals",2016,6,3,155,2457543,1,2016,6,3,155,2457543,1,"38864_Live individuals","Adults observed",FALSE,0,"38864_Live individuals_2016",13
10145,42.602543,-83.250992,277,"MI",355,"Troglodytes","aedon","house wren","Animalia",38908,292,"Live individuals",2016,5,16,137,2457525,1,2016,5,16,137,2457525,1,"38908_Live individuals","Adults observed",FALSE,0,"38908_Live individuals_2016",13
10145,42.602543,-83.250992,277,"MI",359,"Agelaius","phoeniceus","red-winged blackbird","Animalia",38946,292,"Live individuals",2016,3,10,70,2457458,1,2016,3,10,70,2457458,1,"38946_Live individuals","Adults observed",FALSE,0,"38946_Live individuals_2016",13
10145,42.602543,-83.250992,277,"MI",352,"Archilochus","colubris","ruby-throated hummingbird","Animalia",38951,292,"Live individuals",2016,6,2,154,2457542,1,2016,6,2,154,2457542,1,"38951_Live individuals","Adults observed",FALSE,0,"38951_Live individuals_2016",11
10717,38.285664,-111.246605,1790,"UT",246,"Turdus","migratorius","American robin","Animalia",42593,292,"Live individuals",2016,4,3,94,2457482,3,2016,8,20,233,2457621,15,"42593_Live individuals","Adults observed",FALSE,0,"42593_Live individuals_2016",10
1419,42.011166,-88.503304,280,"IL",1117,"Sayornis","phoebe","eastern phoebe","Animalia",44642,292,"Live individuals",2016,4,10,101,2457489,13,2016,4,22,113,2457501,9,"44642_Live individuals","Adults observed",FALSE,0,"44642_Live individuals_2016",9
17414,42.936153,-73.433449,147,"NY",1124,"Tachycineta","bicolor","tree swallow","Animalia",66940,292,"Live individuals",2016,4,15,106,2457494,4,2016,4,15,106,2457494,5,"66940_Live individuals","Adults observed",FALSE,0,"66940_Live individuals_2016",12
19944,33.66478,-117.843063,22,"CA",242,"Petrochelidon","pyrrhonota","cliff swallow","Animalia",81457,292,"Live individuals",2016,1,15,15,2457403,13,2016,1,15,15,2457403,3,"81457_Live individuals","Adults observed",FALSE,0,"81457_Live individuals_2016",11
17414,42.936153,-73.433449,147,"NY",1197,"Geothlypis","trichas","common yellowthroat","Animalia",86970,292,"Live individuals",2016,7,24,206,2457594,9,2016,7,24,206,2457594,5,"86970_Live individuals","Adults observed",FALSE,0,"86970_Live individuals_2016",10
20765,33.632149,-117.55545,440,"CA",358,"Setophaga","petechia","yellow warbler","Animalia",88476,293,"Calls or song (birds)",2016,3,9,69,2457457,6,2016,3,9,69,2457457,11,"88476_Calls or song (birds)","Adults observed",FALSE,0,"88476_Calls or song (birds)_2016",9
17414,42.936153,-73.433449,147,"NY",352,"Archilochus","colubris","ruby-throated hummingbird","Animalia",103211,292,"Live individuals",2016,5,8,129,2457517,1,2016,9,17,261,2457649,8,"103211_Live individuals","Adults observed",FALSE,0,"103211_Live individuals_2016",10
5582,45.195858,-70.45369,366,"ME",243,"Gavia","immer","common loon","Animalia",12467,293,"Calls or song (birds)",2017,4,26,116,2457870,13,2017,5,4,124,2457878,12,"12467_Calls or song (birds)","Adults observed",FALSE,0,"12467_Calls or song (birds)_2017",12
5583,45.196041,-70.459015,368,"ME",243,"Gavia","immer","common loon","Animalia",12472,292,"Live individuals",2017,4,26,116,2457870,13,2017,5,23,143,2457897,9,"12472_Live individuals","Adults observed",FALSE,0,"12472_Live individuals_2017",12
5674,44.910587,-70.266861,261,"ME",246,"Turdus","migratorius","American robin","Animalia",12709,292,"Live individuals",2017,4,16,106,2457860,7,2017,8,13,225,2457979,7,"12709_Live individuals","Adults observed",FALSE,0,"12709_Live individuals_2017",13
5674,44.910587,-70.266861,261,"ME",352,"Archilochus","colubris","ruby-throated hummingbird","Animalia",12712,292,"Live individuals",2017,5,7,127,2457881,7,2017,8,13,225,2457979,7,"12712_Live individuals","Adults observed",FALSE,0,"12712_Live individuals_2017",14
2803,39.971001,-105.397003,2329,"CO",246,"Turdus","migratorius","American robin","Animalia",16046,292,"Live individuals",2017,1,9,9,2457763,2,2017,1,9,9,2457763,4,"16046_Live individuals","Adults observed",FALSE,0,"16046_Live individuals_2017",15
2803,39.971001,-105.397003,2329,"CO",354,"Selasphorus","platycercus","broad-tailed hummingbird","Animalia",16048,292,"Live individuals",2017,4,17,107,2457861,2,2017,9,8,251,2458005,2,"16048_Live individuals","Adults observed",FALSE,0,"16048_Live individuals_2017",14
2803,39.971001,-105.397003,2329,"CO",357,"Sialia","mexicana","western bluebird","Animalia",16214,292,"Live individuals",2017,4,3,93,2457847,2,2017,4,3,93,2457847,4,"16214_Live individuals","Adults observed",FALSE,0,"16214_Live individuals_2017",14
8496,46.328629,-96.061256,393,"MN",246,"Turdus","migratorius","American robin","Animalia",25780,292,"Live individuals",2017,7,15,196,2457950,9,2017,11,17,321,2458075,19,"25780_Live individuals","Adults observed",FALSE,0,"25780_Live individuals_2017",12
8496,46.328629,-96.061256,393,"MN",352,"Archilochus","colubris","ruby-throated hummingbird","Animalia",25784,292,"Live individuals",2017,5,22,142,2457896,5,2017,9,21,264,2458018,9,"25784_Live individuals","Adults observed",FALSE,0,"25784_Live individuals_2017",11
8496,46.328629,-96.061256,393,"MN",1104,"Hirundo","rustica","barn swallow","Animalia",25894,292,"Live individuals",2017,5,3,123,2457877,13,2017,9,21,264,2458018,NA,"25894_Live individuals","Adults observed",FALSE,0,"25894_Live individuals_2017",10
8496,46.328629,-96.061256,393,"MN",355,"Troglodytes","aedon","house wren","Animalia",25897,292,"Live individuals",2017,5,12,132,2457886,5,2017,5,22,142,2457896,18,"25897_Live individuals","Adults observed",FALSE,0,"25897_Live individuals_2017",11
8715,43.522804,-70.802277,215,"ME",352,"Archilochus","colubris","ruby-throated hummingbird","Animalia",28193,292,"Live individuals",2017,5,3,123,2457877,6,2017,8,4,216,2457970,NA,"28193_Live individuals","Adults observed",FALSE,0,"28193_Live individuals_2017",13
8736,44.903229,-93.217445,248,"MN",352,"Archilochus","colubris","ruby-throated hummingbird","Animalia",28356,292,"Live individuals",2017,7,27,208,2457962,1,2017,7,27,208,2457962,1,"28356_Live individuals","Adults observed",FALSE,0,"28356_Live individuals_2017",10
8418,32.363758,-94.873947,115,"TX",352,"Archilochus","colubris","ruby-throated hummingbird","Animalia",30980,292,"Live individuals",2017,4,5,95,2457849,3,2017,4,5,95,2457849,4,"30980_Live individuals","Adults observed",FALSE,0,"30980_Live individuals_2017",11
8496,46.328629,-96.061256,393,"MN",375,"Zenaida","macroura","mourning dove","Animalia",32296,292,"Live individuals",2017,4,11,101,2457855,4,2017,4,20,110,2457864,5,"32296_Live individuals","Adults observed",FALSE,0,"32296_Live individuals_2017",11
10145,42.602543,-83.250992,277,"MI",1193,"Setophaga","ruticilla","American redstart","Animalia",38839,293,"Calls or song (birds)",2017,5,23,143,2457897,4,2017,5,23,143,2457897,7,"38839_Calls or song (birds)","Adults observed",FALSE,0,"38839_Calls or song (birds)_2017",9
10145,42.602543,-83.250992,277,"MI",1104,"Hirundo","rustica","barn swallow","Animalia",38845,292,"Live individuals",2017,5,10,130,2457884,4,2017,5,10,130,2457884,1,"38845_Live individuals","Adults observed",FALSE,0,"38845_Live individuals_2017",13
10145,42.602543,-83.250992,277,"MI",363,"Molothrus","ater","brown-headed cowbird","Animalia",38857,292,"Live individuals",2017,4,24,114,2457868,2,2017,4,25,115,2457869,1,"38857_Live individuals","Adults observed",FALSE,0,"38857_Live individuals_2017",13
10145,42.602543,-83.250992,277,"MI",1093,"Chaetura","pelagica","chimney swift","Animalia",38864,292,"Live individuals",2017,5,19,139,2457893,3,2017,5,23,143,2457897,7,"38864_Live individuals","Adults observed",FALSE,0,"38864_Live individuals_2017",13
10145,42.602543,-83.250992,277,"MI",355,"Troglodytes","aedon","house wren","Animalia",38908,292,"Live individuals",2017,6,7,158,2457912,2,2017,6,7,158,2457912,1,"38908_Live individuals","Adults observed",FALSE,0,"38908_Live individuals_2017",13
10145,42.602543,-83.250992,277,"MI",248,"Pandion","haliaetus","osprey","Animalia",38931,292,"Live individuals",2017,10,3,276,2458030,1,2017,10,3,276,2458030,1,"38931_Live individuals","Adults observed",FALSE,0,"38931_Live individuals_2017",9
10145,42.602543,-83.250992,277,"MI",359,"Agelaius","phoeniceus","red-winged blackbird","Animalia",38946,292,"Live individuals",2017,3,23,82,2457836,1,2017,3,24,83,2457837,3,"38946_Live individuals","Adults observed",FALSE,0,"38946_Live individuals_2017",13
10145,42.602543,-83.250992,277,"MI",352,"Archilochus","colubris","ruby-throated hummingbird","Animalia",38951,292,"Live individuals",2017,5,19,139,2457893,3,2017,5,19,139,2457893,4,"38951_Live individuals","Adults observed",FALSE,0,"38951_Live individuals_2017",11
10717,38.285664,-111.246605,1790,"UT",246,"Turdus","migratorius","American robin","Animalia",42593,292,"Live individuals",2017,8,9,221,2457975,10,2017,8,9,221,2457975,9,"42593_Live individuals","Adults observed",FALSE,0,"42593_Live individuals_2017",10
1419,42.011166,-88.503304,280,"IL",1117,"Sayornis","phoebe","eastern phoebe","Animalia",44642,292,"Live individuals",2017,4,11,101,2457855,2,2017,7,16,197,2457951,28,"44642_Live individuals","Adults observed",FALSE,0,"44642_Live individuals_2017",9
17414,42.936153,-73.433449,147,"NY",1124,"Tachycineta","bicolor","tree swallow","Animalia",66940,292,"Live individuals",2017,3,30,89,2457843,4,2017,4,2,92,2457846,1,"66940_Live individuals","Adults observed",FALSE,0,"66940_Live individuals_2017",12
19944,33.66478,-117.843063,22,"CA",242,"Petrochelidon","pyrrhonota","cliff swallow","Animalia",81457,292,"Live individuals",2017,3,1,60,2457814,7,2017,3,1,60,2457814,4,"81457_Live individuals","Adults observed",FALSE,0,"81457_Live individuals_2017",11
20765,33.632149,-117.55545,440,"CA",358,"Setophaga","petechia","yellow warbler","Animalia",88476,293,"Calls or song (birds)",2017,2,9,40,2457794,6,2017,2,9,40,2457794,10,"88476_Calls or song (birds)","Adults observed",FALSE,0,"88476_Calls or song (birds)_2017",9
22858,38.09404,-122.37149,-1,"CA",1124,"Tachycineta","bicolor","tree swallow","Animalia",103160,292,"Live individuals",2017,2,13,44,2457798,7,2017,2,27,58,2457812,7,"103160_Live individuals","Adults observed",FALSE,0,"103160_Live individuals_2017",9
17414,42.936153,-73.433449,147,"NY",352,"Archilochus","colubris","ruby-throated hummingbird","Animalia",103211,292,"Live individuals",2017,4,29,119,2457873,1,2017,4,29,119,2457873,4,"103211_Live individuals","Adults observed",FALSE,0,"103211_Live individuals_2017",10
1419,42.011166,-88.503304,280,"IL",244,"Charadrius","vociferus","killdeer","Animalia",10286,293,"Calls or song (birds)",2018,8,25,237,2458356,12,2018,8,25,237,2458356,15,"10286_Calls or song (birds)","Adults observed",FALSE,0,"10286_Calls or song (birds)_2018",10
5582,45.195858,-70.45369,366,"ME",243,"Gavia","immer","common loon","Animalia",12467,293,"Calls or song (birds)",2018,5,23,143,2458262,7,2018,6,27,178,2458297,7,"12467_Calls or song (birds)","Adults observed",FALSE,0,"12467_Calls or song (birds)_2018",12
5583,45.196041,-70.459015,368,"ME",243,"Gavia","immer","common loon","Animalia",12472,292,"Live individuals",2018,5,23,143,2458262,7,2018,5,23,143,2458262,7,"12472_Live individuals","Adults observed",FALSE,0,"12472_Live individuals_2018",12
5674,44.910587,-70.266861,261,"ME",246,"Turdus","migratorius","American robin","Animalia",12709,292,"Live individuals",2018,1,21,21,2458140,7,2018,5,20,140,2458259,5,"12709_Live individuals","Adults observed",FALSE,0,"12709_Live individuals_2018",13
5674,44.910587,-70.266861,261,"ME",352,"Archilochus","colubris","ruby-throated hummingbird","Animalia",12712,292,"Live individuals",2018,5,13,133,2458252,7,2018,9,16,259,2458378,7,"12712_Live individuals","Adults observed",FALSE,0,"12712_Live individuals_2018",14
2803,39.971001,-105.397003,2329,"CO",246,"Turdus","migratorius","American robin","Animalia",16046,292,"Live individuals",2018,3,22,81,2458200,3,2018,3,22,81,2458200,8,"16046_Live individuals","Adults observed",FALSE,0,"16046_Live individuals_2018",15
2803,39.971001,-105.397003,2329,"CO",354,"Selasphorus","platycercus","broad-tailed hummingbird","Animalia",16048,292,"Live individuals",2018,4,30,120,2458239,3,2018,9,5,248,2458367,5,"16048_Live individuals","Adults observed",FALSE,0,"16048_Live individuals_2018",14
2803,39.971001,-105.397003,2329,"CO",357,"Sialia","mexicana","western bluebird","Animalia",16214,292,"Live individuals",2018,5,4,124,2458243,4,2018,5,4,124,2458243,3,"16214_Live individuals","Adults observed",FALSE,0,"16214_Live individuals_2018",14
8496,46.328629,-96.061256,393,"MN",246,"Turdus","migratorius","American robin","Animalia",25780,292,"Live individuals",2018,9,11,254,2458373,7,2018,11,10,314,2458433,31,"25780_Live individuals","Adults observed",FALSE,0,"25780_Live individuals_2018",12
8496,46.328629,-96.061256,393,"MN",352,"Archilochus","colubris","ruby-throated hummingbird","Animalia",25784,292,"Live individuals",2018,5,10,130,2458249,4,2018,9,21,264,2458383,33,"25784_Live individuals","Adults observed",FALSE,0,"25784_Live individuals_2018",11
8496,46.328629,-96.061256,393,"MN",1104,"Hirundo","rustica","barn swallow","Animalia",25894,292,"Live individuals",2018,5,2,122,2458241,5,2018,9,4,247,2458366,17,"25894_Live individuals","Adults observed",FALSE,0,"25894_Live individuals_2018",10
8496,46.328629,-96.061256,393,"MN",355,"Troglodytes","aedon","house wren","Animalia",25897,292,"Live individuals",2018,5,10,130,2458249,4,2018,8,1,213,2458332,11,"25897_Live individuals","Adults observed",FALSE,0,"25897_Live individuals_2018",11
8715,43.522804,-70.802277,215,"ME",352,"Archilochus","colubris","ruby-throated hummingbird","Animalia",28193,292,"Live individuals",2018,5,14,134,2458253,7,2018,5,14,134,2458253,7,"28193_Live individuals","Adults observed",FALSE,0,"28193_Live individuals_2018",13
8736,44.903229,-93.217445,248,"MN",352,"Archilochus","colubris","ruby-throated hummingbird","Animalia",28356,292,"Live individuals",2018,8,6,218,2458337,1,2018,8,6,218,2458337,1,"28356_Live individuals","Adults observed",FALSE,0,"28356_Live individuals_2018",10
8418,32.363758,-94.873947,115,"TX",352,"Archilochus","colubris","ruby-throated hummingbird","Animalia",30980,292,"Live individuals",2018,4,1,91,2458210,4,2018,4,1,91,2458210,3,"30980_Live individuals","Adults observed",FALSE,0,"30980_Live individuals_2018",11
8496,46.328629,-96.061256,393,"MN",375,"Zenaida","macroura","mourning dove","Animalia",32296,292,"Live individuals",2018,4,27,117,2458236,4,2018,5,31,151,2458270,8,"32296_Live individuals","Adults observed",FALSE,0,"32296_Live individuals_2018",11
10145,42.602543,-83.250992,277,"MI",1193,"Setophaga","ruticilla","American redstart","Animalia",38839,293,"Calls or song (birds)",2018,5,14,134,2458253,1,2018,5,16,136,2458255,1,"38839_Calls or song (birds)","Adults observed",FALSE,0,"38839_Calls or song (birds)_2018",9
10145,42.602543,-83.250992,277,"MI",1104,"Hirundo","rustica","barn swallow","Animalia",38845,292,"Live individuals",2018,5,10,130,2458249,1,2018,5,10,130,2458249,3,"38845_Live individuals","Adults observed",FALSE,0,"38845_Live individuals_2018",13
10145,42.602543,-83.250992,277,"MI",363,"Molothrus","ater","brown-headed cowbird","Animalia",38857,292,"Live individuals",2018,4,7,97,2458216,1,2018,4,7,97,2458216,1,"38857_Live individuals","Adults observed",FALSE,0,"38857_Live individuals_2018",13
10145,42.602543,-83.250992,277,"MI",1093,"Chaetura","pelagica","chimney swift","Animalia",38864,292,"Live individuals",2018,5,15,135,2458254,1,2018,5,15,135,2458254,1,"38864_Live individuals","Adults observed",FALSE,0,"38864_Live individuals_2018",13
10145,42.602543,-83.250992,277,"MI",355,"Troglodytes","aedon","house wren","Animalia",38908,292,"Live individuals",2018,5,7,127,2458246,1,2018,5,7,127,2458246,1,"38908_Live individuals","Adults observed",FALSE,0,"38908_Live individuals_2018",13
10145,42.602543,-83.250992,277,"MI",359,"Agelaius","phoeniceus","red-winged blackbird","Animalia",38946,292,"Live individuals",2018,2,26,57,2458176,1,2018,2,26,57,2458176,1,"38946_Live individuals","Adults observed",FALSE,0,"38946_Live individuals_2018",13
10145,42.602543,-83.250992,277,"MI",352,"Archilochus","colubris","ruby-throated hummingbird","Animalia",38951,292,"Live individuals",2018,5,13,133,2458252,3,2018,5,13,133,2458252,1,"38951_Live individuals","Adults observed",FALSE,0,"38951_Live individuals_2018",11
17414,42.936153,-73.433449,147,"NY",1124,"Tachycineta","bicolor","tree swallow","Animalia",66940,292,"Live individuals",2018,4,10,100,2458219,2,2018,7,7,188,2458307,5,"66940_Live individuals","Adults observed",FALSE,0,"66940_Live individuals_2018",12
19944,33.66478,-117.843063,22,"CA",242,"Petrochelidon","pyrrhonota","cliff swallow","Animalia",81457,292,"Live individuals",2018,2,17,48,2458167,3,2018,2,17,48,2458167,1,"81457_Live individuals","Adults observed",FALSE,0,"81457_Live individuals_2018",11
17414,42.936153,-73.433449,147,"NY",1197,"Geothlypis","trichas","common yellowthroat","Animalia",86970,292,"Live individuals",2018,7,29,210,2458329,8,2018,7,29,210,2458329,5,"86970_Live individuals","Adults observed",FALSE,0,"86970_Live individuals_2018",10
20765,33.632149,-117.55545,440,"CA",358,"Setophaga","petechia","yellow warbler","Animalia",88476,293,"Calls or song (birds)",2018,6,15,166,2458285,2,2018,6,15,166,2458285,20,"88476_Calls or song (birds)","Adults observed",FALSE,0,"88476_Calls or song (birds)_2018",9
22858,38.09404,-122.37149,-1,"CA",1124,"Tachycineta","bicolor","tree swallow","Animalia",103160,292,"Live individuals",2018,2,5,36,2458155,7,2018,2,26,57,2458176,7,"103160_Live individuals","Adults observed",FALSE,0,"103160_Live individuals_2018",9
17414,42.936153,-73.433449,147,"NY",352,"Archilochus","colubris","ruby-throated hummingbird","Animalia",103211,292,"Live individuals",2018,5,3,123,2458242,2,2018,7,27,208,2458327,2,"103211_Live individuals","Adults observed",FALSE,0,"103211_Live individuals_2018",10
1419,42.011166,-88.503304,280,"IL",244,"Charadrius","vociferus","killdeer","Animalia",10286,293,"Calls or song (birds)",2019,4,21,111,2458595,8,2019,4,21,111,2458595,15,"10286_Calls or song (birds)","Adults observed",FALSE,0,"10286_Calls or song (birds)_2019",10
5582,45.195858,-70.45369,366,"ME",243,"Gavia","immer","common loon","Animalia",12467,293,"Calls or song (birds)",2019,6,5,156,2458640,7,2019,6,5,156,2458640,7,"12467_Calls or song (birds)","Adults observed",FALSE,0,"12467_Calls or song (birds)_2019",12
5583,45.196041,-70.459015,368,"ME",243,"Gavia","immer","common loon","Animalia",12472,292,"Live individuals",2019,5,8,128,2458612,10,2019,5,15,135,2458619,7,"12472_Live individuals","Adults observed",FALSE,0,"12472_Live individuals_2019",12
5674,44.910587,-70.266861,261,"ME",246,"Turdus","migratorius","American robin","Animalia",12709,292,"Live individuals",2019,4,14,104,2458588,7,2019,6,6,157,2458641,3,"12709_Live individuals","Adults observed",FALSE,0,"12709_Live individuals_2019",13
5674,44.910587,-70.266861,261,"ME",352,"Archilochus","colubris","ruby-throated hummingbird","Animalia",12712,292,"Live individuals",2019,5,12,132,2458616,7,2019,9,1,244,2458728,7,"12712_Live individuals","Adults observed",FALSE,0,"12712_Live individuals_2019",14
2803,39.971001,-105.397003,2329,"CO",246,"Turdus","migratorius","American robin","Animalia",16046,292,"Live individuals",2019,4,15,105,2458589,2,2019,4,22,112,2458596,5,"16046_Live individuals","Adults observed",FALSE,0,"16046_Live individuals_2019",15
2803,39.971001,-105.397003,2329,"CO",354,"Selasphorus","platycercus","broad-tailed hummingbird","Animalia",16048,292,"Live individuals",2019,4,27,117,2458601,5,2019,9,16,259,2458743,5,"16048_Live individuals","Adults observed",FALSE,0,"16048_Live individuals_2019",14
2803,39.971001,-105.397003,2329,"CO",357,"Sialia","mexicana","western bluebird","Animalia",16214,292,"Live individuals",2019,4,22,112,2458596,2,2019,4,27,117,2458601,2,"16214_Live individuals","Adults observed",FALSE,0,"16214_Live individuals_2019",14
8496,46.328629,-96.061256,393,"MN",246,"Turdus","migratorius","American robin","Animalia",25780,292,"Live individuals",2019,7,26,207,2458691,13,2019,8,18,230,2458714,19,"25780_Live individuals","Adults observed",FALSE,0,"25780_Live individuals_2019",12
8496,46.328629,-96.061256,393,"MN",1104,"Hirundo","rustica","barn swallow","Animalia",25894,292,"Live individuals",2019,5,10,130,2458614,9,2019,9,6,249,2458733,22,"25894_Live individuals","Adults observed",FALSE,0,"25894_Live individuals_2019",10
8496,46.328629,-96.061256,393,"MN",355,"Troglodytes","aedon","house wren","Animalia",25897,292,"Live individuals",2019,6,26,177,2458661,7,2019,8,5,217,2458701,32,"25897_Live individuals","Adults observed",FALSE,0,"25897_Live individuals_2019",11
8715,43.522804,-70.802277,215,"ME",352,"Archilochus","colubris","ruby-throated hummingbird","Animalia",28193,292,"Live individuals",2019,5,13,133,2458617,8,2019,8,26,238,2458722,15,"28193_Live individuals","Adults observed",FALSE,0,"28193_Live individuals_2019",13
8736,44.903229,-93.217445,248,"MN",352,"Archilochus","colubris","ruby-throated hummingbird","Animalia",28356,292,"Live individuals",2019,8,4,216,2458700,1,2019,8,4,216,2458700,2,"28356_Live individuals","Adults observed",FALSE,0,"28356_Live individuals_2019",10
8418,32.363758,-94.873947,115,"TX",352,"Archilochus","colubris","ruby-throated hummingbird","Animalia",30980,292,"Live individuals",2019,3,27,86,2458570,4,2019,4,21,111,2458595,3,"30980_Live individuals","Adults observed",FALSE,0,"30980_Live individuals_2019",11
8496,46.328629,-96.061256,393,"MN",375,"Zenaida","macroura","mourning dove","Animalia",32296,292,"Live individuals",2019,4,20,110,2458594,14,2019,4,20,110,2458594,5,"32296_Live individuals","Adults observed",FALSE,0,"32296_Live individuals_2019",11
10145,42.602543,-83.250992,277,"MI",1193,"Setophaga","ruticilla","American redstart","Animalia",38839,293,"Calls or song (birds)",2019,5,16,136,2458620,1,2019,5,17,137,2458621,2,"38839_Calls or song (birds)","Adults observed",FALSE,0,"38839_Calls or song (birds)_2019",9
10145,42.602543,-83.250992,277,"MI",1104,"Hirundo","rustica","barn swallow","Animalia",38845,292,"Live individuals",2019,5,17,137,2458621,1,2019,5,17,137,2458621,2,"38845_Live individuals","Adults observed",FALSE,0,"38845_Live individuals_2019",13
10145,42.602543,-83.250992,277,"MI",363,"Molothrus","ater","brown-headed cowbird","Animalia",38857,292,"Live individuals",2019,4,7,97,2458581,1,2019,4,7,97,2458581,1,"38857_Live individuals","Adults observed",FALSE,0,"38857_Live individuals_2019",13
10145,42.602543,-83.250992,277,"MI",1093,"Chaetura","pelagica","chimney swift","Animalia",38864,292,"Live individuals",2019,5,10,130,2458614,1,2019,5,10,130,2458614,1,"38864_Live individuals","Adults observed",FALSE,0,"38864_Live individuals_2019",13
10145,42.602543,-83.250992,277,"MI",355,"Troglodytes","aedon","house wren","Animalia",38908,292,"Live individuals",2019,5,11,131,2458615,1,2019,5,11,131,2458615,2,"38908_Live individuals","Adults observed",FALSE,0,"38908_Live individuals_2019",13
10145,42.602543,-83.250992,277,"MI",248,"Pandion","haliaetus","osprey","Animalia",38931,292,"Live individuals",2019,4,10,100,2458584,1,2019,4,10,100,2458584,1,"38931_Live individuals","Adults observed",FALSE,0,"38931_Live individuals_2019",9
10145,42.602543,-83.250992,277,"MI",359,"Agelaius","phoeniceus","red-winged blackbird","Animalia",38946,292,"Live individuals",2019,3,22,81,2458565,1,2019,3,22,81,2458565,1,"38946_Live individuals","Adults observed",FALSE,0,"38946_Live individuals_2019",13
10145,42.602543,-83.250992,277,"MI",352,"Archilochus","colubris","ruby-throated hummingbird","Animalia",38951,292,"Live individuals",2019,5,23,143,2458627,1,2019,5,24,144,2458628,1,"38951_Live individuals","Adults observed",FALSE,0,"38951_Live individuals_2019",11
10717,38.285664,-111.246605,1790,"UT",246,"Turdus","migratorius","American robin","Animalia",42593,292,"Live individuals",2019,7,11,192,2458676,13,2019,7,29,210,2458694,4,"42593_Live individuals","Adults observed",FALSE,0,"42593_Live individuals_2019",10
1419,42.011166,-88.503304,280,"IL",1117,"Sayornis","phoebe","eastern phoebe","Animalia",44642,292,"Live individuals",2019,4,13,103,2458587,6,2019,7,1,182,2458666,8,"44642_Live individuals","Adults observed",FALSE,0,"44642_Live individuals_2019",9
17414,42.936153,-73.433449,147,"NY",1124,"Tachycineta","bicolor","tree swallow","Animalia",66940,292,"Live individuals",2019,4,7,97,2458581,8,2019,4,7,97,2458581,5,"66940_Live individuals","Adults observed",FALSE,0,"66940_Live individuals_2019",12
19944,33.66478,-117.843063,22,"CA",242,"Petrochelidon","pyrrhonota","cliff swallow","Animalia",81457,292,"Live individuals",2019,2,16,47,2458531,3,2019,2,16,47,2458531,10,"81457_Live individuals","Adults observed",FALSE,0,"81457_Live individuals_2019",11
17414,42.936153,-73.433449,147,"NY",1197,"Geothlypis","trichas","common yellowthroat","Animalia",86970,292,"Live individuals",2019,5,17,137,2458621,2,2019,5,17,137,2458621,2,"86970_Live individuals","Adults observed",FALSE,0,"86970_Live individuals_2019",10
20765,33.632149,-117.55545,440,"CA",358,"Setophaga","petechia","yellow warbler","Animalia",88476,293,"Calls or song (birds)",2019,6,12,163,2458647,6,2019,6,12,163,2458647,4,"88476_Calls or song (birds)","Adults observed",FALSE,0,"88476_Calls or song (birds)_2019",9
22858,38.09404,-122.37149,-1,"CA",1124,"Tachycineta","bicolor","tree swallow","Animalia",103160,292,"Live individuals",2019,1,28,28,2458512,7,2019,2,18,49,2458533,7,"103160_Live individuals","Adults observed",FALSE,0,"103160_Live individuals_2019",9
17414,42.936153,-73.433449,147,"NY",352,"Archilochus","colubris","ruby-throated hummingbird","Animalia",103211,292,"Live individuals",2019,4,30,120,2458604,3,2019,9,15,258,2458742,7,"103211_Live individuals","Adults observed",FALSE,0,"103211_Live individuals_2019",10
1419,42.011166,-88.503304,280,"IL",244,"Charadrius","vociferus","killdeer","Animalia",10286,293,"Calls or song (birds)",2020,3,15,75,2458924,7,2020,3,15,75,2458924,21,"10286_Calls or song (birds)","Adults observed",FALSE,0,"10286_Calls or song (birds)_2020",10
5582,45.195858,-70.45369,366,"ME",243,"Gavia","immer","common loon","Animalia",12467,293,"Calls or song (birds)",2020,6,24,176,2459025,7,2020,7,1,183,2459032,7,"12467_Calls or song (birds)","Adults observed",FALSE,0,"12467_Calls or song (birds)_2020",12
5583,45.196041,-70.459015,368,"ME",243,"Gavia","immer","common loon","Animalia",12472,292,"Live individuals",2020,5,27,148,2458997,7,2020,6,3,155,2459004,7,"12472_Live individuals","Adults observed",FALSE,0,"12472_Live individuals_2020",12
5674,44.910587,-70.266861,261,"ME",246,"Turdus","migratorius","American robin","Animalia",12709,292,"Live individuals",2020,3,15,75,2458924,7,2020,5,17,138,2458987,7,"12709_Live individuals","Adults observed",FALSE,0,"12709_Live individuals_2020",13
5674,44.910587,-70.266861,261,"ME",352,"Archilochus","colubris","ruby-throated hummingbird","Animalia",12712,292,"Live individuals",2020,5,17,138,2458987,7,2020,8,30,243,2459092,7,"12712_Live individuals","Adults observed",FALSE,0,"12712_Live individuals_2020",14
2803,39.971001,-105.397003,2329,"CO",246,"Turdus","migratorius","American robin","Animalia",16046,292,"Live individuals",2020,2,8,39,2458888,7,2020,2,8,39,2458888,2,"16046_Live individuals","Adults observed",FALSE,0,"16046_Live individuals_2020",15
2803,39.971001,-105.397003,2329,"CO",354,"Selasphorus","platycercus","broad-tailed hummingbird","Animalia",16048,292,"Live individuals",2020,4,30,121,2458970,3,2020,9,14,258,2459107,4,"16048_Live individuals","Adults observed",FALSE,0,"16048_Live individuals_2020",14
2803,39.971001,-105.397003,2329,"CO",357,"Sialia","mexicana","western bluebird","Animalia",16214,292,"Live individuals",2020,3,31,91,2458940,6,2020,5,5,126,2458975,3,"16214_Live individuals","Adults observed",FALSE,0,"16214_Live individuals_2020",14
8496,46.328629,-96.061256,393,"MN",246,"Turdus","migratorius","American robin","Animalia",25780,292,"Live individuals",2020,8,18,231,2459080,12,2020,8,18,231,2459080,9,"25780_Live individuals","Adults observed",FALSE,0,"25780_Live individuals_2020",12
8496,46.328629,-96.061256,393,"MN",352,"Archilochus","colubris","ruby-throated hummingbird","Animalia",25784,292,"Live individuals",2020,5,8,129,2458978,2,2020,8,27,240,2459089,25,"25784_Live individuals","Adults observed",FALSE,0,"25784_Live individuals_2020",11
8496,46.328629,-96.061256,393,"MN",1104,"Hirundo","rustica","barn swallow","Animalia",25894,292,"Live individuals",2020,4,30,121,2458970,1,2020,4,30,121,2458970,4,"25894_Live individuals","Adults observed",FALSE,0,"25894_Live individuals_2020",10
8496,46.328629,-96.061256,393,"MN",355,"Troglodytes","aedon","house wren","Animalia",25897,292,"Live individuals",2020,5,6,127,2458976,2,2020,5,6,127,2458976,2,"25897_Live individuals","Adults observed",FALSE,0,"25897_Live individuals_2020",11
8715,43.522804,-70.802277,215,"ME",352,"Archilochus","colubris","ruby-throated hummingbird","Animalia",28193,292,"Live individuals",2020,5,7,128,2458977,6,2020,5,7,128,2458977,7,"28193_Live individuals","Adults observed",FALSE,0,"28193_Live individuals_2020",13
8736,44.903229,-93.217445,248,"MN",352,"Archilochus","colubris","ruby-throated hummingbird","Animalia",28356,292,"Live individuals",2020,6,23,175,2459024,2,2020,6,23,175,2459024,2,"28356_Live individuals","Adults observed",FALSE,0,"28356_Live individuals_2020",10
8496,46.328629,-96.061256,393,"MN",375,"Zenaida","macroura","mourning dove","Animalia",32296,292,"Live individuals",2020,4,23,114,2458963,1,2020,4,29,120,2458969,1,"32296_Live individuals","Adults observed",FALSE,0,"32296_Live individuals_2020",11
10145,42.602543,-83.250992,277,"MI",1193,"Setophaga","ruticilla","American redstart","Animalia",38839,293,"Calls or song (birds)",2020,4,7,98,2458947,1,2020,4,7,98,2458947,1,"38839_Calls or song (birds)","Adults observed",FALSE,0,"38839_Calls or song (birds)_2020",9
10145,42.602543,-83.250992,277,"MI",1104,"Hirundo","rustica","barn swallow","Animalia",38845,292,"Live individuals",2020,5,2,123,2458972,1,2020,5,2,123,2458972,1,"38845_Live individuals","Adults observed",FALSE,0,"38845_Live individuals_2020",13
10145,42.602543,-83.250992,277,"MI",363,"Molothrus","ater","brown-headed cowbird","Animalia",38857,292,"Live individuals",2020,4,8,99,2458948,1,2020,4,8,99,2458948,1,"38857_Live individuals","Adults observed",FALSE,0,"38857_Live individuals_2020",13
10145,42.602543,-83.250992,277,"MI",1093,"Chaetura","pelagica","chimney swift","Animalia",38864,292,"Live individuals",2020,5,8,129,2458978,1,2020,5,8,129,2458978,1,"38864_Live individuals","Adults observed",FALSE,0,"38864_Live individuals_2020",13
10145,42.602543,-83.250992,277,"MI",355,"Troglodytes","aedon","house wren","Animalia",38908,292,"Live individuals",2020,5,16,137,2458986,1,2020,5,16,137,2458986,1,"38908_Live individuals","Adults observed",FALSE,0,"38908_Live individuals_2020",13
10145,42.602543,-83.250992,277,"MI",248,"Pandion","haliaetus","osprey","Animalia",38931,292,"Live individuals",2020,12,11,346,2459195,1,2020,12,11,346,2459195,1,"38931_Live individuals","Adults observed",FALSE,0,"38931_Live individuals_2020",9
10145,42.602543,-83.250992,277,"MI",359,"Agelaius","phoeniceus","red-winged blackbird","Animalia",38946,292,"Live individuals",2020,3,3,63,2458912,1,2020,3,4,64,2458913,1,"38946_Live individuals","Adults observed",FALSE,0,"38946_Live individuals_2020",13
10145,42.602543,-83.250992,277,"MI",352,"Archilochus","colubris","ruby-throated hummingbird","Animalia",38951,292,"Live individuals",2020,7,20,202,2459051,1,2020,7,20,202,2459051,1,"38951_Live individuals","Adults observed",FALSE,0,"38951_Live individuals_2020",11
10717,38.285664,-111.246605,1790,"UT",246,"Turdus","migratorius","American robin","Animalia",42593,292,"Live individuals",2020,3,22,82,2458931,2,2020,3,22,82,2458931,3,"42593_Live individuals","Adults observed",FALSE,0,"42593_Live individuals_2020",10
1419,42.011166,-88.503304,280,"IL",1117,"Sayornis","phoebe","eastern phoebe","Animalia",44642,292,"Live individuals",2020,4,9,100,2458949,4,2020,4,9,100,2458949,3,"44642_Live individuals","Adults observed",FALSE,0,"44642_Live individuals_2020",9
17414,42.936153,-73.433449,147,"NY",1124,"Tachycineta","bicolor","tree swallow","Animalia",66940,292,"Live individuals",2020,4,12,103,2458952,8,2020,4,12,103,2458952,4,"66940_Live individuals","Adults observed",FALSE,0,"66940_Live individuals_2020",12
19944,33.66478,-117.843063,22,"CA",242,"Petrochelidon","pyrrhonota","cliff swallow","Animalia",81457,292,"Live individuals",2020,3,6,66,2458915,5,2020,3,6,66,2458915,3,"81457_Live individuals","Adults observed",FALSE,0,"81457_Live individuals_2020",11
17414,42.936153,-73.433449,147,"NY",1197,"Geothlypis","trichas","common yellowthroat","Animalia",86970,292,"Live individuals",2020,5,4,125,2458974,3,2020,5,4,125,2458974,2,"86970_Live individuals","Adults observed",FALSE,0,"86970_Live individuals_2020",10
22858,38.09404,-122.37149,-1,"CA",1124,"Tachycineta","bicolor","tree swallow","Animalia",103160,292,"Live individuals",2020,2,10,41,2458890,7,2020,3,9,69,2458918,7,"103160_Live individuals","Adults observed",FALSE,0,"103160_Live individuals_2020",9
17414,42.936153,-73.433449,147,"NY",352,"Archilochus","colubris","ruby-throated hummingbird","Animalia",103211,292,"Live individuals",2020,5,14,135,2458984,3,2020,5,18,139,2458988,4,"103211_Live individuals","Adults observed",FALSE,0,"103211_Live individuals_2020",10
5582,45.195858,-70.45369,366,"ME",243,"Gavia","immer","common loon","Animalia",12467,293,"Calls or song (birds)",2021,5,12,132,2459347,7,2021,5,12,132,2459347,7,"12467_Calls or song (birds)","Adults observed",FALSE,0,"12467_Calls or song (birds)_2021",12
5583,45.196041,-70.459015,368,"ME",243,"Gavia","immer","common loon","Animalia",12472,292,"Live individuals",2021,5,26,146,2459361,7,2021,5,26,146,2459361,7,"12472_Live individuals","Adults observed",FALSE,0,"12472_Live individuals_2021",12
5674,44.910587,-70.266861,261,"ME",246,"Turdus","migratorius","American robin","Animalia",12709,292,"Live individuals",2021,4,4,94,2459309,7,2021,4,11,101,2459316,2,"12709_Live individuals","Adults observed",FALSE,0,"12709_Live individuals_2021",13
5674,44.910587,-70.266861,261,"ME",352,"Archilochus","colubris","ruby-throated hummingbird","Animalia",12712,292,"Live individuals",2021,5,9,129,2459344,7,2021,9,5,248,2459463,7,"12712_Live individuals","Adults observed",FALSE,0,"12712_Live individuals_2021",14
2803,39.971001,-105.397003,2329,"CO",246,"Turdus","migratorius","American robin","Animalia",16046,292,"Live individuals",2021,3,9,68,2459283,4,2021,3,9,68,2459283,6,"16046_Live individuals","Adults observed",FALSE,0,"16046_Live individuals_2021",15
2803,39.971001,-105.397003,2329,"CO",354,"Selasphorus","platycercus","broad-tailed hummingbird","Animalia",16048,292,"Live individuals",2021,5,5,125,2459340,5,2021,9,13,256,2459471,8,"16048_Live individuals","Adults observed",FALSE,0,"16048_Live individuals_2021",14
2803,39.971001,-105.397003,2329,"CO",357,"Sialia","mexicana","western bluebird","Animalia",16214,292,"Live individuals",2021,4,6,96,2459311,8,2021,4,10,100,2459315,7,"16214_Live individuals","Adults observed",FALSE,0,"16214_Live individuals_2021",14
8496,46.328629,-96.061256,393,"MN",246,"Turdus","migratorius","American robin","Animalia",25780,292,"Live individuals",2021,5,11,131,2459346,9,2021,8,17,229,2459444,33,"25780_Live individuals","Adults observed",FALSE,0,"25780_Live individuals_2021",12
8496,46.328629,-96.061256,393,"MN",352,"Archilochus","colubris","ruby-throated hummingbird","Animalia",25784,292,"Live individuals",2021,5,17,137,2459352,6,2021,8,17,229,2459444,33,"25784_Live individuals","Adults observed",FALSE,0,"25784_Live individuals_2021",11
8496,46.328629,-96.061256,393,"MN",355,"Troglodytes","aedon","house wren","Animalia",25897,292,"Live individuals",2021,5,17,137,2459352,6,2021,7,24,205,2459420,24,"25897_Live individuals","Adults observed",FALSE,0,"25897_Live individuals_2021",11
8715,43.522804,-70.802277,215,"ME",352,"Archilochus","colubris","ruby-throated hummingbird","Animalia",28193,292,"Live individuals",2021,6,2,153,2459368,11,2021,6,19,170,2459385,NA,"28193_Live individuals","Adults observed",FALSE,0,"28193_Live individuals_2021",13
8736,44.903229,-93.217445,248,"MN",352,"Archilochus","colubris","ruby-throated hummingbird","Animalia",28356,292,"Live individuals",2021,8,16,228,2459443,1,2021,8,17,229,2459444,2,"28356_Live individuals","Adults observed",FALSE,0,"28356_Live individuals_2021",10
8496,46.328629,-96.061256,393,"MN",375,"Zenaida","macroura","mourning dove","Animalia",32296,292,"Live individuals",2021,5,11,131,2459346,9,2021,5,11,131,2459346,6,"32296_Live individuals","Adults observed",FALSE,0,"32296_Live individuals_2021",11
10145,42.602543,-83.250992,277,"MI",1193,"Setophaga","ruticilla","American redstart","Animalia",38839,293,"Calls or song (birds)",2021,5,3,123,2459338,1,2021,5,3,123,2459338,1,"38839_Calls or song (birds)","Adults observed",FALSE,0,"38839_Calls or song (birds)_2021",9
10145,42.602543,-83.250992,277,"MI",1104,"Hirundo","rustica","barn swallow","Animalia",38845,292,"Live individuals",2021,5,21,141,2459356,1,2021,5,21,141,2459356,1,"38845_Live individuals","Adults observed",FALSE,0,"38845_Live individuals_2021",13
10145,42.602543,-83.250992,277,"MI",363,"Molothrus","ater","brown-headed cowbird","Animalia",38857,292,"Live individuals",2021,3,25,84,2459299,1,2021,3,25,84,2459299,1,"38857_Live individuals","Adults observed",FALSE,0,"38857_Live individuals_2021",13
10145,42.602543,-83.250992,277,"MI",1093,"Chaetura","pelagica","chimney swift","Animalia",38864,292,"Live individuals",2021,5,2,122,2459337,2,2021,5,2,122,2459337,1,"38864_Live individuals","Adults observed",FALSE,0,"38864_Live individuals_2021",13
10145,42.602543,-83.250992,277,"MI",355,"Troglodytes","aedon","house wren","Animalia",38908,292,"Live individuals",2021,7,9,190,2459405,1,2021,7,9,190,2459405,1,"38908_Live individuals","Adults observed",FALSE,0,"38908_Live individuals_2021",13
10145,42.602543,-83.250992,277,"MI",248,"Pandion","haliaetus","osprey","Animalia",38931,292,"Live individuals",2021,6,6,157,2459372,1,2021,6,6,157,2459372,1,"38931_Live individuals","Adults observed",FALSE,0,"38931_Live individuals_2021",9
10145,42.602543,-83.250992,277,"MI",359,"Agelaius","phoeniceus","red-winged blackbird","Animalia",38946,292,"Live individuals",2021,3,9,68,2459283,1,2021,3,9,68,2459283,1,"38946_Live individuals","Adults observed",FALSE,0,"38946_Live individuals_2021",13
10717,38.285664,-111.246605,1790,"UT",246,"Turdus","migratorius","American robin","Animalia",42593,292,"Live individuals",2021,3,31,90,2459305,3,2021,4,9,99,2459314,1,"42593_Live individuals","Adults observed",FALSE,0,"42593_Live individuals_2021",10
17414,42.936153,-73.433449,147,"NY",1124,"Tachycineta","bicolor","tree swallow","Animalia",66940,292,"Live individuals",2021,4,11,101,2459316,4,2021,4,14,104,2459319,4,"66940_Live individuals","Adults observed",FALSE,0,"66940_Live individuals_2021",12
19944,33.66478,-117.843063,22,"CA",242,"Petrochelidon","pyrrhonota","cliff swallow","Animalia",81457,292,"Live individuals",2021,3,11,70,2459285,3,2021,3,18,77,2459292,7,"81457_Live individuals","Adults observed",FALSE,0,"81457_Live individuals_2021",11
17414,42.936153,-73.433449,147,"NY",1197,"Geothlypis","trichas","common yellowthroat","Animalia",86970,292,"Live individuals",2021,8,13,225,2459440,5,2021,8,13,225,2459440,7,"86970_Live individuals","Adults observed",FALSE,0,"86970_Live individuals_2021",10
22858,38.09404,-122.37149,-1,"CA",1124,"Tachycineta","bicolor","tree swallow","Animalia",103160,292,"Live individuals",2021,2,16,47,2459262,8,2021,3,1,60,2459275,7,"103160_Live individuals","Adults observed",FALSE,0,"103160_Live individuals_2021",9
17414,42.936153,-73.433449,147,"NY",352,"Archilochus","colubris","ruby-throated hummingbird","Animalia",103211,292,"Live individuals",2021,5,6,126,2459341,6,2021,5,17,137,2459352,1,"103211_Live individuals","Adults observed",FALSE,0,"103211_Live individuals_2021",10
1419,42.011166,-88.503304,280,"IL",244,"Charadrius","vociferus","killdeer","Animalia",10286,293,"Calls or song (birds)",2022,6,7,158,2459738,11,2022,6,7,158,2459738,5,"10286_Calls or song (birds)","Adults observed",FALSE,0,"10286_Calls or song (birds)_2022",10
5582,45.195858,-70.45369,366,"ME",243,"Gavia","immer","common loon","Animalia",12467,293,"Calls or song (birds)",2022,4,27,117,2459697,7,2022,4,27,117,2459697,7,"12467_Calls or song (birds)","Adults observed",FALSE,0,"12467_Calls or song (birds)_2022",12
5583,45.196041,-70.459015,368,"ME",243,"Gavia","immer","common loon","Animalia",12472,292,"Live individuals",2022,4,27,117,2459697,7,2022,4,27,117,2459697,7,"12472_Live individuals","Adults observed",FALSE,0,"12472_Live individuals_2022",12
5674,44.910587,-70.266861,261,"ME",246,"Turdus","migratorius","American robin","Animalia",12709,292,"Live individuals",2022,4,10,100,2459680,7,2022,4,24,114,2459694,3,"12709_Live individuals","Adults observed",FALSE,0,"12709_Live individuals_2022",13
5674,44.910587,-70.266861,261,"ME",352,"Archilochus","colubris","ruby-throated hummingbird","Animalia",12712,292,"Live individuals",2022,5,15,135,2459715,7,2022,9,11,254,2459834,7,"12712_Live individuals","Adults observed",FALSE,0,"12712_Live individuals_2022",14
2803,39.971001,-105.397003,2329,"CO",246,"Turdus","migratorius","American robin","Animalia",16046,292,"Live individuals",2022,3,12,71,2459651,5,2022,6,26,177,2459757,29,"16046_Live individuals","Adults observed",FALSE,0,"16046_Live individuals_2022",15
2803,39.971001,-105.397003,2329,"CO",354,"Selasphorus","platycercus","broad-tailed hummingbird","Animalia",16048,292,"Live individuals",2022,5,9,129,2459709,8,2022,8,25,237,2459817,14,"16048_Live individuals","Adults observed",FALSE,0,"16048_Live individuals_2022",14
2803,39.971001,-105.397003,2329,"CO",357,"Sialia","mexicana","western bluebird","Animalia",16214,292,"Live individuals",2022,5,9,129,2459709,8,2022,5,9,129,2459709,3,"16214_Live individuals","Adults observed",FALSE,0,"16214_Live individuals_2022",14
8496,46.328629,-96.061256,393,"MN",246,"Turdus","migratorius","American robin","Animalia",25780,292,"Live individuals",2022,6,2,153,2459733,5,2022,6,12,163,2459743,NA,"25780_Live individuals","Adults observed",FALSE,0,"25780_Live individuals_2022",12
8496,46.328629,-96.061256,393,"MN",352,"Archilochus","colubris","ruby-throated hummingbird","Animalia",25784,292,"Live individuals",2022,5,25,145,2459725,13,2022,6,12,163,2459743,NA,"25784_Live individuals","Adults observed",FALSE,0,"25784_Live individuals_2022",11
8496,46.328629,-96.061256,393,"MN",1104,"Hirundo","rustica","barn swallow","Animalia",25894,292,"Live individuals",2022,5,25,145,2459725,13,2022,5,28,148,2459728,5,"25894_Live individuals","Adults observed",FALSE,0,"25894_Live individuals_2022",10
8496,46.328629,-96.061256,393,"MN",355,"Troglodytes","aedon","house wren","Animalia",25897,292,"Live individuals",2022,5,25,145,2459725,13,2022,5,25,145,2459725,3,"25897_Live individuals","Adults observed",FALSE,0,"25897_Live individuals_2022",11
8496,46.328629,-96.061256,393,"MN",375,"Zenaida","macroura","mourning dove","Animalia",32296,292,"Live individuals",2022,4,17,107,2459687,7,2022,4,17,107,2459687,21,"32296_Live individuals","Adults observed",FALSE,0,"32296_Live individuals_2022",11
10145,42.602543,-83.250992,277,"MI",1104,"Hirundo","rustica","barn swallow","Animalia",38845,292,"Live individuals",2022,5,7,127,2459707,1,2022,5,7,127,2459707,1,"38845_Live individuals","Adults observed",FALSE,0,"38845_Live individuals_2022",13
10145,42.602543,-83.250992,277,"MI",363,"Molothrus","ater","brown-headed cowbird","Animalia",38857,292,"Live individuals",2022,4,1,91,2459671,1,2022,4,1,91,2459671,1,"38857_Live individuals","Adults observed",FALSE,0,"38857_Live individuals_2022",13
10145,42.602543,-83.250992,277,"MI",1093,"Chaetura","pelagica","chimney swift","Animalia",38864,292,"Live individuals",2022,5,10,130,2459710,1,2022,5,10,130,2459710,1,"38864_Live individuals","Adults observed",FALSE,0,"38864_Live individuals_2022",13
10145,42.602543,-83.250992,277,"MI",355,"Troglodytes","aedon","house wren","Animalia",38908,292,"Live individuals",2022,4,30,120,2459700,1,2022,4,30,120,2459700,1,"38908_Live individuals","Adults observed",FALSE,0,"38908_Live individuals_2022",13
10145,42.602543,-83.250992,277,"MI",248,"Pandion","haliaetus","osprey","Animalia",38931,292,"Live individuals",2022,8,9,221,2459801,1,2022,8,9,221,2459801,1,"38931_Live individuals","Adults observed",FALSE,0,"38931_Live individuals_2022",9
10145,42.602543,-83.250992,277,"MI",359,"Agelaius","phoeniceus","red-winged blackbird","Animalia",38946,292,"Live individuals",2022,3,10,69,2459649,1,2022,3,10,69,2459649,1,"38946_Live individuals","Adults observed",FALSE,0,"38946_Live individuals_2022",13
10145,42.602543,-83.250992,277,"MI",352,"Archilochus","colubris","ruby-throated hummingbird","Animalia",38951,292,"Live individuals",2022,5,19,139,2459719,1,2022,5,19,139,2459719,1,"38951_Live individuals","Adults observed",FALSE,0,"38951_Live individuals_2022",11
1419,42.011166,-88.503304,280,"IL",1117,"Sayornis","phoebe","eastern phoebe","Animalia",44642,292,"Live individuals",2022,5,23,143,2459723,8,2022,6,19,170,2459750,41,"44642_Live individuals","Adults observed",FALSE,0,"44642_Live individuals_2022",9
17414,42.936153,-73.433449,147,"NY",1124,"Tachycineta","bicolor","tree swallow","Animalia",66940,292,"Live individuals",2022,4,15,105,2459685,5,2022,5,23,143,2459723,3,"66940_Live individuals","Adults observed",FALSE,0,"66940_Live individuals_2022",12
19944,33.66478,-117.843063,22,"CA",242,"Petrochelidon","pyrrhonota","cliff swallow","Animalia",81457,292,"Live individuals",2022,2,25,56,2459636,7,2022,2,25,56,2459636,2,"81457_Live individuals","Adults observed",FALSE,0,"81457_Live individuals_2022",11
17414,42.936153,-73.433449,147,"NY",1197,"Geothlypis","trichas","common yellowthroat","Animalia",86970,292,"Live individuals",2022,5,26,146,2459726,3,2022,5,26,146,2459726,6,"86970_Live individuals","Adults observed",FALSE,0,"86970_Live individuals_2022",10
20765,33.632149,-117.55545,440,"CA",358,"Setophaga","petechia","yellow warbler","Animalia",88476,293,"Calls or song (birds)",2022,4,11,101,2459681,1,2022,5,15,135,2459715,31,"88476_Calls or song (birds)","Adults observed",FALSE,0,"88476_Calls or song (birds)_2022",9
22858,38.09404,-122.37149,-1,"CA",1124,"Tachycineta","bicolor","tree swallow","Animalia",103160,292,"Live individuals",2022,1,24,24,2459604,7,2022,1,24,24,2459604,7,"103160_Live individuals","Adults observed",FALSE,0,"103160_Live individuals_2022",9
17414,42.936153,-73.433449,147,"NY",352,"Archilochus","colubris","ruby-throated hummingbird","Animalia",103211,292,"Live individuals",2022,5,5,125,2459705,4,2022,9,3,246,2459826,6,"103211_Live individuals","Adults observed",FALSE,0,"103211_Live individuals_2022",10
1419,42.011166,-88.503304,280,"IL",244,"Charadrius","vociferus","killdeer","Animalia",10286,293,"Calls or song (birds)",2023,10,1,274,2460219,3,2023,10,1,274,2460219,NA,"10286_Calls or song (birds)","Adults observed",FALSE,0,"10286_Calls or song (birds)_2023",10
5674,44.910587,-70.266861,261,"ME",246,"Turdus","migratorius","American robin","Animalia",12709,292,"Live individuals",2023,5,5,125,2460070,11,2023,8,6,218,2460163,7,"12709_Live individuals","Adults observed",FALSE,0,"12709_Live individuals_2023",13
5674,44.910587,-70.266861,261,"ME",352,"Archilochus","colubris","ruby-throated hummingbird","Animalia",12712,292,"Live individuals",2023,5,5,125,2460070,11,2023,9,10,253,2460198,7,"12712_Live individuals","Adults observed",FALSE,0,"12712_Live individuals_2023",14
2803,39.971001,-105.397003,2329,"CO",246,"Turdus","migratorius","American robin","Animalia",16046,292,"Live individuals",2023,3,6,65,2460010,5,2023,3,17,76,2460021,14,"16046_Live individuals","Adults observed",FALSE,0,"16046_Live individuals_2023",15
2803,39.971001,-105.397003,2329,"CO",354,"Selasphorus","platycercus","broad-tailed hummingbird","Animalia",16048,292,"Live individuals",2023,5,2,122,2460067,5,2023,9,14,257,2460202,4,"16048_Live individuals","Adults observed",FALSE,0,"16048_Live individuals_2023",14
2803,39.971001,-105.397003,2329,"CO",357,"Sialia","mexicana","western bluebird","Animalia",16214,292,"Live individuals",2023,4,10,100,2460045,10,2023,4,13,103,2460048,6,"16214_Live individuals","Adults observed",FALSE,0,"16214_Live individuals_2023",14
8496,46.328629,-96.061256,393,"MN",246,"Turdus","migratorius","American robin","Animalia",25780,292,"Live individuals",2023,5,29,149,2460094,6,2023,7,24,205,2460150,NA,"25780_Live individuals","Adults observed",FALSE,0,"25780_Live individuals_2023",12
8496,46.328629,-96.061256,393,"MN",352,"Archilochus","colubris","ruby-throated hummingbird","Animalia",25784,292,"Live individuals",2023,5,29,149,2460094,6,2023,7,24,205,2460150,NA,"25784_Live individuals","Adults observed",FALSE,0,"25784_Live individuals_2023",11
8715,43.522804,-70.802277,215,"ME",352,"Archilochus","colubris","ruby-throated hummingbird","Animalia",28193,292,"Live individuals",2023,6,15,166,2460111,7,2023,6,15,166,2460111,7,"28193_Live individuals","Adults observed",FALSE,0,"28193_Live individuals_2023",13
8418,32.363758,-94.873947,115,"TX",352,"Archilochus","colubris","ruby-throated hummingbird","Animalia",30980,292,"Live individuals",2023,4,6,96,2460041,5,2023,4,6,96,2460041,21,"30980_Live individuals","Adults observed",FALSE,0,"30980_Live individuals_2023",11
8496,46.328629,-96.061256,393,"MN",375,"Zenaida","macroura","mourning dove","Animalia",32296,292,"Live individuals",2023,4,18,108,2460053,9,2023,4,18,108,2460053,6,"32296_Live individuals","Adults observed",FALSE,0,"32296_Live individuals_2023",11
10145,42.602543,-83.250992,277,"MI",1104,"Hirundo","rustica","barn swallow","Animalia",38845,292,"Live individuals",2023,6,4,155,2460100,1,2023,6,4,155,2460100,1,"38845_Live individuals","Adults observed",FALSE,0,"38845_Live individuals_2023",13
10145,42.602543,-83.250992,277,"MI",363,"Molothrus","ater","brown-headed cowbird","Animalia",38857,292,"Live individuals",2023,3,22,81,2460026,1,2023,3,22,81,2460026,1,"38857_Live individuals","Adults observed",FALSE,0,"38857_Live individuals_2023",13
10145,42.602543,-83.250992,277,"MI",1093,"Chaetura","pelagica","chimney swift","Animalia",38864,292,"Live individuals",2023,5,10,130,2460075,1,2023,5,10,130,2460075,1,"38864_Live individuals","Adults observed",FALSE,0,"38864_Live individuals_2023",13
10145,42.602543,-83.250992,277,"MI",355,"Troglodytes","aedon","house wren","Animalia",38908,292,"Live individuals",2023,4,27,117,2460062,1,2023,4,27,117,2460062,1,"38908_Live individuals","Adults observed",FALSE,0,"38908_Live individuals_2023",13
10145,42.602543,-83.250992,277,"MI",248,"Pandion","haliaetus","osprey","Animalia",38931,292,"Live individuals",2023,4,27,117,2460062,1,2023,4,27,117,2460062,1,"38931_Live individuals","Adults observed",FALSE,0,"38931_Live individuals_2023",9
10145,42.602543,-83.250992,277,"MI",359,"Agelaius","phoeniceus","red-winged blackbird","Animalia",38946,292,"Live individuals",2023,3,2,61,2460006,1,2023,3,2,61,2460006,1,"38946_Live individuals","Adults observed",FALSE,0,"38946_Live individuals_2023",13
10145,42.602543,-83.250992,277,"MI",352,"Archilochus","colubris","ruby-throated hummingbird","Animalia",38951,292,"Live individuals",2023,5,28,148,2460093,1,2023,5,28,148,2460093,1,"38951_Live individuals","Adults observed",FALSE,0,"38951_Live individuals_2023",11
1419,42.011166,-88.503304,280,"IL",1117,"Sayornis","phoebe","eastern phoebe","Animalia",44642,292,"Live individuals",2023,4,3,93,2460038,3,2023,7,11,192,2460137,31,"44642_Live individuals","Adults observed",FALSE,0,"44642_Live individuals_2023",9
17414,42.936153,-73.433449,147,"NY",1124,"Tachycineta","bicolor","tree swallow","Animalia",66940,292,"Live individuals",2023,3,28,87,2460032,5,2023,3,28,87,2460032,3,"66940_Live individuals","Adults observed",FALSE,0,"66940_Live individuals_2023",12
19944,33.66478,-117.843063,22,"CA",242,"Petrochelidon","pyrrhonota","cliff swallow","Animalia",81457,292,"Live individuals",2023,3,8,67,2460012,2,2023,3,8,67,2460012,2,"81457_Live individuals","Adults observed",FALSE,0,"81457_Live individuals_2023",11
17414,42.936153,-73.433449,147,"NY",1197,"Geothlypis","trichas","common yellowthroat","Animalia",86970,292,"Live individuals",2023,5,13,133,2460078,2,2023,7,28,209,2460154,12,"86970_Live individuals","Adults observed",FALSE,0,"86970_Live individuals_2023",10
20765,33.632149,-117.55545,440,"CA",358,"Setophaga","petechia","yellow warbler","Animalia",88476,293,"Calls or song (birds)",2023,5,23,143,2460088,5,2023,6,18,169,2460114,18,"88476_Calls or song (birds)","Adults observed",FALSE,0,"88476_Calls or song (birds)_2023",9
22858,38.09404,-122.37149,-1,"CA",1124,"Tachycineta","bicolor","tree swallow","Animalia",103160,292,"Live individuals",2023,2,6,37,2459982,7,2023,3,1,60,2460005,5,"103160_Live individuals","Adults observed",FALSE,0,"103160_Live individuals_2023",9
17414,42.936153,-73.433449,147,"NY",352,"Archilochus","colubris","ruby-throated hummingbird","Animalia",103211,292,"Live individuals",2023,5,11,131,2460076,5,2023,9,22,265,2460210,6,"103211_Live individuals","Adults observed",FALSE,0,"103211_Live individuals_2023",10
5674,44.910587,-70.266861,261,"ME",246,"Turdus","migratorius","American robin","Animalia",12709,292,"Live individuals",2024,4,14,105,2460415,4,2024,4,27,118,2460428,1,"12709_Live individuals","Adults observed",FALSE,0,"12709_Live individuals_2024",13
5674,44.910587,-70.266861,261,"ME",352,"Archilochus","colubris","ruby-throated hummingbird","Animalia",12712,292,"Live individuals",2024,5,6,127,2460437,3,2024,9,8,252,2460562,7,"12712_Live individuals","Adults observed",FALSE,0,"12712_Live individuals_2024",14
2803,39.971001,-105.397003,2329,"CO",246,"Turdus","migratorius","American robin","Animalia",16046,292,"Live individuals",2024,3,4,64,2460374,5,2024,3,7,67,2460377,1,"16046_Live individuals","Adults observed",FALSE,0,"16046_Live individuals_2024",15
2803,39.971001,-105.397003,2329,"CO",354,"Selasphorus","platycercus","broad-tailed hummingbird","Animalia",16048,292,"Live individuals",2024,5,3,124,2460434,3,2024,9,6,250,2460560,35,"16048_Live individuals","Adults observed",FALSE,0,"16048_Live individuals_2024",14
8715,43.522804,-70.802277,215,"ME",352,"Archilochus","colubris","ruby-throated hummingbird","Animalia",28193,292,"Live individuals",2024,6,1,153,2460463,7,2024,6,1,153,2460463,23,"28193_Live individuals","Adults observed",FALSE,0,"28193_Live individuals_2024",13
8418,32.363758,-94.873947,115,"TX",352,"Archilochus","colubris","ruby-throated hummingbird","Animalia",30980,292,"Live individuals",2024,3,28,88,2460398,4,2024,3,28,88,2460398,3,"30980_Live individuals","Adults observed",FALSE,0,"30980_Live individuals_2024",11
10145,42.602543,-83.250992,277,"MI",1104,"Hirundo","rustica","barn swallow","Animalia",38845,292,"Live individuals",2024,5,1,122,2460432,1,2024,5,1,122,2460432,1,"38845_Live individuals","Adults observed",FALSE,0,"38845_Live individuals_2024",13
10145,42.602543,-83.250992,277,"MI",363,"Molothrus","ater","brown-headed cowbird","Animalia",38857,292,"Live individuals",2024,4,25,116,2460426,1,2024,4,27,118,2460428,1,"38857_Live individuals","Adults observed",FALSE,0,"38857_Live individuals_2024",13
10145,42.602543,-83.250992,277,"MI",1093,"Chaetura","pelagica","chimney swift","Animalia",38864,292,"Live individuals",2024,5,1,122,2460432,1,2024,5,1,122,2460432,1,"38864_Live individuals","Adults observed",FALSE,0,"38864_Live individuals_2024",13
10145,42.602543,-83.250992,277,"MI",355,"Troglodytes","aedon","house wren","Animalia",38908,292,"Live individuals",2024,4,26,117,2460427,1,2024,4,26,117,2460427,1,"38908_Live individuals","Adults observed",FALSE,0,"38908_Live individuals_2024",13
10145,42.602543,-83.250992,277,"MI",248,"Pandion","haliaetus","osprey","Animalia",38931,292,"Live individuals",2024,5,17,138,2460448,1,2024,5,17,138,2460448,1,"38931_Live individuals","Adults observed",FALSE,0,"38931_Live individuals_2024",9
10145,42.602543,-83.250992,277,"MI",359,"Agelaius","phoeniceus","red-winged blackbird","Animalia",38946,292,"Live individuals",2024,2,22,53,2460363,1,2024,2,22,53,2460363,2,"38946_Live individuals","Adults observed",FALSE,0,"38946_Live individuals_2024",13
10717,38.285664,-111.246605,1790,"UT",246,"Turdus","migratorius","American robin","Animalia",42593,292,"Live individuals",2024,4,20,111,2460421,9,2024,4,20,111,2460421,8,"42593_Live individuals","Adults observed",FALSE,0,"42593_Live individuals_2024",10
1419,42.011166,-88.503304,280,"IL",1117,"Sayornis","phoebe","eastern phoebe","Animalia",44642,292,"Live individuals",2024,4,29,120,2460430,7,2024,7,23,205,2460515,20,"44642_Live individuals","Adults observed",FALSE,0,"44642_Live individuals_2024",9
17414,42.936153,-73.433449,147,"NY",1124,"Tachycineta","bicolor","tree swallow","Animalia",66940,292,"Live individuals",2024,4,1,92,2460402,2,2024,4,1,92,2460402,1,"66940_Live individuals","Adults observed",FALSE,0,"66940_Live individuals_2024",12
19944,33.66478,-117.843063,22,"CA",242,"Petrochelidon","pyrrhonota","cliff swallow","Animalia",81457,292,"Live individuals",2024,2,20,51,2460361,12,2024,2,20,51,2460361,3,"81457_Live individuals","Adults observed",FALSE,0,"81457_Live individuals_2024",11
17414,42.936153,-73.433449,147,"NY",1197,"Geothlypis","trichas","common yellowthroat","Animalia",86970,292,"Live individuals",2024,5,8,129,2460439,1,2024,5,27,148,2460458,8,"86970_Live individuals","Adults observed",FALSE,0,"86970_Live individuals_2024",10
20765,33.632149,-117.55545,440,"CA",358,"Setophaga","petechia","yellow warbler","Animalia",88476,293,"Calls or song (birds)",2024,5,14,135,2460445,5,2024,6,16,168,2460478,25,"88476_Calls or song (birds)","Adults observed",FALSE,0,"88476_Calls or song (birds)_2024",9
22858,38.09404,-122.37149,-1,"CA",1124,"Tachycineta","bicolor","tree swallow","Animalia",103160,292,"Live individuals",2024,2,12,43,2460353,14,2024,4,1,92,2460402,7,"103160_Live individuals","Adults observed",FALSE,0,"103160_Live individuals_2024",9
17414,42.936153,-73.433449,147,"NY",352,"Archilochus","colubris","ruby-throated hummingbird","Animalia",103211,292,"Live individuals",2024,5,1,122,2460432,1,2024,6,4,156,2460466,5,"103211_Live individuals","Adults observed",FALSE,0,"103211_Live individuals_2024",10
5674,44.910587,-70.266861,261,"ME",246,"Turdus","migratorius","American robin","Animalia",12709,292,"Live individuals",2025,5,12,132,2460808,2,2025,6,15,166,2460842,7,"12709_Live individuals","Adults observed",FALSE,0,"12709_Live individuals_2025",13
5674,44.910587,-70.266861,261,"ME",352,"Archilochus","colubris","ruby-throated hummingbird","Animalia",12712,292,"Live individuals",2025,5,12,132,2460808,2,2025,9,7,250,2460926,7,"12712_Live individuals","Adults observed",FALSE,0,"12712_Live individuals_2025",14
2803,39.971001,-105.397003,2329,"CO",246,"Turdus","migratorius","American robin","Animalia",16046,292,"Live individuals",2025,3,17,76,2460752,9,2025,3,20,79,2460755,2,"16046_Live individuals","Adults observed",FALSE,0,"16046_Live individuals_2025",15
2803,39.971001,-105.397003,2329,"CO",354,"Selasphorus","platycercus","broad-tailed hummingbird","Animalia",16048,292,"Live individuals",2025,4,25,115,2460791,8,2025,9,17,260,2460936,3,"16048_Live individuals","Adults observed",FALSE,0,"16048_Live individuals_2025",14
2803,39.971001,-105.397003,2329,"CO",357,"Sialia","mexicana","western bluebird","Animalia",16214,292,"Live individuals",2025,4,17,107,2460783,3,2025,4,17,107,2460783,8,"16214_Live individuals","Adults observed",FALSE,0,"16214_Live individuals_2025",14
8715,43.522804,-70.802277,215,"ME",352,"Archilochus","colubris","ruby-throated hummingbird","Animalia",28193,292,"Live individuals",2025,5,3,123,2460799,5,2025,5,5,125,2460801,6,"28193_Live individuals","Adults observed",FALSE,0,"28193_Live individuals_2025",13
8418,32.363758,-94.873947,115,"TX",352,"Archilochus","colubris","ruby-throated hummingbird","Animalia",30980,292,"Live individuals",2025,3,26,85,2460761,3,2025,3,26,85,2460761,5,"30980_Live individuals","Adults observed",FALSE,0,"30980_Live individuals_2025",11
10145,42.602543,-83.250992,277,"MI",1104,"Hirundo","rustica","barn swallow","Animalia",38845,292,"Live individuals",2025,5,3,123,2460799,1,2025,5,3,123,2460799,1,"38845_Live individuals","Adults observed",FALSE,0,"38845_Live individuals_2025",13
10145,42.602543,-83.250992,277,"MI",363,"Molothrus","ater","brown-headed cowbird","Animalia",38857,292,"Live individuals",2025,4,1,91,2460767,1,2025,4,1,91,2460767,1,"38857_Live individuals","Adults observed",FALSE,0,"38857_Live individuals_2025",13
10145,42.602543,-83.250992,277,"MI",1093,"Chaetura","pelagica","chimney swift","Animalia",38864,292,"Live individuals",2025,4,29,119,2460795,1,2025,4,29,119,2460795,1,"38864_Live individuals","Adults observed",FALSE,0,"38864_Live individuals_2025",13
10145,42.602543,-83.250992,277,"MI",355,"Troglodytes","aedon","house wren","Animalia",38908,292,"Live individuals",2025,4,29,119,2460795,1,2025,4,30,120,2460796,1,"38908_Live individuals","Adults observed",FALSE,0,"38908_Live individuals_2025",13
10145,42.602543,-83.250992,277,"MI",248,"Pandion","haliaetus","osprey","Animalia",38931,292,"Live individuals",2025,3,15,74,2460750,1,2025,3,15,74,2460750,1,"38931_Live individuals","Adults observed",FALSE,0,"38931_Live individuals_2025",9
10145,42.602543,-83.250992,277,"MI",359,"Agelaius","phoeniceus","red-winged blackbird","Animalia",38946,292,"Live individuals",2025,3,7,66,2460742,1,2025,3,7,66,2460742,1,"38946_Live individuals","Adults observed",FALSE,0,"38946_Live individuals_2025",13
10145,42.602543,-83.250992,277,"MI",352,"Archilochus","colubris","ruby-throated hummingbird","Animalia",38951,292,"Live individuals",2025,7,27,208,2460884,1,2025,7,27,208,2460884,1,"38951_Live individuals","Adults observed",FALSE,0,"38951_Live individuals_2025",11
10717,38.285664,-111.246605,1790,"UT",246,"Turdus","migratorius","American robin","Animalia",42593,292,"Live individuals",2025,3,21,80,2460756,6,2025,3,21,80,2460756,2,"42593_Live individuals","Adults observed",FALSE,0,"42593_Live individuals_2025",10
1419,42.011166,-88.503304,280,"IL",1117,"Sayornis","phoebe","eastern phoebe","Animalia",44642,292,"Live individuals",2025,4,3,93,2460769,5,2025,5,15,135,2460811,17,"44642_Live individuals","Adults observed",FALSE,0,"44642_Live individuals_2025",9
17414,42.936153,-73.433449,147,"NY",1124,"Tachycineta","bicolor","tree swallow","Animalia",66940,292,"Live individuals",2025,3,22,81,2460757,2,2025,4,4,94,2460770,5,"66940_Live individuals","Adults observed",FALSE,0,"66940_Live individuals_2025",12
19944,33.66478,-117.843063,22,"CA",242,"Petrochelidon","pyrrhonota","cliff swallow","Animalia",81457,292,"Live individuals",2025,3,10,69,2460745,10,2025,8,11,223,2460899,17,"81457_Live individuals","Adults observed",FALSE,0,"81457_Live individuals_2025",11
17414,42.936153,-73.433449,147,"NY",1197,"Geothlypis","trichas","common yellowthroat","Animalia",86970,292,"Live individuals",2025,5,3,123,2460799,4,2025,5,21,141,2460817,3,"86970_Live individuals","Adults observed",FALSE,0,"86970_Live individuals_2025",10
20765,33.632149,-117.55545,440,"CA",358,"Setophaga","petechia","yellow warbler","Animalia",88476,293,"Calls or song (birds)",2025,4,10,100,2460776,7,2025,4,20,110,2460786,11,"88476_Calls or song (birds)","Adults observed",FALSE,0,"88476_Calls or song (birds)_2025",9
22858,38.09404,-122.37149,-1,"CA",1124,"Tachycineta","bicolor","tree swallow","Animalia",103160,292,"Live individuals",2025,1,13,13,2460689,7,2025,1,13,13,2460689,7,"103160_Live individuals","Adults observed",FALSE,0,"103160_Live individuals_2025",9
17414,42.936153,-73.433449,147,"NY",352,"Archilochus","colubris","ruby-throated hummingbird","Animalia",103211,292,"Live individuals",2025,4,30,120,2460796,1,2025,5,3,123,2460799,1,"103211_Live individuals","Adults observed",FALSE,0,"103211_Live individuals_2025",10
1419,42.011166,-88.503304,280,"IL",246,"Turdus","migratorius","American robin","Animalia",10282,294,"Singing individuals (birds)",2011,3,11,70,2455632,2,2011,3,12,71,2455633,2,"10282_Singing individuals (birds)","Singing individuals",NA,NA,"10282_Singing individuals (birds)_2011",13
1419,42.011166,-88.503304,280,"IL",246,"Turdus","migratorius","American robin","Animalia",10282,457,"Insect consumption",2011,5,9,129,2455691,2,2011,6,14,165,2455727,11,"10282_Insect consumption","Feeding",NA,NA,"10282_Insect consumption_2011",9
1419,42.011166,-88.503304,280,"IL",245,"Poecile","atricapillus","black-capped chickadee","Animalia",10283,294,"Singing individuals (birds)",2011,3,11,70,2455632,2,2011,3,11,70,2455632,1,"10283_Singing individuals (birds)","Singing individuals",NA,NA,"10283_Singing individuals (birds)_2011",12
2803,39.971001,-105.397003,2329,"CO",246,"Turdus","migratorius","American robin","Animalia",16046,310,"Fruit/seed consumption",2011,9,8,251,2455813,5,2011,9,8,251,2455813,3,"16046_Fruit/seed consumption","Feeding",NA,NA,"16046_Fruit/seed consumption_2011",10
2803,39.971001,-105.397003,2329,"CO",246,"Turdus","migratorius","American robin","Animalia",16046,457,"Insect consumption",2011,9,22,265,2455827,4,2011,9,25,268,2455830,5,"16046_Insect consumption","Feeding",NA,NA,"16046_Insect consumption_2011",15
2803,39.971001,-105.397003,2329,"CO",245,"Poecile","atricapillus","black-capped chickadee","Animalia",16047,310,"Fruit/seed consumption",2011,10,13,286,2455848,4,2011,10,14,287,2455849,2,"16047_Fruit/seed consumption","Feeding",NA,NA,"16047_Fruit/seed consumption_2011",15
2803,39.971001,-105.397003,2329,"CO",354,"Selasphorus","platycercus","broad-tailed hummingbird","Animalia",16048,312,"Flower visitation",2011,9,11,254,2455816,3,2011,9,15,258,2455820,3,"16048_Flower visitation","Feeding",NA,NA,"16048_Flower visitation_2011",14
2803,39.971001,-105.397003,2329,"CO",354,"Selasphorus","platycercus","broad-tailed hummingbird","Animalia",16048,457,"Insect consumption",2011,9,11,254,2455816,3,2011,9,15,258,2455820,3,"16048_Insect consumption","Feeding",NA,NA,"16048_Insect consumption_2011",14
2803,39.971001,-105.397003,2329,"CO",362,"Junco","hyemalis","dark-eyed junco","Animalia",16213,310,"Fruit/seed consumption",2011,9,22,265,2455827,4,2011,9,22,265,2455827,3,"16213_Fruit/seed consumption","Feeding",NA,NA,"16213_Fruit/seed consumption_2011",13
2803,39.971001,-105.397003,2329,"CO",357,"Sialia","mexicana","western bluebird","Animalia",16214,457,"Insect consumption",2011,9,22,265,2455827,4,2011,9,25,268,2455830,5,"16214_Insect consumption","Feeding",NA,NA,"16214_Insect consumption_2011",12
1419,42.011166,-88.503304,280,"IL",246,"Turdus","migratorius","American robin","Animalia",10282,294,"Singing individuals (birds)",2012,3,12,72,2455999,2,2012,3,12,72,2455999,3,"10282_Singing individuals (birds)","Singing individuals",NA,NA,"10282_Singing individuals (birds)_2012",13
1419,42.011166,-88.503304,280,"IL",246,"Turdus","migratorius","American robin","Animalia",10282,457,"Insect consumption",2012,4,29,120,2456047,3,2012,4,29,120,2456047,5,"10282_Insect consumption","Feeding",NA,NA,"10282_Insect consumption_2012",9
1419,42.011166,-88.503304,280,"IL",245,"Poecile","atricapillus","black-capped chickadee","Animalia",10283,294,"Singing individuals (birds)",2012,4,1,92,2456019,5,2012,4,11,102,2456029,5,"10283_Singing individuals (birds)","Singing individuals",NA,NA,"10283_Singing individuals (birds)_2012",12
2803,39.971001,-105.397003,2329,"CO",246,"Turdus","migratorius","American robin","Animalia",16046,294,"Singing individuals (birds)",2012,3,15,75,2456002,4,2012,3,23,83,2456010,2,"16046_Singing individuals (birds)","Singing individuals",NA,NA,"16046_Singing individuals (birds)_2012",14
2803,39.971001,-105.397003,2329,"CO",246,"Turdus","migratorius","American robin","Animalia",16046,310,"Fruit/seed consumption",2012,2,17,48,2455975,5,2012,2,17,48,2455975,2,"16046_Fruit/seed consumption","Feeding",NA,NA,"16046_Fruit/seed consumption_2012",10
2803,39.971001,-105.397003,2329,"CO",246,"Turdus","migratorius","American robin","Animalia",16046,457,"Insect consumption",2012,4,29,120,2456047,3,2012,4,29,120,2456047,6,"16046_Insect consumption","Feeding",NA,NA,"16046_Insect consumption_2012",15
2803,39.971001,-105.397003,2329,"CO",245,"Poecile","atricapillus","black-capped chickadee","Animalia",16047,294,"Singing individuals (birds)",2012,5,10,131,2456058,5,2012,5,13,134,2456061,4,"16047_Singing individuals (birds)","Singing individuals",NA,NA,"16047_Singing individuals (birds)_2012",13
2803,39.971001,-105.397003,2329,"CO",245,"Poecile","atricapillus","black-capped chickadee","Animalia",16047,310,"Fruit/seed consumption",2012,1,5,5,2455932,4,2012,1,5,5,2455932,2,"16047_Fruit/seed consumption","Feeding",NA,NA,"16047_Fruit/seed consumption_2012",15
2803,39.971001,-105.397003,2329,"CO",354,"Selasphorus","platycercus","broad-tailed hummingbird","Animalia",16048,312,"Flower visitation",2012,5,10,131,2456058,5,2012,6,1,153,2456080,2,"16048_Flower visitation","Feeding",NA,NA,"16048_Flower visitation_2012",14
2803,39.971001,-105.397003,2329,"CO",354,"Selasphorus","platycercus","broad-tailed hummingbird","Animalia",16048,457,"Insect consumption",2012,8,2,215,2456142,7,2012,8,2,215,2456142,10,"16048_Insect consumption","Feeding",NA,NA,"16048_Insect consumption_2012",14
2803,39.971001,-105.397003,2329,"CO",362,"Junco","hyemalis","dark-eyed junco","Animalia",16213,294,"Singing individuals (birds)",2012,5,13,134,2456061,3,2012,5,13,134,2456061,4,"16213_Singing individuals (birds)","Singing individuals",NA,NA,"16213_Singing individuals (birds)_2012",11
2803,39.971001,-105.397003,2329,"CO",362,"Junco","hyemalis","dark-eyed junco","Animalia",16213,310,"Fruit/seed consumption",2012,1,22,22,2455949,10,2012,2,1,32,2455959,4,"16213_Fruit/seed consumption","Feeding",NA,NA,"16213_Fruit/seed consumption_2012",13
2803,39.971001,-105.397003,2329,"CO",357,"Sialia","mexicana","western bluebird","Animalia",16214,294,"Singing individuals (birds)",2012,5,13,134,2456061,3,2012,5,13,134,2456061,4,"16214_Singing individuals (birds)","Singing individuals",NA,NA,"16214_Singing individuals (birds)_2012",10
2803,39.971001,-105.397003,2329,"CO",357,"Sialia","mexicana","western bluebird","Animalia",16214,457,"Insect consumption",2012,7,5,187,2456114,7,2012,7,26,208,2456135,7,"16214_Insect consumption","Feeding",NA,NA,"16214_Insect consumption_2012",12
8418,32.363758,-94.873947,115,"TX",246,"Turdus","migratorius","American robin","Animalia",25349,294,"Singing individuals (birds)",2012,6,2,154,2456081,2,2012,6,2,154,2456081,2,"25349_Singing individuals (birds)","Singing individuals",NA,NA,"25349_Singing individuals (birds)_2012",11
8418,32.363758,-94.873947,115,"TX",246,"Turdus","migratorius","American robin","Animalia",25349,457,"Insect consumption",2012,5,27,148,2456075,2,2012,7,11,193,2456120,6,"25349_Insect consumption","Feeding",NA,NA,"25349_Insect consumption_2012",11
8418,32.363758,-94.873947,115,"TX",1108,"Mimus","polyglottos","northern mockingbird","Animalia",25351,294,"Singing individuals (birds)",2012,5,6,127,2456054,8,2012,5,22,143,2456070,3,"25351_Singing individuals (birds)","Singing individuals",NA,NA,"25351_Singing individuals (birds)_2012",11
8418,32.363758,-94.873947,115,"TX",1108,"Mimus","polyglottos","northern mockingbird","Animalia",25351,457,"Insect consumption",2012,7,28,210,2456137,4,2012,7,28,210,2456137,3,"25351_Insect consumption","Feeding",NA,NA,"25351_Insect consumption_2012",11
8496,46.328629,-96.061256,393,"MN",246,"Turdus","migratorius","American robin","Animalia",25780,310,"Fruit/seed consumption",2012,9,17,261,2456188,2,2012,9,17,261,2456188,2,"25780_Fruit/seed consumption","Feeding",NA,NA,"25780_Fruit/seed consumption_2012",9
8496,46.328629,-96.061256,393,"MN",245,"Poecile","atricapillus","black-capped chickadee","Animalia",25781,310,"Fruit/seed consumption",2012,6,3,155,2456082,2,2012,6,3,155,2456082,2,"25781_Fruit/seed consumption","Feeding",NA,NA,"25781_Fruit/seed consumption_2012",9
8496,46.328629,-96.061256,393,"MN",352,"Archilochus","colubris","ruby-throated hummingbird","Animalia",25784,312,"Flower visitation",2012,6,21,173,2456100,2,2012,6,21,173,2456100,2,"25784_Flower visitation","Feeding",NA,NA,"25784_Flower visitation_2012",9
8496,46.328629,-96.061256,393,"MN",1104,"Hirundo","rustica","barn swallow","Animalia",25894,297,"Nest building (birds)",2012,5,5,126,2456053,3,2012,5,5,126,2456053,2,"25894_Nest building (birds)","Nesting behavior",NA,NA,"25894_Nest building (birds)_2012",10
8496,46.328629,-96.061256,393,"MN",1113,"Dryobates","pubescens","downy woodpecker","Animalia",25895,310,"Fruit/seed consumption",2012,6,9,161,2456088,2,2012,6,13,165,2456092,2,"25895_Fruit/seed consumption","Feeding",NA,NA,"25895_Fruit/seed consumption_2012",11
8496,46.328629,-96.061256,393,"MN",1090,"Cardinalis","cardinalis","northern cardinal","Animalia",25898,294,"Singing individuals (birds)",2012,4,28,119,2456046,2,2012,4,30,121,2456048,2,"25898_Singing individuals (birds)","Singing individuals",NA,NA,"25898_Singing individuals (birds)_2012",13
8496,46.328629,-96.061256,393,"MN",1090,"Cardinalis","cardinalis","northern cardinal","Animalia",25898,310,"Fruit/seed consumption",2012,4,28,119,2456046,2,2012,4,28,119,2456046,2,"25898_Fruit/seed consumption","Feeding",NA,NA,"25898_Fruit/seed consumption_2012",11
8496,46.328629,-96.061256,393,"MN",1124,"Tachycineta","bicolor","tree swallow","Animalia",25899,297,"Nest building (birds)",2012,4,30,121,2456048,2,2012,4,30,121,2456048,2,"25899_Nest building (birds)","Nesting behavior",NA,NA,"25899_Nest building (birds)_2012",9
8418,32.363758,-94.873947,115,"TX",1096,"Cyanocitta","cristata","blue jay","Animalia",28244,310,"Fruit/seed consumption",2012,9,4,248,2456175,3,2012,9,4,248,2456175,4,"28244_Fruit/seed consumption","Feeding",NA,NA,"28244_Fruit/seed consumption_2012",11
8418,32.363758,-94.873947,115,"TX",356,"Sialia","sialis","eastern bluebird","Animalia",28245,457,"Insect consumption",2012,10,3,277,2456204,1,2012,10,3,277,2456204,2,"28245_Insect consumption","Feeding",NA,NA,"28245_Insect consumption_2012",10
8418,32.363758,-94.873947,115,"TX",1090,"Cardinalis","cardinalis","northern cardinal","Animalia",28247,294,"Singing individuals (birds)",2012,5,29,150,2456077,4,2012,5,31,152,2456079,2,"28247_Singing individuals (birds)","Singing individuals",NA,NA,"28247_Singing individuals (birds)_2012",11
8418,32.363758,-94.873947,115,"TX",1090,"Cardinalis","cardinalis","northern cardinal","Animalia",28247,310,"Fruit/seed consumption",2012,12,9,344,2456271,4,2012,12,9,344,2456271,4,"28247_Fruit/seed consumption","Feeding",NA,NA,"28247_Fruit/seed consumption_2012",11
8736,44.903229,-93.217445,248,"MN",240,"Spinus","tristis","American goldfinch","Animalia",28348,310,"Fruit/seed consumption",2012,7,14,196,2456123,4,2012,7,14,196,2456123,2,"28348_Fruit/seed consumption","Feeding",NA,NA,"28348_Fruit/seed consumption_2012",10
8736,44.903229,-93.217445,248,"MN",245,"Poecile","atricapillus","black-capped chickadee","Animalia",28349,294,"Singing individuals (birds)",2012,6,22,174,2456101,3,2012,6,22,174,2456101,1,"28349_Singing individuals (birds)","Singing individuals",NA,NA,"28349_Singing individuals (birds)_2012",10
8736,44.903229,-93.217445,248,"MN",245,"Poecile","atricapillus","black-capped chickadee","Animalia",28349,310,"Fruit/seed consumption",2012,7,16,198,2456125,2,2012,7,16,198,2456125,2,"28349_Fruit/seed consumption","Feeding",NA,NA,"28349_Fruit/seed consumption_2012",9
8736,44.903229,-93.217445,248,"MN",1090,"Cardinalis","cardinalis","northern cardinal","Animalia",28354,294,"Singing individuals (birds)",2012,6,12,164,2456091,3,2012,6,12,164,2456091,1,"28354_Singing individuals (birds)","Singing individuals",NA,NA,"28354_Singing individuals (birds)_2012",9
8736,44.903229,-93.217445,248,"MN",1090,"Cardinalis","cardinalis","northern cardinal","Animalia",28354,310,"Fruit/seed consumption",2012,6,12,164,2456091,3,2012,6,12,164,2456091,1,"28354_Fruit/seed consumption","Feeding",NA,NA,"28354_Fruit/seed consumption_2012",10
8736,44.903229,-93.217445,248,"MN",362,"Junco","hyemalis","dark-eyed junco","Animalia",29145,310,"Fruit/seed consumption",2012,10,19,293,2456220,4,2012,10,29,303,2456230,12,"29145_Fruit/seed consumption","Feeding",NA,NA,"29145_Fruit/seed consumption_2012",9
8418,32.363758,-94.873947,115,"TX",352,"Archilochus","colubris","ruby-throated hummingbird","Animalia",30980,312,"Flower visitation",2012,9,8,252,2456179,4,2012,9,22,266,2456193,3,"30980_Flower visitation","Feeding",NA,NA,"30980_Flower visitation_2012",11
8496,46.328629,-96.061256,393,"MN",1096,"Cyanocitta","cristata","blue jay","Animalia",32294,310,"Fruit/seed consumption",2012,10,31,305,2456232,2,2012,11,11,316,2456243,2,"32294_Fruit/seed consumption","Feeding",NA,NA,"32294_Fruit/seed consumption_2012",13
8496,46.328629,-96.061256,393,"MN",362,"Junco","hyemalis","dark-eyed junco","Animalia",32295,310,"Fruit/seed consumption",2012,12,5,340,2456267,4,2012,12,31,366,2456293,NA,"32295_Fruit/seed consumption","Feeding",NA,NA,"32295_Fruit/seed consumption_2012",9
1419,42.011166,-88.503304,280,"IL",246,"Turdus","migratorius","American robin","Animalia",10282,294,"Singing individuals (birds)",2013,3,28,87,2456380,2,2013,5,26,146,2456439,7,"10282_Singing individuals (birds)","Singing individuals",NA,NA,"10282_Singing individuals (birds)_2013",13
1419,42.011166,-88.503304,280,"IL",245,"Poecile","atricapillus","black-capped chickadee","Animalia",10283,294,"Singing individuals (birds)",2013,8,13,225,2456518,3,2013,8,13,225,2456518,7,"10283_Singing individuals (birds)","Singing individuals",NA,NA,"10283_Singing individuals (birds)_2013",12
5674,44.910587,-70.266861,261,"ME",246,"Turdus","migratorius","American robin","Animalia",12709,310,"Fruit/seed consumption",2013,4,29,119,2456412,8,2013,5,5,125,2456418,6,"12709_Fruit/seed consumption","Feeding",NA,NA,"12709_Fruit/seed consumption_2013",11
5674,44.910587,-70.266861,261,"ME",246,"Turdus","migratorius","American robin","Animalia",12709,457,"Insect consumption",2013,5,13,133,2456426,2,2013,5,13,133,2456426,7,"12709_Insect consumption","Feeding",NA,NA,"12709_Insect consumption_2013",11
5674,44.910587,-70.266861,261,"ME",352,"Archilochus","colubris","ruby-throated hummingbird","Animalia",12712,312,"Flower visitation",2013,6,2,153,2456446,7,2013,6,2,153,2456446,7,"12712_Flower visitation","Feeding",NA,NA,"12712_Flower visitation_2013",13
2803,39.971001,-105.397003,2329,"CO",246,"Turdus","migratorius","American robin","Animalia",16046,294,"Singing individuals (birds)",2013,3,31,90,2456383,2,2013,4,12,102,2456395,2,"16046_Singing individuals (birds)","Singing individuals",NA,NA,"16046_Singing individuals (birds)_2013",14
2803,39.971001,-105.397003,2329,"CO",246,"Turdus","migratorius","American robin","Animalia",16046,310,"Fruit/seed consumption",2013,7,12,193,2456486,3,2013,7,12,193,2456486,6,"16046_Fruit/seed consumption","Feeding",NA,NA,"16046_Fruit/seed consumption_2013",10
2803,39.971001,-105.397003,2329,"CO",246,"Turdus","migratorius","American robin","Animalia",16046,457,"Insect consumption",2013,7,12,193,2456486,3,2013,7,12,193,2456486,6,"16046_Insect consumption","Feeding",NA,NA,"16046_Insect consumption_2013",15
2803,39.971001,-105.397003,2329,"CO",245,"Poecile","atricapillus","black-capped chickadee","Animalia",16047,294,"Singing individuals (birds)",2013,3,29,88,2456381,5,2013,3,29,88,2456381,2,"16047_Singing individuals (birds)","Singing individuals",NA,NA,"16047_Singing individuals (birds)_2013",13
2803,39.971001,-105.397003,2329,"CO",245,"Poecile","atricapillus","black-capped chickadee","Animalia",16047,310,"Fruit/seed consumption",2013,2,3,34,2456327,3,2013,2,3,34,2456327,7,"16047_Fruit/seed consumption","Feeding",NA,NA,"16047_Fruit/seed consumption_2013",15
2803,39.971001,-105.397003,2329,"CO",354,"Selasphorus","platycercus","broad-tailed hummingbird","Animalia",16048,457,"Insect consumption",2013,6,11,162,2456455,2,2013,6,11,162,2456455,9,"16048_Insect consumption","Feeding",NA,NA,"16048_Insect consumption_2013",14
2803,39.971001,-105.397003,2329,"CO",362,"Junco","hyemalis","dark-eyed junco","Animalia",16213,310,"Fruit/seed consumption",2013,2,14,45,2456338,4,2013,2,21,52,2456345,3,"16213_Fruit/seed consumption","Feeding",NA,NA,"16213_Fruit/seed consumption_2013",13
2803,39.971001,-105.397003,2329,"CO",357,"Sialia","mexicana","western bluebird","Animalia",16214,294,"Singing individuals (birds)",2013,4,6,96,2456389,2,2013,4,6,96,2456389,6,"16214_Singing individuals (birds)","Singing individuals",NA,NA,"16214_Singing individuals (birds)_2013",10
2803,39.971001,-105.397003,2329,"CO",357,"Sialia","mexicana","western bluebird","Animalia",16214,457,"Insect consumption",2013,7,5,186,2456479,8,2013,7,5,186,2456479,4,"16214_Insect consumption","Feeding",NA,NA,"16214_Insect consumption_2013",12
8418,32.363758,-94.873947,115,"TX",246,"Turdus","migratorius","American robin","Animalia",25349,294,"Singing individuals (birds)",2013,2,10,41,2456334,7,2013,2,10,41,2456334,3,"25349_Singing individuals (birds)","Singing individuals",NA,NA,"25349_Singing individuals (birds)_2013",11
8418,32.363758,-94.873947,115,"TX",246,"Turdus","migratorius","American robin","Animalia",25349,310,"Fruit/seed consumption",2013,1,6,6,2456299,3,2013,1,6,6,2456299,4,"25349_Fruit/seed consumption","Feeding",NA,NA,"25349_Fruit/seed consumption_2013",10
8418,32.363758,-94.873947,115,"TX",246,"Turdus","migratorius","American robin","Animalia",25349,457,"Insect consumption",2013,2,20,51,2456344,3,2013,2,20,51,2456344,4,"25349_Insect consumption","Feeding",NA,NA,"25349_Insect consumption_2013",11
8418,32.363758,-94.873947,115,"TX",1108,"Mimus","polyglottos","northern mockingbird","Animalia",25351,294,"Singing individuals (birds)",2013,2,24,55,2456348,4,2013,2,24,55,2456348,4,"25351_Singing individuals (birds)","Singing individuals",NA,NA,"25351_Singing individuals (birds)_2013",11
8418,32.363758,-94.873947,115,"TX",1108,"Mimus","polyglottos","northern mockingbird","Animalia",25351,310,"Fruit/seed consumption",2013,4,24,114,2456407,14,2013,5,15,135,2456428,3,"25351_Fruit/seed consumption","Feeding",NA,NA,"25351_Fruit/seed consumption_2013",10
8418,32.363758,-94.873947,115,"TX",1108,"Mimus","polyglottos","northern mockingbird","Animalia",25351,457,"Insect consumption",2013,3,21,80,2456373,8,2013,3,21,80,2456373,3,"25351_Insect consumption","Feeding",NA,NA,"25351_Insect consumption_2013",11
8496,46.328629,-96.061256,393,"MN",246,"Turdus","migratorius","American robin","Animalia",25780,310,"Fruit/seed consumption",2013,3,30,89,2456382,3,2013,3,30,89,2456382,3,"25780_Fruit/seed consumption","Feeding",NA,NA,"25780_Fruit/seed consumption_2013",9
8496,46.328629,-96.061256,393,"MN",245,"Poecile","atricapillus","black-capped chickadee","Animalia",25781,310,"Fruit/seed consumption",2013,8,22,234,2456527,4,2013,9,23,266,2456559,4,"25781_Fruit/seed consumption","Feeding",NA,NA,"25781_Fruit/seed consumption_2013",9
8496,46.328629,-96.061256,393,"MN",352,"Archilochus","colubris","ruby-throated hummingbird","Animalia",25784,312,"Flower visitation",2013,9,6,249,2456542,7,2013,9,6,249,2456542,4,"25784_Flower visitation","Feeding",NA,NA,"25784_Flower visitation_2013",9
8496,46.328629,-96.061256,393,"MN",1104,"Hirundo","rustica","barn swallow","Animalia",25894,297,"Nest building (birds)",2013,5,26,146,2456439,3,2013,5,29,149,2456442,3,"25894_Nest building (birds)","Nesting behavior",NA,NA,"25894_Nest building (birds)_2013",10
8496,46.328629,-96.061256,393,"MN",1113,"Dryobates","pubescens","downy woodpecker","Animalia",25895,310,"Fruit/seed consumption",2013,5,1,121,2456414,4,2013,5,8,128,2456421,3,"25895_Fruit/seed consumption","Feeding",NA,NA,"25895_Fruit/seed consumption_2013",11
8496,46.328629,-96.061256,393,"MN",1090,"Cardinalis","cardinalis","northern cardinal","Animalia",25898,294,"Singing individuals (birds)",2013,2,28,59,2456352,3,2013,2,28,59,2456352,5,"25898_Singing individuals (birds)","Singing individuals",NA,NA,"25898_Singing individuals (birds)_2013",13
8496,46.328629,-96.061256,393,"MN",1090,"Cardinalis","cardinalis","northern cardinal","Animalia",25898,310,"Fruit/seed consumption",2013,1,6,6,2456299,3,2013,1,6,6,2456299,3,"25898_Fruit/seed consumption","Feeding",NA,NA,"25898_Fruit/seed consumption_2013",11
8496,46.328629,-96.061256,393,"MN",1124,"Tachycineta","bicolor","tree swallow","Animalia",25899,297,"Nest building (birds)",2013,5,29,149,2456442,3,2013,5,29,149,2456442,3,"25899_Nest building (birds)","Nesting behavior",NA,NA,"25899_Nest building (birds)_2013",9
8418,32.363758,-94.873947,115,"TX",1096,"Cyanocitta","cristata","blue jay","Animalia",28244,310,"Fruit/seed consumption",2013,1,6,6,2456299,3,2013,1,6,6,2456299,4,"28244_Fruit/seed consumption","Feeding",NA,NA,"28244_Fruit/seed consumption_2013",11
8418,32.363758,-94.873947,115,"TX",1096,"Cyanocitta","cristata","blue jay","Animalia",28244,457,"Insect consumption",2013,6,8,159,2456452,2,2013,6,21,172,2456465,2,"28244_Insect consumption","Feeding",NA,NA,"28244_Insect consumption_2013",9
8418,32.363758,-94.873947,115,"TX",356,"Sialia","sialis","eastern bluebird","Animalia",28245,457,"Insect consumption",2013,5,18,138,2456431,3,2013,5,18,138,2456431,5,"28245_Insect consumption","Feeding",NA,NA,"28245_Insect consumption_2013",10
8418,32.363758,-94.873947,115,"TX",375,"Zenaida","macroura","mourning dove","Animalia",28246,294,"Singing individuals (birds)",2013,4,6,96,2456389,3,2013,4,26,116,2456409,3,"28246_Singing individuals (birds)","Singing individuals",NA,NA,"28246_Singing individuals (birds)_2013",10
8418,32.363758,-94.873947,115,"TX",1090,"Cardinalis","cardinalis","northern cardinal","Animalia",28247,294,"Singing individuals (birds)",2013,2,10,41,2456334,2,2013,2,10,41,2456334,3,"28247_Singing individuals (birds)","Singing individuals",NA,NA,"28247_Singing individuals (birds)_2013",11
8418,32.363758,-94.873947,115,"TX",1090,"Cardinalis","cardinalis","northern cardinal","Animalia",28247,310,"Fruit/seed consumption",2013,1,6,6,2456299,3,2013,1,6,6,2456299,4,"28247_Fruit/seed consumption","Feeding",NA,NA,"28247_Fruit/seed consumption_2013",11
8418,32.363758,-94.873947,115,"TX",1090,"Cardinalis","cardinalis","northern cardinal","Animalia",28247,457,"Insect consumption",2013,6,2,153,2456446,3,2013,6,2,153,2456446,4,"28247_Insect consumption","Feeding",NA,NA,"28247_Insect consumption_2013",10
8736,44.903229,-93.217445,248,"MN",240,"Spinus","tristis","American goldfinch","Animalia",28348,310,"Fruit/seed consumption",2013,2,4,35,2456328,8,2013,4,25,115,2456408,61,"28348_Fruit/seed consumption","Feeding",NA,NA,"28348_Fruit/seed consumption_2013",10
8736,44.903229,-93.217445,248,"MN",245,"Poecile","atricapillus","black-capped chickadee","Animalia",28349,294,"Singing individuals (birds)",2013,8,16,228,2456521,4,2013,8,16,228,2456521,3,"28349_Singing individuals (birds)","Singing individuals",NA,NA,"28349_Singing individuals (birds)_2013",10
8736,44.903229,-93.217445,248,"MN",245,"Poecile","atricapillus","black-capped chickadee","Animalia",28349,310,"Fruit/seed consumption",2013,7,24,205,2456498,12,2013,8,3,215,2456508,5,"28349_Fruit/seed consumption","Feeding",NA,NA,"28349_Fruit/seed consumption_2013",9
8736,44.903229,-93.217445,248,"MN",1090,"Cardinalis","cardinalis","northern cardinal","Animalia",28354,310,"Fruit/seed consumption",2013,6,27,178,2456471,2,2013,6,27,178,2456471,2,"28354_Fruit/seed consumption","Feeding",NA,NA,"28354_Fruit/seed consumption_2013",10
8736,44.903229,-93.217445,248,"MN",362,"Junco","hyemalis","dark-eyed junco","Animalia",29145,310,"Fruit/seed consumption",2013,1,31,31,2456324,4,2013,4,25,115,2456408,61,"29145_Fruit/seed consumption","Feeding",NA,NA,"29145_Fruit/seed consumption_2013",9
8418,32.363758,-94.873947,115,"TX",352,"Archilochus","colubris","ruby-throated hummingbird","Animalia",30980,312,"Flower visitation",2013,4,17,107,2456400,3,2013,4,21,111,2456404,3,"30980_Flower visitation","Feeding",NA,NA,"30980_Flower visitation_2013",11
8496,46.328629,-96.061256,393,"MN",1096,"Cyanocitta","cristata","blue jay","Animalia",32294,310,"Fruit/seed consumption",2013,1,6,6,2456299,3,2013,1,15,15,2456308,4,"32294_Fruit/seed consumption","Feeding",NA,NA,"32294_Fruit/seed consumption_2013",13
8496,46.328629,-96.061256,393,"MN",362,"Junco","hyemalis","dark-eyed junco","Animalia",32295,310,"Fruit/seed consumption",2013,1,15,15,2456308,6,2013,1,19,19,2456312,3,"32295_Fruit/seed consumption","Feeding",NA,NA,"32295_Fruit/seed consumption_2013",9
8496,46.328629,-96.061256,393,"MN",1110,"Passer","domesticus","house sparrow","Animalia",32297,310,"Fruit/seed consumption",2013,2,28,59,2456352,3,2013,4,27,117,2456410,4,"32297_Fruit/seed consumption","Feeding",NA,NA,"32297_Fruit/seed consumption_2013",9
8418,32.363758,-94.873947,115,"TX",362,"Junco","hyemalis","dark-eyed junco","Animalia",33174,310,"Fruit/seed consumption",2013,1,6,6,2456299,3,2013,1,6,6,2456299,4,"33174_Fruit/seed consumption","Feeding",NA,NA,"33174_Fruit/seed consumption_2013",10
8418,32.363758,-94.873947,115,"TX",240,"Spinus","tristis","American goldfinch","Animalia",33798,310,"Fruit/seed consumption",2013,1,13,13,2456306,3,2013,1,13,13,2456306,5,"33798_Fruit/seed consumption","Feeding",NA,NA,"33798_Fruit/seed consumption_2013",10
8496,46.328629,-96.061256,393,"MN",240,"Spinus","tristis","American goldfinch","Animalia",34922,310,"Fruit/seed consumption",2013,2,3,34,2456327,3,2013,2,3,34,2456327,6,"34922_Fruit/seed consumption","Feeding",NA,NA,"34922_Fruit/seed consumption_2013",10
8418,32.363758,-94.873947,115,"TX",1110,"Passer","domesticus","house sparrow","Animalia",35674,310,"Fruit/seed consumption",2013,3,31,90,2456383,4,2013,3,31,90,2456383,3,"35674_Fruit/seed consumption","Feeding",NA,NA,"35674_Fruit/seed consumption_2013",10
10145,42.602543,-83.250992,277,"MI",240,"Spinus","tristis","American goldfinch","Animalia",38837,294,"Singing individuals (birds)",2013,4,16,106,2456399,6,2013,4,16,106,2456399,1,"38837_Singing individuals (birds)","Singing individuals",NA,NA,"38837_Singing individuals (birds)_2013",9
10145,42.602543,-83.250992,277,"MI",246,"Turdus","migratorius","American robin","Animalia",38840,310,"Fruit/seed consumption",2013,4,8,98,2456391,1,2013,4,8,98,2456391,1,"38840_Fruit/seed consumption","Feeding",NA,NA,"38840_Fruit/seed consumption_2013",9
10145,42.602543,-83.250992,277,"MI",362,"Junco","hyemalis","dark-eyed junco","Animalia",38878,294,"Singing individuals (birds)",2013,4,4,94,2456387,3,2013,4,5,95,2456388,1,"38878_Singing individuals (birds)","Singing individuals",NA,NA,"38878_Singing individuals (birds)_2013",11
10145,42.602543,-83.250992,277,"MI",355,"Troglodytes","aedon","house wren","Animalia",38908,294,"Singing individuals (birds)",2013,5,5,125,2456418,1,2013,5,5,125,2456418,1,"38908_Singing individuals (birds)","Singing individuals",NA,NA,"38908_Singing individuals (birds)_2013",10
10145,42.602543,-83.250992,277,"MI",359,"Agelaius","phoeniceus","red-winged blackbird","Animalia",38946,294,"Singing individuals (birds)",2013,4,20,110,2456403,2,2013,4,20,110,2456403,1,"38946_Singing individuals (birds)","Singing individuals",NA,NA,"38946_Singing individuals (birds)_2013",11
8418,32.363758,-94.873947,115,"TX",1113,"Dryobates","pubescens","downy woodpecker","Animalia",41679,310,"Fruit/seed consumption",2013,5,5,125,2456418,6,2013,5,5,125,2456418,4,"41679_Fruit/seed consumption","Feeding",NA,NA,"41679_Fruit/seed consumption_2013",10
8418,32.363758,-94.873947,115,"TX",1113,"Dryobates","pubescens","downy woodpecker","Animalia",41679,457,"Insect consumption",2013,9,7,250,2456543,14,2013,9,7,250,2456543,7,"41679_Insect consumption","Feeding",NA,NA,"41679_Insect consumption_2013",9
8418,32.363758,-94.873947,115,"TX",1126,"Thryothorus","ludovicianus","Carolina wren","Animalia",46734,310,"Fruit/seed consumption",2013,12,1,335,2456628,7,2013,12,1,335,2456628,7,"46734_Fruit/seed consumption","Feeding",NA,NA,"46734_Fruit/seed consumption_2013",10
6102,32.23188,-110.951012,737,"AZ",1110,"Passer","domesticus","house sparrow","Animalia",49643,310,"Fruit/seed consumption",2013,10,10,283,2456576,13,2013,10,14,287,2456580,1,"49643_Fruit/seed consumption","Feeding",NA,NA,"49643_Fruit/seed consumption_2013",9
1419,42.011166,-88.503304,280,"IL",246,"Turdus","migratorius","American robin","Animalia",10282,294,"Singing individuals (birds)",2014,5,3,123,2456781,12,2014,5,3,123,2456781,1,"10282_Singing individuals (birds)","Singing individuals",NA,NA,"10282_Singing individuals (birds)_2014",13
1419,42.011166,-88.503304,280,"IL",246,"Turdus","migratorius","American robin","Animalia",10282,457,"Insect consumption",2014,5,26,146,2456804,8,2014,7,23,204,2456862,8,"10282_Insect consumption","Feeding",NA,NA,"10282_Insect consumption_2014",9
1419,42.011166,-88.503304,280,"IL",245,"Poecile","atricapillus","black-capped chickadee","Animalia",10283,294,"Singing individuals (birds)",2014,3,22,81,2456739,7,2014,3,22,81,2456739,11,"10283_Singing individuals (birds)","Singing individuals",NA,NA,"10283_Singing individuals (birds)_2014",12
5674,44.910587,-70.266861,261,"ME",246,"Turdus","migratorius","American robin","Animalia",12709,310,"Fruit/seed consumption",2014,4,20,110,2456768,7,2014,4,20,110,2456768,7,"12709_Fruit/seed consumption","Feeding",NA,NA,"12709_Fruit/seed consumption_2014",11
5674,44.910587,-70.266861,261,"ME",246,"Turdus","migratorius","American robin","Animalia",12709,457,"Insect consumption",2014,5,25,145,2456803,7,2014,6,1,152,2456810,7,"12709_Insect consumption","Feeding",NA,NA,"12709_Insect consumption_2014",11
5674,44.910587,-70.266861,261,"ME",352,"Archilochus","colubris","ruby-throated hummingbird","Animalia",12712,312,"Flower visitation",2014,5,25,145,2456803,7,2014,6,22,173,2456831,7,"12712_Flower visitation","Feeding",NA,NA,"12712_Flower visitation_2014",13
2803,39.971001,-105.397003,2329,"CO",246,"Turdus","migratorius","American robin","Animalia",16046,294,"Singing individuals (birds)",2014,4,10,100,2456758,6,2014,5,1,121,2456779,8,"16046_Singing individuals (birds)","Singing individuals",NA,NA,"16046_Singing individuals (birds)_2014",14
2803,39.971001,-105.397003,2329,"CO",246,"Turdus","migratorius","American robin","Animalia",16046,457,"Insect consumption",2014,3,23,82,2456740,3,2014,3,26,85,2456743,9,"16046_Insect consumption","Feeding",NA,NA,"16046_Insect consumption_2014",15
2803,39.971001,-105.397003,2329,"CO",245,"Poecile","atricapillus","black-capped chickadee","Animalia",16047,310,"Fruit/seed consumption",2014,1,23,23,2456681,3,2014,1,23,23,2456681,4,"16047_Fruit/seed consumption","Feeding",NA,NA,"16047_Fruit/seed consumption_2014",15
2803,39.971001,-105.397003,2329,"CO",354,"Selasphorus","platycercus","broad-tailed hummingbird","Animalia",16048,312,"Flower visitation",2014,6,1,152,2456810,14,2014,9,21,264,2456922,5,"16048_Flower visitation","Feeding",NA,NA,"16048_Flower visitation_2014",14
2803,39.971001,-105.397003,2329,"CO",362,"Junco","hyemalis","dark-eyed junco","Animalia",16213,310,"Fruit/seed consumption",2014,1,5,5,2456663,4,2014,6,1,152,2456810,12,"16213_Fruit/seed consumption","Feeding",NA,NA,"16213_Fruit/seed consumption_2014",13
8418,32.363758,-94.873947,115,"TX",246,"Turdus","migratorius","American robin","Animalia",25349,294,"Singing individuals (birds)",2014,3,5,64,2456722,3,2014,3,5,64,2456722,4,"25349_Singing individuals (birds)","Singing individuals",NA,NA,"25349_Singing individuals (birds)_2014",11
8418,32.363758,-94.873947,115,"TX",246,"Turdus","migratorius","American robin","Animalia",25349,310,"Fruit/seed consumption",2014,1,11,11,2456669,6,2014,1,11,11,2456669,15,"25349_Fruit/seed consumption","Feeding",NA,NA,"25349_Fruit/seed consumption_2014",10
8418,32.363758,-94.873947,115,"TX",246,"Turdus","migratorius","American robin","Animalia",25349,457,"Insect consumption",2014,2,19,50,2456708,7,2014,3,12,71,2456729,8,"25349_Insect consumption","Feeding",NA,NA,"25349_Insect consumption_2014",11
8418,32.363758,-94.873947,115,"TX",1108,"Mimus","polyglottos","northern mockingbird","Animalia",25351,294,"Singing individuals (birds)",2014,3,16,75,2456733,4,2014,4,2,92,2456750,4,"25351_Singing individuals (birds)","Singing individuals",NA,NA,"25351_Singing individuals (birds)_2014",11
8418,32.363758,-94.873947,115,"TX",1108,"Mimus","polyglottos","northern mockingbird","Animalia",25351,310,"Fruit/seed consumption",2014,1,26,26,2456684,8,2014,1,26,26,2456684,3,"25351_Fruit/seed consumption","Feeding",NA,NA,"25351_Fruit/seed consumption_2014",10
8418,32.363758,-94.873947,115,"TX",1108,"Mimus","polyglottos","northern mockingbird","Animalia",25351,457,"Insect consumption",2014,2,23,54,2456712,4,2014,2,23,54,2456712,4,"25351_Insect consumption","Feeding",NA,NA,"25351_Insect consumption_2014",11
8496,46.328629,-96.061256,393,"MN",246,"Turdus","migratorius","American robin","Animalia",25780,310,"Fruit/seed consumption",2014,4,5,95,2456753,4,2014,4,9,99,2456757,4,"25780_Fruit/seed consumption","Feeding",NA,NA,"25780_Fruit/seed consumption_2014",9
8496,46.328629,-96.061256,393,"MN",245,"Poecile","atricapillus","black-capped chickadee","Animalia",25781,310,"Fruit/seed consumption",2014,7,12,193,2456851,5,2014,7,12,193,2456851,4,"25781_Fruit/seed consumption","Feeding",NA,NA,"25781_Fruit/seed consumption_2014",9
8496,46.328629,-96.061256,393,"MN",352,"Archilochus","colubris","ruby-throated hummingbird","Animalia",25784,312,"Flower visitation",2014,7,2,183,2456841,6,2014,7,2,183,2456841,5,"25784_Flower visitation","Feeding",NA,NA,"25784_Flower visitation_2014",9
8496,46.328629,-96.061256,393,"MN",1104,"Hirundo","rustica","barn swallow","Animalia",25894,297,"Nest building (birds)",2014,5,5,125,2456783,6,2014,5,5,125,2456783,3,"25894_Nest building (birds)","Nesting behavior",NA,NA,"25894_Nest building (birds)_2014",10
8496,46.328629,-96.061256,393,"MN",1113,"Dryobates","pubescens","downy woodpecker","Animalia",25895,310,"Fruit/seed consumption",2014,4,17,107,2456765,4,2014,10,4,277,2456935,4,"25895_Fruit/seed consumption","Feeding",NA,NA,"25895_Fruit/seed consumption_2014",11
8496,46.328629,-96.061256,393,"MN",1090,"Cardinalis","cardinalis","northern cardinal","Animalia",25898,294,"Singing individuals (birds)",2014,3,18,77,2456735,8,2014,3,18,77,2456735,8,"25898_Singing individuals (birds)","Singing individuals",NA,NA,"25898_Singing individuals (birds)_2014",13
8496,46.328629,-96.061256,393,"MN",1090,"Cardinalis","cardinalis","northern cardinal","Animalia",25898,310,"Fruit/seed consumption",2014,1,11,11,2456669,9,2014,2,15,46,2456704,9,"25898_Fruit/seed consumption","Feeding",NA,NA,"25898_Fruit/seed consumption_2014",11
8496,46.328629,-96.061256,393,"MN",1124,"Tachycineta","bicolor","tree swallow","Animalia",25899,297,"Nest building (birds)",2014,5,11,131,2456789,3,2014,5,11,131,2456789,22,"25899_Nest building (birds)","Nesting behavior",NA,NA,"25899_Nest building (birds)_2014",9
8418,32.363758,-94.873947,115,"TX",1096,"Cyanocitta","cristata","blue jay","Animalia",28244,310,"Fruit/seed consumption",2014,1,11,11,2456669,6,2014,1,26,26,2456684,3,"28244_Fruit/seed consumption","Feeding",NA,NA,"28244_Fruit/seed consumption_2014",11
8418,32.363758,-94.873947,115,"TX",1096,"Cyanocitta","cristata","blue jay","Animalia",28244,457,"Insect consumption",2014,6,1,152,2456810,6,2014,6,1,152,2456810,14,"28244_Insect consumption","Feeding",NA,NA,"28244_Insect consumption_2014",9
8418,32.363758,-94.873947,115,"TX",356,"Sialia","sialis","eastern bluebird","Animalia",28245,457,"Insect consumption",2014,5,11,131,2456789,4,2014,5,11,131,2456789,3,"28245_Insect consumption","Feeding",NA,NA,"28245_Insect consumption_2014",10
8418,32.363758,-94.873947,115,"TX",375,"Zenaida","macroura","mourning dove","Animalia",28246,294,"Singing individuals (birds)",2014,3,9,68,2456726,4,2014,3,9,68,2456726,3,"28246_Singing individuals (birds)","Singing individuals",NA,NA,"28246_Singing individuals (birds)_2014",10
8418,32.363758,-94.873947,115,"TX",1090,"Cardinalis","cardinalis","northern cardinal","Animalia",28247,294,"Singing individuals (birds)",2014,2,16,47,2456705,4,2014,2,16,47,2456705,3,"28247_Singing individuals (birds)","Singing individuals",NA,NA,"28247_Singing individuals (birds)_2014",11
8418,32.363758,-94.873947,115,"TX",1090,"Cardinalis","cardinalis","northern cardinal","Animalia",28247,310,"Fruit/seed consumption",2014,10,15,288,2456946,7,2014,10,22,295,2456953,4,"28247_Fruit/seed consumption","Feeding",NA,NA,"28247_Fruit/seed consumption_2014",11
8418,32.363758,-94.873947,115,"TX",1090,"Cardinalis","cardinalis","northern cardinal","Animalia",28247,457,"Insect consumption",2014,4,6,96,2456754,4,2014,4,6,96,2456754,3,"28247_Insect consumption","Feeding",NA,NA,"28247_Insect consumption_2014",10
8736,44.903229,-93.217445,248,"MN",240,"Spinus","tristis","American goldfinch","Animalia",28348,310,"Fruit/seed consumption",2014,4,24,114,2456772,1,2014,5,18,138,2456796,2,"28348_Fruit/seed consumption","Feeding",NA,NA,"28348_Fruit/seed consumption_2014",10
8736,44.903229,-93.217445,248,"MN",245,"Poecile","atricapillus","black-capped chickadee","Animalia",28349,294,"Singing individuals (birds)",2014,4,23,113,2456771,5,2014,4,26,116,2456774,3,"28349_Singing individuals (birds)","Singing individuals",NA,NA,"28349_Singing individuals (birds)_2014",10
8736,44.903229,-93.217445,248,"MN",245,"Poecile","atricapillus","black-capped chickadee","Animalia",28349,310,"Fruit/seed consumption",2014,5,3,123,2456781,4,2014,5,3,123,2456781,12,"28349_Fruit/seed consumption","Feeding",NA,NA,"28349_Fruit/seed consumption_2014",9
8736,44.903229,-93.217445,248,"MN",1090,"Cardinalis","cardinalis","northern cardinal","Animalia",28354,294,"Singing individuals (birds)",2014,4,29,119,2456777,5,2014,4,29,119,2456777,4,"28354_Singing individuals (birds)","Singing individuals",NA,NA,"28354_Singing individuals (birds)_2014",9
8736,44.903229,-93.217445,248,"MN",1090,"Cardinalis","cardinalis","northern cardinal","Animalia",28354,310,"Fruit/seed consumption",2014,5,20,140,2456798,5,2014,5,23,143,2456801,5,"28354_Fruit/seed consumption","Feeding",NA,NA,"28354_Fruit/seed consumption_2014",10
8736,44.903229,-93.217445,248,"MN",362,"Junco","hyemalis","dark-eyed junco","Animalia",29145,310,"Fruit/seed consumption",2014,10,20,293,2456951,12,2014,10,20,293,2456951,12,"29145_Fruit/seed consumption","Feeding",NA,NA,"29145_Fruit/seed consumption_2014",9
8418,32.363758,-94.873947,115,"TX",352,"Archilochus","colubris","ruby-throated hummingbird","Animalia",30980,312,"Flower visitation",2014,5,21,141,2456799,3,2014,5,21,141,2456799,5,"30980_Flower visitation","Feeding",NA,NA,"30980_Flower visitation_2014",11
8496,46.328629,-96.061256,393,"MN",1096,"Cyanocitta","cristata","blue jay","Animalia",32294,310,"Fruit/seed consumption",2014,3,26,85,2456743,8,2014,4,9,99,2456757,4,"32294_Fruit/seed consumption","Feeding",NA,NA,"32294_Fruit/seed consumption_2014",13
8496,46.328629,-96.061256,393,"MN",362,"Junco","hyemalis","dark-eyed junco","Animalia",32295,310,"Fruit/seed consumption",2014,3,18,77,2456735,8,2014,4,29,119,2456777,6,"32295_Fruit/seed consumption","Feeding",NA,NA,"32295_Fruit/seed consumption_2014",9
8496,46.328629,-96.061256,393,"MN",1110,"Passer","domesticus","house sparrow","Animalia",32297,310,"Fruit/seed consumption",2014,3,26,85,2456743,8,2014,4,17,107,2456765,5,"32297_Fruit/seed consumption","Feeding",NA,NA,"32297_Fruit/seed consumption_2014",9
8418,32.363758,-94.873947,115,"TX",362,"Junco","hyemalis","dark-eyed junco","Animalia",33174,310,"Fruit/seed consumption",2014,2,1,32,2456690,3,2014,3,30,89,2456747,3,"33174_Fruit/seed consumption","Feeding",NA,NA,"33174_Fruit/seed consumption_2014",10
8418,32.363758,-94.873947,115,"TX",240,"Spinus","tristis","American goldfinch","Animalia",33798,310,"Fruit/seed consumption",2014,2,23,54,2456712,4,2014,2,23,54,2456712,4,"33798_Fruit/seed consumption","Feeding",NA,NA,"33798_Fruit/seed consumption_2014",10
8496,46.328629,-96.061256,393,"MN",240,"Spinus","tristis","American goldfinch","Animalia",34922,310,"Fruit/seed consumption",2014,1,23,23,2456681,5,2014,1,23,23,2456681,6,"34922_Fruit/seed consumption","Feeding",NA,NA,"34922_Fruit/seed consumption_2014",10
8418,32.363758,-94.873947,115,"TX",1110,"Passer","domesticus","house sparrow","Animalia",35674,294,"Singing individuals (birds)",2014,2,23,54,2456712,4,2014,2,23,54,2456712,4,"35674_Singing individuals (birds)","Singing individuals",NA,NA,"35674_Singing individuals (birds)_2014",9
8418,32.363758,-94.873947,115,"TX",1110,"Passer","domesticus","house sparrow","Animalia",35674,310,"Fruit/seed consumption",2014,2,1,32,2456690,3,2014,8,17,229,2456887,3,"35674_Fruit/seed consumption","Feeding",NA,NA,"35674_Fruit/seed consumption_2014",10
10145,42.602543,-83.250992,277,"MI",240,"Spinus","tristis","American goldfinch","Animalia",38837,294,"Singing individuals (birds)",2014,2,18,49,2456707,1,2014,2,18,49,2456707,6,"38837_Singing individuals (birds)","Singing individuals",NA,NA,"38837_Singing individuals (birds)_2014",9
10145,42.602543,-83.250992,277,"MI",246,"Turdus","migratorius","American robin","Animalia",38840,310,"Fruit/seed consumption",2014,5,26,146,2456804,1,2014,5,26,146,2456804,1,"38840_Fruit/seed consumption","Feeding",NA,NA,"38840_Fruit/seed consumption_2014",9
10145,42.602543,-83.250992,277,"MI",362,"Junco","hyemalis","dark-eyed junco","Animalia",38878,294,"Singing individuals (birds)",2014,3,21,80,2456738,1,2014,3,21,80,2456738,1,"38878_Singing individuals (birds)","Singing individuals",NA,NA,"38878_Singing individuals (birds)_2014",11
10145,42.602543,-83.250992,277,"MI",355,"Troglodytes","aedon","house wren","Animalia",38908,294,"Singing individuals (birds)",2014,5,19,139,2456797,1,2014,5,20,140,2456798,1,"38908_Singing individuals (birds)","Singing individuals",NA,NA,"38908_Singing individuals (birds)_2014",10
10145,42.602543,-83.250992,277,"MI",359,"Agelaius","phoeniceus","red-winged blackbird","Animalia",38946,294,"Singing individuals (birds)",2014,3,20,79,2456737,1,2014,3,20,79,2456737,1,"38946_Singing individuals (birds)","Singing individuals",NA,NA,"38946_Singing individuals (birds)_2014",11
9652,44.768246,-94.155746,309,"MN",246,"Turdus","migratorius","American robin","Animalia",40107,294,"Singing individuals (birds)",2014,5,5,125,2456783,9,2014,10,2,275,2456933,48,"40107_Singing individuals (birds)","Singing individuals",NA,NA,"40107_Singing individuals (birds)_2014",11
8418,32.363758,-94.873947,115,"TX",1113,"Dryobates","pubescens","downy woodpecker","Animalia",41679,310,"Fruit/seed consumption",2014,3,5,64,2456722,3,2014,3,9,68,2456726,3,"41679_Fruit/seed consumption","Feeding",NA,NA,"41679_Fruit/seed consumption_2014",10
8418,32.363758,-94.873947,115,"TX",1113,"Dryobates","pubescens","downy woodpecker","Animalia",41679,457,"Insect consumption",2014,1,11,11,2456669,6,2014,1,18,18,2456676,11,"41679_Insect consumption","Feeding",NA,NA,"41679_Insect consumption_2014",9
11313,44.201355,-92.646301,330,"MN",1090,"Cardinalis","cardinalis","northern cardinal","Animalia",46661,294,"Singing individuals (birds)",2014,2,9,40,2456698,4,2014,2,9,40,2456698,3,"46661_Singing individuals (birds)","Singing individuals",NA,NA,"46661_Singing individuals (birds)_2014",10
8418,32.363758,-94.873947,115,"TX",1126,"Thryothorus","ludovicianus","Carolina wren","Animalia",46734,310,"Fruit/seed consumption",2014,1,18,18,2456676,7,2014,1,26,26,2456684,3,"46734_Fruit/seed consumption","Feeding",NA,NA,"46734_Fruit/seed consumption_2014",10
6102,32.23188,-110.951012,737,"AZ",1110,"Passer","domesticus","house sparrow","Animalia",49643,310,"Fruit/seed consumption",2014,9,9,252,2456910,5,2014,9,9,252,2456910,2,"49643_Fruit/seed consumption","Feeding",NA,NA,"49643_Fruit/seed consumption_2014",9
16295,27.929228,-82.725639,4,"FL",1108,"Mimus","polyglottos","northern mockingbird","Animalia",60950,294,"Singing individuals (birds)",2014,3,22,81,2456739,12,2014,3,22,81,2456739,7,"60950_Singing individuals (birds)","Singing individuals",NA,NA,"60950_Singing individuals (birds)_2014",9
8418,32.363758,-94.873947,115,"TX",359,"Agelaius","phoeniceus","red-winged blackbird","Animalia",62147,310,"Fruit/seed consumption",2014,2,9,40,2456698,3,2014,3,30,89,2456747,3,"62147_Fruit/seed consumption","Feeding",NA,NA,"62147_Fruit/seed consumption_2014",9
8418,32.363758,-94.873947,115,"TX",1233,"Poecile","carolinensis","Carolina chickadee","Animalia",63335,310,"Fruit/seed consumption",2014,3,2,61,2456719,3,2014,3,30,89,2456747,3,"63335_Fruit/seed consumption","Feeding",NA,NA,"63335_Fruit/seed consumption_2014",9
8418,32.363758,-94.873947,115,"TX",363,"Molothrus","ater","brown-headed cowbird","Animalia",64379,310,"Fruit/seed consumption",2014,4,23,113,2456771,3,2014,4,23,113,2456771,4,"64379_Fruit/seed consumption","Feeding",NA,NA,"64379_Fruit/seed consumption_2014",9
17414,42.936153,-73.433449,147,"NY",1124,"Tachycineta","bicolor","tree swallow","Animalia",66940,297,"Nest building (birds)",2014,5,8,128,2456786,2,2014,5,19,139,2456797,4,"66940_Nest building (birds)","Nesting behavior",NA,NA,"66940_Nest building (birds)_2014",9
17707,37.360123,-122.128151,170,"CA",362,"Junco","hyemalis","dark-eyed junco","Animalia",68613,294,"Singing individuals (birds)",2014,5,21,141,2456799,2,2014,5,21,141,2456799,5,"68613_Singing individuals (birds)","Singing individuals",NA,NA,"68613_Singing individuals (birds)_2014",9
6099,34.119007,-118.760071,288,"CA",1229,"Melanerpes","formicivorus","acorn woodpecker","Animalia",72367,457,"Insect consumption",2014,9,3,246,2456904,5,2014,9,3,246,2456904,2,"72367_Insect consumption","Feeding",NA,NA,"72367_Insect consumption_2014",10
20765,33.632149,-117.55545,440,"CA",1088,"Calypte","anna","Anna's hummingbird","Animalia",88471,312,"Flower visitation",2014,3,15,74,2456732,9,2014,3,15,74,2456732,1,"88471_Flower visitation","Feeding",NA,NA,"88471_Flower visitation_2014",9
20765,33.632149,-117.55545,440,"CA",1380,"Melospiza","melodia","song sparrow","Animalia",88475,294,"Singing individuals (birds)",2014,4,10,100,2456758,7,2014,4,10,100,2456758,10,"88475_Singing individuals (birds)","Singing individuals",NA,NA,"88475_Singing individuals (birds)_2014",10
1419,42.011166,-88.503304,280,"IL",246,"Turdus","migratorius","American robin","Animalia",10282,294,"Singing individuals (birds)",2015,3,16,75,2457098,1,2015,3,16,75,2457098,6,"10282_Singing individuals (birds)","Singing individuals",NA,NA,"10282_Singing individuals (birds)_2015",13
1419,42.011166,-88.503304,280,"IL",246,"Turdus","migratorius","American robin","Animalia",10282,457,"Insect consumption",2015,3,22,81,2457104,6,2015,4,11,101,2457124,6,"10282_Insect consumption","Feeding",NA,NA,"10282_Insect consumption_2015",9
1419,42.011166,-88.503304,280,"IL",245,"Poecile","atricapillus","black-capped chickadee","Animalia",10283,294,"Singing individuals (birds)",2015,3,7,66,2457089,1,2015,3,7,66,2457089,8,"10283_Singing individuals (birds)","Singing individuals",NA,NA,"10283_Singing individuals (birds)_2015",12
5674,44.910587,-70.266861,261,"ME",246,"Turdus","migratorius","American robin","Animalia",12709,310,"Fruit/seed consumption",2015,3,29,88,2457111,7,2015,5,11,131,2457154,6,"12709_Fruit/seed consumption","Feeding",NA,NA,"12709_Fruit/seed consumption_2015",11
5674,44.910587,-70.266861,261,"ME",246,"Turdus","migratorius","American robin","Animalia",12709,457,"Insect consumption",2015,5,11,131,2457154,7,2015,8,9,221,2457244,NA,"12709_Insect consumption","Feeding",NA,NA,"12709_Insect consumption_2015",11
5674,44.910587,-70.266861,261,"ME",352,"Archilochus","colubris","ruby-throated hummingbird","Animalia",12712,312,"Flower visitation",2015,5,17,137,2457160,6,2015,5,17,137,2457160,7,"12712_Flower visitation","Feeding",NA,NA,"12712_Flower visitation_2015",13
2803,39.971001,-105.397003,2329,"CO",246,"Turdus","migratorius","American robin","Animalia",16046,294,"Singing individuals (birds)",2015,3,20,79,2457102,5,2015,4,11,101,2457124,13,"16046_Singing individuals (birds)","Singing individuals",NA,NA,"16046_Singing individuals (birds)_2015",14
2803,39.971001,-105.397003,2329,"CO",246,"Turdus","migratorius","American robin","Animalia",16046,457,"Insect consumption",2015,8,2,214,2457237,2,2015,8,2,214,2457237,26,"16046_Insect consumption","Feeding",NA,NA,"16046_Insect consumption_2015",15
2803,39.971001,-105.397003,2329,"CO",245,"Poecile","atricapillus","black-capped chickadee","Animalia",16047,294,"Singing individuals (birds)",2015,3,22,81,2457104,2,2015,4,5,95,2457118,2,"16047_Singing individuals (birds)","Singing individuals",NA,NA,"16047_Singing individuals (birds)_2015",13
2803,39.971001,-105.397003,2329,"CO",245,"Poecile","atricapillus","black-capped chickadee","Animalia",16047,310,"Fruit/seed consumption",2015,3,14,73,2457096,6,2015,3,14,73,2457096,6,"16047_Fruit/seed consumption","Feeding",NA,NA,"16047_Fruit/seed consumption_2015",15
2803,39.971001,-105.397003,2329,"CO",354,"Selasphorus","platycercus","broad-tailed hummingbird","Animalia",16048,312,"Flower visitation",2015,5,25,145,2457168,8,2015,9,12,255,2457278,6,"16048_Flower visitation","Feeding",NA,NA,"16048_Flower visitation_2015",14
2803,39.971001,-105.397003,2329,"CO",354,"Selasphorus","platycercus","broad-tailed hummingbird","Animalia",16048,457,"Insect consumption",2015,6,19,170,2457193,2,2015,6,19,170,2457193,5,"16048_Insect consumption","Feeding",NA,NA,"16048_Insect consumption_2015",14
2803,39.971001,-105.397003,2329,"CO",362,"Junco","hyemalis","dark-eyed junco","Animalia",16213,294,"Singing individuals (birds)",2015,3,20,79,2457102,6,2015,4,5,95,2457118,6,"16213_Singing individuals (birds)","Singing individuals",NA,NA,"16213_Singing individuals (birds)_2015",11
2803,39.971001,-105.397003,2329,"CO",362,"Junco","hyemalis","dark-eyed junco","Animalia",16213,310,"Fruit/seed consumption",2015,2,15,46,2457069,2,2015,2,19,50,2457073,3,"16213_Fruit/seed consumption","Feeding",NA,NA,"16213_Fruit/seed consumption_2015",13
2803,39.971001,-105.397003,2329,"CO",357,"Sialia","mexicana","western bluebird","Animalia",16214,457,"Insect consumption",2015,5,2,122,2457145,6,2015,5,2,122,2457145,5,"16214_Insect consumption","Feeding",NA,NA,"16214_Insect consumption_2015",12
8418,32.363758,-94.873947,115,"TX",246,"Turdus","migratorius","American robin","Animalia",25349,294,"Singing individuals (birds)",2015,1,17,17,2457040,3,2015,1,17,17,2457040,2,"25349_Singing individuals (birds)","Singing individuals",NA,NA,"25349_Singing individuals (birds)_2015",11
8418,32.363758,-94.873947,115,"TX",246,"Turdus","migratorius","American robin","Animalia",25349,310,"Fruit/seed consumption",2015,1,22,22,2457045,5,2015,1,25,25,2457048,3,"25349_Fruit/seed consumption","Feeding",NA,NA,"25349_Fruit/seed consumption_2015",10
8418,32.363758,-94.873947,115,"TX",246,"Turdus","migratorius","American robin","Animalia",25349,457,"Insect consumption",2015,1,19,19,2457042,2,2015,1,19,19,2457042,3,"25349_Insect consumption","Feeding",NA,NA,"25349_Insect consumption_2015",11
8418,32.363758,-94.873947,115,"TX",1108,"Mimus","polyglottos","northern mockingbird","Animalia",25351,294,"Singing individuals (birds)",2015,3,18,77,2457100,3,2015,4,26,116,2457139,3,"25351_Singing individuals (birds)","Singing individuals",NA,NA,"25351_Singing individuals (birds)_2015",11
8418,32.363758,-94.873947,115,"TX",1108,"Mimus","polyglottos","northern mockingbird","Animalia",25351,310,"Fruit/seed consumption",2015,5,17,137,2457160,4,2015,8,12,224,2457247,4,"25351_Fruit/seed consumption","Feeding",NA,NA,"25351_Fruit/seed consumption_2015",10
8418,32.363758,-94.873947,115,"TX",1108,"Mimus","polyglottos","northern mockingbird","Animalia",25351,457,"Insect consumption",2015,1,25,25,2457048,3,2015,1,25,25,2457048,3,"25351_Insect consumption","Feeding",NA,NA,"25351_Insect consumption_2015",11
8496,46.328629,-96.061256,393,"MN",246,"Turdus","migratorius","American robin","Animalia",25780,310,"Fruit/seed consumption",2015,3,14,73,2457096,6,2015,4,7,97,2457120,5,"25780_Fruit/seed consumption","Feeding",NA,NA,"25780_Fruit/seed consumption_2015",9
8496,46.328629,-96.061256,393,"MN",245,"Poecile","atricapillus","black-capped chickadee","Animalia",25781,310,"Fruit/seed consumption",2015,4,19,109,2457132,3,2015,4,19,109,2457132,3,"25781_Fruit/seed consumption","Feeding",NA,NA,"25781_Fruit/seed consumption_2015",9
8496,46.328629,-96.061256,393,"MN",352,"Archilochus","colubris","ruby-throated hummingbird","Animalia",25784,312,"Flower visitation",2015,6,16,167,2457190,5,2015,6,19,170,2457193,8,"25784_Flower visitation","Feeding",NA,NA,"25784_Flower visitation_2015",9
8496,46.328629,-96.061256,393,"MN",1104,"Hirundo","rustica","barn swallow","Animalia",25894,297,"Nest building (birds)",2015,5,1,121,2457144,2,2015,5,7,127,2457150,2,"25894_Nest building (birds)","Nesting behavior",NA,NA,"25894_Nest building (birds)_2015",10
8496,46.328629,-96.061256,393,"MN",1113,"Dryobates","pubescens","downy woodpecker","Animalia",25895,310,"Fruit/seed consumption",2015,3,20,79,2457102,6,2015,3,20,79,2457102,6,"25895_Fruit/seed consumption","Feeding",NA,NA,"25895_Fruit/seed consumption_2015",11
8496,46.328629,-96.061256,393,"MN",1090,"Cardinalis","cardinalis","northern cardinal","Animalia",25898,294,"Singing individuals (birds)",2015,2,11,42,2457065,4,2015,3,20,79,2457102,6,"25898_Singing individuals (birds)","Singing individuals",NA,NA,"25898_Singing individuals (birds)_2015",13
8496,46.328629,-96.061256,393,"MN",1090,"Cardinalis","cardinalis","northern cardinal","Animalia",25898,310,"Fruit/seed consumption",2015,1,23,23,2457046,8,2015,2,7,38,2457061,4,"25898_Fruit/seed consumption","Feeding",NA,NA,"25898_Fruit/seed consumption_2015",11
8496,46.328629,-96.061256,393,"MN",1124,"Tachycineta","bicolor","tree swallow","Animalia",25899,297,"Nest building (birds)",2015,4,16,106,2457129,4,2015,4,16,106,2457129,3,"25899_Nest building (birds)","Nesting behavior",NA,NA,"25899_Nest building (birds)_2015",9
8418,32.363758,-94.873947,115,"TX",1096,"Cyanocitta","cristata","blue jay","Animalia",28244,310,"Fruit/seed consumption",2015,1,10,10,2457033,6,2015,1,10,10,2457033,4,"28244_Fruit/seed consumption","Feeding",NA,NA,"28244_Fruit/seed consumption_2015",11
8418,32.363758,-94.873947,115,"TX",1096,"Cyanocitta","cristata","blue jay","Animalia",28244,457,"Insect consumption",2015,3,22,81,2457104,4,2015,3,22,81,2457104,3,"28244_Insect consumption","Feeding",NA,NA,"28244_Insect consumption_2015",9
8418,32.363758,-94.873947,115,"TX",356,"Sialia","sialis","eastern bluebird","Animalia",28245,457,"Insect consumption",2015,1,25,25,2457048,3,2015,1,28,28,2457051,46,"28245_Insect consumption","Feeding",NA,NA,"28245_Insect consumption_2015",10
8418,32.363758,-94.873947,115,"TX",375,"Zenaida","macroura","mourning dove","Animalia",28246,294,"Singing individuals (birds)",2015,4,8,98,2457121,3,2015,4,8,98,2457121,4,"28246_Singing individuals (birds)","Singing individuals",NA,NA,"28246_Singing individuals (birds)_2015",10
8418,32.363758,-94.873947,115,"TX",1090,"Cardinalis","cardinalis","northern cardinal","Animalia",28247,294,"Singing individuals (birds)",2015,1,25,25,2457048,3,2015,1,25,25,2457048,3,"28247_Singing individuals (birds)","Singing individuals",NA,NA,"28247_Singing individuals (birds)_2015",11
8418,32.363758,-94.873947,115,"TX",1090,"Cardinalis","cardinalis","northern cardinal","Animalia",28247,310,"Fruit/seed consumption",2015,1,25,25,2457048,3,2015,1,25,25,2457048,3,"28247_Fruit/seed consumption","Feeding",NA,NA,"28247_Fruit/seed consumption_2015",11
8418,32.363758,-94.873947,115,"TX",1090,"Cardinalis","cardinalis","northern cardinal","Animalia",28247,457,"Insect consumption",2015,4,12,102,2457125,7,2015,4,12,102,2457125,3,"28247_Insect consumption","Feeding",NA,NA,"28247_Insect consumption_2015",10
8736,44.903229,-93.217445,248,"MN",240,"Spinus","tristis","American goldfinch","Animalia",28348,310,"Fruit/seed consumption",2015,2,23,54,2457077,3,2015,2,27,58,2457081,3,"28348_Fruit/seed consumption","Feeding",NA,NA,"28348_Fruit/seed consumption_2015",10
8736,44.903229,-93.217445,248,"MN",245,"Poecile","atricapillus","black-capped chickadee","Animalia",28349,294,"Singing individuals (birds)",2015,4,11,101,2457124,3,2015,4,20,110,2457133,16,"28349_Singing individuals (birds)","Singing individuals",NA,NA,"28349_Singing individuals (birds)_2015",10
8736,44.903229,-93.217445,248,"MN",245,"Poecile","atricapillus","black-capped chickadee","Animalia",28349,310,"Fruit/seed consumption",2015,1,5,5,2457028,2,2015,5,17,137,2457160,5,"28349_Fruit/seed consumption","Feeding",NA,NA,"28349_Fruit/seed consumption_2015",9
8736,44.903229,-93.217445,248,"MN",1090,"Cardinalis","cardinalis","northern cardinal","Animalia",28354,294,"Singing individuals (birds)",2015,3,22,81,2457104,6,2015,4,8,98,2457121,3,"28354_Singing individuals (birds)","Singing individuals",NA,NA,"28354_Singing individuals (birds)_2015",9
8736,44.903229,-93.217445,248,"MN",1090,"Cardinalis","cardinalis","northern cardinal","Animalia",28354,310,"Fruit/seed consumption",2015,8,4,216,2457239,1,2015,8,4,216,2457239,2,"28354_Fruit/seed consumption","Feeding",NA,NA,"28354_Fruit/seed consumption_2015",10
8736,44.903229,-93.217445,248,"MN",362,"Junco","hyemalis","dark-eyed junco","Animalia",29145,310,"Fruit/seed consumption",2015,3,25,84,2457107,3,2015,4,2,92,2457115,6,"29145_Fruit/seed consumption","Feeding",NA,NA,"29145_Fruit/seed consumption_2015",9
8418,32.363758,-94.873947,115,"TX",352,"Archilochus","colubris","ruby-throated hummingbird","Animalia",30980,312,"Flower visitation",2015,3,29,88,2457111,4,2015,3,29,88,2457111,3,"30980_Flower visitation","Feeding",NA,NA,"30980_Flower visitation_2015",11
8496,46.328629,-96.061256,393,"MN",1096,"Cyanocitta","cristata","blue jay","Animalia",32294,310,"Fruit/seed consumption",2015,1,9,9,2457032,4,2015,1,9,9,2457032,6,"32294_Fruit/seed consumption","Feeding",NA,NA,"32294_Fruit/seed consumption_2015",13
8496,46.328629,-96.061256,393,"MN",362,"Junco","hyemalis","dark-eyed junco","Animalia",32295,310,"Fruit/seed consumption",2015,1,23,23,2457046,8,2015,4,28,118,2457141,1,"32295_Fruit/seed consumption","Feeding",NA,NA,"32295_Fruit/seed consumption_2015",9
8496,46.328629,-96.061256,393,"MN",1110,"Passer","domesticus","house sparrow","Animalia",32297,310,"Fruit/seed consumption",2015,1,15,15,2457038,6,2015,1,15,15,2457038,8,"32297_Fruit/seed consumption","Feeding",NA,NA,"32297_Fruit/seed consumption_2015",9
8418,32.363758,-94.873947,115,"TX",362,"Junco","hyemalis","dark-eyed junco","Animalia",33174,310,"Fruit/seed consumption",2015,11,8,312,2457335,4,2015,11,8,312,2457335,3,"33174_Fruit/seed consumption","Feeding",NA,NA,"33174_Fruit/seed consumption_2015",10
8418,32.363758,-94.873947,115,"TX",240,"Spinus","tristis","American goldfinch","Animalia",33798,310,"Fruit/seed consumption",2015,1,25,25,2457048,3,2015,1,28,28,2457051,2,"33798_Fruit/seed consumption","Feeding",NA,NA,"33798_Fruit/seed consumption_2015",10
8496,46.328629,-96.061256,393,"MN",240,"Spinus","tristis","American goldfinch","Animalia",34922,310,"Fruit/seed consumption",2015,3,26,85,2457108,6,2015,3,26,85,2457108,12,"34922_Fruit/seed consumption","Feeding",NA,NA,"34922_Fruit/seed consumption_2015",10
8418,32.363758,-94.873947,115,"TX",1110,"Passer","domesticus","house sparrow","Animalia",35674,294,"Singing individuals (birds)",2015,1,25,25,2457048,3,2015,1,25,25,2457048,3,"35674_Singing individuals (birds)","Singing individuals",NA,NA,"35674_Singing individuals (birds)_2015",9
8418,32.363758,-94.873947,115,"TX",1110,"Passer","domesticus","house sparrow","Animalia",35674,310,"Fruit/seed consumption",2015,1,17,17,2457040,3,2015,1,25,25,2457048,3,"35674_Fruit/seed consumption","Feeding",NA,NA,"35674_Fruit/seed consumption_2015",10
10145,42.602543,-83.250992,277,"MI",240,"Spinus","tristis","American goldfinch","Animalia",38837,294,"Singing individuals (birds)",2015,4,13,103,2457126,1,2015,4,13,103,2457126,1,"38837_Singing individuals (birds)","Singing individuals",NA,NA,"38837_Singing individuals (birds)_2015",9
10145,42.602543,-83.250992,277,"MI",362,"Junco","hyemalis","dark-eyed junco","Animalia",38878,294,"Singing individuals (birds)",2015,3,31,90,2457113,2,2015,3,31,90,2457113,1,"38878_Singing individuals (birds)","Singing individuals",NA,NA,"38878_Singing individuals (birds)_2015",11
10145,42.602543,-83.250992,277,"MI",355,"Troglodytes","aedon","house wren","Animalia",38908,294,"Singing individuals (birds)",2015,5,23,143,2457166,1,2015,5,23,143,2457166,1,"38908_Singing individuals (birds)","Singing individuals",NA,NA,"38908_Singing individuals (birds)_2015",10
10145,42.602543,-83.250992,277,"MI",359,"Agelaius","phoeniceus","red-winged blackbird","Animalia",38946,294,"Singing individuals (birds)",2015,4,2,92,2457115,1,2015,4,2,92,2457115,1,"38946_Singing individuals (birds)","Singing individuals",NA,NA,"38946_Singing individuals (birds)_2015",11
9652,44.768246,-94.155746,309,"MN",246,"Turdus","migratorius","American robin","Animalia",40107,294,"Singing individuals (birds)",2015,5,9,129,2457152,3,2015,5,9,129,2457152,6,"40107_Singing individuals (birds)","Singing individuals",NA,NA,"40107_Singing individuals (birds)_2015",11
9652,44.768246,-94.155746,309,"MN",246,"Turdus","migratorius","American robin","Animalia",40107,297,"Nest building (birds)",2015,4,21,111,2457134,2,2015,4,21,111,2457134,4,"40107_Nest building (birds)","Nesting behavior",NA,NA,"40107_Nest building (birds)_2015",9
9652,44.768246,-94.155746,309,"MN",246,"Turdus","migratorius","American robin","Animalia",40107,457,"Insect consumption",2015,10,15,288,2457311,14,2015,10,15,288,2457311,39,"40107_Insect consumption","Feeding",NA,NA,"40107_Insect consumption_2015",10
8418,32.363758,-94.873947,115,"TX",1113,"Dryobates","pubescens","downy woodpecker","Animalia",41679,310,"Fruit/seed consumption",2015,1,17,17,2457040,3,2015,1,25,25,2457048,3,"41679_Fruit/seed consumption","Feeding",NA,NA,"41679_Fruit/seed consumption_2015",10
8418,32.363758,-94.873947,115,"TX",1113,"Dryobates","pubescens","downy woodpecker","Animalia",41679,457,"Insect consumption",2015,1,25,25,2457048,3,2015,1,25,25,2457048,3,"41679_Insect consumption","Feeding",NA,NA,"41679_Insect consumption_2015",9
11313,44.201355,-92.646301,330,"MN",1090,"Cardinalis","cardinalis","northern cardinal","Animalia",46661,294,"Singing individuals (birds)",2015,4,18,108,2457131,6,2015,4,25,115,2457138,7,"46661_Singing individuals (birds)","Singing individuals",NA,NA,"46661_Singing individuals (birds)_2015",10
8418,32.363758,-94.873947,115,"TX",1126,"Thryothorus","ludovicianus","Carolina wren","Animalia",46734,310,"Fruit/seed consumption",2015,3,22,81,2457104,4,2015,3,22,81,2457104,3,"46734_Fruit/seed consumption","Feeding",NA,NA,"46734_Fruit/seed consumption_2015",10
6102,32.23188,-110.951012,737,"AZ",1110,"Passer","domesticus","house sparrow","Animalia",49643,310,"Fruit/seed consumption",2015,9,10,253,2457276,2,2015,9,11,254,2457277,1,"49643_Fruit/seed consumption","Feeding",NA,NA,"49643_Fruit/seed consumption_2015",9
16295,27.929228,-82.725639,4,"FL",1108,"Mimus","polyglottos","northern mockingbird","Animalia",60950,294,"Singing individuals (birds)",2015,3,11,70,2457093,6,2015,3,20,79,2457102,5,"60950_Singing individuals (birds)","Singing individuals",NA,NA,"60950_Singing individuals (birds)_2015",9
8418,32.363758,-94.873947,115,"TX",359,"Agelaius","phoeniceus","red-winged blackbird","Animalia",62147,310,"Fruit/seed consumption",2015,3,18,77,2457100,3,2015,3,22,81,2457104,3,"62147_Fruit/seed consumption","Feeding",NA,NA,"62147_Fruit/seed consumption_2015",9
8418,32.363758,-94.873947,115,"TX",1233,"Poecile","carolinensis","Carolina chickadee","Animalia",63335,310,"Fruit/seed consumption",2015,1,30,30,2457053,2,2015,3,29,88,2457111,3,"63335_Fruit/seed consumption","Feeding",NA,NA,"63335_Fruit/seed consumption_2015",9
8418,32.363758,-94.873947,115,"TX",363,"Molothrus","ater","brown-headed cowbird","Animalia",64379,310,"Fruit/seed consumption",2015,3,18,77,2457100,3,2015,3,25,84,2457107,4,"64379_Fruit/seed consumption","Feeding",NA,NA,"64379_Fruit/seed consumption_2015",9
17414,42.936153,-73.433449,147,"NY",1124,"Tachycineta","bicolor","tree swallow","Animalia",66940,297,"Nest building (birds)",2015,5,6,126,2457149,3,2015,5,24,144,2457167,6,"66940_Nest building (birds)","Nesting behavior",NA,NA,"66940_Nest building (birds)_2015",9
17707,37.360123,-122.128151,170,"CA",362,"Junco","hyemalis","dark-eyed junco","Animalia",68613,294,"Singing individuals (birds)",2015,1,29,29,2457052,2,2015,2,4,35,2457058,1,"68613_Singing individuals (birds)","Singing individuals",NA,NA,"68613_Singing individuals (birds)_2015",9
12725,37.360928,-122.130836,176,"CA",1088,"Calypte","anna","Anna's hummingbird","Animalia",71544,312,"Flower visitation",2015,5,4,124,2457147,5,2015,5,13,133,2457156,5,"71544_Flower visitation","Feeding",NA,NA,"71544_Flower visitation_2015",9
6099,34.119007,-118.760071,288,"CA",1229,"Melanerpes","formicivorus","acorn woodpecker","Animalia",72367,457,"Insect consumption",2015,1,14,14,2457037,5,2015,1,14,14,2457037,2,"72367_Insect consumption","Feeding",NA,NA,"72367_Insect consumption_2015",10
19944,33.66478,-117.843063,22,"CA",1088,"Calypte","anna","Anna's hummingbird","Animalia",81455,294,"Singing individuals (birds)",2015,4,17,107,2457130,5,2015,4,22,112,2457135,6,"81455_Singing individuals (birds)","Singing individuals",NA,NA,"81455_Singing individuals (birds)_2015",11
19944,33.66478,-117.843063,22,"CA",1088,"Calypte","anna","Anna's hummingbird","Animalia",81455,312,"Flower visitation",2015,4,17,107,2457130,5,2015,4,17,107,2457130,3,"81455_Flower visitation","Feeding",NA,NA,"81455_Flower visitation_2015",11
19944,33.66478,-117.843063,22,"CA",1088,"Calypte","anna","Anna's hummingbird","Animalia",81455,457,"Insect consumption",2015,4,20,110,2457133,3,2015,4,22,112,2457135,6,"81455_Insect consumption","Feeding",NA,NA,"81455_Insect consumption_2015",11
19944,33.66478,-117.843063,22,"CA",376,"Sayornis","nigricans","black phoebe","Animalia",81456,294,"Singing individuals (birds)",2015,4,10,100,2457123,5,2015,4,10,100,2457123,2,"81456_Singing individuals (birds)","Singing individuals",NA,NA,"81456_Singing individuals (birds)_2015",11
19944,33.66478,-117.843063,22,"CA",376,"Sayornis","nigricans","black phoebe","Animalia",81456,457,"Insect consumption",2015,4,17,107,2457130,5,2015,5,7,127,2457150,3,"81456_Insect consumption","Feeding",NA,NA,"81456_Insect consumption_2015",11
19944,33.66478,-117.843063,22,"CA",242,"Petrochelidon","pyrrhonota","cliff swallow","Animalia",81457,297,"Nest building (birds)",2015,4,12,102,2457125,2,2015,4,12,102,2457125,5,"81457_Nest building (birds)","Nesting behavior",NA,NA,"81457_Nest building (birds)_2015",10
19944,33.66478,-117.843063,22,"CA",1197,"Geothlypis","trichas","common yellowthroat","Animalia",81458,294,"Singing individuals (birds)",2015,7,20,201,2457224,2,2015,7,20,201,2457224,3,"81458_Singing individuals (birds)","Singing individuals",NA,NA,"81458_Singing individuals (birds)_2015",11
19944,33.66478,-117.843063,22,"CA",248,"Pandion","haliaetus","osprey","Animalia",81461,297,"Nest building (birds)",2015,12,29,363,2457386,12,2015,12,29,363,2457386,NA,"81461_Nest building (birds)","Nesting behavior",NA,NA,"81461_Nest building (birds)_2015",9
17414,42.936153,-73.433449,147,"NY",1197,"Geothlypis","trichas","common yellowthroat","Animalia",86970,294,"Singing individuals (birds)",2015,5,16,136,2457159,3,2015,5,21,141,2457164,3,"86970_Singing individuals (birds)","Singing individuals",NA,NA,"86970_Singing individuals (birds)_2015",11
20765,33.632149,-117.55545,440,"CA",1088,"Calypte","anna","Anna's hummingbird","Animalia",88471,312,"Flower visitation",2015,2,15,46,2457069,10,2015,2,15,46,2457069,18,"88471_Flower visitation","Feeding",NA,NA,"88471_Flower visitation_2015",9
20765,33.632149,-117.55545,440,"CA",376,"Sayornis","nigricans","black phoebe","Animalia",88472,457,"Insect consumption",2015,6,21,172,2457195,12,2015,6,21,172,2457195,18,"88472_Insect consumption","Feeding",NA,NA,"88472_Insect consumption_2015",9
20765,33.632149,-117.55545,440,"CA",355,"Troglodytes","aedon","house wren","Animalia",88474,294,"Singing individuals (birds)",2015,5,20,140,2457163,13,2015,5,20,140,2457163,78,"88474_Singing individuals (birds)","Singing individuals",NA,NA,"88474_Singing individuals (birds)_2015",9
1419,42.011166,-88.503304,280,"IL",246,"Turdus","migratorius","American robin","Animalia",10282,294,"Singing individuals (birds)",2016,4,23,114,2457502,8,2016,4,23,114,2457502,1,"10282_Singing individuals (birds)","Singing individuals",NA,NA,"10282_Singing individuals (birds)_2016",13
1419,42.011166,-88.503304,280,"IL",246,"Turdus","migratorius","American robin","Animalia",10282,457,"Insect consumption",2016,4,14,105,2457493,4,2016,4,14,105,2457493,1,"10282_Insect consumption","Feeding",NA,NA,"10282_Insect consumption_2016",9
1419,42.011166,-88.503304,280,"IL",245,"Poecile","atricapillus","black-capped chickadee","Animalia",10283,294,"Singing individuals (birds)",2016,4,23,114,2457502,8,2016,4,23,114,2457502,8,"10283_Singing individuals (birds)","Singing individuals",NA,NA,"10283_Singing individuals (birds)_2016",12
5674,44.910587,-70.266861,261,"ME",246,"Turdus","migratorius","American robin","Animalia",12709,310,"Fruit/seed consumption",2016,3,20,80,2457468,7,2016,5,15,136,2457524,7,"12709_Fruit/seed consumption","Feeding",NA,NA,"12709_Fruit/seed consumption_2016",11
5674,44.910587,-70.266861,261,"ME",246,"Turdus","migratorius","American robin","Animalia",12709,457,"Insect consumption",2016,5,1,122,2457510,7,2016,8,7,220,2457608,7,"12709_Insect consumption","Feeding",NA,NA,"12709_Insect consumption_2016",11
5674,44.910587,-70.266861,261,"ME",352,"Archilochus","colubris","ruby-throated hummingbird","Animalia",12712,312,"Flower visitation",2016,5,15,136,2457524,7,2016,9,11,255,2457643,7,"12712_Flower visitation","Feeding",NA,NA,"12712_Flower visitation_2016",13
2803,39.971001,-105.397003,2329,"CO",246,"Turdus","migratorius","American robin","Animalia",16046,294,"Singing individuals (birds)",2016,4,10,101,2457489,3,2016,4,10,101,2457489,14,"16046_Singing individuals (birds)","Singing individuals",NA,NA,"16046_Singing individuals (birds)_2016",14
2803,39.971001,-105.397003,2329,"CO",246,"Turdus","migratorius","American robin","Animalia",16046,310,"Fruit/seed consumption",2016,8,29,242,2457630,3,2016,8,29,242,2457630,3,"16046_Fruit/seed consumption","Feeding",NA,NA,"16046_Fruit/seed consumption_2016",10
2803,39.971001,-105.397003,2329,"CO",246,"Turdus","migratorius","American robin","Animalia",16046,457,"Insect consumption",2016,9,1,245,2457633,6,2016,9,1,245,2457633,5,"16046_Insect consumption","Feeding",NA,NA,"16046_Insect consumption_2016",15
2803,39.971001,-105.397003,2329,"CO",245,"Poecile","atricapillus","black-capped chickadee","Animalia",16047,294,"Singing individuals (birds)",2016,4,10,101,2457489,3,2016,4,10,101,2457489,14,"16047_Singing individuals (birds)","Singing individuals",NA,NA,"16047_Singing individuals (birds)_2016",13
2803,39.971001,-105.397003,2329,"CO",245,"Poecile","atricapillus","black-capped chickadee","Animalia",16047,310,"Fruit/seed consumption",2016,1,16,16,2457404,4,2016,1,28,28,2457416,7,"16047_Fruit/seed consumption","Feeding",NA,NA,"16047_Fruit/seed consumption_2016",15
2803,39.971001,-105.397003,2329,"CO",354,"Selasphorus","platycercus","broad-tailed hummingbird","Animalia",16048,312,"Flower visitation",2016,5,22,143,2457531,2,2016,9,6,250,2457638,11,"16048_Flower visitation","Feeding",NA,NA,"16048_Flower visitation_2016",14
2803,39.971001,-105.397003,2329,"CO",354,"Selasphorus","platycercus","broad-tailed hummingbird","Animalia",16048,457,"Insect consumption",2016,5,22,143,2457531,2,2016,5,22,143,2457531,5,"16048_Insect consumption","Feeding",NA,NA,"16048_Insect consumption_2016",14
2803,39.971001,-105.397003,2329,"CO",362,"Junco","hyemalis","dark-eyed junco","Animalia",16213,310,"Fruit/seed consumption",2016,2,7,38,2457426,3,2016,2,7,38,2457426,5,"16213_Fruit/seed consumption","Feeding",NA,NA,"16213_Fruit/seed consumption_2016",13
2803,39.971001,-105.397003,2329,"CO",357,"Sialia","mexicana","western bluebird","Animalia",16214,457,"Insect consumption",2016,8,19,232,2457620,3,2016,8,19,232,2457620,3,"16214_Insect consumption","Feeding",NA,NA,"16214_Insect consumption_2016",12
8418,32.363758,-94.873947,115,"TX",246,"Turdus","migratorius","American robin","Animalia",25349,294,"Singing individuals (birds)",2016,3,13,73,2457461,11,2016,3,13,73,2457461,3,"25349_Singing individuals (birds)","Singing individuals",NA,NA,"25349_Singing individuals (birds)_2016",11
8418,32.363758,-94.873947,115,"TX",246,"Turdus","migratorius","American robin","Animalia",25349,310,"Fruit/seed consumption",2016,1,31,31,2457419,4,2016,1,31,31,2457419,3,"25349_Fruit/seed consumption","Feeding",NA,NA,"25349_Fruit/seed consumption_2016",10
8418,32.363758,-94.873947,115,"TX",246,"Turdus","migratorius","American robin","Animalia",25349,457,"Insect consumption",2016,3,2,62,2457450,14,2016,3,20,80,2457468,3,"25349_Insect consumption","Feeding",NA,NA,"25349_Insect consumption_2016",11
8418,32.363758,-94.873947,115,"TX",1108,"Mimus","polyglottos","northern mockingbird","Animalia",25351,294,"Singing individuals (birds)",2016,2,28,59,2457447,4,2016,2,28,59,2457447,3,"25351_Singing individuals (birds)","Singing individuals",NA,NA,"25351_Singing individuals (birds)_2016",11
8418,32.363758,-94.873947,115,"TX",1108,"Mimus","polyglottos","northern mockingbird","Animalia",25351,310,"Fruit/seed consumption",2016,3,20,80,2457468,7,2016,3,20,80,2457468,3,"25351_Fruit/seed consumption","Feeding",NA,NA,"25351_Fruit/seed consumption_2016",10
8418,32.363758,-94.873947,115,"TX",1108,"Mimus","polyglottos","northern mockingbird","Animalia",25351,457,"Insect consumption",2016,1,24,24,2457412,4,2016,1,24,24,2457412,3,"25351_Insect consumption","Feeding",NA,NA,"25351_Insect consumption_2016",11
8496,46.328629,-96.061256,393,"MN",246,"Turdus","migratorius","American robin","Animalia",25780,310,"Fruit/seed consumption",2016,3,9,69,2457457,6,2016,3,9,69,2457457,9,"25780_Fruit/seed consumption","Feeding",NA,NA,"25780_Fruit/seed consumption_2016",9
8496,46.328629,-96.061256,393,"MN",245,"Poecile","atricapillus","black-capped chickadee","Animalia",25781,310,"Fruit/seed consumption",2016,4,10,101,2457489,7,2016,5,14,135,2457523,6,"25781_Fruit/seed consumption","Feeding",NA,NA,"25781_Fruit/seed consumption_2016",9
8496,46.328629,-96.061256,393,"MN",352,"Archilochus","colubris","ruby-throated hummingbird","Animalia",25784,312,"Flower visitation",2016,5,27,148,2457536,7,2016,5,27,148,2457536,4,"25784_Flower visitation","Feeding",NA,NA,"25784_Flower visitation_2016",9
8496,46.328629,-96.061256,393,"MN",1104,"Hirundo","rustica","barn swallow","Animalia",25894,297,"Nest building (birds)",2016,5,7,128,2457516,4,2016,5,10,131,2457519,4,"25894_Nest building (birds)","Nesting behavior",NA,NA,"25894_Nest building (birds)_2016",10
8496,46.328629,-96.061256,393,"MN",1113,"Dryobates","pubescens","downy woodpecker","Animalia",25895,310,"Fruit/seed consumption",2016,3,30,90,2457478,2,2016,3,30,90,2457478,4,"25895_Fruit/seed consumption","Feeding",NA,NA,"25895_Fruit/seed consumption_2016",11
8496,46.328629,-96.061256,393,"MN",1090,"Cardinalis","cardinalis","northern cardinal","Animalia",25898,294,"Singing individuals (birds)",2016,2,9,40,2457428,9,2016,2,9,40,2457428,38,"25898_Singing individuals (birds)","Singing individuals",NA,NA,"25898_Singing individuals (birds)_2016",13
8496,46.328629,-96.061256,393,"MN",1090,"Cardinalis","cardinalis","northern cardinal","Animalia",25898,310,"Fruit/seed consumption",2016,1,31,31,2457419,5,2016,2,27,58,2457446,5,"25898_Fruit/seed consumption","Feeding",NA,NA,"25898_Fruit/seed consumption_2016",11
8496,46.328629,-96.061256,393,"MN",1124,"Tachycineta","bicolor","tree swallow","Animalia",25899,297,"Nest building (birds)",2016,4,24,115,2457503,4,2016,4,24,115,2457503,6,"25899_Nest building (birds)","Nesting behavior",NA,NA,"25899_Nest building (birds)_2016",9
8418,32.363758,-94.873947,115,"TX",1096,"Cyanocitta","cristata","blue jay","Animalia",28244,310,"Fruit/seed consumption",2016,1,10,10,2457398,4,2016,1,10,10,2457398,3,"28244_Fruit/seed consumption","Feeding",NA,NA,"28244_Fruit/seed consumption_2016",11
8418,32.363758,-94.873947,115,"TX",1096,"Cyanocitta","cristata","blue jay","Animalia",28244,457,"Insect consumption",2016,5,1,122,2457510,4,2016,5,1,122,2457510,7,"28244_Insect consumption","Feeding",NA,NA,"28244_Insect consumption_2016",9
8418,32.363758,-94.873947,115,"TX",356,"Sialia","sialis","eastern bluebird","Animalia",28245,457,"Insect consumption",2016,2,14,45,2457433,4,2016,2,14,45,2457433,3,"28245_Insect consumption","Feeding",NA,NA,"28245_Insect consumption_2016",10
8418,32.363758,-94.873947,115,"TX",375,"Zenaida","macroura","mourning dove","Animalia",28246,294,"Singing individuals (birds)",2016,2,21,52,2457440,4,2016,2,21,52,2457440,3,"28246_Singing individuals (birds)","Singing individuals",NA,NA,"28246_Singing individuals (birds)_2016",10
8418,32.363758,-94.873947,115,"TX",1090,"Cardinalis","cardinalis","northern cardinal","Animalia",28247,294,"Singing individuals (birds)",2016,1,24,24,2457412,4,2016,1,24,24,2457412,3,"28247_Singing individuals (birds)","Singing individuals",NA,NA,"28247_Singing individuals (birds)_2016",11
8418,32.363758,-94.873947,115,"TX",1090,"Cardinalis","cardinalis","northern cardinal","Animalia",28247,310,"Fruit/seed consumption",2016,9,7,251,2457639,2,2016,10,2,276,2457664,3,"28247_Fruit/seed consumption","Feeding",NA,NA,"28247_Fruit/seed consumption_2016",11
8418,32.363758,-94.873947,115,"TX",1090,"Cardinalis","cardinalis","northern cardinal","Animalia",28247,457,"Insect consumption",2016,5,23,144,2457532,4,2016,5,29,150,2457538,3,"28247_Insect consumption","Feeding",NA,NA,"28247_Insect consumption_2016",10
8736,44.903229,-93.217445,248,"MN",240,"Spinus","tristis","American goldfinch","Animalia",28348,310,"Fruit/seed consumption",2016,1,19,19,2457407,1,2016,2,10,41,2457429,1,"28348_Fruit/seed consumption","Feeding",NA,NA,"28348_Fruit/seed consumption_2016",10
8736,44.903229,-93.217445,248,"MN",245,"Poecile","atricapillus","black-capped chickadee","Animalia",28349,294,"Singing individuals (birds)",2016,4,15,106,2457494,9,2016,4,22,113,2457501,1,"28349_Singing individuals (birds)","Singing individuals",NA,NA,"28349_Singing individuals (birds)_2016",10
8736,44.903229,-93.217445,248,"MN",245,"Poecile","atricapillus","black-capped chickadee","Animalia",28349,310,"Fruit/seed consumption",2016,1,12,12,2457400,1,2016,3,23,83,2457471,3,"28349_Fruit/seed consumption","Feeding",NA,NA,"28349_Fruit/seed consumption_2016",9
8736,44.903229,-93.217445,248,"MN",1090,"Cardinalis","cardinalis","northern cardinal","Animalia",28354,294,"Singing individuals (birds)",2016,4,15,106,2457494,9,2016,4,20,111,2457499,2,"28354_Singing individuals (birds)","Singing individuals",NA,NA,"28354_Singing individuals (birds)_2016",9
8736,44.903229,-93.217445,248,"MN",1090,"Cardinalis","cardinalis","northern cardinal","Animalia",28354,310,"Fruit/seed consumption",2016,1,12,12,2457400,1,2016,1,12,12,2457400,3,"28354_Fruit/seed consumption","Feeding",NA,NA,"28354_Fruit/seed consumption_2016",10
8736,44.903229,-93.217445,248,"MN",362,"Junco","hyemalis","dark-eyed junco","Animalia",29145,310,"Fruit/seed consumption",2016,1,15,15,2457403,3,2016,1,18,18,2457406,1,"29145_Fruit/seed consumption","Feeding",NA,NA,"29145_Fruit/seed consumption_2016",9
8418,32.363758,-94.873947,115,"TX",352,"Archilochus","colubris","ruby-throated hummingbird","Animalia",30980,312,"Flower visitation",2016,9,18,262,2457650,4,2016,9,18,262,2457650,3,"30980_Flower visitation","Feeding",NA,NA,"30980_Flower visitation_2016",11
8496,46.328629,-96.061256,393,"MN",1096,"Cyanocitta","cristata","blue jay","Animalia",32294,310,"Fruit/seed consumption",2016,2,9,40,2457428,9,2016,3,3,63,2457451,6,"32294_Fruit/seed consumption","Feeding",NA,NA,"32294_Fruit/seed consumption_2016",13
8496,46.328629,-96.061256,393,"MN",362,"Junco","hyemalis","dark-eyed junco","Animalia",32295,310,"Fruit/seed consumption",2016,1,26,26,2457414,11,2016,2,9,40,2457428,18,"32295_Fruit/seed consumption","Feeding",NA,NA,"32295_Fruit/seed consumption_2016",9
8496,46.328629,-96.061256,393,"MN",1110,"Passer","domesticus","house sparrow","Animalia",32297,310,"Fruit/seed consumption",2016,5,20,141,2457529,6,2016,5,20,141,2457529,7,"32297_Fruit/seed consumption","Feeding",NA,NA,"32297_Fruit/seed consumption_2016",9
8418,32.363758,-94.873947,115,"TX",362,"Junco","hyemalis","dark-eyed junco","Animalia",33174,310,"Fruit/seed consumption",2016,1,6,6,2457394,3,2016,2,14,45,2457433,3,"33174_Fruit/seed consumption","Feeding",NA,NA,"33174_Fruit/seed consumption_2016",10
8418,32.363758,-94.873947,115,"TX",240,"Spinus","tristis","American goldfinch","Animalia",33798,310,"Fruit/seed consumption",2016,1,10,10,2457398,4,2016,1,17,17,2457405,3,"33798_Fruit/seed consumption","Feeding",NA,NA,"33798_Fruit/seed consumption_2016",10
8496,46.328629,-96.061256,393,"MN",240,"Spinus","tristis","American goldfinch","Animalia",34922,310,"Fruit/seed consumption",2016,5,3,124,2457512,3,2016,8,4,217,2457605,7,"34922_Fruit/seed consumption","Feeding",NA,NA,"34922_Fruit/seed consumption_2016",10
8418,32.363758,-94.873947,115,"TX",1110,"Passer","domesticus","house sparrow","Animalia",35674,294,"Singing individuals (birds)",2016,2,21,52,2457440,4,2016,2,28,59,2457447,3,"35674_Singing individuals (birds)","Singing individuals",NA,NA,"35674_Singing individuals (birds)_2016",9
8418,32.363758,-94.873947,115,"TX",1110,"Passer","domesticus","house sparrow","Animalia",35674,310,"Fruit/seed consumption",2016,4,3,94,2457482,3,2016,5,19,140,2457528,4,"35674_Fruit/seed consumption","Feeding",NA,NA,"35674_Fruit/seed consumption_2016",10
10145,42.602543,-83.250992,277,"MI",246,"Turdus","migratorius","American robin","Animalia",38840,310,"Fruit/seed consumption",2016,1,29,29,2457417,1,2016,1,29,29,2457417,1,"38840_Fruit/seed consumption","Feeding",NA,NA,"38840_Fruit/seed consumption_2016",9
10145,42.602543,-83.250992,277,"MI",362,"Junco","hyemalis","dark-eyed junco","Animalia",38878,294,"Singing individuals (birds)",2016,2,1,32,2457420,1,2016,2,1,32,2457420,1,"38878_Singing individuals (birds)","Singing individuals",NA,NA,"38878_Singing individuals (birds)_2016",11
10145,42.602543,-83.250992,277,"MI",355,"Troglodytes","aedon","house wren","Animalia",38908,294,"Singing individuals (birds)",2016,5,18,139,2457527,1,2016,5,20,141,2457529,1,"38908_Singing individuals (birds)","Singing individuals",NA,NA,"38908_Singing individuals (birds)_2016",10
10145,42.602543,-83.250992,277,"MI",359,"Agelaius","phoeniceus","red-winged blackbird","Animalia",38946,294,"Singing individuals (birds)",2016,4,16,107,2457495,1,2016,4,17,108,2457496,1,"38946_Singing individuals (birds)","Singing individuals",NA,NA,"38946_Singing individuals (birds)_2016",11
8418,32.363758,-94.873947,115,"TX",1113,"Dryobates","pubescens","downy woodpecker","Animalia",41679,310,"Fruit/seed consumption",2016,1,10,10,2457398,4,2016,1,10,10,2457398,3,"41679_Fruit/seed consumption","Feeding",NA,NA,"41679_Fruit/seed consumption_2016",10
8418,32.363758,-94.873947,115,"TX",1113,"Dryobates","pubescens","downy woodpecker","Animalia",41679,457,"Insect consumption",2016,3,27,87,2457475,4,2016,3,27,87,2457475,4,"41679_Insect consumption","Feeding",NA,NA,"41679_Insect consumption_2016",9
11313,44.201355,-92.646301,330,"MN",1090,"Cardinalis","cardinalis","northern cardinal","Animalia",46661,294,"Singing individuals (birds)",2016,5,7,128,2457516,7,2016,5,14,135,2457523,6,"46661_Singing individuals (birds)","Singing individuals",NA,NA,"46661_Singing individuals (birds)_2016",10
8418,32.363758,-94.873947,115,"TX",1126,"Thryothorus","ludovicianus","Carolina wren","Animalia",46734,310,"Fruit/seed consumption",2016,1,10,10,2457398,4,2016,1,10,10,2457398,3,"46734_Fruit/seed consumption","Feeding",NA,NA,"46734_Fruit/seed consumption_2016",10
6102,32.23188,-110.951012,737,"AZ",1110,"Passer","domesticus","house sparrow","Animalia",49643,310,"Fruit/seed consumption",2016,2,5,36,2457424,1,2016,2,5,36,2457424,14,"49643_Fruit/seed consumption","Feeding",NA,NA,"49643_Fruit/seed consumption_2016",9
16295,27.929228,-82.725639,4,"FL",1108,"Mimus","polyglottos","northern mockingbird","Animalia",60950,294,"Singing individuals (birds)",2016,3,10,70,2457458,14,2016,4,1,92,2457480,11,"60950_Singing individuals (birds)","Singing individuals",NA,NA,"60950_Singing individuals (birds)_2016",9
8418,32.363758,-94.873947,115,"TX",359,"Agelaius","phoeniceus","red-winged blackbird","Animalia",62147,310,"Fruit/seed consumption",2016,1,10,10,2457398,4,2016,1,17,17,2457405,3,"62147_Fruit/seed consumption","Feeding",NA,NA,"62147_Fruit/seed consumption_2016",9
8418,32.363758,-94.873947,115,"TX",1233,"Poecile","carolinensis","Carolina chickadee","Animalia",63335,310,"Fruit/seed consumption",2016,1,10,10,2457398,4,2016,3,13,73,2457461,3,"63335_Fruit/seed consumption","Feeding",NA,NA,"63335_Fruit/seed consumption_2016",9
8418,32.363758,-94.873947,115,"TX",363,"Molothrus","ater","brown-headed cowbird","Animalia",64379,310,"Fruit/seed consumption",2016,2,28,59,2457447,4,2016,3,13,73,2457461,3,"64379_Fruit/seed consumption","Feeding",NA,NA,"64379_Fruit/seed consumption_2016",9
17414,42.936153,-73.433449,147,"NY",1124,"Tachycineta","bicolor","tree swallow","Animalia",66940,297,"Nest building (birds)",2016,5,12,133,2457521,4,2016,5,25,146,2457534,4,"66940_Nest building (birds)","Nesting behavior",NA,NA,"66940_Nest building (birds)_2016",9
17707,37.360123,-122.128151,170,"CA",362,"Junco","hyemalis","dark-eyed junco","Animalia",68613,294,"Singing individuals (birds)",2016,4,25,116,2457504,4,2016,4,25,116,2457504,3,"68613_Singing individuals (birds)","Singing individuals",NA,NA,"68613_Singing individuals (birds)_2016",9
9652,44.768246,-94.155746,309,"MN",1090,"Cardinalis","cardinalis","northern cardinal","Animalia",69510,294,"Singing individuals (birds)",2016,11,22,327,2457715,1,2016,11,22,327,2457715,3,"69510_Singing individuals (birds)","Singing individuals",NA,NA,"69510_Singing individuals (birds)_2016",9
12725,37.360928,-122.130836,176,"CA",1088,"Calypte","anna","Anna's hummingbird","Animalia",71544,294,"Singing individuals (birds)",2016,1,26,26,2457414,5,2016,1,26,26,2457414,273,"71544_Singing individuals (birds)","Singing individuals",NA,NA,"71544_Singing individuals (birds)_2016",9
6099,34.119007,-118.760071,288,"CA",1229,"Melanerpes","formicivorus","acorn woodpecker","Animalia",72367,457,"Insect consumption",2016,1,22,22,2457410,7,2016,1,22,22,2457410,7,"72367_Insect consumption","Feeding",NA,NA,"72367_Insect consumption_2016",10
19944,33.66478,-117.843063,22,"CA",1088,"Calypte","anna","Anna's hummingbird","Animalia",81455,294,"Singing individuals (birds)",2016,1,31,31,2457419,2,2016,2,4,35,2457423,3,"81455_Singing individuals (birds)","Singing individuals",NA,NA,"81455_Singing individuals (birds)_2016",11
19944,33.66478,-117.843063,22,"CA",1088,"Calypte","anna","Anna's hummingbird","Animalia",81455,312,"Flower visitation",2016,1,15,15,2457403,7,2016,1,15,15,2457403,3,"81455_Flower visitation","Feeding",NA,NA,"81455_Flower visitation_2016",11
19944,33.66478,-117.843063,22,"CA",1088,"Calypte","anna","Anna's hummingbird","Animalia",81455,457,"Insect consumption",2016,1,31,31,2457419,2,2016,1,31,31,2457419,4,"81455_Insect consumption","Feeding",NA,NA,"81455_Insect consumption_2016",11
19944,33.66478,-117.843063,22,"CA",376,"Sayornis","nigricans","black phoebe","Animalia",81456,294,"Singing individuals (birds)",2016,1,15,15,2457403,7,2016,1,21,21,2457409,5,"81456_Singing individuals (birds)","Singing individuals",NA,NA,"81456_Singing individuals (birds)_2016",11
19944,33.66478,-117.843063,22,"CA",376,"Sayornis","nigricans","black phoebe","Animalia",81456,457,"Insect consumption",2016,1,21,21,2457409,3,2016,1,26,26,2457414,3,"81456_Insect consumption","Feeding",NA,NA,"81456_Insect consumption_2016",11
19944,33.66478,-117.843063,22,"CA",242,"Petrochelidon","pyrrhonota","cliff swallow","Animalia",81457,294,"Singing individuals (birds)",2016,6,18,170,2457558,3,2016,6,18,170,2457558,3,"81457_Singing individuals (birds)","Singing individuals",NA,NA,"81457_Singing individuals (birds)_2016",10
19944,33.66478,-117.843063,22,"CA",242,"Petrochelidon","pyrrhonota","cliff swallow","Animalia",81457,297,"Nest building (birds)",2016,4,23,114,2457502,6,2016,4,23,114,2457502,4,"81457_Nest building (birds)","Nesting behavior",NA,NA,"81457_Nest building (birds)_2016",10
19944,33.66478,-117.843063,22,"CA",1197,"Geothlypis","trichas","common yellowthroat","Animalia",81458,294,"Singing individuals (birds)",2016,1,26,26,2457414,5,2016,1,26,26,2457414,3,"81458_Singing individuals (birds)","Singing individuals",NA,NA,"81458_Singing individuals (birds)_2016",11
19944,33.66478,-117.843063,22,"CA",248,"Pandion","haliaetus","osprey","Animalia",81461,297,"Nest building (birds)",2016,1,15,15,2457403,7,2016,1,18,18,2457406,3,"81461_Nest building (birds)","Nesting behavior",NA,NA,"81461_Nest building (birds)_2016",9
17414,42.936153,-73.433449,147,"NY",1197,"Geothlypis","trichas","common yellowthroat","Animalia",86970,294,"Singing individuals (birds)",2016,5,12,133,2457521,5,2016,6,6,158,2457546,5,"86970_Singing individuals (birds)","Singing individuals",NA,NA,"86970_Singing individuals (birds)_2016",11
20765,33.632149,-117.55545,440,"CA",1088,"Calypte","anna","Anna's hummingbird","Animalia",88471,312,"Flower visitation",2016,2,20,51,2457439,1,2016,2,20,51,2457439,6,"88471_Flower visitation","Feeding",NA,NA,"88471_Flower visitation_2016",9
20765,33.632149,-117.55545,440,"CA",376,"Sayornis","nigricans","black phoebe","Animalia",88472,457,"Insect consumption",2016,1,17,17,2457405,6,2016,1,17,17,2457405,11,"88472_Insect consumption","Feeding",NA,NA,"88472_Insect consumption_2016",9
20765,33.632149,-117.55545,440,"CA",355,"Troglodytes","aedon","house wren","Animalia",88474,294,"Singing individuals (birds)",2016,3,9,69,2457457,12,2016,3,9,69,2457457,22,"88474_Singing individuals (birds)","Singing individuals",NA,NA,"88474_Singing individuals (birds)_2016",9
20765,33.632149,-117.55545,440,"CA",1380,"Melospiza","melodia","song sparrow","Animalia",88475,294,"Singing individuals (birds)",2016,3,9,69,2457457,6,2016,3,9,69,2457457,11,"88475_Singing individuals (birds)","Singing individuals",NA,NA,"88475_Singing individuals (birds)_2016",10
20765,33.632149,-117.55545,440,"CA",1091,"Spinus","psaltria","lesser goldfinch","Animalia",88478,294,"Singing individuals (birds)",2016,3,9,69,2457457,6,2016,3,20,80,2457468,11,"88478_Singing individuals (birds)","Singing individuals",NA,NA,"88478_Singing individuals (birds)_2016",9
22740,38.525036,-121.970711,43,"CA",741,"Regulus","calendula","ruby-crowned kinglet","Animalia",102229,457,"Insect consumption",2016,12,28,363,2457751,14,2016,12,28,363,2457751,NA,"102229_Insect consumption","Feeding",NA,NA,"102229_Insect consumption_2016",9
22740,38.525036,-121.970711,43,"CA",357,"Sialia","mexicana","western bluebird","Animalia",102231,457,"Insect consumption",2016,3,30,90,2457478,7,2016,3,30,90,2457478,7,"102231_Insect consumption","Feeding",NA,NA,"102231_Insect consumption_2016",9
22858,38.09404,-122.37149,-1,"CA",1380,"Melospiza","melodia","song sparrow","Animalia",103159,294,"Singing individuals (birds)",2016,6,20,172,2457560,7,2016,6,27,179,2457567,49,"103159_Singing individuals (birds)","Singing individuals",NA,NA,"103159_Singing individuals (birds)_2016",10
22858,38.09404,-122.37149,-1,"CA",357,"Sialia","mexicana","western bluebird","Animalia",103161,457,"Insect consumption",2016,6,20,172,2457560,7,2016,6,20,172,2457560,7,"103161_Insect consumption","Feeding",NA,NA,"103161_Insect consumption_2016",9
22740,38.525036,-121.970711,43,"CA",1654,"Baeolophus","inornatus","oak titmouse","Animalia",148019,457,"Insect consumption",2016,12,28,363,2457751,14,2016,12,28,363,2457751,NA,"148019_Insect consumption","Feeding",NA,NA,"148019_Insect consumption_2016",9
1419,42.011166,-88.503304,280,"IL",245,"Poecile","atricapillus","black-capped chickadee","Animalia",10283,294,"Singing individuals (birds)",2017,8,28,240,2457994,14,2017,8,28,240,2457994,15,"10283_Singing individuals (birds)","Singing individuals",NA,NA,"10283_Singing individuals (birds)_2017",12
5674,44.910587,-70.266861,261,"ME",246,"Turdus","migratorius","American robin","Animalia",12709,310,"Fruit/seed consumption",2017,4,16,106,2457860,7,2017,4,16,106,2457860,7,"12709_Fruit/seed consumption","Feeding",NA,NA,"12709_Fruit/seed consumption_2017",11
5674,44.910587,-70.266861,261,"ME",246,"Turdus","migratorius","American robin","Animalia",12709,457,"Insect consumption",2017,4,23,113,2457867,7,2017,7,9,190,2457944,7,"12709_Insect consumption","Feeding",NA,NA,"12709_Insect consumption_2017",11
5674,44.910587,-70.266861,261,"ME",246,"Turdus","migratorius","American robin","Animalia",12709,542,"Feeding (or foraging)",2017,4,16,106,2457860,7,2017,7,9,190,2457944,7,"12709_Feeding (or foraging)","Feeding",NA,NA,"12709_Feeding (or foraging)_2017",9
5674,44.910587,-70.266861,261,"ME",352,"Archilochus","colubris","ruby-throated hummingbird","Animalia",12712,295,"Territorial individuals (birds)",2017,5,7,127,2457881,7,2017,8,13,225,2457979,7,"12712_Territorial individuals (birds)","Territorial behavior",NA,NA,"12712_Territorial individuals (birds)_2017",9
5674,44.910587,-70.266861,261,"ME",352,"Archilochus","colubris","ruby-throated hummingbird","Animalia",12712,312,"Flower visitation",2017,5,28,148,2457902,7,2017,8,13,225,2457979,7,"12712_Flower visitation","Feeding",NA,NA,"12712_Flower visitation_2017",13
5674,44.910587,-70.266861,261,"ME",352,"Archilochus","colubris","ruby-throated hummingbird","Animalia",12712,542,"Feeding (or foraging)",2017,5,7,127,2457881,7,2017,8,13,225,2457979,7,"12712_Feeding (or foraging)","Feeding",NA,NA,"12712_Feeding (or foraging)_2017",9
2803,39.971001,-105.397003,2329,"CO",246,"Turdus","migratorius","American robin","Animalia",16046,294,"Singing individuals (birds)",2017,3,19,78,2457832,2,2017,7,14,195,2457949,3,"16046_Singing individuals (birds)","Singing individuals",NA,NA,"16046_Singing individuals (birds)_2017",14
2803,39.971001,-105.397003,2329,"CO",246,"Turdus","migratorius","American robin","Animalia",16046,457,"Insect consumption",2017,4,1,91,2457845,1,2017,4,3,93,2457847,4,"16046_Insect consumption","Feeding",NA,NA,"16046_Insect consumption_2017",15
2803,39.971001,-105.397003,2329,"CO",246,"Turdus","migratorius","American robin","Animalia",16046,542,"Feeding (or foraging)",2017,4,1,91,2457845,1,2017,5,15,135,2457889,4,"16046_Feeding (or foraging)","Feeding",NA,NA,"16046_Feeding (or foraging)_2017",9
2803,39.971001,-105.397003,2329,"CO",245,"Poecile","atricapillus","black-capped chickadee","Animalia",16047,294,"Singing individuals (birds)",2017,2,10,41,2457795,4,2017,2,17,48,2457802,1,"16047_Singing individuals (birds)","Singing individuals",NA,NA,"16047_Singing individuals (birds)_2017",13
2803,39.971001,-105.397003,2329,"CO",245,"Poecile","atricapillus","black-capped chickadee","Animalia",16047,310,"Fruit/seed consumption",2017,1,16,16,2457770,3,2017,1,20,20,2457774,3,"16047_Fruit/seed consumption","Feeding",NA,NA,"16047_Fruit/seed consumption_2017",15
2803,39.971001,-105.397003,2329,"CO",245,"Poecile","atricapillus","black-capped chickadee","Animalia",16047,542,"Feeding (or foraging)",2017,2,13,44,2457798,3,2017,2,13,44,2457798,4,"16047_Feeding (or foraging)","Feeding",NA,NA,"16047_Feeding (or foraging)_2017",9
2803,39.971001,-105.397003,2329,"CO",354,"Selasphorus","platycercus","broad-tailed hummingbird","Animalia",16048,295,"Territorial individuals (birds)",2017,5,8,128,2457882,3,2017,5,15,135,2457889,4,"16048_Territorial individuals (birds)","Territorial behavior",NA,NA,"16048_Territorial individuals (birds)_2017",9
2803,39.971001,-105.397003,2329,"CO",354,"Selasphorus","platycercus","broad-tailed hummingbird","Animalia",16048,312,"Flower visitation",2017,9,15,258,2458012,5,2017,9,15,258,2458012,7,"16048_Flower visitation","Feeding",NA,NA,"16048_Flower visitation_2017",14
2803,39.971001,-105.397003,2329,"CO",354,"Selasphorus","platycercus","broad-tailed hummingbird","Animalia",16048,457,"Insect consumption",2017,7,17,198,2457952,3,2017,9,8,251,2458005,2,"16048_Insect consumption","Feeding",NA,NA,"16048_Insect consumption_2017",14
2803,39.971001,-105.397003,2329,"CO",354,"Selasphorus","platycercus","broad-tailed hummingbird","Animalia",16048,542,"Feeding (or foraging)",2017,9,15,258,2458012,5,2017,9,15,258,2458012,7,"16048_Feeding (or foraging)","Feeding",NA,NA,"16048_Feeding (or foraging)_2017",9
2803,39.971001,-105.397003,2329,"CO",362,"Junco","hyemalis","dark-eyed junco","Animalia",16213,294,"Singing individuals (birds)",2017,2,10,41,2457795,4,2017,2,17,48,2457802,1,"16213_Singing individuals (birds)","Singing individuals",NA,NA,"16213_Singing individuals (birds)_2017",11
2803,39.971001,-105.397003,2329,"CO",362,"Junco","hyemalis","dark-eyed junco","Animalia",16213,310,"Fruit/seed consumption",2017,2,20,51,2457805,2,2017,4,17,107,2457861,18,"16213_Fruit/seed consumption","Feeding",NA,NA,"16213_Fruit/seed consumption_2017",13
2803,39.971001,-105.397003,2329,"CO",357,"Sialia","mexicana","western bluebird","Animalia",16214,294,"Singing individuals (birds)",2017,5,12,132,2457886,4,2017,5,15,135,2457889,4,"16214_Singing individuals (birds)","Singing individuals",NA,NA,"16214_Singing individuals (birds)_2017",10
2803,39.971001,-105.397003,2329,"CO",357,"Sialia","mexicana","western bluebird","Animalia",16214,457,"Insect consumption",2017,4,3,93,2457847,2,2017,4,3,93,2457847,4,"16214_Insect consumption","Feeding",NA,NA,"16214_Insect consumption_2017",12
8418,32.363758,-94.873947,115,"TX",246,"Turdus","migratorius","American robin","Animalia",25349,294,"Singing individuals (birds)",2017,2,1,32,2457786,3,2017,2,1,32,2457786,4,"25349_Singing individuals (birds)","Singing individuals",NA,NA,"25349_Singing individuals (birds)_2017",11
8418,32.363758,-94.873947,115,"TX",246,"Turdus","migratorius","American robin","Animalia",25349,310,"Fruit/seed consumption",2017,1,29,29,2457783,4,2017,1,29,29,2457783,3,"25349_Fruit/seed consumption","Feeding",NA,NA,"25349_Fruit/seed consumption_2017",10
8418,32.363758,-94.873947,115,"TX",246,"Turdus","migratorius","American robin","Animalia",25349,457,"Insect consumption",2017,2,19,50,2457804,4,2017,2,22,53,2457807,4,"25349_Insect consumption","Feeding",NA,NA,"25349_Insect consumption_2017",11
8418,32.363758,-94.873947,115,"TX",1108,"Mimus","polyglottos","northern mockingbird","Animalia",25351,294,"Singing individuals (birds)",2017,2,19,50,2457804,4,2017,2,19,50,2457804,3,"25351_Singing individuals (birds)","Singing individuals",NA,NA,"25351_Singing individuals (birds)_2017",11
8418,32.363758,-94.873947,115,"TX",1108,"Mimus","polyglottos","northern mockingbird","Animalia",25351,310,"Fruit/seed consumption",2017,2,19,50,2457804,4,2017,2,19,50,2457804,3,"25351_Fruit/seed consumption","Feeding",NA,NA,"25351_Fruit/seed consumption_2017",10
8418,32.363758,-94.873947,115,"TX",1108,"Mimus","polyglottos","northern mockingbird","Animalia",25351,457,"Insect consumption",2017,2,19,50,2457804,4,2017,2,19,50,2457804,3,"25351_Insect consumption","Feeding",NA,NA,"25351_Insect consumption_2017",11
8496,46.328629,-96.061256,393,"MN",245,"Poecile","atricapillus","black-capped chickadee","Animalia",25781,310,"Fruit/seed consumption",2017,6,15,166,2457920,6,2017,7,15,196,2457950,5,"25781_Fruit/seed consumption","Feeding",NA,NA,"25781_Fruit/seed consumption_2017",9
8496,46.328629,-96.061256,393,"MN",1104,"Hirundo","rustica","barn swallow","Animalia",25894,297,"Nest building (birds)",2017,5,7,127,2457881,4,2017,5,12,132,2457886,5,"25894_Nest building (birds)","Nesting behavior",NA,NA,"25894_Nest building (birds)_2017",10
8496,46.328629,-96.061256,393,"MN",1113,"Dryobates","pubescens","downy woodpecker","Animalia",25895,310,"Fruit/seed consumption",2017,4,7,97,2457851,7,2017,4,20,110,2457864,5,"25895_Fruit/seed consumption","Feeding",NA,NA,"25895_Fruit/seed consumption_2017",11
8496,46.328629,-96.061256,393,"MN",1090,"Cardinalis","cardinalis","northern cardinal","Animalia",25898,294,"Singing individuals (birds)",2017,3,2,61,2457815,10,2017,5,3,123,2457877,4,"25898_Singing individuals (birds)","Singing individuals",NA,NA,"25898_Singing individuals (birds)_2017",13
8496,46.328629,-96.061256,393,"MN",1090,"Cardinalis","cardinalis","northern cardinal","Animalia",25898,310,"Fruit/seed consumption",2017,2,14,45,2457799,10,2017,2,14,45,2457799,6,"25898_Fruit/seed consumption","Feeding",NA,NA,"25898_Fruit/seed consumption_2017",11
8496,46.328629,-96.061256,393,"MN",1124,"Tachycineta","bicolor","tree swallow","Animalia",25899,297,"Nest building (birds)",2017,4,11,101,2457855,4,2017,4,20,110,2457864,5,"25899_Nest building (birds)","Nesting behavior",NA,NA,"25899_Nest building (birds)_2017",9
8418,32.363758,-94.873947,115,"TX",1096,"Cyanocitta","cristata","blue jay","Animalia",28244,310,"Fruit/seed consumption",2017,1,8,8,2457762,4,2017,1,8,8,2457762,3,"28244_Fruit/seed consumption","Feeding",NA,NA,"28244_Fruit/seed consumption_2017",11
8418,32.363758,-94.873947,115,"TX",1096,"Cyanocitta","cristata","blue jay","Animalia",28244,457,"Insect consumption",2017,4,16,106,2457860,4,2017,4,16,106,2457860,3,"28244_Insect consumption","Feeding",NA,NA,"28244_Insect consumption_2017",9
8418,32.363758,-94.873947,115,"TX",356,"Sialia","sialis","eastern bluebird","Animalia",28245,457,"Insect consumption",2017,3,1,60,2457814,3,2017,3,1,60,2457814,7,"28245_Insect consumption","Feeding",NA,NA,"28245_Insect consumption_2017",10
8418,32.363758,-94.873947,115,"TX",375,"Zenaida","macroura","mourning dove","Animalia",28246,294,"Singing individuals (birds)",2017,1,22,22,2457776,4,2017,1,22,22,2457776,3,"28246_Singing individuals (birds)","Singing individuals",NA,NA,"28246_Singing individuals (birds)_2017",10
8418,32.363758,-94.873947,115,"TX",1090,"Cardinalis","cardinalis","northern cardinal","Animalia",28247,294,"Singing individuals (birds)",2017,1,15,15,2457769,4,2017,1,15,15,2457769,3,"28247_Singing individuals (birds)","Singing individuals",NA,NA,"28247_Singing individuals (birds)_2017",11
8418,32.363758,-94.873947,115,"TX",1090,"Cardinalis","cardinalis","northern cardinal","Animalia",28247,310,"Fruit/seed consumption",2017,1,15,15,2457769,4,2017,1,15,15,2457769,3,"28247_Fruit/seed consumption","Feeding",NA,NA,"28247_Fruit/seed consumption_2017",11
8418,32.363758,-94.873947,115,"TX",1090,"Cardinalis","cardinalis","northern cardinal","Animalia",28247,457,"Insect consumption",2017,6,18,169,2457923,4,2017,6,18,169,2457923,3,"28247_Insect consumption","Feeding",NA,NA,"28247_Insect consumption_2017",10
8736,44.903229,-93.217445,248,"MN",240,"Spinus","tristis","American goldfinch","Animalia",28348,310,"Fruit/seed consumption",2017,4,6,96,2457850,10,2017,4,6,96,2457850,5,"28348_Fruit/seed consumption","Feeding",NA,NA,"28348_Fruit/seed consumption_2017",10
8736,44.903229,-93.217445,248,"MN",245,"Poecile","atricapillus","black-capped chickadee","Animalia",28349,294,"Singing individuals (birds)",2017,4,6,96,2457850,10,2017,4,11,101,2457855,2,"28349_Singing individuals (birds)","Singing individuals",NA,NA,"28349_Singing individuals (birds)_2017",10
8736,44.903229,-93.217445,248,"MN",245,"Poecile","atricapillus","black-capped chickadee","Animalia",28349,310,"Fruit/seed consumption",2017,6,20,171,2457925,3,2017,7,4,185,2457939,1,"28349_Fruit/seed consumption","Feeding",NA,NA,"28349_Fruit/seed consumption_2017",9
8736,44.903229,-93.217445,248,"MN",1090,"Cardinalis","cardinalis","northern cardinal","Animalia",28354,294,"Singing individuals (birds)",2017,3,27,86,2457840,6,2017,4,6,96,2457850,5,"28354_Singing individuals (birds)","Singing individuals",NA,NA,"28354_Singing individuals (birds)_2017",9
8736,44.903229,-93.217445,248,"MN",1090,"Cardinalis","cardinalis","northern cardinal","Animalia",28354,310,"Fruit/seed consumption",2017,4,6,96,2457850,10,2017,4,6,96,2457850,5,"28354_Fruit/seed consumption","Feeding",NA,NA,"28354_Fruit/seed consumption_2017",10
8736,44.903229,-93.217445,248,"MN",362,"Junco","hyemalis","dark-eyed junco","Animalia",29145,310,"Fruit/seed consumption",2017,4,11,101,2457855,5,2017,4,16,106,2457860,1,"29145_Fruit/seed consumption","Feeding",NA,NA,"29145_Fruit/seed consumption_2017",9
8418,32.363758,-94.873947,115,"TX",352,"Archilochus","colubris","ruby-throated hummingbird","Animalia",30980,312,"Flower visitation",2017,5,3,123,2457877,3,2017,5,7,127,2457881,3,"30980_Flower visitation","Feeding",NA,NA,"30980_Flower visitation_2017",11
8496,46.328629,-96.061256,393,"MN",1096,"Cyanocitta","cristata","blue jay","Animalia",32294,310,"Fruit/seed consumption",2017,2,4,35,2457789,13,2017,2,14,45,2457799,6,"32294_Fruit/seed consumption","Feeding",NA,NA,"32294_Fruit/seed consumption_2017",13
8496,46.328629,-96.061256,393,"MN",362,"Junco","hyemalis","dark-eyed junco","Animalia",32295,310,"Fruit/seed consumption",2017,3,2,61,2457815,10,2017,3,31,90,2457844,7,"32295_Fruit/seed consumption","Feeding",NA,NA,"32295_Fruit/seed consumption_2017",9
8496,46.328629,-96.061256,393,"MN",1110,"Passer","domesticus","house sparrow","Animalia",32297,310,"Fruit/seed consumption",2017,2,14,45,2457799,10,2017,2,14,45,2457799,6,"32297_Fruit/seed consumption","Feeding",NA,NA,"32297_Fruit/seed consumption_2017",9
8418,32.363758,-94.873947,115,"TX",362,"Junco","hyemalis","dark-eyed junco","Animalia",33174,310,"Fruit/seed consumption",2017,2,22,53,2457807,3,2017,2,22,53,2457807,4,"33174_Fruit/seed consumption","Feeding",NA,NA,"33174_Fruit/seed consumption_2017",10
8418,32.363758,-94.873947,115,"TX",240,"Spinus","tristis","American goldfinch","Animalia",33798,310,"Fruit/seed consumption",2017,1,15,15,2457769,4,2017,1,15,15,2457769,3,"33798_Fruit/seed consumption","Feeding",NA,NA,"33798_Fruit/seed consumption_2017",10
8496,46.328629,-96.061256,393,"MN",240,"Spinus","tristis","American goldfinch","Animalia",34922,310,"Fruit/seed consumption",2017,4,7,97,2457851,7,2017,7,6,187,2457941,9,"34922_Fruit/seed consumption","Feeding",NA,NA,"34922_Fruit/seed consumption_2017",10
8418,32.363758,-94.873947,115,"TX",1110,"Passer","domesticus","house sparrow","Animalia",35674,294,"Singing individuals (birds)",2017,1,15,15,2457769,4,2017,1,15,15,2457769,3,"35674_Singing individuals (birds)","Singing individuals",NA,NA,"35674_Singing individuals (birds)_2017",9
8418,32.363758,-94.873947,115,"TX",1110,"Passer","domesticus","house sparrow","Animalia",35674,310,"Fruit/seed consumption",2017,1,15,15,2457769,4,2017,1,15,15,2457769,3,"35674_Fruit/seed consumption","Feeding",NA,NA,"35674_Fruit/seed consumption_2017",10
10145,42.602543,-83.250992,277,"MI",240,"Spinus","tristis","American goldfinch","Animalia",38837,294,"Singing individuals (birds)",2017,6,1,152,2457906,1,2017,6,1,152,2457906,1,"38837_Singing individuals (birds)","Singing individuals",NA,NA,"38837_Singing individuals (birds)_2017",9
10145,42.602543,-83.250992,277,"MI",246,"Turdus","migratorius","American robin","Animalia",38840,310,"Fruit/seed consumption",2017,2,17,48,2457802,1,2017,2,17,48,2457802,2,"38840_Fruit/seed consumption","Feeding",NA,NA,"38840_Fruit/seed consumption_2017",9
10145,42.602543,-83.250992,277,"MI",355,"Troglodytes","aedon","house wren","Animalia",38908,294,"Singing individuals (birds)",2017,5,10,130,2457884,3,2017,5,10,130,2457884,1,"38908_Singing individuals (birds)","Singing individuals",NA,NA,"38908_Singing individuals (birds)_2017",10
10145,42.602543,-83.250992,277,"MI",359,"Agelaius","phoeniceus","red-winged blackbird","Animalia",38946,294,"Singing individuals (birds)",2017,6,8,159,2457913,1,2017,6,8,159,2457913,1,"38946_Singing individuals (birds)","Singing individuals",NA,NA,"38946_Singing individuals (birds)_2017",11
9652,44.768246,-94.155746,309,"MN",246,"Turdus","migratorius","American robin","Animalia",40107,294,"Singing individuals (birds)",2017,3,7,66,2457820,1,2017,3,7,66,2457820,1,"40107_Singing individuals (birds)","Singing individuals",NA,NA,"40107_Singing individuals (birds)_2017",11
9652,44.768246,-94.155746,309,"MN",246,"Turdus","migratorius","American robin","Animalia",40107,295,"Territorial individuals (birds)",2017,3,18,77,2457831,8,2017,4,1,91,2457845,22,"40107_Territorial individuals (birds)","Territorial behavior",NA,NA,"40107_Territorial individuals (birds)_2017",9
9652,44.768246,-94.155746,309,"MN",246,"Turdus","migratorius","American robin","Animalia",40107,297,"Nest building (birds)",2017,5,12,132,2457886,2,2017,5,15,135,2457889,13,"40107_Nest building (birds)","Nesting behavior",NA,NA,"40107_Nest building (birds)_2017",9
9652,44.768246,-94.155746,309,"MN",246,"Turdus","migratorius","American robin","Animalia",40107,308,"Fledged young (altricial birds)",2017,5,28,148,2457902,13,2017,6,10,161,2457915,7,"40107_Fledged young (altricial birds)","Young observed",NA,NA,"40107_Fledged young (altricial birds)_2017",9
9652,44.768246,-94.155746,309,"MN",246,"Turdus","migratorius","American robin","Animalia",40107,457,"Insect consumption",2017,5,28,148,2457902,13,2017,6,10,161,2457915,7,"40107_Insect consumption","Feeding",NA,NA,"40107_Insect consumption_2017",10
9652,44.768246,-94.155746,309,"MN",246,"Turdus","migratorius","American robin","Animalia",40107,542,"Feeding (or foraging)",2017,5,28,148,2457902,13,2017,6,10,161,2457915,7,"40107_Feeding (or foraging)","Feeding",NA,NA,"40107_Feeding (or foraging)_2017",9
8418,32.363758,-94.873947,115,"TX",1113,"Dryobates","pubescens","downy woodpecker","Animalia",41679,310,"Fruit/seed consumption",2017,1,8,8,2457762,4,2017,1,8,8,2457762,3,"41679_Fruit/seed consumption","Feeding",NA,NA,"41679_Fruit/seed consumption_2017",10
8418,32.363758,-94.873947,115,"TX",1113,"Dryobates","pubescens","downy woodpecker","Animalia",41679,457,"Insect consumption",2017,1,29,29,2457783,4,2017,1,29,29,2457783,3,"41679_Insect consumption","Feeding",NA,NA,"41679_Insect consumption_2017",9
11313,44.201355,-92.646301,330,"MN",1090,"Cardinalis","cardinalis","northern cardinal","Animalia",46661,294,"Singing individuals (birds)",2017,2,17,48,2457802,8,2017,2,17,48,2457802,7,"46661_Singing individuals (birds)","Singing individuals",NA,NA,"46661_Singing individuals (birds)_2017",10
8418,32.363758,-94.873947,115,"TX",1126,"Thryothorus","ludovicianus","Carolina wren","Animalia",46734,310,"Fruit/seed consumption",2017,1,29,29,2457783,4,2017,1,29,29,2457783,3,"46734_Fruit/seed consumption","Feeding",NA,NA,"46734_Fruit/seed consumption_2017",10
12064,32.248463,-110.909584,745,"AZ",1088,"Calypte","anna","Anna's hummingbird","Animalia",50759,312,"Flower visitation",2017,7,20,201,2457955,5,2017,7,20,201,2457955,23,"50759_Flower visitation","Feeding",NA,NA,"50759_Flower visitation_2017",9
12064,32.248463,-110.909584,745,"AZ",1088,"Calypte","anna","Anna's hummingbird","Animalia",50759,542,"Feeding (or foraging)",2017,6,16,167,2457921,7,2017,6,16,167,2457921,29,"50759_Feeding (or foraging)","Feeding",NA,NA,"50759_Feeding (or foraging)_2017",9
16295,27.929228,-82.725639,4,"FL",1108,"Mimus","polyglottos","northern mockingbird","Animalia",60950,294,"Singing individuals (birds)",2017,2,2,33,2457787,7,2017,2,2,33,2457787,7,"60950_Singing individuals (birds)","Singing individuals",NA,NA,"60950_Singing individuals (birds)_2017",9
8418,32.363758,-94.873947,115,"TX",359,"Agelaius","phoeniceus","red-winged blackbird","Animalia",62147,310,"Fruit/seed consumption",2017,1,15,15,2457769,4,2017,1,15,15,2457769,3,"62147_Fruit/seed consumption","Feeding",NA,NA,"62147_Fruit/seed consumption_2017",9
8418,32.363758,-94.873947,115,"TX",1233,"Poecile","carolinensis","Carolina chickadee","Animalia",63335,310,"Fruit/seed consumption",2017,1,15,15,2457769,4,2017,1,15,15,2457769,3,"63335_Fruit/seed consumption","Feeding",NA,NA,"63335_Fruit/seed consumption_2017",9
10145,42.602543,-83.250992,277,"MI",1224,"Branta","canadensis","Canada goose","Animalia",64229,541,"Fledged young (precocial birds)",2017,5,31,151,2457905,1,2017,6,1,152,2457906,1,"64229_Fledged young (precocial birds)","Young observed",NA,NA,"64229_Fledged young (precocial birds)_2017",9
8418,32.363758,-94.873947,115,"TX",363,"Molothrus","ater","brown-headed cowbird","Animalia",64379,310,"Fruit/seed consumption",2017,5,10,130,2457884,3,2017,5,10,130,2457884,4,"64379_Fruit/seed consumption","Feeding",NA,NA,"64379_Fruit/seed consumption_2017",9
17414,42.936153,-73.433449,147,"NY",1124,"Tachycineta","bicolor","tree swallow","Animalia",66940,297,"Nest building (birds)",2017,5,8,128,2457882,4,2017,5,8,128,2457882,4,"66940_Nest building (birds)","Nesting behavior",NA,NA,"66940_Nest building (birds)_2017",9
17414,42.936153,-73.433449,147,"NY",1124,"Tachycineta","bicolor","tree swallow","Animalia",66940,298,"Occupied nest",2017,5,12,132,2457886,4,2017,6,24,175,2457929,8,"66940_Occupied nest","Nesting behavior",NA,NA,"66940_Occupied nest_2017",9
17414,42.936153,-73.433449,147,"NY",1124,"Tachycineta","bicolor","tree swallow","Animalia",66940,457,"Insect consumption",2017,5,8,128,2457882,4,2017,6,24,175,2457929,8,"66940_Insect consumption","Feeding",NA,NA,"66940_Insect consumption_2017",9
17414,42.936153,-73.433449,147,"NY",1124,"Tachycineta","bicolor","tree swallow","Animalia",66940,542,"Feeding (or foraging)",2017,3,30,89,2457843,4,2017,4,2,92,2457846,1,"66940_Feeding (or foraging)","Feeding",NA,NA,"66940_Feeding (or foraging)_2017",9
17707,37.360123,-122.128151,170,"CA",362,"Junco","hyemalis","dark-eyed junco","Animalia",68613,294,"Singing individuals (birds)",2017,5,2,122,2457876,5,2017,5,2,122,2457876,2,"68613_Singing individuals (birds)","Singing individuals",NA,NA,"68613_Singing individuals (birds)_2017",9
12725,37.360928,-122.130836,176,"CA",1088,"Calypte","anna","Anna's hummingbird","Animalia",71544,294,"Singing individuals (birds)",2017,2,16,47,2457801,7,2017,3,14,73,2457827,2,"71544_Singing individuals (birds)","Singing individuals",NA,NA,"71544_Singing individuals (birds)_2017",9
12725,37.360928,-122.130836,176,"CA",1088,"Calypte","anna","Anna's hummingbird","Animalia",71544,312,"Flower visitation",2017,2,16,47,2457801,7,2017,2,16,47,2457801,5,"71544_Flower visitation","Feeding",NA,NA,"71544_Flower visitation_2017",9
6099,34.119007,-118.760071,288,"CA",1229,"Melanerpes","formicivorus","acorn woodpecker","Animalia",72367,457,"Insect consumption",2017,1,21,21,2457775,8,2017,1,21,21,2457775,26,"72367_Insect consumption","Feeding",NA,NA,"72367_Insect consumption_2017",10
19944,33.66478,-117.843063,22,"CA",1088,"Calypte","anna","Anna's hummingbird","Animalia",81455,294,"Singing individuals (birds)",2017,1,29,29,2457783,2,2017,2,15,46,2457800,7,"81455_Singing individuals (birds)","Singing individuals",NA,NA,"81455_Singing individuals (birds)_2017",11
19944,33.66478,-117.843063,22,"CA",1088,"Calypte","anna","Anna's hummingbird","Animalia",81455,295,"Territorial individuals (birds)",2017,2,22,53,2457807,9,2017,3,1,60,2457814,4,"81455_Territorial individuals (birds)","Territorial behavior",NA,NA,"81455_Territorial individuals (birds)_2017",9
19944,33.66478,-117.843063,22,"CA",1088,"Calypte","anna","Anna's hummingbird","Animalia",81455,312,"Flower visitation",2017,1,4,4,2457758,2,2017,1,4,4,2457758,7,"81455_Flower visitation","Feeding",NA,NA,"81455_Flower visitation_2017",11
19944,33.66478,-117.843063,22,"CA",1088,"Calypte","anna","Anna's hummingbird","Animalia",81455,457,"Insect consumption",2017,2,15,46,2457800,2,2017,2,15,46,2457800,7,"81455_Insect consumption","Feeding",NA,NA,"81455_Insect consumption_2017",11
19944,33.66478,-117.843063,22,"CA",1088,"Calypte","anna","Anna's hummingbird","Animalia",81455,542,"Feeding (or foraging)",2017,2,13,44,2457798,5,2017,3,5,64,2457818,2,"81455_Feeding (or foraging)","Feeding",NA,NA,"81455_Feeding (or foraging)_2017",9
19944,33.66478,-117.843063,22,"CA",376,"Sayornis","nigricans","black phoebe","Animalia",81456,294,"Singing individuals (birds)",2017,1,11,11,2457765,7,2017,1,11,11,2457765,5,"81456_Singing individuals (birds)","Singing individuals",NA,NA,"81456_Singing individuals (birds)_2017",11
19944,33.66478,-117.843063,22,"CA",376,"Sayornis","nigricans","black phoebe","Animalia",81456,295,"Territorial individuals (birds)",2017,8,6,218,2457972,4,2017,8,6,218,2457972,10,"81456_Territorial individuals (birds)","Territorial behavior",NA,NA,"81456_Territorial individuals (birds)_2017",9
19944,33.66478,-117.843063,22,"CA",376,"Sayornis","nigricans","black phoebe","Animalia",81456,457,"Insect consumption",2017,1,29,29,2457783,2,2017,1,29,29,2457783,3,"81456_Insect consumption","Feeding",NA,NA,"81456_Insect consumption_2017",11
19944,33.66478,-117.843063,22,"CA",376,"Sayornis","nigricans","black phoebe","Animalia",81456,542,"Feeding (or foraging)",2017,3,25,84,2457838,3,2017,3,25,84,2457838,3,"81456_Feeding (or foraging)","Feeding",NA,NA,"81456_Feeding (or foraging)_2017",9
19944,33.66478,-117.843063,22,"CA",242,"Petrochelidon","pyrrhonota","cliff swallow","Animalia",81457,294,"Singing individuals (birds)",2017,2,22,53,2457807,7,2017,2,22,53,2457807,7,"81457_Singing individuals (birds)","Singing individuals",NA,NA,"81457_Singing individuals (birds)_2017",10
19944,33.66478,-117.843063,22,"CA",242,"Petrochelidon","pyrrhonota","cliff swallow","Animalia",81457,297,"Nest building (birds)",2017,4,6,96,2457850,4,2017,4,16,106,2457860,4,"81457_Nest building (birds)","Nesting behavior",NA,NA,"81457_Nest building (birds)_2017",10
19944,33.66478,-117.843063,22,"CA",1197,"Geothlypis","trichas","common yellowthroat","Animalia",81458,294,"Singing individuals (birds)",2017,2,5,36,2457790,4,2017,3,14,73,2457827,8,"81458_Singing individuals (birds)","Singing individuals",NA,NA,"81458_Singing individuals (birds)_2017",11
19944,33.66478,-117.843063,22,"CA",1197,"Geothlypis","trichas","common yellowthroat","Animalia",81458,295,"Territorial individuals (birds)",2017,2,15,46,2457800,2,2017,2,15,46,2457800,7,"81458_Territorial individuals (birds)","Territorial behavior",NA,NA,"81458_Territorial individuals (birds)_2017",9
19944,33.66478,-117.843063,22,"CA",1197,"Geothlypis","trichas","common yellowthroat","Animalia",81458,542,"Feeding (or foraging)",2017,2,15,46,2457800,2,2017,3,1,60,2457814,4,"81458_Feeding (or foraging)","Feeding",NA,NA,"81458_Feeding (or foraging)_2017",9
19944,33.66478,-117.843063,22,"CA",370,"Ardea","herodias","great blue heron","Animalia",81459,542,"Feeding (or foraging)",2017,5,10,130,2457884,2,2017,5,19,139,2457893,6,"81459_Feeding (or foraging)","Feeding",NA,NA,"81459_Feeding (or foraging)_2017",9
19944,33.66478,-117.843063,22,"CA",244,"Charadrius","vociferus","killdeer","Animalia",81460,542,"Feeding (or foraging)",2017,3,22,81,2457835,8,2017,3,22,81,2457835,3,"81460_Feeding (or foraging)","Feeding",NA,NA,"81460_Feeding (or foraging)_2017",9
19944,33.66478,-117.843063,22,"CA",248,"Pandion","haliaetus","osprey","Animalia",81461,297,"Nest building (birds)",2017,1,18,18,2457772,2,2017,1,25,25,2457779,2,"81461_Nest building (birds)","Nesting behavior",NA,NA,"81461_Nest building (birds)_2017",9
19944,33.66478,-117.843063,22,"CA",248,"Pandion","haliaetus","osprey","Animalia",81461,542,"Feeding (or foraging)",2017,3,5,64,2457818,4,2017,3,5,64,2457818,2,"81461_Feeding (or foraging)","Feeding",NA,NA,"81461_Feeding (or foraging)_2017",9
19944,33.66478,-117.843063,22,"CA",373,"Actitis","macularius","spotted sandpiper","Animalia",81462,542,"Feeding (or foraging)",2017,2,15,46,2457800,2,2017,3,14,73,2457827,8,"81462_Feeding (or foraging)","Feeding",NA,NA,"81462_Feeding (or foraging)_2017",9
17414,42.936153,-73.433449,147,"NY",1197,"Geothlypis","trichas","common yellowthroat","Animalia",86970,294,"Singing individuals (birds)",2017,5,8,128,2457882,5,2017,5,8,128,2457882,4,"86970_Singing individuals (birds)","Singing individuals",NA,NA,"86970_Singing individuals (birds)_2017",11
20765,33.632149,-117.55545,440,"CA",1088,"Calypte","anna","Anna's hummingbird","Animalia",88471,312,"Flower visitation",2017,8,8,220,2457974,5,2017,8,8,220,2457974,12,"88471_Flower visitation","Feeding",NA,NA,"88471_Flower visitation_2017",9
20765,33.632149,-117.55545,440,"CA",376,"Sayornis","nigricans","black phoebe","Animalia",88472,457,"Insect consumption",2017,2,19,50,2457804,10,2017,2,19,50,2457804,11,"88472_Insect consumption","Feeding",NA,NA,"88472_Insect consumption_2017",9
20765,33.632149,-117.55545,440,"CA",355,"Troglodytes","aedon","house wren","Animalia",88474,294,"Singing individuals (birds)",2017,2,19,50,2457804,10,2017,2,19,50,2457804,11,"88474_Singing individuals (birds)","Singing individuals",NA,NA,"88474_Singing individuals (birds)_2017",9
20765,33.632149,-117.55545,440,"CA",1380,"Melospiza","melodia","song sparrow","Animalia",88475,294,"Singing individuals (birds)",2017,3,2,61,2457815,11,2017,3,19,78,2457832,19,"88475_Singing individuals (birds)","Singing individuals",NA,NA,"88475_Singing individuals (birds)_2017",10
20765,33.632149,-117.55545,440,"CA",1091,"Spinus","psaltria","lesser goldfinch","Animalia",88478,294,"Singing individuals (birds)",2017,2,9,40,2457794,6,2017,2,9,40,2457794,10,"88478_Singing individuals (birds)","Singing individuals",NA,NA,"88478_Singing individuals (birds)_2017",9
22740,38.525036,-121.970711,43,"CA",741,"Regulus","calendula","ruby-crowned kinglet","Animalia",102229,457,"Insect consumption",2017,1,25,25,2457779,14,2017,3,15,74,2457828,8,"102229_Insect consumption","Feeding",NA,NA,"102229_Insect consumption_2017",9
22740,38.525036,-121.970711,43,"CA",357,"Sialia","mexicana","western bluebird","Animalia",102231,457,"Insect consumption",2017,5,4,124,2457878,14,2017,6,1,152,2457906,14,"102231_Insect consumption","Feeding",NA,NA,"102231_Insect consumption_2017",9
22858,38.09404,-122.37149,-1,"CA",1380,"Melospiza","melodia","song sparrow","Animalia",103159,294,"Singing individuals (birds)",2017,1,9,9,2457763,7,2017,1,30,30,2457784,7,"103159_Singing individuals (birds)","Singing individuals",NA,NA,"103159_Singing individuals (birds)_2017",10
22858,38.09404,-122.37149,-1,"CA",1380,"Melospiza","melodia","song sparrow","Animalia",103159,542,"Feeding (or foraging)",2017,4,10,100,2457854,7,2017,4,10,100,2457854,7,"103159_Feeding (or foraging)","Feeding",NA,NA,"103159_Feeding (or foraging)_2017",9
22858,38.09404,-122.37149,-1,"CA",357,"Sialia","mexicana","western bluebird","Animalia",103161,457,"Insect consumption",2017,2,13,44,2457798,7,2017,2,13,44,2457798,14,"103161_Insect consumption","Feeding",NA,NA,"103161_Insect consumption_2017",9
22858,38.09404,-122.37149,-1,"CA",357,"Sialia","mexicana","western bluebird","Animalia",103161,542,"Feeding (or foraging)",2017,2,13,44,2457798,7,2017,2,27,58,2457812,7,"103161_Feeding (or foraging)","Feeding",NA,NA,"103161_Feeding (or foraging)_2017",9
17414,42.936153,-73.433449,147,"NY",352,"Archilochus","colubris","ruby-throated hummingbird","Animalia",103211,542,"Feeding (or foraging)",2017,4,29,119,2457873,1,2017,4,29,119,2457873,4,"103211_Feeding (or foraging)","Feeding",NA,NA,"103211_Feeding (or foraging)_2017",9
22858,38.09404,-122.37149,-1,"CA",1375,"Anas","platyrhynchos","mallard","Animalia",114733,542,"Feeding (or foraging)",2017,2,21,52,2457806,8,2017,2,21,52,2457806,6,"114733_Feeding (or foraging)","Feeding",NA,NA,"114733_Feeding (or foraging)_2017",9
22858,38.09404,-122.37149,-1,"CA",359,"Agelaius","phoeniceus","red-winged blackbird","Animalia",114734,294,"Singing individuals (birds)",2017,2,13,44,2457798,7,2017,3,27,86,2457840,7,"114734_Singing individuals (birds)","Singing individuals",NA,NA,"114734_Singing individuals (birds)_2017",9
22858,38.09404,-122.37149,-1,"CA",359,"Agelaius","phoeniceus","red-winged blackbird","Animalia",114734,542,"Feeding (or foraging)",2017,9,11,254,2458008,14,2017,9,11,254,2458008,7,"114734_Feeding (or foraging)","Feeding",NA,NA,"114734_Feeding (or foraging)_2017",9
22858,38.09404,-122.37149,-1,"CA",1088,"Calypte","anna","Anna's hummingbird","Animalia",114826,295,"Territorial individuals (birds)",2017,2,21,52,2457806,8,2017,3,27,86,2457840,7,"114826_Territorial individuals (birds)","Territorial behavior",NA,NA,"114826_Territorial individuals (birds)_2017",9
22858,38.09404,-122.37149,-1,"CA",1088,"Calypte","anna","Anna's hummingbird","Animalia",114826,542,"Feeding (or foraging)",2017,3,27,86,2457840,7,2017,3,27,86,2457840,7,"114826_Feeding (or foraging)","Feeding",NA,NA,"114826_Feeding (or foraging)_2017",9
2803,39.971001,-105.397003,2329,"CO",1113,"Dryobates","pubescens","downy woodpecker","Animalia",122049,310,"Fruit/seed consumption",2017,3,25,84,2457838,1,2017,3,27,86,2457840,4,"122049_Fruit/seed consumption","Feeding",NA,NA,"122049_Fruit/seed consumption_2017",9
2803,39.971001,-105.397003,2329,"CO",1113,"Dryobates","pubescens","downy woodpecker","Animalia",122049,542,"Feeding (or foraging)",2017,3,25,84,2457838,1,2017,3,27,86,2457840,4,"122049_Feeding (or foraging)","Feeding",NA,NA,"122049_Feeding (or foraging)_2017",9
2803,39.971001,-105.397003,2329,"CO",1411,"Poecile","gambeli","mountain chickadee","Animalia",122050,294,"Singing individuals (birds)",2017,4,7,97,2457851,4,2017,4,7,97,2457851,1,"122050_Singing individuals (birds)","Singing individuals",NA,NA,"122050_Singing individuals (birds)_2017",9
2803,39.971001,-105.397003,2329,"CO",1411,"Poecile","gambeli","mountain chickadee","Animalia",122050,542,"Feeding (or foraging)",2017,2,18,49,2457803,1,2017,2,18,49,2457803,2,"122050_Feeding (or foraging)","Feeding",NA,NA,"122050_Feeding (or foraging)_2017",9
2803,39.971001,-105.397003,2329,"CO",1398,"Cyanocitta","stelleri","Steller's jay","Animalia",122052,310,"Fruit/seed consumption",2017,2,20,51,2457805,2,2017,4,17,107,2457861,18,"122052_Fruit/seed consumption","Feeding",NA,NA,"122052_Fruit/seed consumption_2017",9
2803,39.971001,-105.397003,2329,"CO",1398,"Cyanocitta","stelleri","Steller's jay","Animalia",122052,457,"Insect consumption",2017,4,13,103,2457857,5,2017,4,17,107,2457861,18,"122052_Insect consumption","Feeding",NA,NA,"122052_Insect consumption_2017",9
2803,39.971001,-105.397003,2329,"CO",1398,"Cyanocitta","stelleri","Steller's jay","Animalia",122052,542,"Feeding (or foraging)",2017,2,20,51,2457805,2,2017,4,17,107,2457861,18,"122052_Feeding (or foraging)","Feeding",NA,NA,"122052_Feeding (or foraging)_2017",9
2803,39.971001,-105.397003,2329,"CO",1415,"Sitta","carolinensis","white-breasted nuthatch","Animalia",122053,294,"Singing individuals (birds)",2017,2,18,49,2457803,1,2017,2,20,51,2457805,4,"122053_Singing individuals (birds)","Singing individuals",NA,NA,"122053_Singing individuals (birds)_2017",9
2803,39.971001,-105.397003,2329,"CO",1415,"Sitta","carolinensis","white-breasted nuthatch","Animalia",122053,457,"Insect consumption",2017,5,22,142,2457896,3,2017,5,22,142,2457896,16,"122053_Insect consumption","Feeding",NA,NA,"122053_Insect consumption_2017",9
2803,39.971001,-105.397003,2329,"CO",1415,"Sitta","carolinensis","white-breasted nuthatch","Animalia",122053,542,"Feeding (or foraging)",2017,2,18,49,2457803,1,2017,5,12,132,2457886,3,"122053_Feeding (or foraging)","Feeding",NA,NA,"122053_Feeding (or foraging)_2017",9
12064,32.248463,-110.909584,745,"AZ",1223,"Auriparus","flaviceps","verdin","Animalia",139417,542,"Feeding (or foraging)",2017,11,8,312,2458066,13,2017,11,24,328,2458082,7,"139417_Feeding (or foraging)","Feeding",NA,NA,"139417_Feeding (or foraging)_2017",9
27407,38.037094,-122.394722,-6,"CA",244,"Charadrius","vociferus","killdeer","Animalia",141455,542,"Feeding (or foraging)",2017,6,12,163,2457917,7,2017,6,19,170,2457924,14,"141455_Feeding (or foraging)","Feeding",NA,NA,"141455_Feeding (or foraging)_2017",9
27407,38.037094,-122.394722,-6,"CA",1375,"Anas","platyrhynchos","mallard","Animalia",141456,542,"Feeding (or foraging)",2017,6,12,163,2457917,7,2017,7,3,184,2457938,7,"141456_Feeding (or foraging)","Feeding",NA,NA,"141456_Feeding (or foraging)_2017",9
27407,38.037094,-122.394722,-6,"CA",375,"Zenaida","macroura","mourning dove","Animalia",141460,294,"Singing individuals (birds)",2017,6,19,170,2457924,7,2017,6,19,170,2457924,14,"141460_Singing individuals (birds)","Singing individuals",NA,NA,"141460_Singing individuals (birds)_2017",9
27407,38.037094,-122.394722,-6,"CA",376,"Sayornis","nigricans","black phoebe","Animalia",141461,294,"Singing individuals (birds)",2017,7,24,205,2457959,7,2017,7,24,205,2457959,7,"141461_Singing individuals (birds)","Singing individuals",NA,NA,"141461_Singing individuals (birds)_2017",9
27407,38.037094,-122.394722,-6,"CA",376,"Sayornis","nigricans","black phoebe","Animalia",141461,457,"Insect consumption",2017,6,12,163,2457917,7,2017,6,12,163,2457917,7,"141461_Insect consumption","Feeding",NA,NA,"141461_Insect consumption_2017",9
27407,38.037094,-122.394722,-6,"CA",376,"Sayornis","nigricans","black phoebe","Animalia",141461,542,"Feeding (or foraging)",2017,6,19,170,2457924,7,2017,6,19,170,2457924,14,"141461_Feeding (or foraging)","Feeding",NA,NA,"141461_Feeding (or foraging)_2017",9
22740,38.525036,-121.970711,43,"CA",1654,"Baeolophus","inornatus","oak titmouse","Animalia",148019,457,"Insect consumption",2017,8,24,236,2457990,14,2017,8,24,236,2457990,14,"148019_Insect consumption","Feeding",NA,NA,"148019_Insect consumption_2017",9
1419,42.011166,-88.503304,280,"IL",246,"Turdus","migratorius","American robin","Animalia",10282,294,"Singing individuals (birds)",2018,5,1,121,2458240,9,2018,6,15,166,2458285,19,"10282_Singing individuals (birds)","Singing individuals",NA,NA,"10282_Singing individuals (birds)_2018",13
1419,42.011166,-88.503304,280,"IL",246,"Turdus","migratorius","American robin","Animalia",10282,457,"Insect consumption",2018,6,15,166,2458285,6,2018,6,15,166,2458285,19,"10282_Insect consumption","Feeding",NA,NA,"10282_Insect consumption_2018",9
1419,42.011166,-88.503304,280,"IL",245,"Poecile","atricapillus","black-capped chickadee","Animalia",10283,294,"Singing individuals (birds)",2018,8,25,237,2458356,12,2018,8,25,237,2458356,15,"10283_Singing individuals (birds)","Singing individuals",NA,NA,"10283_Singing individuals (birds)_2018",12
5674,44.910587,-70.266861,261,"ME",246,"Turdus","migratorius","American robin","Animalia",12709,310,"Fruit/seed consumption",2018,2,18,49,2458168,7,2018,5,20,140,2458259,5,"12709_Fruit/seed consumption","Feeding",NA,NA,"12709_Fruit/seed consumption_2018",11
5674,44.910587,-70.266861,261,"ME",246,"Turdus","migratorius","American robin","Animalia",12709,457,"Insect consumption",2018,6,3,154,2458273,7,2018,8,5,217,2458336,7,"12709_Insect consumption","Feeding",NA,NA,"12709_Insect consumption_2018",11
5674,44.910587,-70.266861,261,"ME",246,"Turdus","migratorius","American robin","Animalia",12709,542,"Feeding (or foraging)",2018,2,18,49,2458168,7,2018,5,20,140,2458259,5,"12709_Feeding (or foraging)","Feeding",NA,NA,"12709_Feeding (or foraging)_2018",9
5674,44.910587,-70.266861,261,"ME",352,"Archilochus","colubris","ruby-throated hummingbird","Animalia",12712,295,"Territorial individuals (birds)",2018,5,13,133,2458252,7,2018,9,2,245,2458364,7,"12712_Territorial individuals (birds)","Territorial behavior",NA,NA,"12712_Territorial individuals (birds)_2018",9
5674,44.910587,-70.266861,261,"ME",352,"Archilochus","colubris","ruby-throated hummingbird","Animalia",12712,312,"Flower visitation",2018,5,13,133,2458252,7,2018,9,16,259,2458378,7,"12712_Flower visitation","Feeding",NA,NA,"12712_Flower visitation_2018",13
5674,44.910587,-70.266861,261,"ME",352,"Archilochus","colubris","ruby-throated hummingbird","Animalia",12712,542,"Feeding (or foraging)",2018,5,13,133,2458252,7,2018,9,16,259,2458378,7,"12712_Feeding (or foraging)","Feeding",NA,NA,"12712_Feeding (or foraging)_2018",9
2803,39.971001,-105.397003,2329,"CO",246,"Turdus","migratorius","American robin","Animalia",16046,294,"Singing individuals (birds)",2018,3,22,81,2458200,3,2018,3,22,81,2458200,8,"16046_Singing individuals (birds)","Singing individuals",NA,NA,"16046_Singing individuals (birds)_2018",14
2803,39.971001,-105.397003,2329,"CO",246,"Turdus","migratorius","American robin","Animalia",16046,310,"Fruit/seed consumption",2018,7,16,197,2458316,3,2018,7,28,209,2458328,2,"16046_Fruit/seed consumption","Feeding",NA,NA,"16046_Fruit/seed consumption_2018",10
2803,39.971001,-105.397003,2329,"CO",246,"Turdus","migratorius","American robin","Animalia",16046,457,"Insect consumption",2018,5,4,124,2458243,4,2018,5,14,134,2458253,4,"16046_Insect consumption","Feeding",NA,NA,"16046_Insect consumption_2018",15
2803,39.971001,-105.397003,2329,"CO",246,"Turdus","migratorius","American robin","Animalia",16046,542,"Feeding (or foraging)",2018,5,4,124,2458243,4,2018,5,14,134,2458253,4,"16046_Feeding (or foraging)","Feeding",NA,NA,"16046_Feeding (or foraging)_2018",9
2803,39.971001,-105.397003,2329,"CO",245,"Poecile","atricapillus","black-capped chickadee","Animalia",16047,294,"Singing individuals (birds)",2018,5,14,134,2458253,3,2018,6,1,152,2458271,3,"16047_Singing individuals (birds)","Singing individuals",NA,NA,"16047_Singing individuals (birds)_2018",13
2803,39.971001,-105.397003,2329,"CO",245,"Poecile","atricapillus","black-capped chickadee","Animalia",16047,310,"Fruit/seed consumption",2018,5,14,134,2458253,3,2018,6,1,152,2458271,3,"16047_Fruit/seed consumption","Feeding",NA,NA,"16047_Fruit/seed consumption_2018",15
2803,39.971001,-105.397003,2329,"CO",245,"Poecile","atricapillus","black-capped chickadee","Animalia",16047,542,"Feeding (or foraging)",2018,5,14,134,2458253,3,2018,6,1,152,2458271,3,"16047_Feeding (or foraging)","Feeding",NA,NA,"16047_Feeding (or foraging)_2018",9
2803,39.971001,-105.397003,2329,"CO",354,"Selasphorus","platycercus","broad-tailed hummingbird","Animalia",16048,295,"Territorial individuals (birds)",2018,4,30,120,2458239,3,2018,9,5,248,2458367,5,"16048_Territorial individuals (birds)","Territorial behavior",NA,NA,"16048_Territorial individuals (birds)_2018",9
2803,39.971001,-105.397003,2329,"CO",354,"Selasphorus","platycercus","broad-tailed hummingbird","Animalia",16048,312,"Flower visitation",2018,5,4,124,2458243,4,2018,9,5,248,2458367,5,"16048_Flower visitation","Feeding",NA,NA,"16048_Flower visitation_2018",14
2803,39.971001,-105.397003,2329,"CO",354,"Selasphorus","platycercus","broad-tailed hummingbird","Animalia",16048,457,"Insect consumption",2018,5,18,138,2458257,4,2018,5,25,145,2458264,3,"16048_Insect consumption","Feeding",NA,NA,"16048_Insect consumption_2018",14
2803,39.971001,-105.397003,2329,"CO",354,"Selasphorus","platycercus","broad-tailed hummingbird","Animalia",16048,542,"Feeding (or foraging)",2018,4,30,120,2458239,3,2018,9,5,248,2458367,5,"16048_Feeding (or foraging)","Feeding",NA,NA,"16048_Feeding (or foraging)_2018",9
2803,39.971001,-105.397003,2329,"CO",362,"Junco","hyemalis","dark-eyed junco","Animalia",16213,294,"Singing individuals (birds)",2018,3,12,71,2458190,3,2018,4,23,113,2458232,4,"16213_Singing individuals (birds)","Singing individuals",NA,NA,"16213_Singing individuals (birds)_2018",11
2803,39.971001,-105.397003,2329,"CO",362,"Junco","hyemalis","dark-eyed junco","Animalia",16213,310,"Fruit/seed consumption",2018,2,17,48,2458167,7,2018,3,30,89,2458208,3,"16213_Fruit/seed consumption","Feeding",NA,NA,"16213_Fruit/seed consumption_2018",13
2803,39.971001,-105.397003,2329,"CO",357,"Sialia","mexicana","western bluebird","Animalia",16214,294,"Singing individuals (birds)",2018,7,30,211,2458330,2,2018,8,10,222,2458341,3,"16214_Singing individuals (birds)","Singing individuals",NA,NA,"16214_Singing individuals (birds)_2018",10
2803,39.971001,-105.397003,2329,"CO",357,"Sialia","mexicana","western bluebird","Animalia",16214,457,"Insect consumption",2018,5,4,124,2458243,4,2018,5,4,124,2458243,3,"16214_Insect consumption","Feeding",NA,NA,"16214_Insect consumption_2018",12
8418,32.363758,-94.873947,115,"TX",246,"Turdus","migratorius","American robin","Animalia",25349,294,"Singing individuals (birds)",2018,2,7,38,2458157,3,2018,2,7,38,2458157,4,"25349_Singing individuals (birds)","Singing individuals",NA,NA,"25349_Singing individuals (birds)_2018",11
8418,32.363758,-94.873947,115,"TX",246,"Turdus","migratorius","American robin","Animalia",25349,310,"Fruit/seed consumption",2018,1,7,7,2458126,4,2018,1,7,7,2458126,3,"25349_Fruit/seed consumption","Feeding",NA,NA,"25349_Fruit/seed consumption_2018",10
8418,32.363758,-94.873947,115,"TX",246,"Turdus","migratorius","American robin","Animalia",25349,457,"Insect consumption",2018,3,21,80,2458199,3,2018,4,1,91,2458210,3,"25349_Insect consumption","Feeding",NA,NA,"25349_Insect consumption_2018",11
8418,32.363758,-94.873947,115,"TX",1108,"Mimus","polyglottos","northern mockingbird","Animalia",25351,294,"Singing individuals (birds)",2018,2,25,56,2458175,4,2018,2,25,56,2458175,3,"25351_Singing individuals (birds)","Singing individuals",NA,NA,"25351_Singing individuals (birds)_2018",11
8418,32.363758,-94.873947,115,"TX",1108,"Mimus","polyglottos","northern mockingbird","Animalia",25351,310,"Fruit/seed consumption",2018,1,21,21,2458140,4,2018,1,21,21,2458140,3,"25351_Fruit/seed consumption","Feeding",NA,NA,"25351_Fruit/seed consumption_2018",10
8418,32.363758,-94.873947,115,"TX",1108,"Mimus","polyglottos","northern mockingbird","Animalia",25351,457,"Insect consumption",2018,3,25,84,2458203,4,2018,3,25,84,2458203,3,"25351_Insect consumption","Feeding",NA,NA,"25351_Insect consumption_2018",11
8496,46.328629,-96.061256,393,"MN",246,"Turdus","migratorius","American robin","Animalia",25780,310,"Fruit/seed consumption",2018,4,27,117,2458236,4,2018,4,27,117,2458236,5,"25780_Fruit/seed consumption","Feeding",NA,NA,"25780_Fruit/seed consumption_2018",9
8496,46.328629,-96.061256,393,"MN",245,"Poecile","atricapillus","black-capped chickadee","Animalia",25781,310,"Fruit/seed consumption",2018,3,24,83,2458202,8,2018,5,20,140,2458259,3,"25781_Fruit/seed consumption","Feeding",NA,NA,"25781_Fruit/seed consumption_2018",9
8496,46.328629,-96.061256,393,"MN",352,"Archilochus","colubris","ruby-throated hummingbird","Animalia",25784,312,"Flower visitation",2018,5,20,140,2458259,6,2018,5,20,140,2458259,3,"25784_Flower visitation","Feeding",NA,NA,"25784_Flower visitation_2018",9
8496,46.328629,-96.061256,393,"MN",1104,"Hirundo","rustica","barn swallow","Animalia",25894,297,"Nest building (birds)",2018,5,6,126,2458245,4,2018,5,6,126,2458245,4,"25894_Nest building (birds)","Nesting behavior",NA,NA,"25894_Nest building (birds)_2018",10
8496,46.328629,-96.061256,393,"MN",1113,"Dryobates","pubescens","downy woodpecker","Animalia",25895,310,"Fruit/seed consumption",2018,3,16,75,2458194,4,2018,4,19,109,2458228,4,"25895_Fruit/seed consumption","Feeding",NA,NA,"25895_Fruit/seed consumption_2018",11
8496,46.328629,-96.061256,393,"MN",1090,"Cardinalis","cardinalis","northern cardinal","Animalia",25898,294,"Singing individuals (birds)",2018,3,24,83,2458202,8,2018,5,2,122,2458241,4,"25898_Singing individuals (birds)","Singing individuals",NA,NA,"25898_Singing individuals (birds)_2018",13
8496,46.328629,-96.061256,393,"MN",1090,"Cardinalis","cardinalis","northern cardinal","Animalia",25898,310,"Fruit/seed consumption",2018,11,5,309,2458428,12,2018,11,5,309,2458428,5,"25898_Fruit/seed consumption","Feeding",NA,NA,"25898_Fruit/seed consumption_2018",11
8496,46.328629,-96.061256,393,"MN",1124,"Tachycineta","bicolor","tree swallow","Animalia",25899,297,"Nest building (birds)",2018,5,14,134,2458253,4,2018,5,14,134,2458253,6,"25899_Nest building (birds)","Nesting behavior",NA,NA,"25899_Nest building (birds)_2018",9
8418,32.363758,-94.873947,115,"TX",1096,"Cyanocitta","cristata","blue jay","Animalia",28244,310,"Fruit/seed consumption",2018,1,7,7,2458126,4,2018,1,7,7,2458126,3,"28244_Fruit/seed consumption","Feeding",NA,NA,"28244_Fruit/seed consumption_2018",11
8418,32.363758,-94.873947,115,"TX",1096,"Cyanocitta","cristata","blue jay","Animalia",28244,457,"Insect consumption",2018,4,15,105,2458224,4,2018,4,29,119,2458238,3,"28244_Insect consumption","Feeding",NA,NA,"28244_Insect consumption_2018",9
8418,32.363758,-94.873947,115,"TX",356,"Sialia","sialis","eastern bluebird","Animalia",28245,457,"Insect consumption",2018,4,1,91,2458210,4,2018,4,1,91,2458210,3,"28245_Insect consumption","Feeding",NA,NA,"28245_Insect consumption_2018",10
8418,32.363758,-94.873947,115,"TX",375,"Zenaida","macroura","mourning dove","Animalia",28246,294,"Singing individuals (birds)",2018,1,28,28,2458147,4,2018,1,28,28,2458147,3,"28246_Singing individuals (birds)","Singing individuals",NA,NA,"28246_Singing individuals (birds)_2018",10
8418,32.363758,-94.873947,115,"TX",1090,"Cardinalis","cardinalis","northern cardinal","Animalia",28247,294,"Singing individuals (birds)",2018,1,28,28,2458147,4,2018,2,7,38,2458157,4,"28247_Singing individuals (birds)","Singing individuals",NA,NA,"28247_Singing individuals (birds)_2018",11
8418,32.363758,-94.873947,115,"TX",1090,"Cardinalis","cardinalis","northern cardinal","Animalia",28247,310,"Fruit/seed consumption",2018,2,21,52,2458171,3,2018,3,4,63,2458182,3,"28247_Fruit/seed consumption","Feeding",NA,NA,"28247_Fruit/seed consumption_2018",11
8418,32.363758,-94.873947,115,"TX",1090,"Cardinalis","cardinalis","northern cardinal","Animalia",28247,457,"Insect consumption",2018,4,15,105,2458224,4,2018,4,15,105,2458224,3,"28247_Insect consumption","Feeding",NA,NA,"28247_Insect consumption_2018",10
8736,44.903229,-93.217445,248,"MN",240,"Spinus","tristis","American goldfinch","Animalia",28348,310,"Fruit/seed consumption",2018,4,25,115,2458234,4,2018,5,2,122,2458241,1,"28348_Fruit/seed consumption","Feeding",NA,NA,"28348_Fruit/seed consumption_2018",10
8736,44.903229,-93.217445,248,"MN",245,"Poecile","atricapillus","black-capped chickadee","Animalia",28349,294,"Singing individuals (birds)",2018,5,7,127,2458246,4,2018,5,7,127,2458246,65,"28349_Singing individuals (birds)","Singing individuals",NA,NA,"28349_Singing individuals (birds)_2018",10
8736,44.903229,-93.217445,248,"MN",245,"Poecile","atricapillus","black-capped chickadee","Animalia",28349,310,"Fruit/seed consumption",2018,7,18,199,2458318,6,2018,7,25,206,2458325,5,"28349_Fruit/seed consumption","Feeding",NA,NA,"28349_Fruit/seed consumption_2018",9
8736,44.903229,-93.217445,248,"MN",1090,"Cardinalis","cardinalis","northern cardinal","Animalia",28354,294,"Singing individuals (birds)",2018,5,2,122,2458241,7,2018,5,2,122,2458241,1,"28354_Singing individuals (birds)","Singing individuals",NA,NA,"28354_Singing individuals (birds)_2018",9
8736,44.903229,-93.217445,248,"MN",1090,"Cardinalis","cardinalis","northern cardinal","Animalia",28354,310,"Fruit/seed consumption",2018,5,3,123,2458242,1,2018,7,11,192,2458311,1,"28354_Fruit/seed consumption","Feeding",NA,NA,"28354_Fruit/seed consumption_2018",10
8418,32.363758,-94.873947,115,"TX",352,"Archilochus","colubris","ruby-throated hummingbird","Animalia",30980,312,"Flower visitation",2018,4,8,98,2458217,4,2018,4,8,98,2458217,3,"30980_Flower visitation","Feeding",NA,NA,"30980_Flower visitation_2018",11
8496,46.328629,-96.061256,393,"MN",1096,"Cyanocitta","cristata","blue jay","Animalia",32294,310,"Fruit/seed consumption",2018,3,24,83,2458202,8,2018,3,24,83,2458202,8,"32294_Fruit/seed consumption","Feeding",NA,NA,"32294_Fruit/seed consumption_2018",13
8496,46.328629,-96.061256,393,"MN",362,"Junco","hyemalis","dark-eyed junco","Animalia",32295,310,"Fruit/seed consumption",2018,3,24,83,2458202,8,2018,4,27,117,2458236,5,"32295_Fruit/seed consumption","Feeding",NA,NA,"32295_Fruit/seed consumption_2018",9
8496,46.328629,-96.061256,393,"MN",1110,"Passer","domesticus","house sparrow","Animalia",32297,310,"Fruit/seed consumption",2018,7,11,192,2458311,10,2018,7,11,192,2458311,12,"32297_Fruit/seed consumption","Feeding",NA,NA,"32297_Fruit/seed consumption_2018",9
8418,32.363758,-94.873947,115,"TX",362,"Junco","hyemalis","dark-eyed junco","Animalia",33174,310,"Fruit/seed consumption",2018,1,14,14,2458133,4,2018,1,14,14,2458133,3,"33174_Fruit/seed consumption","Feeding",NA,NA,"33174_Fruit/seed consumption_2018",10
8418,32.363758,-94.873947,115,"TX",240,"Spinus","tristis","American goldfinch","Animalia",33798,310,"Fruit/seed consumption",2018,1,14,14,2458133,4,2018,1,21,21,2458140,3,"33798_Fruit/seed consumption","Feeding",NA,NA,"33798_Fruit/seed consumption_2018",10
8496,46.328629,-96.061256,393,"MN",240,"Spinus","tristis","American goldfinch","Animalia",34922,310,"Fruit/seed consumption",2018,5,6,126,2458245,4,2018,5,20,140,2458259,3,"34922_Fruit/seed consumption","Feeding",NA,NA,"34922_Fruit/seed consumption_2018",10
8418,32.363758,-94.873947,115,"TX",1110,"Passer","domesticus","house sparrow","Animalia",35674,294,"Singing individuals (birds)",2018,1,7,7,2458126,4,2018,1,7,7,2458126,3,"35674_Singing individuals (birds)","Singing individuals",NA,NA,"35674_Singing individuals (birds)_2018",9
8418,32.363758,-94.873947,115,"TX",1110,"Passer","domesticus","house sparrow","Animalia",35674,310,"Fruit/seed consumption",2018,1,14,14,2458133,4,2018,2,11,42,2458161,3,"35674_Fruit/seed consumption","Feeding",NA,NA,"35674_Fruit/seed consumption_2018",10
10145,42.602543,-83.250992,277,"MI",240,"Spinus","tristis","American goldfinch","Animalia",38837,294,"Singing individuals (birds)",2018,4,15,105,2458224,2,2018,4,15,105,2458224,1,"38837_Singing individuals (birds)","Singing individuals",NA,NA,"38837_Singing individuals (birds)_2018",9
10145,42.602543,-83.250992,277,"MI",246,"Turdus","migratorius","American robin","Animalia",38840,310,"Fruit/seed consumption",2018,1,4,4,2458123,1,2018,1,4,4,2458123,6,"38840_Fruit/seed consumption","Feeding",NA,NA,"38840_Fruit/seed consumption_2018",9
10145,42.602543,-83.250992,277,"MI",362,"Junco","hyemalis","dark-eyed junco","Animalia",38878,294,"Singing individuals (birds)",2018,3,15,74,2458193,1,2018,3,15,74,2458193,1,"38878_Singing individuals (birds)","Singing individuals",NA,NA,"38878_Singing individuals (birds)_2018",11
10145,42.602543,-83.250992,277,"MI",355,"Troglodytes","aedon","house wren","Animalia",38908,294,"Singing individuals (birds)",2018,5,26,146,2458265,2,2018,5,27,147,2458266,1,"38908_Singing individuals (birds)","Singing individuals",NA,NA,"38908_Singing individuals (birds)_2018",10
10145,42.602543,-83.250992,277,"MI",359,"Agelaius","phoeniceus","red-winged blackbird","Animalia",38946,294,"Singing individuals (birds)",2018,4,29,119,2458238,1,2018,5,1,121,2458240,1,"38946_Singing individuals (birds)","Singing individuals",NA,NA,"38946_Singing individuals (birds)_2018",11
9652,44.768246,-94.155746,309,"MN",246,"Turdus","migratorius","American robin","Animalia",40107,294,"Singing individuals (birds)",2018,5,17,137,2458256,1,2018,5,17,137,2458256,6,"40107_Singing individuals (birds)","Singing individuals",NA,NA,"40107_Singing individuals (birds)_2018",11
9652,44.768246,-94.155746,309,"MN",246,"Turdus","migratorius","American robin","Animalia",40107,295,"Territorial individuals (birds)",2018,5,24,144,2458263,1,2018,5,24,144,2458263,4,"40107_Territorial individuals (birds)","Territorial behavior",NA,NA,"40107_Territorial individuals (birds)_2018",9
9652,44.768246,-94.155746,309,"MN",246,"Turdus","migratorius","American robin","Animalia",40107,308,"Fledged young (altricial birds)",2018,6,1,152,2458271,1,2018,6,14,165,2458284,19,"40107_Fledged young (altricial birds)","Young observed",NA,NA,"40107_Fledged young (altricial birds)_2018",9
9652,44.768246,-94.155746,309,"MN",246,"Turdus","migratorius","American robin","Animalia",40107,457,"Insect consumption",2018,5,23,143,2458262,6,2018,10,12,285,2458404,1,"40107_Insect consumption","Feeding",NA,NA,"40107_Insect consumption_2018",10
9652,44.768246,-94.155746,309,"MN",246,"Turdus","migratorius","American robin","Animalia",40107,542,"Feeding (or foraging)",2018,5,23,143,2458262,6,2018,11,8,312,2458431,1,"40107_Feeding (or foraging)","Feeding",NA,NA,"40107_Feeding (or foraging)_2018",9
8418,32.363758,-94.873947,115,"TX",1113,"Dryobates","pubescens","downy woodpecker","Animalia",41679,310,"Fruit/seed consumption",2018,2,21,52,2458171,3,2018,2,21,52,2458171,4,"41679_Fruit/seed consumption","Feeding",NA,NA,"41679_Fruit/seed consumption_2018",10
8418,32.363758,-94.873947,115,"TX",1113,"Dryobates","pubescens","downy woodpecker","Animalia",41679,457,"Insect consumption",2018,4,29,119,2458238,4,2018,4,29,119,2458238,3,"41679_Insect consumption","Feeding",NA,NA,"41679_Insect consumption_2018",9
8418,32.363758,-94.873947,115,"TX",1126,"Thryothorus","ludovicianus","Carolina wren","Animalia",46734,310,"Fruit/seed consumption",2018,1,17,17,2458136,3,2018,1,21,21,2458140,3,"46734_Fruit/seed consumption","Feeding",NA,NA,"46734_Fruit/seed consumption_2018",10
6102,32.23188,-110.951012,737,"AZ",1110,"Passer","domesticus","house sparrow","Animalia",49643,310,"Fruit/seed consumption",2018,10,30,303,2458422,4,2018,11,1,305,2458424,7,"49643_Fruit/seed consumption","Feeding",NA,NA,"49643_Fruit/seed consumption_2018",9
12064,32.248463,-110.909584,745,"AZ",1088,"Calypte","anna","Anna's hummingbird","Animalia",50759,312,"Flower visitation",2018,2,1,32,2458151,5,2018,2,1,32,2458151,9,"50759_Flower visitation","Feeding",NA,NA,"50759_Flower visitation_2018",9
12064,32.248463,-110.909584,745,"AZ",1088,"Calypte","anna","Anna's hummingbird","Animalia",50759,542,"Feeding (or foraging)",2018,2,1,32,2458151,5,2018,2,1,32,2458151,9,"50759_Feeding (or foraging)","Feeding",NA,NA,"50759_Feeding (or foraging)_2018",9
16295,27.929228,-82.725639,4,"FL",1108,"Mimus","polyglottos","northern mockingbird","Animalia",60950,294,"Singing individuals (birds)",2018,2,15,46,2458165,7,2018,2,15,46,2458165,7,"60950_Singing individuals (birds)","Singing individuals",NA,NA,"60950_Singing individuals (birds)_2018",9
8418,32.363758,-94.873947,115,"TX",359,"Agelaius","phoeniceus","red-winged blackbird","Animalia",62147,310,"Fruit/seed consumption",2018,1,21,21,2458140,4,2018,1,21,21,2458140,3,"62147_Fruit/seed consumption","Feeding",NA,NA,"62147_Fruit/seed consumption_2018",9
8418,32.363758,-94.873947,115,"TX",1233,"Poecile","carolinensis","Carolina chickadee","Animalia",63335,310,"Fruit/seed consumption",2018,1,7,7,2458126,4,2018,1,7,7,2458126,3,"63335_Fruit/seed consumption","Feeding",NA,NA,"63335_Fruit/seed consumption_2018",9
10145,42.602543,-83.250992,277,"MI",1224,"Branta","canadensis","Canada goose","Animalia",64229,541,"Fledged young (precocial birds)",2018,6,19,170,2458289,1,2018,6,19,170,2458289,1,"64229_Fledged young (precocial birds)","Young observed",NA,NA,"64229_Fledged young (precocial birds)_2018",9
8418,32.363758,-94.873947,115,"TX",363,"Molothrus","ater","brown-headed cowbird","Animalia",64379,310,"Fruit/seed consumption",2018,3,18,77,2458196,11,2018,4,8,98,2458217,3,"64379_Fruit/seed consumption","Feeding",NA,NA,"64379_Fruit/seed consumption_2018",9
17414,42.936153,-73.433449,147,"NY",1124,"Tachycineta","bicolor","tree swallow","Animalia",66940,297,"Nest building (birds)",2018,4,22,112,2458231,9,2018,4,22,112,2458231,9,"66940_Nest building (birds)","Nesting behavior",NA,NA,"66940_Nest building (birds)_2018",9
17414,42.936153,-73.433449,147,"NY",1124,"Tachycineta","bicolor","tree swallow","Animalia",66940,298,"Occupied nest",2018,5,4,124,2458243,1,2018,6,20,171,2458290,11,"66940_Occupied nest","Nesting behavior",NA,NA,"66940_Occupied nest_2018",9
17414,42.936153,-73.433449,147,"NY",1124,"Tachycineta","bicolor","tree swallow","Animalia",66940,457,"Insect consumption",2018,5,10,130,2458249,6,2018,5,18,138,2458257,2,"66940_Insect consumption","Feeding",NA,NA,"66940_Insect consumption_2018",9
17414,42.936153,-73.433449,147,"NY",1124,"Tachycineta","bicolor","tree swallow","Animalia",66940,542,"Feeding (or foraging)",2018,4,10,100,2458219,2,2018,7,7,188,2458307,5,"66940_Feeding (or foraging)","Feeding",NA,NA,"66940_Feeding (or foraging)_2018",9
9652,44.768246,-94.155746,309,"MN",1090,"Cardinalis","cardinalis","northern cardinal","Animalia",69510,294,"Singing individuals (birds)",2018,5,17,137,2458256,1,2018,7,5,186,2458305,4,"69510_Singing individuals (birds)","Singing individuals",NA,NA,"69510_Singing individuals (birds)_2018",9
12725,37.360928,-122.130836,176,"CA",1088,"Calypte","anna","Anna's hummingbird","Animalia",71544,294,"Singing individuals (birds)",2018,1,18,18,2458137,1,2018,1,18,18,2458137,1,"71544_Singing individuals (birds)","Singing individuals",NA,NA,"71544_Singing individuals (birds)_2018",9
12725,37.360928,-122.130836,176,"CA",1088,"Calypte","anna","Anna's hummingbird","Animalia",71544,312,"Flower visitation",2018,8,2,214,2458333,1,2018,8,2,214,2458333,5,"71544_Flower visitation","Feeding",NA,NA,"71544_Flower visitation_2018",9
6099,34.119007,-118.760071,288,"CA",1229,"Melanerpes","formicivorus","acorn woodpecker","Animalia",72367,457,"Insect consumption",2018,3,23,82,2458201,8,2018,3,29,88,2458207,7,"72367_Insect consumption","Feeding",NA,NA,"72367_Insect consumption_2018",10
19944,33.66478,-117.843063,22,"CA",1088,"Calypte","anna","Anna's hummingbird","Animalia",81455,294,"Singing individuals (birds)",2018,1,28,28,2458147,2,2018,2,11,42,2458161,3,"81455_Singing individuals (birds)","Singing individuals",NA,NA,"81455_Singing individuals (birds)_2018",11
19944,33.66478,-117.843063,22,"CA",1088,"Calypte","anna","Anna's hummingbird","Animalia",81455,295,"Territorial individuals (birds)",2018,1,7,7,2458126,6,2018,1,18,18,2458137,1,"81455_Territorial individuals (birds)","Territorial behavior",NA,NA,"81455_Territorial individuals (birds)_2018",9
19944,33.66478,-117.843063,22,"CA",1088,"Calypte","anna","Anna's hummingbird","Animalia",81455,312,"Flower visitation",2018,1,6,6,2458125,5,2018,1,7,7,2458126,5,"81455_Flower visitation","Feeding",NA,NA,"81455_Flower visitation_2018",11
19944,33.66478,-117.843063,22,"CA",1088,"Calypte","anna","Anna's hummingbird","Animalia",81455,457,"Insect consumption",2018,1,19,19,2458138,1,2018,1,19,19,2458138,5,"81455_Insect consumption","Feeding",NA,NA,"81455_Insect consumption_2018",11
19944,33.66478,-117.843063,22,"CA",1088,"Calypte","anna","Anna's hummingbird","Animalia",81455,542,"Feeding (or foraging)",2018,1,19,19,2458138,1,2018,1,19,19,2458138,5,"81455_Feeding (or foraging)","Feeding",NA,NA,"81455_Feeding (or foraging)_2018",9
19944,33.66478,-117.843063,22,"CA",376,"Sayornis","nigricans","black phoebe","Animalia",81456,294,"Singing individuals (birds)",2018,1,6,6,2458125,5,2018,1,12,12,2458131,6,"81456_Singing individuals (birds)","Singing individuals",NA,NA,"81456_Singing individuals (birds)_2018",11
19944,33.66478,-117.843063,22,"CA",376,"Sayornis","nigricans","black phoebe","Animalia",81456,295,"Territorial individuals (birds)",2018,2,18,49,2458168,1,2018,2,18,49,2458168,10,"81456_Territorial individuals (birds)","Territorial behavior",NA,NA,"81456_Territorial individuals (birds)_2018",9
19944,33.66478,-117.843063,22,"CA",376,"Sayornis","nigricans","black phoebe","Animalia",81456,457,"Insect consumption",2018,1,28,28,2458147,2,2018,1,28,28,2458147,3,"81456_Insect consumption","Feeding",NA,NA,"81456_Insect consumption_2018",11
19944,33.66478,-117.843063,22,"CA",376,"Sayornis","nigricans","black phoebe","Animalia",81456,542,"Feeding (or foraging)",2018,1,19,19,2458138,1,2018,3,18,77,2458196,1,"81456_Feeding (or foraging)","Feeding",NA,NA,"81456_Feeding (or foraging)_2018",9
19944,33.66478,-117.843063,22,"CA",242,"Petrochelidon","pyrrhonota","cliff swallow","Animalia",81457,294,"Singing individuals (birds)",2018,2,28,59,2458178,7,2018,2,28,59,2458178,4,"81457_Singing individuals (birds)","Singing individuals",NA,NA,"81457_Singing individuals (birds)_2018",10
19944,33.66478,-117.843063,22,"CA",1197,"Geothlypis","trichas","common yellowthroat","Animalia",81458,294,"Singing individuals (birds)",2018,1,24,24,2458143,5,2018,1,24,24,2458143,2,"81458_Singing individuals (birds)","Singing individuals",NA,NA,"81458_Singing individuals (birds)_2018",11
19944,33.66478,-117.843063,22,"CA",1197,"Geothlypis","trichas","common yellowthroat","Animalia",81458,295,"Territorial individuals (birds)",2018,1,7,7,2458126,1,2018,1,7,7,2458126,5,"81458_Territorial individuals (birds)","Territorial behavior",NA,NA,"81458_Territorial individuals (birds)_2018",9
19944,33.66478,-117.843063,22,"CA",1197,"Geothlypis","trichas","common yellowthroat","Animalia",81458,542,"Feeding (or foraging)",2018,1,19,19,2458138,1,2018,2,17,48,2458167,1,"81458_Feeding (or foraging)","Feeding",NA,NA,"81458_Feeding (or foraging)_2018",9
19944,33.66478,-117.843063,22,"CA",370,"Ardea","herodias","great blue heron","Animalia",81459,542,"Feeding (or foraging)",2018,1,6,6,2458125,5,2018,1,6,6,2458125,1,"81459_Feeding (or foraging)","Feeding",NA,NA,"81459_Feeding (or foraging)_2018",9
19944,33.66478,-117.843063,22,"CA",244,"Charadrius","vociferus","killdeer","Animalia",81460,542,"Feeding (or foraging)",2018,1,18,18,2458137,6,2018,1,18,18,2458137,1,"81460_Feeding (or foraging)","Feeding",NA,NA,"81460_Feeding (or foraging)_2018",9
19944,33.66478,-117.843063,22,"CA",248,"Pandion","haliaetus","osprey","Animalia",81461,297,"Nest building (birds)",2018,1,19,19,2458138,1,2018,1,19,19,2458138,5,"81461_Nest building (birds)","Nesting behavior",NA,NA,"81461_Nest building (birds)_2018",9
19944,33.66478,-117.843063,22,"CA",248,"Pandion","haliaetus","osprey","Animalia",81461,542,"Feeding (or foraging)",2018,1,18,18,2458137,6,2018,1,19,19,2458138,5,"81461_Feeding (or foraging)","Feeding",NA,NA,"81461_Feeding (or foraging)_2018",9
19944,33.66478,-117.843063,22,"CA",373,"Actitis","macularius","spotted sandpiper","Animalia",81462,542,"Feeding (or foraging)",2018,1,7,7,2458126,1,2018,1,12,12,2458131,6,"81462_Feeding (or foraging)","Feeding",NA,NA,"81462_Feeding (or foraging)_2018",9
17414,42.936153,-73.433449,147,"NY",1197,"Geothlypis","trichas","common yellowthroat","Animalia",86970,294,"Singing individuals (birds)",2018,5,24,144,2458263,6,2018,6,3,154,2458273,6,"86970_Singing individuals (birds)","Singing individuals",NA,NA,"86970_Singing individuals (birds)_2018",11
20765,33.632149,-117.55545,440,"CA",1088,"Calypte","anna","Anna's hummingbird","Animalia",88471,312,"Flower visitation",2018,2,13,44,2458163,5,2018,2,13,44,2458163,6,"88471_Flower visitation","Feeding",NA,NA,"88471_Flower visitation_2018",9
20765,33.632149,-117.55545,440,"CA",376,"Sayornis","nigricans","black phoebe","Animalia",88472,457,"Insect consumption",2018,7,16,197,2458316,11,2018,7,16,197,2458316,2,"88472_Insect consumption","Feeding",NA,NA,"88472_Insect consumption_2018",9
20765,33.632149,-117.55545,440,"CA",355,"Troglodytes","aedon","house wren","Animalia",88474,294,"Singing individuals (birds)",2018,1,11,11,2458130,7,2018,1,11,11,2458130,10,"88474_Singing individuals (birds)","Singing individuals",NA,NA,"88474_Singing individuals (birds)_2018",9
20765,33.632149,-117.55545,440,"CA",1380,"Melospiza","melodia","song sparrow","Animalia",88475,294,"Singing individuals (birds)",2018,2,13,44,2458163,5,2018,2,13,44,2458163,6,"88475_Singing individuals (birds)","Singing individuals",NA,NA,"88475_Singing individuals (birds)_2018",10
20765,33.632149,-117.55545,440,"CA",1091,"Spinus","psaltria","lesser goldfinch","Animalia",88478,294,"Singing individuals (birds)",2018,3,18,77,2458196,10,2018,3,19,78,2458197,17,"88478_Singing individuals (birds)","Singing individuals",NA,NA,"88478_Singing individuals (birds)_2018",9
22740,38.525036,-121.970711,43,"CA",741,"Regulus","calendula","ruby-crowned kinglet","Animalia",102229,457,"Insect consumption",2018,2,8,39,2458158,14,2018,3,8,67,2458186,28,"102229_Insect consumption","Feeding",NA,NA,"102229_Insect consumption_2018",9
22740,38.525036,-121.970711,43,"CA",357,"Sialia","mexicana","western bluebird","Animalia",102231,457,"Insect consumption",2018,1,11,11,2458130,7,2018,3,8,67,2458186,28,"102231_Insect consumption","Feeding",NA,NA,"102231_Insect consumption_2018",9
22858,38.09404,-122.37149,-1,"CA",1380,"Melospiza","melodia","song sparrow","Animalia",103159,294,"Singing individuals (birds)",2018,2,5,36,2458155,7,2018,2,5,36,2458155,21,"103159_Singing individuals (birds)","Singing individuals",NA,NA,"103159_Singing individuals (birds)_2018",10
22858,38.09404,-122.37149,-1,"CA",1380,"Melospiza","melodia","song sparrow","Animalia",103159,542,"Feeding (or foraging)",2018,6,4,155,2458274,7,2018,6,4,155,2458274,7,"103159_Feeding (or foraging)","Feeding",NA,NA,"103159_Feeding (or foraging)_2018",9
22858,38.09404,-122.37149,-1,"CA",357,"Sialia","mexicana","western bluebird","Animalia",103161,542,"Feeding (or foraging)",2018,10,22,295,2458414,7,2018,10,29,302,2458421,7,"103161_Feeding (or foraging)","Feeding",NA,NA,"103161_Feeding (or foraging)_2018",9
17414,42.936153,-73.433449,147,"NY",352,"Archilochus","colubris","ruby-throated hummingbird","Animalia",103211,542,"Feeding (or foraging)",2018,5,3,123,2458242,2,2018,7,27,208,2458327,2,"103211_Feeding (or foraging)","Feeding",NA,NA,"103211_Feeding (or foraging)_2018",9
22858,38.09404,-122.37149,-1,"CA",1375,"Anas","platyrhynchos","mallard","Animalia",114733,542,"Feeding (or foraging)",2018,1,29,29,2458148,14,2018,1,29,29,2458148,7,"114733_Feeding (or foraging)","Feeding",NA,NA,"114733_Feeding (or foraging)_2018",9
22858,38.09404,-122.37149,-1,"CA",359,"Agelaius","phoeniceus","red-winged blackbird","Animalia",114734,294,"Singing individuals (birds)",2018,3,12,71,2458190,7,2018,3,12,71,2458190,7,"114734_Singing individuals (birds)","Singing individuals",NA,NA,"114734_Singing individuals (birds)_2018",9
22858,38.09404,-122.37149,-1,"CA",359,"Agelaius","phoeniceus","red-winged blackbird","Animalia",114734,542,"Feeding (or foraging)",2018,4,9,99,2458218,14,2018,4,9,99,2458218,14,"114734_Feeding (or foraging)","Feeding",NA,NA,"114734_Feeding (or foraging)_2018",9
22858,38.09404,-122.37149,-1,"CA",1088,"Calypte","anna","Anna's hummingbird","Animalia",114826,295,"Territorial individuals (birds)",2018,8,6,218,2458337,14,2018,8,6,218,2458337,7,"114826_Territorial individuals (birds)","Territorial behavior",NA,NA,"114826_Territorial individuals (birds)_2018",9
22858,38.09404,-122.37149,-1,"CA",1088,"Calypte","anna","Anna's hummingbird","Animalia",114826,542,"Feeding (or foraging)",2018,1,29,29,2458148,14,2018,1,29,29,2458148,7,"114826_Feeding (or foraging)","Feeding",NA,NA,"114826_Feeding (or foraging)_2018",9
2803,39.971001,-105.397003,2329,"CO",1113,"Dryobates","pubescens","downy woodpecker","Animalia",122049,310,"Fruit/seed consumption",2018,2,19,50,2458169,2,2018,3,5,64,2458183,4,"122049_Fruit/seed consumption","Feeding",NA,NA,"122049_Fruit/seed consumption_2018",9
2803,39.971001,-105.397003,2329,"CO",1113,"Dryobates","pubescens","downy woodpecker","Animalia",122049,542,"Feeding (or foraging)",2018,2,19,50,2458169,2,2018,3,5,64,2458183,4,"122049_Feeding (or foraging)","Feeding",NA,NA,"122049_Feeding (or foraging)_2018",9
2803,39.971001,-105.397003,2329,"CO",1411,"Poecile","gambeli","mountain chickadee","Animalia",122050,294,"Singing individuals (birds)",2018,5,11,131,2458250,4,2018,6,4,155,2458274,4,"122050_Singing individuals (birds)","Singing individuals",NA,NA,"122050_Singing individuals (birds)_2018",9
2803,39.971001,-105.397003,2329,"CO",1411,"Poecile","gambeli","mountain chickadee","Animalia",122050,542,"Feeding (or foraging)",2018,5,14,134,2458253,3,2018,6,4,155,2458274,4,"122050_Feeding (or foraging)","Feeding",NA,NA,"122050_Feeding (or foraging)_2018",9
2803,39.971001,-105.397003,2329,"CO",1398,"Cyanocitta","stelleri","Steller's jay","Animalia",122052,310,"Fruit/seed consumption",2018,5,11,131,2458250,4,2018,7,2,183,2458302,4,"122052_Fruit/seed consumption","Feeding",NA,NA,"122052_Fruit/seed consumption_2018",9
2803,39.971001,-105.397003,2329,"CO",1398,"Cyanocitta","stelleri","Steller's jay","Animalia",122052,457,"Insect consumption",2018,2,3,34,2458153,7,2018,2,3,34,2458153,7,"122052_Insect consumption","Feeding",NA,NA,"122052_Insect consumption_2018",9
2803,39.971001,-105.397003,2329,"CO",1398,"Cyanocitta","stelleri","Steller's jay","Animalia",122052,542,"Feeding (or foraging)",2018,4,2,92,2458211,3,2018,4,2,92,2458211,21,"122052_Feeding (or foraging)","Feeding",NA,NA,"122052_Feeding (or foraging)_2018",9
2803,39.971001,-105.397003,2329,"CO",1415,"Sitta","carolinensis","white-breasted nuthatch","Animalia",122053,294,"Singing individuals (birds)",2018,2,17,48,2458167,7,2018,2,19,50,2458169,4,"122053_Singing individuals (birds)","Singing individuals",NA,NA,"122053_Singing individuals (birds)_2018",9
2803,39.971001,-105.397003,2329,"CO",1415,"Sitta","carolinensis","white-breasted nuthatch","Animalia",122053,457,"Insect consumption",2018,5,4,124,2458243,4,2018,5,4,124,2458243,3,"122053_Insect consumption","Feeding",NA,NA,"122053_Insect consumption_2018",9
2803,39.971001,-105.397003,2329,"CO",1415,"Sitta","carolinensis","white-breasted nuthatch","Animalia",122053,542,"Feeding (or foraging)",2018,5,4,124,2458243,4,2018,5,4,124,2458243,3,"122053_Feeding (or foraging)","Feeding",NA,NA,"122053_Feeding (or foraging)_2018",9
12064,32.248463,-110.909584,745,"AZ",1223,"Auriparus","flaviceps","verdin","Animalia",139417,542,"Feeding (or foraging)",2018,2,1,32,2458151,5,2018,2,1,32,2458151,9,"139417_Feeding (or foraging)","Feeding",NA,NA,"139417_Feeding (or foraging)_2018",9
27407,38.037094,-122.394722,-6,"CA",244,"Charadrius","vociferus","killdeer","Animalia",141455,542,"Feeding (or foraging)",2018,6,11,162,2458281,7,2018,6,11,162,2458281,7,"141455_Feeding (or foraging)","Feeding",NA,NA,"141455_Feeding (or foraging)_2018",9
27407,38.037094,-122.394722,-6,"CA",1375,"Anas","platyrhynchos","mallard","Animalia",141456,542,"Feeding (or foraging)",2018,1,15,15,2458134,8,2018,1,29,29,2458148,7,"141456_Feeding (or foraging)","Feeding",NA,NA,"141456_Feeding (or foraging)_2018",9
27407,38.037094,-122.394722,-6,"CA",375,"Zenaida","macroura","mourning dove","Animalia",141460,294,"Singing individuals (birds)",2018,3,26,85,2458204,7,2018,4,2,92,2458211,7,"141460_Singing individuals (birds)","Singing individuals",NA,NA,"141460_Singing individuals (birds)_2018",9
27407,38.037094,-122.394722,-6,"CA",376,"Sayornis","nigricans","black phoebe","Animalia",141461,294,"Singing individuals (birds)",2018,2,5,36,2458155,7,2018,2,5,36,2458155,21,"141461_Singing individuals (birds)","Singing individuals",NA,NA,"141461_Singing individuals (birds)_2018",9
27407,38.037094,-122.394722,-6,"CA",376,"Sayornis","nigricans","black phoebe","Animalia",141461,457,"Insect consumption",2018,1,15,15,2458134,8,2018,1,15,15,2458134,14,"141461_Insect consumption","Feeding",NA,NA,"141461_Insect consumption_2018",9
27407,38.037094,-122.394722,-6,"CA",376,"Sayornis","nigricans","black phoebe","Animalia",141461,542,"Feeding (or foraging)",2018,1,15,15,2458134,8,2018,1,15,15,2458134,14,"141461_Feeding (or foraging)","Feeding",NA,NA,"141461_Feeding (or foraging)_2018",9
22740,38.525036,-121.970711,43,"CA",1654,"Baeolophus","inornatus","oak titmouse","Animalia",148019,457,"Insect consumption",2018,1,11,11,2458130,7,2018,3,8,67,2458186,28,"148019_Insect consumption","Feeding",NA,NA,"148019_Insect consumption_2018",9
1419,42.011166,-88.503304,280,"IL",246,"Turdus","migratorius","American robin","Animalia",10282,294,"Singing individuals (birds)",2019,4,21,111,2458595,8,2019,5,6,126,2458610,26,"10282_Singing individuals (birds)","Singing individuals",NA,NA,"10282_Singing individuals (birds)_2019",13
1419,42.011166,-88.503304,280,"IL",245,"Poecile","atricapillus","black-capped chickadee","Animalia",10283,294,"Singing individuals (birds)",2019,4,21,111,2458595,8,2019,5,6,126,2458610,26,"10283_Singing individuals (birds)","Singing individuals",NA,NA,"10283_Singing individuals (birds)_2019",12
5674,44.910587,-70.266861,261,"ME",246,"Turdus","migratorius","American robin","Animalia",12709,310,"Fruit/seed consumption",2019,4,14,104,2458588,7,2019,5,19,139,2458623,7,"12709_Fruit/seed consumption","Feeding",NA,NA,"12709_Fruit/seed consumption_2019",11
5674,44.910587,-70.266861,261,"ME",246,"Turdus","migratorius","American robin","Animalia",12709,457,"Insect consumption",2019,5,26,146,2458630,7,2019,5,26,146,2458630,7,"12709_Insect consumption","Feeding",NA,NA,"12709_Insect consumption_2019",11
5674,44.910587,-70.266861,261,"ME",246,"Turdus","migratorius","American robin","Animalia",12709,542,"Feeding (or foraging)",2019,4,14,104,2458588,7,2019,6,6,157,2458641,3,"12709_Feeding (or foraging)","Feeding",NA,NA,"12709_Feeding (or foraging)_2019",9
5674,44.910587,-70.266861,261,"ME",352,"Archilochus","colubris","ruby-throated hummingbird","Animalia",12712,295,"Territorial individuals (birds)",2019,5,12,132,2458616,7,2019,8,18,230,2458714,7,"12712_Territorial individuals (birds)","Territorial behavior",NA,NA,"12712_Territorial individuals (birds)_2019",9
5674,44.910587,-70.266861,261,"ME",352,"Archilochus","colubris","ruby-throated hummingbird","Animalia",12712,312,"Flower visitation",2019,5,26,146,2458630,7,2019,8,4,216,2458700,7,"12712_Flower visitation","Feeding",NA,NA,"12712_Flower visitation_2019",13
5674,44.910587,-70.266861,261,"ME",352,"Archilochus","colubris","ruby-throated hummingbird","Animalia",12712,542,"Feeding (or foraging)",2019,5,12,132,2458616,7,2019,9,1,244,2458728,7,"12712_Feeding (or foraging)","Feeding",NA,NA,"12712_Feeding (or foraging)_2019",9
2803,39.971001,-105.397003,2329,"CO",246,"Turdus","migratorius","American robin","Animalia",16046,294,"Singing individuals (birds)",2019,4,15,105,2458589,2,2019,4,22,112,2458596,5,"16046_Singing individuals (birds)","Singing individuals",NA,NA,"16046_Singing individuals (birds)_2019",14
2803,39.971001,-105.397003,2329,"CO",246,"Turdus","migratorius","American robin","Animalia",16046,310,"Fruit/seed consumption",2019,8,24,236,2458720,7,2019,8,30,242,2458726,3,"16046_Fruit/seed consumption","Feeding",NA,NA,"16046_Fruit/seed consumption_2019",10
2803,39.971001,-105.397003,2329,"CO",246,"Turdus","migratorius","American robin","Animalia",16046,457,"Insect consumption",2019,4,20,110,2458594,5,2019,4,20,110,2458594,2,"16046_Insect consumption","Feeding",NA,NA,"16046_Insect consumption_2019",15
2803,39.971001,-105.397003,2329,"CO",246,"Turdus","migratorius","American robin","Animalia",16046,542,"Feeding (or foraging)",2019,4,20,110,2458594,5,2019,4,20,110,2458594,2,"16046_Feeding (or foraging)","Feeding",NA,NA,"16046_Feeding (or foraging)_2019",9
2803,39.971001,-105.397003,2329,"CO",245,"Poecile","atricapillus","black-capped chickadee","Animalia",16047,294,"Singing individuals (birds)",2019,4,15,105,2458589,2,2019,4,15,105,2458589,5,"16047_Singing individuals (birds)","Singing individuals",NA,NA,"16047_Singing individuals (birds)_2019",13
2803,39.971001,-105.397003,2329,"CO",245,"Poecile","atricapillus","black-capped chickadee","Animalia",16047,310,"Fruit/seed consumption",2019,11,9,313,2458797,14,2019,12,28,362,2458846,NA,"16047_Fruit/seed consumption","Feeding",NA,NA,"16047_Fruit/seed consumption_2019",15
2803,39.971001,-105.397003,2329,"CO",245,"Poecile","atricapillus","black-capped chickadee","Animalia",16047,542,"Feeding (or foraging)",2019,11,9,313,2458797,14,2019,12,28,362,2458846,NA,"16047_Feeding (or foraging)","Feeding",NA,NA,"16047_Feeding (or foraging)_2019",9
2803,39.971001,-105.397003,2329,"CO",354,"Selasphorus","platycercus","broad-tailed hummingbird","Animalia",16048,295,"Territorial individuals (birds)",2019,5,13,133,2458617,2,2019,9,16,259,2458743,5,"16048_Territorial individuals (birds)","Territorial behavior",NA,NA,"16048_Territorial individuals (birds)_2019",9
2803,39.971001,-105.397003,2329,"CO",354,"Selasphorus","platycercus","broad-tailed hummingbird","Animalia",16048,312,"Flower visitation",2019,5,27,147,2458631,7,2019,9,16,259,2458743,5,"16048_Flower visitation","Feeding",NA,NA,"16048_Flower visitation_2019",14
2803,39.971001,-105.397003,2329,"CO",354,"Selasphorus","platycercus","broad-tailed hummingbird","Animalia",16048,457,"Insect consumption",2019,5,13,133,2458617,2,2019,9,16,259,2458743,5,"16048_Insect consumption","Feeding",NA,NA,"16048_Insect consumption_2019",14
2803,39.971001,-105.397003,2329,"CO",354,"Selasphorus","platycercus","broad-tailed hummingbird","Animalia",16048,542,"Feeding (or foraging)",2019,4,27,117,2458601,5,2019,9,16,259,2458743,5,"16048_Feeding (or foraging)","Feeding",NA,NA,"16048_Feeding (or foraging)_2019",9
2803,39.971001,-105.397003,2329,"CO",362,"Junco","hyemalis","dark-eyed junco","Animalia",16213,294,"Singing individuals (birds)",2019,4,15,105,2458589,2,2019,4,22,112,2458596,5,"16213_Singing individuals (birds)","Singing individuals",NA,NA,"16213_Singing individuals (birds)_2019",11
2803,39.971001,-105.397003,2329,"CO",362,"Junco","hyemalis","dark-eyed junco","Animalia",16213,310,"Fruit/seed consumption",2019,8,24,236,2458720,7,2019,10,7,280,2458764,5,"16213_Fruit/seed consumption","Feeding",NA,NA,"16213_Fruit/seed consumption_2019",13
2803,39.971001,-105.397003,2329,"CO",357,"Sialia","mexicana","western bluebird","Animalia",16214,294,"Singing individuals (birds)",2019,4,22,112,2458596,2,2019,4,27,117,2458601,2,"16214_Singing individuals (birds)","Singing individuals",NA,NA,"16214_Singing individuals (birds)_2019",10
2803,39.971001,-105.397003,2329,"CO",357,"Sialia","mexicana","western bluebird","Animalia",16214,457,"Insect consumption",2019,4,22,112,2458596,2,2019,4,22,112,2458596,5,"16214_Insect consumption","Feeding",NA,NA,"16214_Insect consumption_2019",12
8418,32.363758,-94.873947,115,"TX",246,"Turdus","migratorius","American robin","Animalia",25349,294,"Singing individuals (birds)",2019,2,6,37,2458521,3,2019,2,6,37,2458521,7,"25349_Singing individuals (birds)","Singing individuals",NA,NA,"25349_Singing individuals (birds)_2019",11
8418,32.363758,-94.873947,115,"TX",246,"Turdus","migratorius","American robin","Animalia",25349,310,"Fruit/seed consumption",2019,3,17,76,2458560,7,2019,3,17,76,2458560,6,"25349_Fruit/seed consumption","Feeding",NA,NA,"25349_Fruit/seed consumption_2019",10
8418,32.363758,-94.873947,115,"TX",246,"Turdus","migratorius","American robin","Animalia",25349,457,"Insect consumption",2019,2,18,49,2458533,5,2019,2,18,49,2458533,2,"25349_Insect consumption","Feeding",NA,NA,"25349_Insect consumption_2019",11
8418,32.363758,-94.873947,115,"TX",1108,"Mimus","polyglottos","northern mockingbird","Animalia",25351,294,"Singing individuals (birds)",2019,3,10,69,2458553,7,2019,3,17,76,2458560,3,"25351_Singing individuals (birds)","Singing individuals",NA,NA,"25351_Singing individuals (birds)_2019",11
8418,32.363758,-94.873947,115,"TX",1108,"Mimus","polyglottos","northern mockingbird","Animalia",25351,310,"Fruit/seed consumption",2019,3,17,76,2458560,7,2019,3,20,79,2458563,3,"25351_Fruit/seed consumption","Feeding",NA,NA,"25351_Fruit/seed consumption_2019",10
8418,32.363758,-94.873947,115,"TX",1108,"Mimus","polyglottos","northern mockingbird","Animalia",25351,457,"Insect consumption",2019,4,7,97,2458581,4,2019,4,7,97,2458581,3,"25351_Insect consumption","Feeding",NA,NA,"25351_Insect consumption_2019",11
8496,46.328629,-96.061256,393,"MN",246,"Turdus","migratorius","American robin","Animalia",25780,310,"Fruit/seed consumption",2019,11,1,305,2458789,12,2019,11,1,305,2458789,29,"25780_Fruit/seed consumption","Feeding",NA,NA,"25780_Fruit/seed consumption_2019",9
8496,46.328629,-96.061256,393,"MN",245,"Poecile","atricapillus","black-capped chickadee","Animalia",25781,310,"Fruit/seed consumption",2019,5,31,151,2458635,5,2019,6,19,170,2458654,7,"25781_Fruit/seed consumption","Feeding",NA,NA,"25781_Fruit/seed consumption_2019",9
8496,46.328629,-96.061256,393,"MN",352,"Archilochus","colubris","ruby-throated hummingbird","Animalia",25784,312,"Flower visitation",2019,6,26,177,2458661,7,2019,6,26,177,2458661,14,"25784_Flower visitation","Feeding",NA,NA,"25784_Flower visitation_2019",9
8496,46.328629,-96.061256,393,"MN",1104,"Hirundo","rustica","barn swallow","Animalia",25894,297,"Nest building (birds)",2019,5,10,130,2458614,9,2019,5,31,151,2458635,19,"25894_Nest building (birds)","Nesting behavior",NA,NA,"25894_Nest building (birds)_2019",10
8496,46.328629,-96.061256,393,"MN",1113,"Dryobates","pubescens","downy woodpecker","Animalia",25895,310,"Fruit/seed consumption",2019,5,10,130,2458614,9,2019,5,26,146,2458630,5,"25895_Fruit/seed consumption","Feeding",NA,NA,"25895_Fruit/seed consumption_2019",11
8496,46.328629,-96.061256,393,"MN",1090,"Cardinalis","cardinalis","northern cardinal","Animalia",25898,294,"Singing individuals (birds)",2019,4,20,110,2458594,14,2019,5,1,121,2458605,9,"25898_Singing individuals (birds)","Singing individuals",NA,NA,"25898_Singing individuals (birds)_2019",13
8496,46.328629,-96.061256,393,"MN",1090,"Cardinalis","cardinalis","northern cardinal","Animalia",25898,310,"Fruit/seed consumption",2019,5,18,138,2458622,8,2019,5,18,138,2458622,8,"25898_Fruit/seed consumption","Feeding",NA,NA,"25898_Fruit/seed consumption_2019",11
8418,32.363758,-94.873947,115,"TX",1096,"Cyanocitta","cristata","blue jay","Animalia",28244,310,"Fruit/seed consumption",2019,1,14,14,2458498,13,2019,1,23,23,2458507,4,"28244_Fruit/seed consumption","Feeding",NA,NA,"28244_Fruit/seed consumption_2019",11
8418,32.363758,-94.873947,115,"TX",1096,"Cyanocitta","cristata","blue jay","Animalia",28244,457,"Insect consumption",2019,3,20,79,2458563,10,2019,3,20,79,2458563,3,"28244_Insect consumption","Feeding",NA,NA,"28244_Insect consumption_2019",9
8418,32.363758,-94.873947,115,"TX",356,"Sialia","sialis","eastern bluebird","Animalia",28245,457,"Insect consumption",2019,2,24,55,2458539,4,2019,2,24,55,2458539,3,"28245_Insect consumption","Feeding",NA,NA,"28245_Insect consumption_2019",10
8418,32.363758,-94.873947,115,"TX",375,"Zenaida","macroura","mourning dove","Animalia",28246,294,"Singing individuals (birds)",2019,2,24,55,2458539,4,2019,2,24,55,2458539,3,"28246_Singing individuals (birds)","Singing individuals",NA,NA,"28246_Singing individuals (birds)_2019",10
8418,32.363758,-94.873947,115,"TX",1090,"Cardinalis","cardinalis","northern cardinal","Animalia",28247,294,"Singing individuals (birds)",2019,2,24,55,2458539,4,2019,2,24,55,2458539,3,"28247_Singing individuals (birds)","Singing individuals",NA,NA,"28247_Singing individuals (birds)_2019",11
8418,32.363758,-94.873947,115,"TX",1090,"Cardinalis","cardinalis","northern cardinal","Animalia",28247,310,"Fruit/seed consumption",2019,1,14,14,2458498,13,2019,1,14,14,2458498,2,"28247_Fruit/seed consumption","Feeding",NA,NA,"28247_Fruit/seed consumption_2019",11
8418,32.363758,-94.873947,115,"TX",1090,"Cardinalis","cardinalis","northern cardinal","Animalia",28247,457,"Insect consumption",2019,5,12,132,2458616,4,2019,5,12,132,2458616,3,"28247_Insect consumption","Feeding",NA,NA,"28247_Insect consumption_2019",10
8736,44.903229,-93.217445,248,"MN",240,"Spinus","tristis","American goldfinch","Animalia",28348,310,"Fruit/seed consumption",2019,4,11,101,2458585,14,2019,4,19,109,2458593,62,"28348_Fruit/seed consumption","Feeding",NA,NA,"28348_Fruit/seed consumption_2019",10
8736,44.903229,-93.217445,248,"MN",245,"Poecile","atricapillus","black-capped chickadee","Animalia",28349,294,"Singing individuals (birds)",2019,4,19,109,2458593,8,2019,6,27,178,2458662,18,"28349_Singing individuals (birds)","Singing individuals",NA,NA,"28349_Singing individuals (birds)_2019",10
8736,44.903229,-93.217445,248,"MN",245,"Poecile","atricapillus","black-capped chickadee","Animalia",28349,310,"Fruit/seed consumption",2019,7,23,204,2458688,2,2019,7,23,204,2458688,1,"28349_Fruit/seed consumption","Feeding",NA,NA,"28349_Fruit/seed consumption_2019",9
8736,44.903229,-93.217445,248,"MN",1090,"Cardinalis","cardinalis","northern cardinal","Animalia",28354,294,"Singing individuals (birds)",2019,7,21,202,2458686,1,2019,7,21,202,2458686,1,"28354_Singing individuals (birds)","Singing individuals",NA,NA,"28354_Singing individuals (birds)_2019",9
8736,44.903229,-93.217445,248,"MN",1090,"Cardinalis","cardinalis","northern cardinal","Animalia",28354,310,"Fruit/seed consumption",2019,8,2,214,2458698,1,2019,8,2,214,2458698,1,"28354_Fruit/seed consumption","Feeding",NA,NA,"28354_Fruit/seed consumption_2019",10
8736,44.903229,-93.217445,248,"MN",362,"Junco","hyemalis","dark-eyed junco","Animalia",29145,310,"Fruit/seed consumption",2019,4,11,101,2458585,14,2019,4,19,109,2458593,59,"29145_Fruit/seed consumption","Feeding",NA,NA,"29145_Fruit/seed consumption_2019",9
8418,32.363758,-94.873947,115,"TX",352,"Archilochus","colubris","ruby-throated hummingbird","Animalia",30980,312,"Flower visitation",2019,3,27,86,2458570,4,2019,3,27,86,2458570,4,"30980_Flower visitation","Feeding",NA,NA,"30980_Flower visitation_2019",11
8496,46.328629,-96.061256,393,"MN",1096,"Cyanocitta","cristata","blue jay","Animalia",32294,310,"Fruit/seed consumption",2019,4,6,96,2458580,5,2019,4,6,96,2458580,14,"32294_Fruit/seed consumption","Feeding",NA,NA,"32294_Fruit/seed consumption_2019",13
8496,46.328629,-96.061256,393,"MN",362,"Junco","hyemalis","dark-eyed junco","Animalia",32295,310,"Fruit/seed consumption",2019,4,6,96,2458580,5,2019,5,1,121,2458605,9,"32295_Fruit/seed consumption","Feeding",NA,NA,"32295_Fruit/seed consumption_2019",9
8418,32.363758,-94.873947,115,"TX",362,"Junco","hyemalis","dark-eyed junco","Animalia",33174,310,"Fruit/seed consumption",2019,1,14,14,2458498,13,2019,1,27,27,2458511,3,"33174_Fruit/seed consumption","Feeding",NA,NA,"33174_Fruit/seed consumption_2019",10
8418,32.363758,-94.873947,115,"TX",240,"Spinus","tristis","American goldfinch","Animalia",33798,310,"Fruit/seed consumption",2019,1,14,14,2458498,13,2019,1,27,27,2458511,3,"33798_Fruit/seed consumption","Feeding",NA,NA,"33798_Fruit/seed consumption_2019",10
8418,32.363758,-94.873947,115,"TX",1110,"Passer","domesticus","house sparrow","Animalia",35674,294,"Singing individuals (birds)",2019,4,7,97,2458581,4,2019,4,7,97,2458581,3,"35674_Singing individuals (birds)","Singing individuals",NA,NA,"35674_Singing individuals (birds)_2019",9
8418,32.363758,-94.873947,115,"TX",1110,"Passer","domesticus","house sparrow","Animalia",35674,310,"Fruit/seed consumption",2019,1,14,14,2458498,13,2019,1,27,27,2458511,3,"35674_Fruit/seed consumption","Feeding",NA,NA,"35674_Fruit/seed consumption_2019",10
10145,42.602543,-83.250992,277,"MI",240,"Spinus","tristis","American goldfinch","Animalia",38837,294,"Singing individuals (birds)",2019,3,18,77,2458561,1,2019,3,18,77,2458561,1,"38837_Singing individuals (birds)","Singing individuals",NA,NA,"38837_Singing individuals (birds)_2019",9
10145,42.602543,-83.250992,277,"MI",362,"Junco","hyemalis","dark-eyed junco","Animalia",38878,294,"Singing individuals (birds)",2019,3,28,87,2458571,1,2019,3,28,87,2458571,1,"38878_Singing individuals (birds)","Singing individuals",NA,NA,"38878_Singing individuals (birds)_2019",11
10145,42.602543,-83.250992,277,"MI",355,"Troglodytes","aedon","house wren","Animalia",38908,294,"Singing individuals (birds)",2019,5,14,134,2458618,1,2019,5,17,137,2458621,2,"38908_Singing individuals (birds)","Singing individuals",NA,NA,"38908_Singing individuals (birds)_2019",10
10145,42.602543,-83.250992,277,"MI",359,"Agelaius","phoeniceus","red-winged blackbird","Animalia",38946,294,"Singing individuals (birds)",2019,4,7,97,2458581,1,2019,4,12,102,2458586,2,"38946_Singing individuals (birds)","Singing individuals",NA,NA,"38946_Singing individuals (birds)_2019",11
9652,44.768246,-94.155746,309,"MN",246,"Turdus","migratorius","American robin","Animalia",40107,294,"Singing individuals (birds)",2019,2,12,43,2458527,12,2019,2,12,43,2458527,3,"40107_Singing individuals (birds)","Singing individuals",NA,NA,"40107_Singing individuals (birds)_2019",11
9652,44.768246,-94.155746,309,"MN",246,"Turdus","migratorius","American robin","Animalia",40107,295,"Territorial individuals (birds)",2019,2,15,46,2458530,3,2019,3,1,60,2458544,1,"40107_Territorial individuals (birds)","Territorial behavior",NA,NA,"40107_Territorial individuals (birds)_2019",9
9652,44.768246,-94.155746,309,"MN",246,"Turdus","migratorius","American robin","Animalia",40107,297,"Nest building (birds)",2019,4,27,117,2458601,7,2019,5,3,123,2458607,11,"40107_Nest building (birds)","Nesting behavior",NA,NA,"40107_Nest building (birds)_2019",9
9652,44.768246,-94.155746,309,"MN",246,"Turdus","migratorius","American robin","Animalia",40107,308,"Fledged young (altricial birds)",2019,6,1,152,2458636,2,2019,6,1,152,2458636,1,"40107_Fledged young (altricial birds)","Young observed",NA,NA,"40107_Fledged young (altricial birds)_2019",9
9652,44.768246,-94.155746,309,"MN",246,"Turdus","migratorius","American robin","Animalia",40107,457,"Insect consumption",2019,4,20,110,2458594,6,2019,8,19,231,2458715,37,"40107_Insect consumption","Feeding",NA,NA,"40107_Insect consumption_2019",10
9652,44.768246,-94.155746,309,"MN",246,"Turdus","migratorius","American robin","Animalia",40107,542,"Feeding (or foraging)",2019,5,3,123,2458607,6,2019,9,26,269,2458753,1,"40107_Feeding (or foraging)","Feeding",NA,NA,"40107_Feeding (or foraging)_2019",9
8418,32.363758,-94.873947,115,"TX",1113,"Dryobates","pubescens","downy woodpecker","Animalia",41679,310,"Fruit/seed consumption",2019,2,20,51,2458535,2,2019,2,27,58,2458542,4,"41679_Fruit/seed consumption","Feeding",NA,NA,"41679_Fruit/seed consumption_2019",10
8418,32.363758,-94.873947,115,"TX",1113,"Dryobates","pubescens","downy woodpecker","Animalia",41679,457,"Insect consumption",2019,2,6,37,2458521,7,2019,2,13,44,2458528,5,"41679_Insect consumption","Feeding",NA,NA,"41679_Insect consumption_2019",9
11313,44.201355,-92.646301,330,"MN",1090,"Cardinalis","cardinalis","northern cardinal","Animalia",46661,294,"Singing individuals (birds)",2019,4,5,95,2458579,9,2019,4,5,95,2458579,5,"46661_Singing individuals (birds)","Singing individuals",NA,NA,"46661_Singing individuals (birds)_2019",10
8418,32.363758,-94.873947,115,"TX",1126,"Thryothorus","ludovicianus","Carolina wren","Animalia",46734,310,"Fruit/seed consumption",2019,1,14,14,2458498,13,2019,1,14,14,2458498,2,"46734_Fruit/seed consumption","Feeding",NA,NA,"46734_Fruit/seed consumption_2019",10
6102,32.23188,-110.951012,737,"AZ",1110,"Passer","domesticus","house sparrow","Animalia",49643,310,"Fruit/seed consumption",2019,9,19,262,2458746,1,2019,9,19,262,2458746,5,"49643_Fruit/seed consumption","Feeding",NA,NA,"49643_Fruit/seed consumption_2019",9
12064,32.248463,-110.909584,745,"AZ",1088,"Calypte","anna","Anna's hummingbird","Animalia",50759,312,"Flower visitation",2019,3,4,63,2458547,9,2019,3,4,63,2458547,5,"50759_Flower visitation","Feeding",NA,NA,"50759_Flower visitation_2019",9
12064,32.248463,-110.909584,745,"AZ",1088,"Calypte","anna","Anna's hummingbird","Animalia",50759,542,"Feeding (or foraging)",2019,4,26,116,2458600,13,2019,6,9,160,2458644,17,"50759_Feeding (or foraging)","Feeding",NA,NA,"50759_Feeding (or foraging)_2019",9
16295,27.929228,-82.725639,4,"FL",1108,"Mimus","polyglottos","northern mockingbird","Animalia",60950,294,"Singing individuals (birds)",2019,2,16,47,2458531,14,2019,2,16,47,2458531,7,"60950_Singing individuals (birds)","Singing individuals",NA,NA,"60950_Singing individuals (birds)_2019",9
8418,32.363758,-94.873947,115,"TX",359,"Agelaius","phoeniceus","red-winged blackbird","Animalia",62147,310,"Fruit/seed consumption",2019,2,3,34,2458518,4,2019,2,6,37,2458521,7,"62147_Fruit/seed consumption","Feeding",NA,NA,"62147_Fruit/seed consumption_2019",9
8418,32.363758,-94.873947,115,"TX",1233,"Poecile","carolinensis","Carolina chickadee","Animalia",63335,310,"Fruit/seed consumption",2019,2,20,51,2458535,2,2019,2,27,58,2458542,4,"63335_Fruit/seed consumption","Feeding",NA,NA,"63335_Fruit/seed consumption_2019",9
10145,42.602543,-83.250992,277,"MI",1224,"Branta","canadensis","Canada goose","Animalia",64229,541,"Fledged young (precocial birds)",2019,5,22,142,2458626,1,2019,5,23,143,2458627,1,"64229_Fledged young (precocial birds)","Young observed",NA,NA,"64229_Fledged young (precocial birds)_2019",9
8418,32.363758,-94.873947,115,"TX",363,"Molothrus","ater","brown-headed cowbird","Animalia",64379,310,"Fruit/seed consumption",2019,3,27,86,2458570,4,2019,3,31,90,2458574,3,"64379_Fruit/seed consumption","Feeding",NA,NA,"64379_Fruit/seed consumption_2019",9
17414,42.936153,-73.433449,147,"NY",1124,"Tachycineta","bicolor","tree swallow","Animalia",66940,297,"Nest building (birds)",2019,5,7,127,2458611,4,2019,5,25,145,2458629,4,"66940_Nest building (birds)","Nesting behavior",NA,NA,"66940_Nest building (birds)_2019",9
17414,42.936153,-73.433449,147,"NY",1124,"Tachycineta","bicolor","tree swallow","Animalia",66940,298,"Occupied nest",2019,5,19,139,2458623,4,2019,6,23,174,2458658,6,"66940_Occupied nest","Nesting behavior",NA,NA,"66940_Occupied nest_2019",9
17414,42.936153,-73.433449,147,"NY",1124,"Tachycineta","bicolor","tree swallow","Animalia",66940,457,"Insect consumption",2019,4,7,97,2458581,8,2019,4,7,97,2458581,5,"66940_Insect consumption","Feeding",NA,NA,"66940_Insect consumption_2019",9
17414,42.936153,-73.433449,147,"NY",1124,"Tachycineta","bicolor","tree swallow","Animalia",66940,542,"Feeding (or foraging)",2019,4,7,97,2458581,8,2019,4,7,97,2458581,5,"66940_Feeding (or foraging)","Feeding",NA,NA,"66940_Feeding (or foraging)_2019",9
17707,37.360123,-122.128151,170,"CA",362,"Junco","hyemalis","dark-eyed junco","Animalia",68613,294,"Singing individuals (birds)",2019,5,8,128,2458612,2,2019,5,8,128,2458612,5,"68613_Singing individuals (birds)","Singing individuals",NA,NA,"68613_Singing individuals (birds)_2019",9
9652,44.768246,-94.155746,309,"MN",1090,"Cardinalis","cardinalis","northern cardinal","Animalia",69510,294,"Singing individuals (birds)",2019,3,16,75,2458559,7,2019,3,16,75,2458559,35,"69510_Singing individuals (birds)","Singing individuals",NA,NA,"69510_Singing individuals (birds)_2019",9
12725,37.360928,-122.130836,176,"CA",1088,"Calypte","anna","Anna's hummingbird","Animalia",71544,294,"Singing individuals (birds)",2019,1,17,17,2458501,2,2019,1,17,17,2458501,5,"71544_Singing individuals (birds)","Singing individuals",NA,NA,"71544_Singing individuals (birds)_2019",9
12725,37.360928,-122.130836,176,"CA",1088,"Calypte","anna","Anna's hummingbird","Animalia",71544,312,"Flower visitation",2019,1,29,29,2458513,7,2019,1,29,29,2458513,7,"71544_Flower visitation","Feeding",NA,NA,"71544_Flower visitation_2019",9
6099,34.119007,-118.760071,288,"CA",1229,"Melanerpes","formicivorus","acorn woodpecker","Animalia",72367,457,"Insect consumption",2019,11,10,314,2458798,9,2019,11,10,314,2458798,5,"72367_Insect consumption","Feeding",NA,NA,"72367_Insect consumption_2019",10
19944,33.66478,-117.843063,22,"CA",1088,"Calypte","anna","Anna's hummingbird","Animalia",81455,294,"Singing individuals (birds)",2019,1,25,25,2458509,9,2019,2,13,44,2458528,3,"81455_Singing individuals (birds)","Singing individuals",NA,NA,"81455_Singing individuals (birds)_2019",11
19944,33.66478,-117.843063,22,"CA",1088,"Calypte","anna","Anna's hummingbird","Animalia",81455,295,"Territorial individuals (birds)",2019,1,9,9,2458493,5,2019,1,16,16,2458500,9,"81455_Territorial individuals (birds)","Territorial behavior",NA,NA,"81455_Territorial individuals (birds)_2019",9
19944,33.66478,-117.843063,22,"CA",1088,"Calypte","anna","Anna's hummingbird","Animalia",81455,312,"Flower visitation",2019,1,11,11,2458495,2,2019,1,11,11,2458495,5,"81455_Flower visitation","Feeding",NA,NA,"81455_Flower visitation_2019",11
19944,33.66478,-117.843063,22,"CA",1088,"Calypte","anna","Anna's hummingbird","Animalia",81455,457,"Insect consumption",2019,1,16,16,2458500,5,2019,1,16,16,2458500,9,"81455_Insect consumption","Feeding",NA,NA,"81455_Insect consumption_2019",11
19944,33.66478,-117.843063,22,"CA",1088,"Calypte","anna","Anna's hummingbird","Animalia",81455,542,"Feeding (or foraging)",2019,1,11,11,2458495,2,2019,1,16,16,2458500,9,"81455_Feeding (or foraging)","Feeding",NA,NA,"81455_Feeding (or foraging)_2019",9
19944,33.66478,-117.843063,22,"CA",376,"Sayornis","nigricans","black phoebe","Animalia",81456,294,"Singing individuals (birds)",2019,1,25,25,2458509,9,2019,2,4,35,2458519,2,"81456_Singing individuals (birds)","Singing individuals",NA,NA,"81456_Singing individuals (birds)_2019",11
19944,33.66478,-117.843063,22,"CA",376,"Sayornis","nigricans","black phoebe","Animalia",81456,295,"Territorial individuals (birds)",2019,2,26,57,2458541,10,2019,2,26,57,2458541,6,"81456_Territorial individuals (birds)","Territorial behavior",NA,NA,"81456_Territorial individuals (birds)_2019",9
19944,33.66478,-117.843063,22,"CA",376,"Sayornis","nigricans","black phoebe","Animalia",81456,457,"Insect consumption",2019,1,27,27,2458511,2,2019,1,27,27,2458511,5,"81456_Insect consumption","Feeding",NA,NA,"81456_Insect consumption_2019",11
19944,33.66478,-117.843063,22,"CA",376,"Sayornis","nigricans","black phoebe","Animalia",81456,542,"Feeding (or foraging)",2019,2,26,57,2458541,10,2019,3,19,78,2458562,3,"81456_Feeding (or foraging)","Feeding",NA,NA,"81456_Feeding (or foraging)_2019",9
19944,33.66478,-117.843063,22,"CA",242,"Petrochelidon","pyrrhonota","cliff swallow","Animalia",81457,294,"Singing individuals (birds)",2019,3,14,73,2458557,3,2019,3,22,81,2458565,4,"81457_Singing individuals (birds)","Singing individuals",NA,NA,"81457_Singing individuals (birds)_2019",10
19944,33.66478,-117.843063,22,"CA",242,"Petrochelidon","pyrrhonota","cliff swallow","Animalia",81457,297,"Nest building (birds)",2019,4,15,105,2458589,7,2019,4,15,105,2458589,2,"81457_Nest building (birds)","Nesting behavior",NA,NA,"81457_Nest building (birds)_2019",10
19944,33.66478,-117.843063,22,"CA",1197,"Geothlypis","trichas","common yellowthroat","Animalia",81458,294,"Singing individuals (birds)",2019,2,1,32,2458516,5,2019,2,4,35,2458519,2,"81458_Singing individuals (birds)","Singing individuals",NA,NA,"81458_Singing individuals (birds)_2019",11
19944,33.66478,-117.843063,22,"CA",1197,"Geothlypis","trichas","common yellowthroat","Animalia",81458,295,"Territorial individuals (birds)",2019,1,25,25,2458509,9,2019,1,25,25,2458509,2,"81458_Territorial individuals (birds)","Territorial behavior",NA,NA,"81458_Territorial individuals (birds)_2019",9
19944,33.66478,-117.843063,22,"CA",1197,"Geothlypis","trichas","common yellowthroat","Animalia",81458,542,"Feeding (or foraging)",2019,2,6,37,2458521,2,2019,2,13,44,2458528,3,"81458_Feeding (or foraging)","Feeding",NA,NA,"81458_Feeding (or foraging)_2019",9
19944,33.66478,-117.843063,22,"CA",370,"Ardea","herodias","great blue heron","Animalia",81459,542,"Feeding (or foraging)",2019,2,4,35,2458519,3,2019,2,4,35,2458519,2,"81459_Feeding (or foraging)","Feeding",NA,NA,"81459_Feeding (or foraging)_2019",9
19944,33.66478,-117.843063,22,"CA",244,"Charadrius","vociferus","killdeer","Animalia",81460,542,"Feeding (or foraging)",2019,1,25,25,2458509,9,2019,1,27,27,2458511,5,"81460_Feeding (or foraging)","Feeding",NA,NA,"81460_Feeding (or foraging)_2019",9
19944,33.66478,-117.843063,22,"CA",248,"Pandion","haliaetus","osprey","Animalia",81461,297,"Nest building (birds)",2019,1,16,16,2458500,5,2019,1,16,16,2458500,9,"81461_Nest building (birds)","Nesting behavior",NA,NA,"81461_Nest building (birds)_2019",9
19944,33.66478,-117.843063,22,"CA",248,"Pandion","haliaetus","osprey","Animalia",81461,542,"Feeding (or foraging)",2019,1,11,11,2458495,2,2019,2,1,32,2458516,3,"81461_Feeding (or foraging)","Feeding",NA,NA,"81461_Feeding (or foraging)_2019",9
19944,33.66478,-117.843063,22,"CA",373,"Actitis","macularius","spotted sandpiper","Animalia",81462,542,"Feeding (or foraging)",2019,1,27,27,2458511,2,2019,1,27,27,2458511,5,"81462_Feeding (or foraging)","Feeding",NA,NA,"81462_Feeding (or foraging)_2019",9
17414,42.936153,-73.433449,147,"NY",1197,"Geothlypis","trichas","common yellowthroat","Animalia",86970,294,"Singing individuals (birds)",2019,5,17,137,2458621,2,2019,5,17,137,2458621,2,"86970_Singing individuals (birds)","Singing individuals",NA,NA,"86970_Singing individuals (birds)_2019",11
20765,33.632149,-117.55545,440,"CA",1088,"Calypte","anna","Anna's hummingbird","Animalia",88471,312,"Flower visitation",2019,4,21,111,2458595,12,2019,5,2,122,2458606,12,"88471_Flower visitation","Feeding",NA,NA,"88471_Flower visitation_2019",9
20765,33.632149,-117.55545,440,"CA",376,"Sayornis","nigricans","black phoebe","Animalia",88472,457,"Insect consumption",2019,2,18,49,2458533,6,2019,2,18,49,2458533,17,"88472_Insect consumption","Feeding",NA,NA,"88472_Insect consumption_2019",9
20765,33.632149,-117.55545,440,"CA",355,"Troglodytes","aedon","house wren","Animalia",88474,294,"Singing individuals (birds)",2019,1,10,10,2458494,7,2019,1,10,10,2458494,10,"88474_Singing individuals (birds)","Singing individuals",NA,NA,"88474_Singing individuals (birds)_2019",9
20765,33.632149,-117.55545,440,"CA",1380,"Melospiza","melodia","song sparrow","Animalia",88475,294,"Singing individuals (birds)",2019,3,17,76,2458560,10,2019,3,29,88,2458572,11,"88475_Singing individuals (birds)","Singing individuals",NA,NA,"88475_Singing individuals (birds)_2019",10
20765,33.632149,-117.55545,440,"CA",1091,"Spinus","psaltria","lesser goldfinch","Animalia",88478,294,"Singing individuals (birds)",2019,3,17,76,2458560,10,2019,4,21,111,2458595,11,"88478_Singing individuals (birds)","Singing individuals",NA,NA,"88478_Singing individuals (birds)_2019",9
22740,38.525036,-121.970711,43,"CA",741,"Regulus","calendula","ruby-crowned kinglet","Animalia",102229,457,"Insect consumption",2019,1,24,24,2458508,14,2019,1,24,24,2458508,14,"102229_Insect consumption","Feeding",NA,NA,"102229_Insect consumption_2019",9
22740,38.525036,-121.970711,43,"CA",357,"Sialia","mexicana","western bluebird","Animalia",102231,457,"Insect consumption",2019,3,7,66,2458550,14,2019,3,7,66,2458550,14,"102231_Insect consumption","Feeding",NA,NA,"102231_Insect consumption_2019",9
22858,38.09404,-122.37149,-1,"CA",1380,"Melospiza","melodia","song sparrow","Animalia",103159,294,"Singing individuals (birds)",2019,1,21,21,2458505,7,2019,1,21,21,2458505,7,"103159_Singing individuals (birds)","Singing individuals",NA,NA,"103159_Singing individuals (birds)_2019",10
22858,38.09404,-122.37149,-1,"CA",1380,"Melospiza","melodia","song sparrow","Animalia",103159,542,"Feeding (or foraging)",2019,3,18,77,2458561,7,2019,3,18,77,2458561,7,"103159_Feeding (or foraging)","Feeding",NA,NA,"103159_Feeding (or foraging)_2019",9
22858,38.09404,-122.37149,-1,"CA",357,"Sialia","mexicana","western bluebird","Animalia",103161,457,"Insect consumption",2019,4,22,112,2458596,14,2019,4,22,112,2458596,14,"103161_Insect consumption","Feeding",NA,NA,"103161_Insect consumption_2019",9
22858,38.09404,-122.37149,-1,"CA",357,"Sialia","mexicana","western bluebird","Animalia",103161,542,"Feeding (or foraging)",2019,1,21,21,2458505,7,2019,1,21,21,2458505,7,"103161_Feeding (or foraging)","Feeding",NA,NA,"103161_Feeding (or foraging)_2019",9
17414,42.936153,-73.433449,147,"NY",352,"Archilochus","colubris","ruby-throated hummingbird","Animalia",103211,542,"Feeding (or foraging)",2019,4,30,120,2458604,3,2019,4,30,120,2458604,3,"103211_Feeding (or foraging)","Feeding",NA,NA,"103211_Feeding (or foraging)_2019",9
22858,38.09404,-122.37149,-1,"CA",1375,"Anas","platyrhynchos","mallard","Animalia",114733,542,"Feeding (or foraging)",2019,2,7,38,2458522,10,2019,2,7,38,2458522,11,"114733_Feeding (or foraging)","Feeding",NA,NA,"114733_Feeding (or foraging)_2019",9
22858,38.09404,-122.37149,-1,"CA",359,"Agelaius","phoeniceus","red-winged blackbird","Animalia",114734,294,"Singing individuals (birds)",2019,3,11,70,2458554,7,2019,3,18,77,2458561,7,"114734_Singing individuals (birds)","Singing individuals",NA,NA,"114734_Singing individuals (birds)_2019",9
22858,38.09404,-122.37149,-1,"CA",359,"Agelaius","phoeniceus","red-winged blackbird","Animalia",114734,542,"Feeding (or foraging)",2019,3,25,84,2458568,14,2019,3,25,84,2458568,7,"114734_Feeding (or foraging)","Feeding",NA,NA,"114734_Feeding (or foraging)_2019",9
22858,38.09404,-122.37149,-1,"CA",1088,"Calypte","anna","Anna's hummingbird","Animalia",114826,295,"Territorial individuals (birds)",2019,1,21,21,2458505,7,2019,1,28,28,2458512,10,"114826_Territorial individuals (birds)","Territorial behavior",NA,NA,"114826_Territorial individuals (birds)_2019",9
22858,38.09404,-122.37149,-1,"CA",1088,"Calypte","anna","Anna's hummingbird","Animalia",114826,542,"Feeding (or foraging)",2019,3,25,84,2458568,7,2019,3,25,84,2458568,7,"114826_Feeding (or foraging)","Feeding",NA,NA,"114826_Feeding (or foraging)_2019",9
2803,39.971001,-105.397003,2329,"CO",1113,"Dryobates","pubescens","downy woodpecker","Animalia",122049,310,"Fruit/seed consumption",2019,3,11,70,2458554,2,2019,3,16,75,2458559,16,"122049_Fruit/seed consumption","Feeding",NA,NA,"122049_Fruit/seed consumption_2019",9
2803,39.971001,-105.397003,2329,"CO",1113,"Dryobates","pubescens","downy woodpecker","Animalia",122049,542,"Feeding (or foraging)",2019,3,11,70,2458554,2,2019,3,16,75,2458559,16,"122049_Feeding (or foraging)","Feeding",NA,NA,"122049_Feeding (or foraging)_2019",9
2803,39.971001,-105.397003,2329,"CO",1411,"Poecile","gambeli","mountain chickadee","Animalia",122050,294,"Singing individuals (birds)",2019,4,15,105,2458589,2,2019,4,27,117,2458601,2,"122050_Singing individuals (birds)","Singing individuals",NA,NA,"122050_Singing individuals (birds)_2019",9
2803,39.971001,-105.397003,2329,"CO",1411,"Poecile","gambeli","mountain chickadee","Animalia",122050,542,"Feeding (or foraging)",2019,7,5,186,2458670,5,2019,7,5,186,2458670,3,"122050_Feeding (or foraging)","Feeding",NA,NA,"122050_Feeding (or foraging)_2019",9
2803,39.971001,-105.397003,2329,"CO",1398,"Cyanocitta","stelleri","Steller's jay","Animalia",122052,310,"Fruit/seed consumption",2019,10,19,292,2458776,5,2019,10,19,292,2458776,2,"122052_Fruit/seed consumption","Feeding",NA,NA,"122052_Fruit/seed consumption_2019",9
2803,39.971001,-105.397003,2329,"CO",1398,"Cyanocitta","stelleri","Steller's jay","Animalia",122052,457,"Insect consumption",2019,4,20,110,2458594,5,2019,4,20,110,2458594,2,"122052_Insect consumption","Feeding",NA,NA,"122052_Insect consumption_2019",9
2803,39.971001,-105.397003,2329,"CO",1398,"Cyanocitta","stelleri","Steller's jay","Animalia",122052,542,"Feeding (or foraging)",2019,4,20,110,2458594,5,2019,4,20,110,2458594,2,"122052_Feeding (or foraging)","Feeding",NA,NA,"122052_Feeding (or foraging)_2019",9
2803,39.971001,-105.397003,2329,"CO",1415,"Sitta","carolinensis","white-breasted nuthatch","Animalia",122053,294,"Singing individuals (birds)",2019,3,16,75,2458559,5,2019,4,1,91,2458575,5,"122053_Singing individuals (birds)","Singing individuals",NA,NA,"122053_Singing individuals (birds)_2019",9
2803,39.971001,-105.397003,2329,"CO",1415,"Sitta","carolinensis","white-breasted nuthatch","Animalia",122053,457,"Insect consumption",2019,5,27,147,2458631,7,2019,6,30,181,2458665,5,"122053_Insect consumption","Feeding",NA,NA,"122053_Insect consumption_2019",9
2803,39.971001,-105.397003,2329,"CO",1415,"Sitta","carolinensis","white-breasted nuthatch","Animalia",122053,542,"Feeding (or foraging)",2019,5,27,147,2458631,7,2019,6,30,181,2458665,5,"122053_Feeding (or foraging)","Feeding",NA,NA,"122053_Feeding (or foraging)_2019",9
12064,32.248463,-110.909584,745,"AZ",1223,"Auriparus","flaviceps","verdin","Animalia",139417,542,"Feeding (or foraging)",2019,3,4,63,2458547,9,2019,3,4,63,2458547,5,"139417_Feeding (or foraging)","Feeding",NA,NA,"139417_Feeding (or foraging)_2019",9
27407,38.037094,-122.394722,-6,"CA",244,"Charadrius","vociferus","killdeer","Animalia",141455,542,"Feeding (or foraging)",2019,3,25,84,2458568,7,2019,3,25,84,2458568,7,"141455_Feeding (or foraging)","Feeding",NA,NA,"141455_Feeding (or foraging)_2019",9
27407,38.037094,-122.394722,-6,"CA",1375,"Anas","platyrhynchos","mallard","Animalia",141456,542,"Feeding (or foraging)",2019,2,18,49,2458533,7,2019,2,18,49,2458533,7,"141456_Feeding (or foraging)","Feeding",NA,NA,"141456_Feeding (or foraging)_2019",9
27407,38.037094,-122.394722,-6,"CA",375,"Zenaida","macroura","mourning dove","Animalia",141460,294,"Singing individuals (birds)",2019,3,4,63,2458547,7,2019,3,4,63,2458547,7,"141460_Singing individuals (birds)","Singing individuals",NA,NA,"141460_Singing individuals (birds)_2019",9
27407,38.037094,-122.394722,-6,"CA",376,"Sayornis","nigricans","black phoebe","Animalia",141461,294,"Singing individuals (birds)",2019,1,28,28,2458512,7,2019,1,28,28,2458512,10,"141461_Singing individuals (birds)","Singing individuals",NA,NA,"141461_Singing individuals (birds)_2019",9
27407,38.037094,-122.394722,-6,"CA",376,"Sayornis","nigricans","black phoebe","Animalia",141461,457,"Insect consumption",2019,1,28,28,2458512,7,2019,1,28,28,2458512,10,"141461_Insect consumption","Feeding",NA,NA,"141461_Insect consumption_2019",9
27407,38.037094,-122.394722,-6,"CA",376,"Sayornis","nigricans","black phoebe","Animalia",141461,542,"Feeding (or foraging)",2019,1,28,28,2458512,7,2019,1,28,28,2458512,10,"141461_Feeding (or foraging)","Feeding",NA,NA,"141461_Feeding (or foraging)_2019",9
22740,38.525036,-121.970711,43,"CA",1654,"Baeolophus","inornatus","oak titmouse","Animalia",148019,457,"Insect consumption",2019,1,24,24,2458508,14,2019,12,26,360,2458844,NA,"148019_Insect consumption","Feeding",NA,NA,"148019_Insect consumption_2019",9
1419,42.011166,-88.503304,280,"IL",246,"Turdus","migratorius","American robin","Animalia",10282,294,"Singing individuals (birds)",2020,4,12,103,2458952,3,2020,4,12,103,2458952,12,"10282_Singing individuals (birds)","Singing individuals",NA,NA,"10282_Singing individuals (birds)_2020",13
1419,42.011166,-88.503304,280,"IL",246,"Turdus","migratorius","American robin","Animalia",10282,457,"Insect consumption",2020,6,1,153,2459002,3,2020,6,10,162,2459011,16,"10282_Insect consumption","Feeding",NA,NA,"10282_Insect consumption_2020",9
1419,42.011166,-88.503304,280,"IL",245,"Poecile","atricapillus","black-capped chickadee","Animalia",10283,294,"Singing individuals (birds)",2020,6,1,153,2459002,3,2020,6,26,178,2459027,7,"10283_Singing individuals (birds)","Singing individuals",NA,NA,"10283_Singing individuals (birds)_2020",12
5674,44.910587,-70.266861,261,"ME",246,"Turdus","migratorius","American robin","Animalia",12709,310,"Fruit/seed consumption",2020,3,22,82,2458931,7,2020,5,17,138,2458987,7,"12709_Fruit/seed consumption","Feeding",NA,NA,"12709_Fruit/seed consumption_2020",11
5674,44.910587,-70.266861,261,"ME",246,"Turdus","migratorius","American robin","Animalia",12709,457,"Insect consumption",2020,5,31,152,2459001,7,2020,6,14,166,2459015,7,"12709_Insect consumption","Feeding",NA,NA,"12709_Insect consumption_2020",11
5674,44.910587,-70.266861,261,"ME",246,"Turdus","migratorius","American robin","Animalia",12709,542,"Feeding (or foraging)",2020,3,22,82,2458931,7,2020,5,17,138,2458987,7,"12709_Feeding (or foraging)","Feeding",NA,NA,"12709_Feeding (or foraging)_2020",9
5674,44.910587,-70.266861,261,"ME",352,"Archilochus","colubris","ruby-throated hummingbird","Animalia",12712,295,"Territorial individuals (birds)",2020,5,24,145,2458994,7,2020,7,26,208,2459057,7,"12712_Territorial individuals (birds)","Territorial behavior",NA,NA,"12712_Territorial individuals (birds)_2020",9
5674,44.910587,-70.266861,261,"ME",352,"Archilochus","colubris","ruby-throated hummingbird","Animalia",12712,312,"Flower visitation",2020,6,7,159,2459008,7,2020,7,12,194,2459043,7,"12712_Flower visitation","Feeding",NA,NA,"12712_Flower visitation_2020",13
5674,44.910587,-70.266861,261,"ME",352,"Archilochus","colubris","ruby-throated hummingbird","Animalia",12712,542,"Feeding (or foraging)",2020,5,17,138,2458987,14,2020,8,30,243,2459092,7,"12712_Feeding (or foraging)","Feeding",NA,NA,"12712_Feeding (or foraging)_2020",9
2803,39.971001,-105.397003,2329,"CO",246,"Turdus","migratorius","American robin","Animalia",16046,294,"Singing individuals (birds)",2020,2,8,39,2458888,7,2020,2,8,39,2458888,2,"16046_Singing individuals (birds)","Singing individuals",NA,NA,"16046_Singing individuals (birds)_2020",14
2803,39.971001,-105.397003,2329,"CO",246,"Turdus","migratorius","American robin","Animalia",16046,310,"Fruit/seed consumption",2020,8,12,225,2459074,2,2020,8,18,231,2459080,2,"16046_Fruit/seed consumption","Feeding",NA,NA,"16046_Fruit/seed consumption_2020",10
2803,39.971001,-105.397003,2329,"CO",246,"Turdus","migratorius","American robin","Animalia",16046,457,"Insect consumption",2020,3,31,91,2458940,6,2020,3,31,91,2458940,4,"16046_Insect consumption","Feeding",NA,NA,"16046_Insect consumption_2020",15
2803,39.971001,-105.397003,2329,"CO",246,"Turdus","migratorius","American robin","Animalia",16046,542,"Feeding (or foraging)",2020,2,8,39,2458888,7,2020,2,8,39,2458888,2,"16046_Feeding (or foraging)","Feeding",NA,NA,"16046_Feeding (or foraging)_2020",9
2803,39.971001,-105.397003,2329,"CO",245,"Poecile","atricapillus","black-capped chickadee","Animalia",16047,294,"Singing individuals (birds)",2020,9,8,252,2459101,5,2020,9,8,252,2459101,3,"16047_Singing individuals (birds)","Singing individuals",NA,NA,"16047_Singing individuals (birds)_2020",13
2803,39.971001,-105.397003,2329,"CO",245,"Poecile","atricapillus","black-capped chickadee","Animalia",16047,310,"Fruit/seed consumption",2020,12,15,350,2459199,4,2020,12,18,353,2459202,4,"16047_Fruit/seed consumption","Feeding",NA,NA,"16047_Fruit/seed consumption_2020",15
2803,39.971001,-105.397003,2329,"CO",245,"Poecile","atricapillus","black-capped chickadee","Animalia",16047,542,"Feeding (or foraging)",2020,12,15,350,2459199,4,2020,12,18,353,2459202,4,"16047_Feeding (or foraging)","Feeding",NA,NA,"16047_Feeding (or foraging)_2020",9
2803,39.971001,-105.397003,2329,"CO",354,"Selasphorus","platycercus","broad-tailed hummingbird","Animalia",16048,295,"Territorial individuals (birds)",2020,4,30,121,2458970,3,2020,8,27,240,2459089,4,"16048_Territorial individuals (birds)","Territorial behavior",NA,NA,"16048_Territorial individuals (birds)_2020",9
2803,39.971001,-105.397003,2329,"CO",354,"Selasphorus","platycercus","broad-tailed hummingbird","Animalia",16048,312,"Flower visitation",2020,5,5,126,2458975,3,2020,9,3,247,2459096,5,"16048_Flower visitation","Feeding",NA,NA,"16048_Flower visitation_2020",14
2803,39.971001,-105.397003,2329,"CO",354,"Selasphorus","platycercus","broad-tailed hummingbird","Animalia",16048,457,"Insect consumption",2020,5,12,133,2458982,4,2020,9,3,247,2459096,5,"16048_Insect consumption","Feeding",NA,NA,"16048_Insect consumption_2020",14
2803,39.971001,-105.397003,2329,"CO",354,"Selasphorus","platycercus","broad-tailed hummingbird","Animalia",16048,542,"Feeding (or foraging)",2020,4,30,121,2458970,3,2020,9,14,258,2459107,4,"16048_Feeding (or foraging)","Feeding",NA,NA,"16048_Feeding (or foraging)_2020",9
2803,39.971001,-105.397003,2329,"CO",362,"Junco","hyemalis","dark-eyed junco","Animalia",16213,294,"Singing individuals (birds)",2020,2,8,39,2458888,7,2020,6,22,174,2459023,7,"16213_Singing individuals (birds)","Singing individuals",NA,NA,"16213_Singing individuals (birds)_2020",11
2803,39.971001,-105.397003,2329,"CO",362,"Junco","hyemalis","dark-eyed junco","Animalia",16213,310,"Fruit/seed consumption",2020,2,8,39,2458888,7,2020,5,12,133,2458982,7,"16213_Fruit/seed consumption","Feeding",NA,NA,"16213_Fruit/seed consumption_2020",13
2803,39.971001,-105.397003,2329,"CO",357,"Sialia","mexicana","western bluebird","Animalia",16214,294,"Singing individuals (birds)",2020,3,31,91,2458940,6,2020,5,5,126,2458975,3,"16214_Singing individuals (birds)","Singing individuals",NA,NA,"16214_Singing individuals (birds)_2020",10
2803,39.971001,-105.397003,2329,"CO",357,"Sialia","mexicana","western bluebird","Animalia",16214,457,"Insect consumption",2020,3,31,91,2458940,6,2020,5,5,126,2458975,3,"16214_Insect consumption","Feeding",NA,NA,"16214_Insect consumption_2020",12
8496,46.328629,-96.061256,393,"MN",246,"Turdus","migratorius","American robin","Animalia",25780,310,"Fruit/seed consumption",2020,4,5,96,2458945,7,2020,4,5,96,2458945,3,"25780_Fruit/seed consumption","Feeding",NA,NA,"25780_Fruit/seed consumption_2020",9
8496,46.328629,-96.061256,393,"MN",245,"Poecile","atricapillus","black-capped chickadee","Animalia",25781,310,"Fruit/seed consumption",2020,6,15,167,2459016,9,2020,7,20,202,2459051,17,"25781_Fruit/seed consumption","Feeding",NA,NA,"25781_Fruit/seed consumption_2020",9
8496,46.328629,-96.061256,393,"MN",352,"Archilochus","colubris","ruby-throated hummingbird","Animalia",25784,312,"Flower visitation",2020,8,27,240,2459089,9,2020,8,27,240,2459089,25,"25784_Flower visitation","Feeding",NA,NA,"25784_Flower visitation_2020",9
8496,46.328629,-96.061256,393,"MN",1104,"Hirundo","rustica","barn swallow","Animalia",25894,297,"Nest building (birds)",2020,5,6,127,2458976,2,2020,6,26,178,2459027,7,"25894_Nest building (birds)","Nesting behavior",NA,NA,"25894_Nest building (birds)_2020",10
8496,46.328629,-96.061256,393,"MN",1113,"Dryobates","pubescens","downy woodpecker","Animalia",25895,310,"Fruit/seed consumption",2020,4,8,99,2458948,3,2020,4,8,99,2458948,11,"25895_Fruit/seed consumption","Feeding",NA,NA,"25895_Fruit/seed consumption_2020",11
8496,46.328629,-96.061256,393,"MN",1090,"Cardinalis","cardinalis","northern cardinal","Animalia",25898,294,"Singing individuals (birds)",2020,4,19,110,2458959,11,2020,4,19,110,2458959,3,"25898_Singing individuals (birds)","Singing individuals",NA,NA,"25898_Singing individuals (birds)_2020",13
8496,46.328629,-96.061256,393,"MN",1090,"Cardinalis","cardinalis","northern cardinal","Animalia",25898,310,"Fruit/seed consumption",2020,5,4,125,2458974,4,2020,5,4,125,2458974,2,"25898_Fruit/seed consumption","Feeding",NA,NA,"25898_Fruit/seed consumption_2020",11
8736,44.903229,-93.217445,248,"MN",240,"Spinus","tristis","American goldfinch","Animalia",28348,310,"Fruit/seed consumption",2020,4,2,93,2458942,9,2020,4,2,93,2458942,1,"28348_Fruit/seed consumption","Feeding",NA,NA,"28348_Fruit/seed consumption_2020",10
8736,44.903229,-93.217445,248,"MN",245,"Poecile","atricapillus","black-capped chickadee","Animalia",28349,294,"Singing individuals (birds)",2020,4,15,106,2458955,2,2020,4,15,106,2458955,3,"28349_Singing individuals (birds)","Singing individuals",NA,NA,"28349_Singing individuals (birds)_2020",10
8736,44.903229,-93.217445,248,"MN",1090,"Cardinalis","cardinalis","northern cardinal","Animalia",28354,294,"Singing individuals (birds)",2020,4,13,104,2458953,7,2020,5,4,125,2458974,32,"28354_Singing individuals (birds)","Singing individuals",NA,NA,"28354_Singing individuals (birds)_2020",9
8736,44.903229,-93.217445,248,"MN",1090,"Cardinalis","cardinalis","northern cardinal","Animalia",28354,310,"Fruit/seed consumption",2020,8,8,221,2459070,3,2020,8,8,221,2459070,8,"28354_Fruit/seed consumption","Feeding",NA,NA,"28354_Fruit/seed consumption_2020",10
8736,44.903229,-93.217445,248,"MN",362,"Junco","hyemalis","dark-eyed junco","Animalia",29145,310,"Fruit/seed consumption",2020,4,16,107,2458956,8,2020,4,18,109,2458958,2,"29145_Fruit/seed consumption","Feeding",NA,NA,"29145_Fruit/seed consumption_2020",9
8496,46.328629,-96.061256,393,"MN",1096,"Cyanocitta","cristata","blue jay","Animalia",32294,310,"Fruit/seed consumption",2020,4,19,110,2458959,11,2020,4,19,110,2458959,3,"32294_Fruit/seed consumption","Feeding",NA,NA,"32294_Fruit/seed consumption_2020",13
8496,46.328629,-96.061256,393,"MN",362,"Junco","hyemalis","dark-eyed junco","Animalia",32295,310,"Fruit/seed consumption",2020,4,5,96,2458945,7,2020,4,5,96,2458945,3,"32295_Fruit/seed consumption","Feeding",NA,NA,"32295_Fruit/seed consumption_2020",9
8496,46.328629,-96.061256,393,"MN",1110,"Passer","domesticus","house sparrow","Animalia",32297,310,"Fruit/seed consumption",2020,5,27,148,2458997,5,2020,5,27,148,2458997,3,"32297_Fruit/seed consumption","Feeding",NA,NA,"32297_Fruit/seed consumption_2020",9
8496,46.328629,-96.061256,393,"MN",240,"Spinus","tristis","American goldfinch","Animalia",34922,310,"Fruit/seed consumption",2020,5,6,127,2458976,2,2020,6,26,178,2459027,7,"34922_Fruit/seed consumption","Feeding",NA,NA,"34922_Fruit/seed consumption_2020",10
10145,42.602543,-83.250992,277,"MI",240,"Spinus","tristis","American goldfinch","Animalia",38837,294,"Singing individuals (birds)",2020,3,25,85,2458934,1,2020,3,25,85,2458934,1,"38837_Singing individuals (birds)","Singing individuals",NA,NA,"38837_Singing individuals (birds)_2020",9
10145,42.602543,-83.250992,277,"MI",246,"Turdus","migratorius","American robin","Animalia",38840,310,"Fruit/seed consumption",2020,11,3,308,2459157,1,2020,11,3,308,2459157,1,"38840_Fruit/seed consumption","Feeding",NA,NA,"38840_Fruit/seed consumption_2020",9
10145,42.602543,-83.250992,277,"MI",355,"Troglodytes","aedon","house wren","Animalia",38908,294,"Singing individuals (birds)",2020,5,15,136,2458985,1,2020,5,15,136,2458985,1,"38908_Singing individuals (birds)","Singing individuals",NA,NA,"38908_Singing individuals (birds)_2020",10
10145,42.602543,-83.250992,277,"MI",359,"Agelaius","phoeniceus","red-winged blackbird","Animalia",38946,294,"Singing individuals (birds)",2020,3,11,71,2458920,1,2020,3,11,71,2458920,1,"38946_Singing individuals (birds)","Singing individuals",NA,NA,"38946_Singing individuals (birds)_2020",11
9652,44.768246,-94.155746,309,"MN",246,"Turdus","migratorius","American robin","Animalia",40107,294,"Singing individuals (birds)",2020,3,1,61,2458910,8,2020,3,1,61,2458910,6,"40107_Singing individuals (birds)","Singing individuals",NA,NA,"40107_Singing individuals (birds)_2020",11
9652,44.768246,-94.155746,309,"MN",246,"Turdus","migratorius","American robin","Animalia",40107,295,"Territorial individuals (birds)",2020,7,16,198,2459047,8,2020,7,16,198,2459047,12,"40107_Territorial individuals (birds)","Territorial behavior",NA,NA,"40107_Territorial individuals (birds)_2020",9
9652,44.768246,-94.155746,309,"MN",246,"Turdus","migratorius","American robin","Animalia",40107,297,"Nest building (birds)",2020,3,26,86,2458935,2,2020,3,26,86,2458935,7,"40107_Nest building (birds)","Nesting behavior",NA,NA,"40107_Nest building (birds)_2020",9
9652,44.768246,-94.155746,309,"MN",246,"Turdus","migratorius","American robin","Animalia",40107,308,"Fledged young (altricial birds)",2020,5,30,151,2459000,10,2020,6,14,166,2459015,8,"40107_Fledged young (altricial birds)","Young observed",NA,NA,"40107_Fledged young (altricial birds)_2020",9
9652,44.768246,-94.155746,309,"MN",246,"Turdus","migratorius","American robin","Animalia",40107,457,"Insect consumption",2020,4,2,93,2458942,7,2020,4,7,98,2458947,18,"40107_Insect consumption","Feeding",NA,NA,"40107_Insect consumption_2020",10
9652,44.768246,-94.155746,309,"MN",246,"Turdus","migratorius","American robin","Animalia",40107,542,"Feeding (or foraging)",2020,5,30,151,2459000,10,2020,6,14,166,2459015,8,"40107_Feeding (or foraging)","Feeding",NA,NA,"40107_Feeding (or foraging)_2020",9
11313,44.201355,-92.646301,330,"MN",1090,"Cardinalis","cardinalis","northern cardinal","Animalia",46661,294,"Singing individuals (birds)",2020,4,24,115,2458964,7,2020,4,24,115,2458964,7,"46661_Singing individuals (birds)","Singing individuals",NA,NA,"46661_Singing individuals (birds)_2020",10
12064,32.248463,-110.909584,745,"AZ",1088,"Calypte","anna","Anna's hummingbird","Animalia",50759,312,"Flower visitation",2020,12,3,338,2459187,7,2020,12,3,338,2459187,NA,"50759_Flower visitation","Feeding",NA,NA,"50759_Flower visitation_2020",9
12064,32.248463,-110.909584,745,"AZ",1088,"Calypte","anna","Anna's hummingbird","Animalia",50759,542,"Feeding (or foraging)",2020,2,25,56,2458905,11,2020,2,25,56,2458905,9,"50759_Feeding (or foraging)","Feeding",NA,NA,"50759_Feeding (or foraging)_2020",9
16295,27.929228,-82.725639,4,"FL",1108,"Mimus","polyglottos","northern mockingbird","Animalia",60950,294,"Singing individuals (birds)",2020,4,4,95,2458944,7,2020,5,9,130,2458979,7,"60950_Singing individuals (birds)","Singing individuals",NA,NA,"60950_Singing individuals (birds)_2020",9
10145,42.602543,-83.250992,277,"MI",1224,"Branta","canadensis","Canada goose","Animalia",64229,541,"Fledged young (precocial birds)",2020,5,11,132,2458981,1,2020,5,17,138,2458987,1,"64229_Fledged young (precocial birds)","Young observed",NA,NA,"64229_Fledged young (precocial birds)_2020",9
17414,42.936153,-73.433449,147,"NY",1124,"Tachycineta","bicolor","tree swallow","Animalia",66940,297,"Nest building (birds)",2020,5,27,148,2458997,4,2020,5,27,148,2458997,3,"66940_Nest building (birds)","Nesting behavior",NA,NA,"66940_Nest building (birds)_2020",9
17414,42.936153,-73.433449,147,"NY",1124,"Tachycineta","bicolor","tree swallow","Animalia",66940,298,"Occupied nest",2020,5,30,151,2459000,3,2020,5,30,151,2459000,3,"66940_Occupied nest","Nesting behavior",NA,NA,"66940_Occupied nest_2020",9
17414,42.936153,-73.433449,147,"NY",1124,"Tachycineta","bicolor","tree swallow","Animalia",66940,457,"Insect consumption",2020,4,12,103,2458952,8,2020,4,12,103,2458952,4,"66940_Insect consumption","Feeding",NA,NA,"66940_Insect consumption_2020",9
17414,42.936153,-73.433449,147,"NY",1124,"Tachycineta","bicolor","tree swallow","Animalia",66940,542,"Feeding (or foraging)",2020,4,12,103,2458952,8,2020,4,12,103,2458952,4,"66940_Feeding (or foraging)","Feeding",NA,NA,"66940_Feeding (or foraging)_2020",9
17707,37.360123,-122.128151,170,"CA",362,"Junco","hyemalis","dark-eyed junco","Animalia",68613,294,"Singing individuals (birds)",2020,1,31,31,2458880,2,2020,2,21,52,2458901,4,"68613_Singing individuals (birds)","Singing individuals",NA,NA,"68613_Singing individuals (birds)_2020",9
9652,44.768246,-94.155746,309,"MN",1090,"Cardinalis","cardinalis","northern cardinal","Animalia",69510,294,"Singing individuals (birds)",2020,2,23,54,2458903,1,2020,3,24,84,2458933,2,"69510_Singing individuals (birds)","Singing individuals",NA,NA,"69510_Singing individuals (birds)_2020",9
12725,37.360928,-122.130836,176,"CA",1088,"Calypte","anna","Anna's hummingbird","Animalia",71544,294,"Singing individuals (birds)",2020,2,6,37,2458886,9,2020,2,6,37,2458886,5,"71544_Singing individuals (birds)","Singing individuals",NA,NA,"71544_Singing individuals (birds)_2020",9
12725,37.360928,-122.130836,176,"CA",1088,"Calypte","anna","Anna's hummingbird","Animalia",71544,312,"Flower visitation",2020,2,6,37,2458886,9,2020,3,12,72,2458921,NA,"71544_Flower visitation","Feeding",NA,NA,"71544_Flower visitation_2020",9
6099,34.119007,-118.760071,288,"CA",1229,"Melanerpes","formicivorus","acorn woodpecker","Animalia",72367,457,"Insect consumption",2020,2,21,52,2458901,7,2020,2,21,52,2458901,14,"72367_Insect consumption","Feeding",NA,NA,"72367_Insect consumption_2020",10
19944,33.66478,-117.843063,22,"CA",1088,"Calypte","anna","Anna's hummingbird","Animalia",81455,294,"Singing individuals (birds)",2020,2,22,53,2458902,4,2020,2,26,57,2458906,2,"81455_Singing individuals (birds)","Singing individuals",NA,NA,"81455_Singing individuals (birds)_2020",11
19944,33.66478,-117.843063,22,"CA",1088,"Calypte","anna","Anna's hummingbird","Animalia",81455,295,"Territorial individuals (birds)",2020,1,9,9,2458858,4,2020,2,26,57,2458906,2,"81455_Territorial individuals (birds)","Territorial behavior",NA,NA,"81455_Territorial individuals (birds)_2020",9
19944,33.66478,-117.843063,22,"CA",1088,"Calypte","anna","Anna's hummingbird","Animalia",81455,312,"Flower visitation",2020,1,13,13,2458862,4,2020,1,13,13,2458862,2,"81455_Flower visitation","Feeding",NA,NA,"81455_Flower visitation_2020",11
19944,33.66478,-117.843063,22,"CA",1088,"Calypte","anna","Anna's hummingbird","Animalia",81455,457,"Insect consumption",2020,1,22,22,2458871,7,2020,1,22,22,2458871,3,"81455_Insect consumption","Feeding",NA,NA,"81455_Insect consumption_2020",11
19944,33.66478,-117.843063,22,"CA",1088,"Calypte","anna","Anna's hummingbird","Animalia",81455,542,"Feeding (or foraging)",2020,1,13,13,2458862,4,2020,1,13,13,2458862,2,"81455_Feeding (or foraging)","Feeding",NA,NA,"81455_Feeding (or foraging)_2020",9
19944,33.66478,-117.843063,22,"CA",376,"Sayornis","nigricans","black phoebe","Animalia",81456,294,"Singing individuals (birds)",2020,1,13,13,2458862,4,2020,1,22,22,2458871,3,"81456_Singing individuals (birds)","Singing individuals",NA,NA,"81456_Singing individuals (birds)_2020",11
19944,33.66478,-117.843063,22,"CA",376,"Sayornis","nigricans","black phoebe","Animalia",81456,295,"Territorial individuals (birds)",2020,1,13,13,2458862,4,2020,1,15,15,2458864,7,"81456_Territorial individuals (birds)","Territorial behavior",NA,NA,"81456_Territorial individuals (birds)_2020",9
19944,33.66478,-117.843063,22,"CA",376,"Sayornis","nigricans","black phoebe","Animalia",81456,457,"Insect consumption",2020,1,5,5,2458854,4,2020,1,9,9,2458858,4,"81456_Insect consumption","Feeding",NA,NA,"81456_Insect consumption_2020",11
19944,33.66478,-117.843063,22,"CA",376,"Sayornis","nigricans","black phoebe","Animalia",81456,542,"Feeding (or foraging)",2020,3,1,61,2458910,2,2020,3,24,84,2458933,3,"81456_Feeding (or foraging)","Feeding",NA,NA,"81456_Feeding (or foraging)_2020",9
19944,33.66478,-117.843063,22,"CA",242,"Petrochelidon","pyrrhonota","cliff swallow","Animalia",81457,294,"Singing individuals (birds)",2020,3,6,66,2458915,5,2020,3,6,66,2458915,3,"81457_Singing individuals (birds)","Singing individuals",NA,NA,"81457_Singing individuals (birds)_2020",10
19944,33.66478,-117.843063,22,"CA",242,"Petrochelidon","pyrrhonota","cliff swallow","Animalia",81457,297,"Nest building (birds)",2020,5,8,129,2458978,7,2020,5,8,129,2458978,4,"81457_Nest building (birds)","Nesting behavior",NA,NA,"81457_Nest building (birds)_2020",10
19944,33.66478,-117.843063,22,"CA",1197,"Geothlypis","trichas","common yellowthroat","Animalia",81458,294,"Singing individuals (birds)",2020,1,27,27,2458876,2,2020,1,27,27,2458876,4,"81458_Singing individuals (birds)","Singing individuals",NA,NA,"81458_Singing individuals (birds)_2020",11
19944,33.66478,-117.843063,22,"CA",1197,"Geothlypis","trichas","common yellowthroat","Animalia",81458,295,"Territorial individuals (birds)",2020,1,15,15,2458864,2,2020,1,15,15,2458864,7,"81458_Territorial individuals (birds)","Territorial behavior",NA,NA,"81458_Territorial individuals (birds)_2020",9
19944,33.66478,-117.843063,22,"CA",1197,"Geothlypis","trichas","common yellowthroat","Animalia",81458,542,"Feeding (or foraging)",2020,2,22,53,2458902,4,2020,2,28,59,2458908,2,"81458_Feeding (or foraging)","Feeding",NA,NA,"81458_Feeding (or foraging)_2020",9
19944,33.66478,-117.843063,22,"CA",370,"Ardea","herodias","great blue heron","Animalia",81459,542,"Feeding (or foraging)",2020,1,5,5,2458854,4,2020,1,5,5,2458854,4,"81459_Feeding (or foraging)","Feeding",NA,NA,"81459_Feeding (or foraging)_2020",9
19944,33.66478,-117.843063,22,"CA",244,"Charadrius","vociferus","killdeer","Animalia",81460,542,"Feeding (or foraging)",2020,1,31,31,2458880,4,2020,2,2,33,2458882,8,"81460_Feeding (or foraging)","Feeding",NA,NA,"81460_Feeding (or foraging)_2020",9
19944,33.66478,-117.843063,22,"CA",248,"Pandion","haliaetus","osprey","Animalia",81461,297,"Nest building (birds)",2020,2,10,41,2458890,8,2020,2,10,41,2458890,2,"81461_Nest building (birds)","Nesting behavior",NA,NA,"81461_Nest building (birds)_2020",9
19944,33.66478,-117.843063,22,"CA",248,"Pandion","haliaetus","osprey","Animalia",81461,542,"Feeding (or foraging)",2020,1,22,22,2458871,7,2020,1,22,22,2458871,3,"81461_Feeding (or foraging)","Feeding",NA,NA,"81461_Feeding (or foraging)_2020",9
19944,33.66478,-117.843063,22,"CA",373,"Actitis","macularius","spotted sandpiper","Animalia",81462,542,"Feeding (or foraging)",2020,1,5,5,2458854,4,2020,1,15,15,2458864,7,"81462_Feeding (or foraging)","Feeding",NA,NA,"81462_Feeding (or foraging)_2020",9
17414,42.936153,-73.433449,147,"NY",1197,"Geothlypis","trichas","common yellowthroat","Animalia",86970,294,"Singing individuals (birds)",2020,5,18,139,2458988,3,2020,5,18,139,2458988,9,"86970_Singing individuals (birds)","Singing individuals",NA,NA,"86970_Singing individuals (birds)_2020",11
20765,33.632149,-117.55545,440,"CA",376,"Sayornis","nigricans","black phoebe","Animalia",88472,457,"Insect consumption",2020,2,16,47,2458896,6,2020,2,16,47,2458896,18,"88472_Insect consumption","Feeding",NA,NA,"88472_Insect consumption_2020",9
20765,33.632149,-117.55545,440,"CA",355,"Troglodytes","aedon","house wren","Animalia",88474,294,"Singing individuals (birds)",2020,2,16,47,2458896,6,2020,3,17,77,2458926,NA,"88474_Singing individuals (birds)","Singing individuals",NA,NA,"88474_Singing individuals (birds)_2020",9
20765,33.632149,-117.55545,440,"CA",1380,"Melospiza","melodia","song sparrow","Animalia",88475,294,"Singing individuals (birds)",2020,1,14,14,2458863,4,2020,1,19,19,2458868,18,"88475_Singing individuals (birds)","Singing individuals",NA,NA,"88475_Singing individuals (birds)_2020",10
20765,33.632149,-117.55545,440,"CA",1091,"Spinus","psaltria","lesser goldfinch","Animalia",88478,294,"Singing individuals (birds)",2020,1,14,14,2458863,4,2020,1,19,19,2458868,18,"88478_Singing individuals (birds)","Singing individuals",NA,NA,"88478_Singing individuals (birds)_2020",9
22740,38.525036,-121.970711,43,"CA",741,"Regulus","calendula","ruby-crowned kinglet","Animalia",102229,457,"Insect consumption",2020,10,15,289,2459138,14,2020,12,10,345,2459194,NA,"102229_Insect consumption","Feeding",NA,NA,"102229_Insect consumption_2020",9
22740,38.525036,-121.970711,43,"CA",357,"Sialia","mexicana","western bluebird","Animalia",102231,457,"Insect consumption",2020,1,23,23,2458872,14,2020,3,7,67,2458916,194,"102231_Insect consumption","Feeding",NA,NA,"102231_Insect consumption_2020",9
22858,38.09404,-122.37149,-1,"CA",1380,"Melospiza","melodia","song sparrow","Animalia",103159,294,"Singing individuals (birds)",2020,1,13,13,2458862,7,2020,1,13,13,2458862,7,"103159_Singing individuals (birds)","Singing individuals",NA,NA,"103159_Singing individuals (birds)_2020",10
22858,38.09404,-122.37149,-1,"CA",1380,"Melospiza","melodia","song sparrow","Animalia",103159,542,"Feeding (or foraging)",2020,3,23,83,2458932,7,2020,3,23,83,2458932,7,"103159_Feeding (or foraging)","Feeding",NA,NA,"103159_Feeding (or foraging)_2020",9
22858,38.09404,-122.37149,-1,"CA",357,"Sialia","mexicana","western bluebird","Animalia",103161,457,"Insect consumption",2020,5,11,132,2458981,7,2020,5,11,132,2458981,8,"103161_Insect consumption","Feeding",NA,NA,"103161_Insect consumption_2020",9
22858,38.09404,-122.37149,-1,"CA",357,"Sialia","mexicana","western bluebird","Animalia",103161,542,"Feeding (or foraging)",2020,5,11,132,2458981,7,2020,5,11,132,2458981,8,"103161_Feeding (or foraging)","Feeding",NA,NA,"103161_Feeding (or foraging)_2020",9
17414,42.936153,-73.433449,147,"NY",352,"Archilochus","colubris","ruby-throated hummingbird","Animalia",103211,542,"Feeding (or foraging)",2020,5,14,135,2458984,3,2020,5,18,139,2458988,4,"103211_Feeding (or foraging)","Feeding",NA,NA,"103211_Feeding (or foraging)_2020",9
22858,38.09404,-122.37149,-1,"CA",1375,"Anas","platyrhynchos","mallard","Animalia",114733,542,"Feeding (or foraging)",2020,4,20,111,2458960,7,2020,4,27,118,2458967,7,"114733_Feeding (or foraging)","Feeding",NA,NA,"114733_Feeding (or foraging)_2020",9
22858,38.09404,-122.37149,-1,"CA",359,"Agelaius","phoeniceus","red-winged blackbird","Animalia",114734,294,"Singing individuals (birds)",2020,1,27,27,2458876,7,2020,1,27,27,2458876,7,"114734_Singing individuals (birds)","Singing individuals",NA,NA,"114734_Singing individuals (birds)_2020",9
22858,38.09404,-122.37149,-1,"CA",359,"Agelaius","phoeniceus","red-winged blackbird","Animalia",114734,542,"Feeding (or foraging)",2020,4,20,111,2458960,13,2020,4,20,111,2458960,7,"114734_Feeding (or foraging)","Feeding",NA,NA,"114734_Feeding (or foraging)_2020",9
22858,38.09404,-122.37149,-1,"CA",1088,"Calypte","anna","Anna's hummingbird","Animalia",114826,295,"Territorial individuals (birds)",2020,2,17,48,2458897,7,2020,2,17,48,2458897,7,"114826_Territorial individuals (birds)","Territorial behavior",NA,NA,"114826_Territorial individuals (birds)_2020",9
22858,38.09404,-122.37149,-1,"CA",1088,"Calypte","anna","Anna's hummingbird","Animalia",114826,542,"Feeding (or foraging)",2020,2,24,55,2458904,7,2020,2,24,55,2458904,7,"114826_Feeding (or foraging)","Feeding",NA,NA,"114826_Feeding (or foraging)_2020",9
2803,39.971001,-105.397003,2329,"CO",1113,"Dryobates","pubescens","downy woodpecker","Animalia",122049,310,"Fruit/seed consumption",2020,1,11,11,2458860,5,2020,1,11,11,2458860,6,"122049_Fruit/seed consumption","Feeding",NA,NA,"122049_Fruit/seed consumption_2020",9
2803,39.971001,-105.397003,2329,"CO",1113,"Dryobates","pubescens","downy woodpecker","Animalia",122049,542,"Feeding (or foraging)",2020,1,11,11,2458860,5,2020,1,11,11,2458860,6,"122049_Feeding (or foraging)","Feeding",NA,NA,"122049_Feeding (or foraging)_2020",9
2803,39.971001,-105.397003,2329,"CO",1411,"Poecile","gambeli","mountain chickadee","Animalia",122050,294,"Singing individuals (birds)",2020,6,22,174,2459023,2,2020,6,22,174,2459023,7,"122050_Singing individuals (birds)","Singing individuals",NA,NA,"122050_Singing individuals (birds)_2020",9
2803,39.971001,-105.397003,2329,"CO",1411,"Poecile","gambeli","mountain chickadee","Animalia",122050,542,"Feeding (or foraging)",2020,6,20,172,2459021,5,2020,6,22,174,2459023,7,"122050_Feeding (or foraging)","Feeding",NA,NA,"122050_Feeding (or foraging)_2020",9
2803,39.971001,-105.397003,2329,"CO",1398,"Cyanocitta","stelleri","Steller's jay","Animalia",122052,310,"Fruit/seed consumption",2020,3,25,85,2458934,7,2020,5,12,133,2458982,7,"122052_Fruit/seed consumption","Feeding",NA,NA,"122052_Fruit/seed consumption_2020",9
2803,39.971001,-105.397003,2329,"CO",1398,"Cyanocitta","stelleri","Steller's jay","Animalia",122052,457,"Insect consumption",2020,4,24,115,2458964,2,2020,6,5,157,2459006,3,"122052_Insect consumption","Feeding",NA,NA,"122052_Insect consumption_2020",9
2803,39.971001,-105.397003,2329,"CO",1398,"Cyanocitta","stelleri","Steller's jay","Animalia",122052,542,"Feeding (or foraging)",2020,3,25,85,2458934,7,2020,6,5,157,2459006,3,"122052_Feeding (or foraging)","Feeding",NA,NA,"122052_Feeding (or foraging)_2020",9
2803,39.971001,-105.397003,2329,"CO",1415,"Sitta","carolinensis","white-breasted nuthatch","Animalia",122053,294,"Singing individuals (birds)",2020,6,8,160,2459009,3,2020,6,8,160,2459009,4,"122053_Singing individuals (birds)","Singing individuals",NA,NA,"122053_Singing individuals (birds)_2020",9
2803,39.971001,-105.397003,2329,"CO",1415,"Sitta","carolinensis","white-breasted nuthatch","Animalia",122053,457,"Insect consumption",2020,4,11,102,2458951,4,2020,5,26,147,2458996,5,"122053_Insect consumption","Feeding",NA,NA,"122053_Insect consumption_2020",9
2803,39.971001,-105.397003,2329,"CO",1415,"Sitta","carolinensis","white-breasted nuthatch","Animalia",122053,542,"Feeding (or foraging)",2020,6,8,160,2459009,3,2020,6,12,164,2459013,3,"122053_Feeding (or foraging)","Feeding",NA,NA,"122053_Feeding (or foraging)_2020",9
12064,32.248463,-110.909584,745,"AZ",1223,"Auriparus","flaviceps","verdin","Animalia",139417,542,"Feeding (or foraging)",2020,11,11,316,2459165,5,2020,11,11,316,2459165,15,"139417_Feeding (or foraging)","Feeding",NA,NA,"139417_Feeding (or foraging)_2020",9
27407,38.037094,-122.394722,-6,"CA",244,"Charadrius","vociferus","killdeer","Animalia",141455,542,"Feeding (or foraging)",2020,4,13,104,2458953,6,2020,4,13,104,2458953,7,"141455_Feeding (or foraging)","Feeding",NA,NA,"141455_Feeding (or foraging)_2020",9
27407,38.037094,-122.394722,-6,"CA",1375,"Anas","platyrhynchos","mallard","Animalia",141456,542,"Feeding (or foraging)",2020,1,20,20,2458869,7,2020,1,20,20,2458869,7,"141456_Feeding (or foraging)","Feeding",NA,NA,"141456_Feeding (or foraging)_2020",9
27407,38.037094,-122.394722,-6,"CA",375,"Zenaida","macroura","mourning dove","Animalia",141460,294,"Singing individuals (birds)",2020,2,10,41,2458890,7,2020,2,24,55,2458904,7,"141460_Singing individuals (birds)","Singing individuals",NA,NA,"141460_Singing individuals (birds)_2020",9
27407,38.037094,-122.394722,-6,"CA",376,"Sayornis","nigricans","black phoebe","Animalia",141461,294,"Singing individuals (birds)",2020,5,25,146,2458995,6,2020,6,1,153,2459002,7,"141461_Singing individuals (birds)","Singing individuals",NA,NA,"141461_Singing individuals (birds)_2020",9
27407,38.037094,-122.394722,-6,"CA",376,"Sayornis","nigricans","black phoebe","Animalia",141461,457,"Insect consumption",2020,1,20,20,2458869,7,2020,2,3,34,2458883,7,"141461_Insect consumption","Feeding",NA,NA,"141461_Insect consumption_2020",9
27407,38.037094,-122.394722,-6,"CA",376,"Sayornis","nigricans","black phoebe","Animalia",141461,542,"Feeding (or foraging)",2020,1,20,20,2458869,7,2020,2,3,34,2458883,7,"141461_Feeding (or foraging)","Feeding",NA,NA,"141461_Feeding (or foraging)_2020",9
22740,38.525036,-121.970711,43,"CA",1654,"Baeolophus","inornatus","oak titmouse","Animalia",148019,457,"Insect consumption",2020,10,1,275,2459124,14,2020,10,1,275,2459124,14,"148019_Insect consumption","Feeding",NA,NA,"148019_Insect consumption_2020",9
1419,42.011166,-88.503304,280,"IL",246,"Turdus","migratorius","American robin","Animalia",10282,294,"Singing individuals (birds)",2021,7,3,184,2459399,3,2021,7,3,184,2459399,NA,"10282_Singing individuals (birds)","Singing individuals",NA,NA,"10282_Singing individuals (birds)_2021",13
1419,42.011166,-88.503304,280,"IL",245,"Poecile","atricapillus","black-capped chickadee","Animalia",10283,294,"Singing individuals (birds)",2021,7,3,184,2459399,3,2021,7,3,184,2459399,NA,"10283_Singing individuals (birds)","Singing individuals",NA,NA,"10283_Singing individuals (birds)_2021",12
5674,44.910587,-70.266861,261,"ME",246,"Turdus","migratorius","American robin","Animalia",12709,310,"Fruit/seed consumption",2021,4,4,94,2459309,7,2021,4,11,101,2459316,2,"12709_Fruit/seed consumption","Feeding",NA,NA,"12709_Fruit/seed consumption_2021",11
5674,44.910587,-70.266861,261,"ME",246,"Turdus","migratorius","American robin","Animalia",12709,457,"Insect consumption",2021,4,25,115,2459330,7,2021,5,9,129,2459344,7,"12709_Insect consumption","Feeding",NA,NA,"12709_Insect consumption_2021",11
5674,44.910587,-70.266861,261,"ME",246,"Turdus","migratorius","American robin","Animalia",12709,542,"Feeding (or foraging)",2021,4,4,94,2459309,7,2021,4,11,101,2459316,2,"12709_Feeding (or foraging)","Feeding",NA,NA,"12709_Feeding (or foraging)_2021",9
5674,44.910587,-70.266861,261,"ME",352,"Archilochus","colubris","ruby-throated hummingbird","Animalia",12712,295,"Territorial individuals (birds)",2021,5,16,136,2459351,7,2021,7,18,199,2459414,7,"12712_Territorial individuals (birds)","Territorial behavior",NA,NA,"12712_Territorial individuals (birds)_2021",9
5674,44.910587,-70.266861,261,"ME",352,"Archilochus","colubris","ruby-throated hummingbird","Animalia",12712,312,"Flower visitation",2021,5,16,136,2459351,7,2021,5,16,136,2459351,4,"12712_Flower visitation","Feeding",NA,NA,"12712_Flower visitation_2021",13
5674,44.910587,-70.266861,261,"ME",352,"Archilochus","colubris","ruby-throated hummingbird","Animalia",12712,542,"Feeding (or foraging)",2021,5,16,136,2459351,7,2021,9,5,248,2459463,7,"12712_Feeding (or foraging)","Feeding",NA,NA,"12712_Feeding (or foraging)_2021",9
2803,39.971001,-105.397003,2329,"CO",246,"Turdus","migratorius","American robin","Animalia",16046,294,"Singing individuals (birds)",2021,3,29,88,2459303,7,2021,4,10,100,2459315,7,"16046_Singing individuals (birds)","Singing individuals",NA,NA,"16046_Singing individuals (birds)_2021",14
2803,39.971001,-105.397003,2329,"CO",246,"Turdus","migratorius","American robin","Animalia",16046,310,"Fruit/seed consumption",2021,3,9,68,2459283,4,2021,3,9,68,2459283,6,"16046_Fruit/seed consumption","Feeding",NA,NA,"16046_Fruit/seed consumption_2021",10
2803,39.971001,-105.397003,2329,"CO",246,"Turdus","migratorius","American robin","Animalia",16046,457,"Insect consumption",2021,3,9,68,2459283,4,2021,3,9,68,2459283,6,"16046_Insect consumption","Feeding",NA,NA,"16046_Insect consumption_2021",15
2803,39.971001,-105.397003,2329,"CO",246,"Turdus","migratorius","American robin","Animalia",16046,542,"Feeding (or foraging)",2021,4,6,96,2459311,8,2021,4,10,100,2459315,7,"16046_Feeding (or foraging)","Feeding",NA,NA,"16046_Feeding (or foraging)_2021",9
2803,39.971001,-105.397003,2329,"CO",245,"Poecile","atricapillus","black-capped chickadee","Animalia",16047,294,"Singing individuals (birds)",2021,1,14,14,2459229,3,2021,1,14,14,2459229,5,"16047_Singing individuals (birds)","Singing individuals",NA,NA,"16047_Singing individuals (birds)_2021",13
2803,39.971001,-105.397003,2329,"CO",245,"Poecile","atricapillus","black-capped chickadee","Animalia",16047,310,"Fruit/seed consumption",2021,1,14,14,2459229,3,2021,1,14,14,2459229,5,"16047_Fruit/seed consumption","Feeding",NA,NA,"16047_Fruit/seed consumption_2021",15
2803,39.971001,-105.397003,2329,"CO",245,"Poecile","atricapillus","black-capped chickadee","Animalia",16047,542,"Feeding (or foraging)",2021,1,14,14,2459229,3,2021,1,14,14,2459229,5,"16047_Feeding (or foraging)","Feeding",NA,NA,"16047_Feeding (or foraging)_2021",9
2803,39.971001,-105.397003,2329,"CO",354,"Selasphorus","platycercus","broad-tailed hummingbird","Animalia",16048,295,"Territorial individuals (birds)",2021,5,5,125,2459340,5,2021,9,7,250,2459465,6,"16048_Territorial individuals (birds)","Territorial behavior",NA,NA,"16048_Territorial individuals (birds)_2021",9
2803,39.971001,-105.397003,2329,"CO",354,"Selasphorus","platycercus","broad-tailed hummingbird","Animalia",16048,312,"Flower visitation",2021,5,19,139,2459354,2,2021,9,13,256,2459471,8,"16048_Flower visitation","Feeding",NA,NA,"16048_Flower visitation_2021",14
2803,39.971001,-105.397003,2329,"CO",354,"Selasphorus","platycercus","broad-tailed hummingbird","Animalia",16048,457,"Insect consumption",2021,8,9,221,2459436,3,2021,9,13,256,2459471,8,"16048_Insect consumption","Feeding",NA,NA,"16048_Insect consumption_2021",14
2803,39.971001,-105.397003,2329,"CO",354,"Selasphorus","platycercus","broad-tailed hummingbird","Animalia",16048,542,"Feeding (or foraging)",2021,5,5,125,2459340,5,2021,9,13,256,2459471,8,"16048_Feeding (or foraging)","Feeding",NA,NA,"16048_Feeding (or foraging)_2021",9
2803,39.971001,-105.397003,2329,"CO",362,"Junco","hyemalis","dark-eyed junco","Animalia",16213,294,"Singing individuals (birds)",2021,4,6,96,2459311,8,2021,5,13,133,2459348,4,"16213_Singing individuals (birds)","Singing individuals",NA,NA,"16213_Singing individuals (birds)_2021",11
2803,39.971001,-105.397003,2329,"CO",362,"Junco","hyemalis","dark-eyed junco","Animalia",16213,310,"Fruit/seed consumption",2021,3,5,64,2459279,4,2021,5,13,133,2459348,4,"16213_Fruit/seed consumption","Feeding",NA,NA,"16213_Fruit/seed consumption_2021",13
2803,39.971001,-105.397003,2329,"CO",357,"Sialia","mexicana","western bluebird","Animalia",16214,294,"Singing individuals (birds)",2021,4,6,96,2459311,8,2021,4,10,100,2459315,7,"16214_Singing individuals (birds)","Singing individuals",NA,NA,"16214_Singing individuals (birds)_2021",10
2803,39.971001,-105.397003,2329,"CO",357,"Sialia","mexicana","western bluebird","Animalia",16214,457,"Insect consumption",2021,4,6,96,2459311,8,2021,4,10,100,2459315,7,"16214_Insect consumption","Feeding",NA,NA,"16214_Insect consumption_2021",12
8496,46.328629,-96.061256,393,"MN",1113,"Dryobates","pubescens","downy woodpecker","Animalia",25895,310,"Fruit/seed consumption",2021,5,2,122,2459337,7,2021,5,11,131,2459346,6,"25895_Fruit/seed consumption","Feeding",NA,NA,"25895_Fruit/seed consumption_2021",11
8496,46.328629,-96.061256,393,"MN",1090,"Cardinalis","cardinalis","northern cardinal","Animalia",25898,294,"Singing individuals (birds)",2021,4,6,96,2459311,4,2021,4,6,96,2459311,4,"25898_Singing individuals (birds)","Singing individuals",NA,NA,"25898_Singing individuals (birds)_2021",13
8736,44.903229,-93.217445,248,"MN",240,"Spinus","tristis","American goldfinch","Animalia",28348,310,"Fruit/seed consumption",2021,6,9,160,2459375,7,2021,7,21,202,2459417,5,"28348_Fruit/seed consumption","Feeding",NA,NA,"28348_Fruit/seed consumption_2021",10
8736,44.903229,-93.217445,248,"MN",245,"Poecile","atricapillus","black-capped chickadee","Animalia",28349,294,"Singing individuals (birds)",2021,6,14,165,2459380,5,2021,6,21,172,2459387,12,"28349_Singing individuals (birds)","Singing individuals",NA,NA,"28349_Singing individuals (birds)_2021",10
8736,44.903229,-93.217445,248,"MN",245,"Poecile","atricapillus","black-capped chickadee","Animalia",28349,310,"Fruit/seed consumption",2021,6,14,165,2459380,5,2021,6,14,165,2459380,2,"28349_Fruit/seed consumption","Feeding",NA,NA,"28349_Fruit/seed consumption_2021",9
8736,44.903229,-93.217445,248,"MN",1090,"Cardinalis","cardinalis","northern cardinal","Animalia",28354,294,"Singing individuals (birds)",2021,4,28,118,2459333,7,2021,4,28,118,2459333,19,"28354_Singing individuals (birds)","Singing individuals",NA,NA,"28354_Singing individuals (birds)_2021",9
8736,44.903229,-93.217445,248,"MN",1090,"Cardinalis","cardinalis","northern cardinal","Animalia",28354,310,"Fruit/seed consumption",2021,6,14,165,2459380,5,2021,6,16,167,2459382,11,"28354_Fruit/seed consumption","Feeding",NA,NA,"28354_Fruit/seed consumption_2021",10
8736,44.903229,-93.217445,248,"MN",362,"Junco","hyemalis","dark-eyed junco","Animalia",29145,310,"Fruit/seed consumption",2021,3,9,68,2459283,3,2021,3,9,68,2459283,18,"29145_Fruit/seed consumption","Feeding",NA,NA,"29145_Fruit/seed consumption_2021",9
8496,46.328629,-96.061256,393,"MN",1096,"Cyanocitta","cristata","blue jay","Animalia",32294,310,"Fruit/seed consumption",2021,4,10,100,2459315,4,2021,4,10,100,2459315,15,"32294_Fruit/seed consumption","Feeding",NA,NA,"32294_Fruit/seed consumption_2021",13
10145,42.602543,-83.250992,277,"MI",240,"Spinus","tristis","American goldfinch","Animalia",38837,294,"Singing individuals (birds)",2021,6,6,157,2459372,1,2021,6,7,158,2459373,1,"38837_Singing individuals (birds)","Singing individuals",NA,NA,"38837_Singing individuals (birds)_2021",9
10145,42.602543,-83.250992,277,"MI",246,"Turdus","migratorius","American robin","Animalia",38840,310,"Fruit/seed consumption",2021,3,16,75,2459290,1,2021,3,16,75,2459290,1,"38840_Fruit/seed consumption","Feeding",NA,NA,"38840_Fruit/seed consumption_2021",9
10145,42.602543,-83.250992,277,"MI",362,"Junco","hyemalis","dark-eyed junco","Animalia",38878,294,"Singing individuals (birds)",2021,3,25,84,2459299,1,2021,3,25,84,2459299,1,"38878_Singing individuals (birds)","Singing individuals",NA,NA,"38878_Singing individuals (birds)_2021",11
10145,42.602543,-83.250992,277,"MI",355,"Troglodytes","aedon","house wren","Animalia",38908,294,"Singing individuals (birds)",2021,5,7,127,2459342,1,2021,5,7,127,2459342,1,"38908_Singing individuals (birds)","Singing individuals",NA,NA,"38908_Singing individuals (birds)_2021",10
10145,42.602543,-83.250992,277,"MI",359,"Agelaius","phoeniceus","red-winged blackbird","Animalia",38946,294,"Singing individuals (birds)",2021,3,9,68,2459283,1,2021,3,9,68,2459283,1,"38946_Singing individuals (birds)","Singing individuals",NA,NA,"38946_Singing individuals (birds)_2021",11
9652,44.768246,-94.155746,309,"MN",246,"Turdus","migratorius","American robin","Animalia",40107,294,"Singing individuals (birds)",2021,3,9,68,2459283,10,2021,3,9,68,2459283,1,"40107_Singing individuals (birds)","Singing individuals",NA,NA,"40107_Singing individuals (birds)_2021",11
9652,44.768246,-94.155746,309,"MN",246,"Turdus","migratorius","American robin","Animalia",40107,295,"Territorial individuals (birds)",2021,2,27,58,2459273,8,2021,3,20,79,2459294,12,"40107_Territorial individuals (birds)","Territorial behavior",NA,NA,"40107_Territorial individuals (birds)_2021",9
9652,44.768246,-94.155746,309,"MN",246,"Turdus","migratorius","American robin","Animalia",40107,297,"Nest building (birds)",2021,3,20,79,2459294,10,2021,3,20,79,2459294,12,"40107_Nest building (birds)","Nesting behavior",NA,NA,"40107_Nest building (birds)_2021",9
9652,44.768246,-94.155746,309,"MN",246,"Turdus","migratorius","American robin","Animalia",40107,308,"Fledged young (altricial birds)",2021,6,15,166,2459381,2,2021,6,23,174,2459389,9,"40107_Fledged young (altricial birds)","Young observed",NA,NA,"40107_Fledged young (altricial birds)_2021",9
9652,44.768246,-94.155746,309,"MN",246,"Turdus","migratorius","American robin","Animalia",40107,457,"Insect consumption",2021,5,12,132,2459347,3,2021,5,12,132,2459347,3,"40107_Insect consumption","Feeding",NA,NA,"40107_Insect consumption_2021",10
9652,44.768246,-94.155746,309,"MN",246,"Turdus","migratorius","American robin","Animalia",40107,542,"Feeding (or foraging)",2021,4,1,91,2459306,12,2021,4,22,112,2459327,2,"40107_Feeding (or foraging)","Feeding",NA,NA,"40107_Feeding (or foraging)_2021",9
6102,32.23188,-110.951012,737,"AZ",1110,"Passer","domesticus","house sparrow","Animalia",49643,310,"Fruit/seed consumption",2021,2,8,39,2459254,2,2021,2,8,39,2459254,6,"49643_Fruit/seed consumption","Feeding",NA,NA,"49643_Fruit/seed consumption_2021",9
12064,32.248463,-110.909584,745,"AZ",1088,"Calypte","anna","Anna's hummingbird","Animalia",50759,312,"Flower visitation",2021,3,14,73,2459288,5,2021,6,8,159,2459374,5,"50759_Flower visitation","Feeding",NA,NA,"50759_Flower visitation_2021",9
12064,32.248463,-110.909584,745,"AZ",1088,"Calypte","anna","Anna's hummingbird","Animalia",50759,542,"Feeding (or foraging)",2021,3,14,73,2459288,5,2021,6,8,159,2459374,5,"50759_Feeding (or foraging)","Feeding",NA,NA,"50759_Feeding (or foraging)_2021",9
16295,27.929228,-82.725639,4,"FL",1108,"Mimus","polyglottos","northern mockingbird","Animalia",60950,294,"Singing individuals (birds)",2021,3,20,79,2459294,7,2021,3,20,79,2459294,7,"60950_Singing individuals (birds)","Singing individuals",NA,NA,"60950_Singing individuals (birds)_2021",9
10145,42.602543,-83.250992,277,"MI",1224,"Branta","canadensis","Canada goose","Animalia",64229,541,"Fledged young (precocial birds)",2021,5,6,126,2459341,1,2021,5,6,126,2459341,1,"64229_Fledged young (precocial birds)","Young observed",NA,NA,"64229_Fledged young (precocial birds)_2021",9
17414,42.936153,-73.433449,147,"NY",1124,"Tachycineta","bicolor","tree swallow","Animalia",66940,298,"Occupied nest",2021,5,22,142,2459357,4,2021,5,27,147,2459362,5,"66940_Occupied nest","Nesting behavior",NA,NA,"66940_Occupied nest_2021",9
17414,42.936153,-73.433449,147,"NY",1124,"Tachycineta","bicolor","tree swallow","Animalia",66940,457,"Insect consumption",2021,4,24,114,2459329,6,2021,4,24,114,2459329,6,"66940_Insect consumption","Feeding",NA,NA,"66940_Insect consumption_2021",9
17414,42.936153,-73.433449,147,"NY",1124,"Tachycineta","bicolor","tree swallow","Animalia",66940,542,"Feeding (or foraging)",2021,4,24,114,2459329,6,2021,4,24,114,2459329,6,"66940_Feeding (or foraging)","Feeding",NA,NA,"66940_Feeding (or foraging)_2021",9
9652,44.768246,-94.155746,309,"MN",1090,"Cardinalis","cardinalis","northern cardinal","Animalia",69510,294,"Singing individuals (birds)",2021,4,24,114,2459329,6,2021,4,24,114,2459329,6,"69510_Singing individuals (birds)","Singing individuals",NA,NA,"69510_Singing individuals (birds)_2021",9
6099,34.119007,-118.760071,288,"CA",1229,"Melanerpes","formicivorus","acorn woodpecker","Animalia",72367,457,"Insect consumption",2021,1,25,25,2459240,14,2021,1,25,25,2459240,7,"72367_Insect consumption","Feeding",NA,NA,"72367_Insect consumption_2021",10
19944,33.66478,-117.843063,22,"CA",1088,"Calypte","anna","Anna's hummingbird","Animalia",81455,294,"Singing individuals (birds)",2021,2,28,59,2459274,2,2021,3,25,84,2459299,1,"81455_Singing individuals (birds)","Singing individuals",NA,NA,"81455_Singing individuals (birds)_2021",11
19944,33.66478,-117.843063,22,"CA",1088,"Calypte","anna","Anna's hummingbird","Animalia",81455,295,"Territorial individuals (birds)",2021,2,4,35,2459250,4,2021,2,8,39,2459254,10,"81455_Territorial individuals (birds)","Territorial behavior",NA,NA,"81455_Territorial individuals (birds)_2021",9
19944,33.66478,-117.843063,22,"CA",1088,"Calypte","anna","Anna's hummingbird","Animalia",81455,312,"Flower visitation",2021,1,14,14,2459229,3,2021,1,14,14,2459229,4,"81455_Flower visitation","Feeding",NA,NA,"81455_Flower visitation_2021",11
19944,33.66478,-117.843063,22,"CA",1088,"Calypte","anna","Anna's hummingbird","Animalia",81455,457,"Insect consumption",2021,1,14,14,2459229,3,2021,1,14,14,2459229,4,"81455_Insect consumption","Feeding",NA,NA,"81455_Insect consumption_2021",11
19944,33.66478,-117.843063,22,"CA",1088,"Calypte","anna","Anna's hummingbird","Animalia",81455,542,"Feeding (or foraging)",2021,1,14,14,2459229,3,2021,1,14,14,2459229,4,"81455_Feeding (or foraging)","Feeding",NA,NA,"81455_Feeding (or foraging)_2021",9
19944,33.66478,-117.843063,22,"CA",376,"Sayornis","nigricans","black phoebe","Animalia",81456,294,"Singing individuals (birds)",2021,2,20,51,2459266,2,2021,2,20,51,2459266,6,"81456_Singing individuals (birds)","Singing individuals",NA,NA,"81456_Singing individuals (birds)_2021",11
19944,33.66478,-117.843063,22,"CA",376,"Sayornis","nigricans","black phoebe","Animalia",81456,295,"Territorial individuals (birds)",2021,5,19,139,2459354,6,2021,5,19,139,2459354,3,"81456_Territorial individuals (birds)","Territorial behavior",NA,NA,"81456_Territorial individuals (birds)_2021",9
19944,33.66478,-117.843063,22,"CA",376,"Sayornis","nigricans","black phoebe","Animalia",81456,457,"Insect consumption",2021,1,14,14,2459229,3,2021,1,14,14,2459229,4,"81456_Insect consumption","Feeding",NA,NA,"81456_Insect consumption_2021",11
19944,33.66478,-117.843063,22,"CA",376,"Sayornis","nigricans","black phoebe","Animalia",81456,542,"Feeding (or foraging)",2021,1,14,14,2459229,3,2021,2,4,35,2459250,4,"81456_Feeding (or foraging)","Feeding",NA,NA,"81456_Feeding (or foraging)_2021",9
19944,33.66478,-117.843063,22,"CA",242,"Petrochelidon","pyrrhonota","cliff swallow","Animalia",81457,294,"Singing individuals (birds)",2021,3,18,77,2459292,2,2021,3,18,77,2459292,7,"81457_Singing individuals (birds)","Singing individuals",NA,NA,"81457_Singing individuals (birds)_2021",10
19944,33.66478,-117.843063,22,"CA",242,"Petrochelidon","pyrrhonota","cliff swallow","Animalia",81457,297,"Nest building (birds)",2021,4,30,120,2459335,7,2021,4,30,120,2459335,2,"81457_Nest building (birds)","Nesting behavior",NA,NA,"81457_Nest building (birds)_2021",10
19944,33.66478,-117.843063,22,"CA",1197,"Geothlypis","trichas","common yellowthroat","Animalia",81458,294,"Singing individuals (birds)",2021,2,4,35,2459250,4,2021,2,4,35,2459250,4,"81458_Singing individuals (birds)","Singing individuals",NA,NA,"81458_Singing individuals (birds)_2021",11
19944,33.66478,-117.843063,22,"CA",1197,"Geothlypis","trichas","common yellowthroat","Animalia",81458,295,"Territorial individuals (birds)",2021,1,5,5,2459220,2,2021,1,5,5,2459220,6,"81458_Territorial individuals (birds)","Territorial behavior",NA,NA,"81458_Territorial individuals (birds)_2021",9
19944,33.66478,-117.843063,22,"CA",1197,"Geothlypis","trichas","common yellowthroat","Animalia",81458,542,"Feeding (or foraging)",2021,2,20,51,2459266,2,2021,2,20,51,2459266,8,"81458_Feeding (or foraging)","Feeding",NA,NA,"81458_Feeding (or foraging)_2021",9
19944,33.66478,-117.843063,22,"CA",370,"Ardea","herodias","great blue heron","Animalia",81459,542,"Feeding (or foraging)",2021,1,31,31,2459246,3,2021,2,4,35,2459250,4,"81459_Feeding (or foraging)","Feeding",NA,NA,"81459_Feeding (or foraging)_2021",9
19944,33.66478,-117.843063,22,"CA",244,"Charadrius","vociferus","killdeer","Animalia",81460,542,"Feeding (or foraging)",2021,2,26,57,2459272,6,2021,2,26,57,2459272,2,"81460_Feeding (or foraging)","Feeding",NA,NA,"81460_Feeding (or foraging)_2021",9
19944,33.66478,-117.843063,22,"CA",248,"Pandion","haliaetus","osprey","Animalia",81461,297,"Nest building (birds)",2021,1,5,5,2459220,2,2021,1,5,5,2459220,6,"81461_Nest building (birds)","Nesting behavior",NA,NA,"81461_Nest building (birds)_2021",9
19944,33.66478,-117.843063,22,"CA",248,"Pandion","haliaetus","osprey","Animalia",81461,542,"Feeding (or foraging)",2021,1,28,28,2459243,10,2021,1,28,28,2459243,3,"81461_Feeding (or foraging)","Feeding",NA,NA,"81461_Feeding (or foraging)_2021",9
19944,33.66478,-117.843063,22,"CA",373,"Actitis","macularius","spotted sandpiper","Animalia",81462,542,"Feeding (or foraging)",2021,3,26,85,2459300,1,2021,4,1,91,2459306,3,"81462_Feeding (or foraging)","Feeding",NA,NA,"81462_Feeding (or foraging)_2021",9
17414,42.936153,-73.433449,147,"NY",1197,"Geothlypis","trichas","common yellowthroat","Animalia",86970,294,"Singing individuals (birds)",2021,5,17,137,2459352,4,2021,5,17,137,2459352,5,"86970_Singing individuals (birds)","Singing individuals",NA,NA,"86970_Singing individuals (birds)_2021",11
22740,38.525036,-121.970711,43,"CA",741,"Regulus","calendula","ruby-crowned kinglet","Animalia",102229,457,"Insect consumption",2021,4,1,91,2459306,12,2021,4,1,91,2459306,9,"102229_Insect consumption","Feeding",NA,NA,"102229_Insect consumption_2021",9
22740,38.525036,-121.970711,43,"CA",357,"Sialia","mexicana","western bluebird","Animalia",102231,457,"Insect consumption",2021,4,10,100,2459315,9,2021,5,20,140,2459355,16,"102231_Insect consumption","Feeding",NA,NA,"102231_Insect consumption_2021",9
22858,38.09404,-122.37149,-1,"CA",1380,"Melospiza","melodia","song sparrow","Animalia",103159,294,"Singing individuals (birds)",2021,1,18,18,2459233,7,2021,1,25,25,2459240,7,"103159_Singing individuals (birds)","Singing individuals",NA,NA,"103159_Singing individuals (birds)_2021",10
22858,38.09404,-122.37149,-1,"CA",1380,"Melospiza","melodia","song sparrow","Animalia",103159,542,"Feeding (or foraging)",2021,2,8,39,2459254,7,2021,2,16,47,2459262,6,"103159_Feeding (or foraging)","Feeding",NA,NA,"103159_Feeding (or foraging)_2021",9
22858,38.09404,-122.37149,-1,"CA",357,"Sialia","mexicana","western bluebird","Animalia",103161,457,"Insect consumption",2021,4,19,109,2459324,14,2021,4,19,109,2459324,7,"103161_Insect consumption","Feeding",NA,NA,"103161_Insect consumption_2021",9
22858,38.09404,-122.37149,-1,"CA",357,"Sialia","mexicana","western bluebird","Animalia",103161,542,"Feeding (or foraging)",2021,4,19,109,2459324,14,2021,4,19,109,2459324,7,"103161_Feeding (or foraging)","Feeding",NA,NA,"103161_Feeding (or foraging)_2021",9
17414,42.936153,-73.433449,147,"NY",352,"Archilochus","colubris","ruby-throated hummingbird","Animalia",103211,542,"Feeding (or foraging)",2021,5,6,126,2459341,6,2021,5,13,133,2459348,4,"103211_Feeding (or foraging)","Feeding",NA,NA,"103211_Feeding (or foraging)_2021",9
22858,38.09404,-122.37149,-1,"CA",1375,"Anas","platyrhynchos","mallard","Animalia",114733,542,"Feeding (or foraging)",2021,3,15,74,2459289,7,2021,3,15,74,2459289,7,"114733_Feeding (or foraging)","Feeding",NA,NA,"114733_Feeding (or foraging)_2021",9
22858,38.09404,-122.37149,-1,"CA",359,"Agelaius","phoeniceus","red-winged blackbird","Animalia",114734,294,"Singing individuals (birds)",2021,2,16,47,2459262,8,2021,3,29,88,2459303,7,"114734_Singing individuals (birds)","Singing individuals",NA,NA,"114734_Singing individuals (birds)_2021",9
22858,38.09404,-122.37149,-1,"CA",359,"Agelaius","phoeniceus","red-winged blackbird","Animalia",114734,542,"Feeding (or foraging)",2021,2,16,47,2459262,8,2021,2,22,53,2459268,7,"114734_Feeding (or foraging)","Feeding",NA,NA,"114734_Feeding (or foraging)_2021",9
22858,38.09404,-122.37149,-1,"CA",1088,"Calypte","anna","Anna's hummingbird","Animalia",114826,295,"Territorial individuals (birds)",2021,1,11,11,2459226,6,2021,1,11,11,2459226,7,"114826_Territorial individuals (birds)","Territorial behavior",NA,NA,"114826_Territorial individuals (birds)_2021",9
22858,38.09404,-122.37149,-1,"CA",1088,"Calypte","anna","Anna's hummingbird","Animalia",114826,542,"Feeding (or foraging)",2021,1,18,18,2459233,7,2021,1,18,18,2459233,7,"114826_Feeding (or foraging)","Feeding",NA,NA,"114826_Feeding (or foraging)_2021",9
2803,39.971001,-105.397003,2329,"CO",1113,"Dryobates","pubescens","downy woodpecker","Animalia",122049,310,"Fruit/seed consumption",2021,1,25,25,2459240,3,2021,1,30,30,2459245,2,"122049_Fruit/seed consumption","Feeding",NA,NA,"122049_Fruit/seed consumption_2021",9
2803,39.971001,-105.397003,2329,"CO",1113,"Dryobates","pubescens","downy woodpecker","Animalia",122049,542,"Feeding (or foraging)",2021,1,25,25,2459240,3,2021,1,30,30,2459245,2,"122049_Feeding (or foraging)","Feeding",NA,NA,"122049_Feeding (or foraging)_2021",9
2803,39.971001,-105.397003,2329,"CO",1411,"Poecile","gambeli","mountain chickadee","Animalia",122050,294,"Singing individuals (birds)",2021,5,19,139,2459354,2,2021,7,5,186,2459401,7,"122050_Singing individuals (birds)","Singing individuals",NA,NA,"122050_Singing individuals (birds)_2021",9
2803,39.971001,-105.397003,2329,"CO",1411,"Poecile","gambeli","mountain chickadee","Animalia",122050,542,"Feeding (or foraging)",2021,6,7,158,2459373,3,2021,6,7,158,2459373,4,"122050_Feeding (or foraging)","Feeding",NA,NA,"122050_Feeding (or foraging)_2021",9
2803,39.971001,-105.397003,2329,"CO",1398,"Cyanocitta","stelleri","Steller's jay","Animalia",122052,310,"Fruit/seed consumption",2021,1,25,25,2459240,3,2021,5,7,127,2459342,6,"122052_Fruit/seed consumption","Feeding",NA,NA,"122052_Fruit/seed consumption_2021",9
2803,39.971001,-105.397003,2329,"CO",1398,"Cyanocitta","stelleri","Steller's jay","Animalia",122052,457,"Insect consumption",2021,9,7,250,2459465,7,2021,9,7,250,2459465,6,"122052_Insect consumption","Feeding",NA,NA,"122052_Insect consumption_2021",9
2803,39.971001,-105.397003,2329,"CO",1398,"Cyanocitta","stelleri","Steller's jay","Animalia",122052,542,"Feeding (or foraging)",2021,1,25,25,2459240,3,2021,5,7,127,2459342,6,"122052_Feeding (or foraging)","Feeding",NA,NA,"122052_Feeding (or foraging)_2021",9
2803,39.971001,-105.397003,2329,"CO",1415,"Sitta","carolinensis","white-breasted nuthatch","Animalia",122053,294,"Singing individuals (birds)",2021,7,5,186,2459401,5,2021,7,5,186,2459401,7,"122053_Singing individuals (birds)","Singing individuals",NA,NA,"122053_Singing individuals (birds)_2021",9
2803,39.971001,-105.397003,2329,"CO",1415,"Sitta","carolinensis","white-breasted nuthatch","Animalia",122053,457,"Insect consumption",2021,6,30,181,2459396,4,2021,7,5,186,2459401,7,"122053_Insect consumption","Feeding",NA,NA,"122053_Insect consumption_2021",9
2803,39.971001,-105.397003,2329,"CO",1415,"Sitta","carolinensis","white-breasted nuthatch","Animalia",122053,542,"Feeding (or foraging)",2021,6,30,181,2459396,4,2021,7,5,186,2459401,7,"122053_Feeding (or foraging)","Feeding",NA,NA,"122053_Feeding (or foraging)_2021",9
12064,32.248463,-110.909584,745,"AZ",1223,"Auriparus","flaviceps","verdin","Animalia",139417,542,"Feeding (or foraging)",2021,4,1,91,2459306,5,2021,6,8,159,2459374,5,"139417_Feeding (or foraging)","Feeding",NA,NA,"139417_Feeding (or foraging)_2021",9
27407,38.037094,-122.394722,-6,"CA",244,"Charadrius","vociferus","killdeer","Animalia",141455,542,"Feeding (or foraging)",2021,2,16,47,2459262,8,2021,2,16,47,2459262,6,"141455_Feeding (or foraging)","Feeding",NA,NA,"141455_Feeding (or foraging)_2021",9
27407,38.037094,-122.394722,-6,"CA",1375,"Anas","platyrhynchos","mallard","Animalia",141456,542,"Feeding (or foraging)",2021,1,11,11,2459226,6,2021,1,11,11,2459226,7,"141456_Feeding (or foraging)","Feeding",NA,NA,"141456_Feeding (or foraging)_2021",9
27407,38.037094,-122.394722,-6,"CA",375,"Zenaida","macroura","mourning dove","Animalia",141460,294,"Singing individuals (birds)",2021,2,22,53,2459268,6,2021,3,8,67,2459282,7,"141460_Singing individuals (birds)","Singing individuals",NA,NA,"141460_Singing individuals (birds)_2021",9
27407,38.037094,-122.394722,-6,"CA",376,"Sayornis","nigricans","black phoebe","Animalia",141461,294,"Singing individuals (birds)",2021,6,7,158,2459373,7,2021,6,7,158,2459373,7,"141461_Singing individuals (birds)","Singing individuals",NA,NA,"141461_Singing individuals (birds)_2021",9
27407,38.037094,-122.394722,-6,"CA",376,"Sayornis","nigricans","black phoebe","Animalia",141461,457,"Insect consumption",2021,2,22,53,2459268,6,2021,3,1,60,2459275,7,"141461_Insect consumption","Feeding",NA,NA,"141461_Insect consumption_2021",9
27407,38.037094,-122.394722,-6,"CA",376,"Sayornis","nigricans","black phoebe","Animalia",141461,542,"Feeding (or foraging)",2021,2,22,53,2459268,6,2021,3,1,60,2459275,7,"141461_Feeding (or foraging)","Feeding",NA,NA,"141461_Feeding (or foraging)_2021",9
22740,38.525036,-121.970711,43,"CA",1654,"Baeolophus","inornatus","oak titmouse","Animalia",148019,457,"Insect consumption",2021,4,1,91,2459306,12,2021,7,17,198,2459413,12,"148019_Insect consumption","Feeding",NA,NA,"148019_Insect consumption_2021",9
1419,42.011166,-88.503304,280,"IL",246,"Turdus","migratorius","American robin","Animalia",10282,294,"Singing individuals (birds)",2022,6,7,158,2459738,11,2022,6,7,158,2459738,5,"10282_Singing individuals (birds)","Singing individuals",NA,NA,"10282_Singing individuals (birds)_2022",13
1419,42.011166,-88.503304,280,"IL",246,"Turdus","migratorius","American robin","Animalia",10282,457,"Insect consumption",2022,6,7,158,2459738,11,2022,6,7,158,2459738,5,"10282_Insect consumption","Feeding",NA,NA,"10282_Insect consumption_2022",9
5674,44.910587,-70.266861,261,"ME",246,"Turdus","migratorius","American robin","Animalia",12709,310,"Fruit/seed consumption",2022,4,10,100,2459680,7,2022,4,10,100,2459680,7,"12709_Fruit/seed consumption","Feeding",NA,NA,"12709_Fruit/seed consumption_2022",11
5674,44.910587,-70.266861,261,"ME",246,"Turdus","migratorius","American robin","Animalia",12709,457,"Insect consumption",2022,4,29,119,2459699,2,2022,4,29,119,2459699,2,"12709_Insect consumption","Feeding",NA,NA,"12709_Insect consumption_2022",11
5674,44.910587,-70.266861,261,"ME",246,"Turdus","migratorius","American robin","Animalia",12709,542,"Feeding (or foraging)",2022,4,10,100,2459680,7,2022,4,10,100,2459680,7,"12709_Feeding (or foraging)","Feeding",NA,NA,"12709_Feeding (or foraging)_2022",9
5674,44.910587,-70.266861,261,"ME",352,"Archilochus","colubris","ruby-throated hummingbird","Animalia",12712,295,"Territorial individuals (birds)",2022,5,15,135,2459715,7,2022,5,15,135,2459715,7,"12712_Territorial individuals (birds)","Territorial behavior",NA,NA,"12712_Territorial individuals (birds)_2022",9
5674,44.910587,-70.266861,261,"ME",352,"Archilochus","colubris","ruby-throated hummingbird","Animalia",12712,312,"Flower visitation",2022,5,15,135,2459715,7,2022,5,15,135,2459715,7,"12712_Flower visitation","Feeding",NA,NA,"12712_Flower visitation_2022",13
5674,44.910587,-70.266861,261,"ME",352,"Archilochus","colubris","ruby-throated hummingbird","Animalia",12712,542,"Feeding (or foraging)",2022,5,15,135,2459715,7,2022,9,11,254,2459834,7,"12712_Feeding (or foraging)","Feeding",NA,NA,"12712_Feeding (or foraging)_2022",9
2803,39.971001,-105.397003,2329,"CO",246,"Turdus","migratorius","American robin","Animalia",16046,294,"Singing individuals (birds)",2022,3,12,71,2459651,5,2022,6,26,177,2459757,29,"16046_Singing individuals (birds)","Singing individuals",NA,NA,"16046_Singing individuals (birds)_2022",14
2803,39.971001,-105.397003,2329,"CO",246,"Turdus","migratorius","American robin","Animalia",16046,457,"Insect consumption",2022,3,12,71,2459651,5,2022,3,12,71,2459651,3,"16046_Insect consumption","Feeding",NA,NA,"16046_Insect consumption_2022",15
2803,39.971001,-105.397003,2329,"CO",246,"Turdus","migratorius","American robin","Animalia",16046,542,"Feeding (or foraging)",2022,3,12,71,2459651,5,2022,3,12,71,2459651,3,"16046_Feeding (or foraging)","Feeding",NA,NA,"16046_Feeding (or foraging)_2022",9
2803,39.971001,-105.397003,2329,"CO",245,"Poecile","atricapillus","black-capped chickadee","Animalia",16047,294,"Singing individuals (birds)",2022,1,10,10,2459590,8,2022,3,15,74,2459654,36,"16047_Singing individuals (birds)","Singing individuals",NA,NA,"16047_Singing individuals (birds)_2022",13
2803,39.971001,-105.397003,2329,"CO",245,"Poecile","atricapillus","black-capped chickadee","Animalia",16047,310,"Fruit/seed consumption",2022,1,10,10,2459590,8,2022,3,15,74,2459654,36,"16047_Fruit/seed consumption","Feeding",NA,NA,"16047_Fruit/seed consumption_2022",15
2803,39.971001,-105.397003,2329,"CO",245,"Poecile","atricapillus","black-capped chickadee","Animalia",16047,542,"Feeding (or foraging)",2022,1,10,10,2459590,8,2022,3,15,74,2459654,36,"16047_Feeding (or foraging)","Feeding",NA,NA,"16047_Feeding (or foraging)_2022",9
2803,39.971001,-105.397003,2329,"CO",354,"Selasphorus","platycercus","broad-tailed hummingbird","Animalia",16048,295,"Territorial individuals (birds)",2022,5,9,129,2459709,8,2022,8,25,237,2459817,14,"16048_Territorial individuals (birds)","Territorial behavior",NA,NA,"16048_Territorial individuals (birds)_2022",9
2803,39.971001,-105.397003,2329,"CO",354,"Selasphorus","platycercus","broad-tailed hummingbird","Animalia",16048,312,"Flower visitation",2022,5,9,129,2459709,8,2022,8,25,237,2459817,14,"16048_Flower visitation","Feeding",NA,NA,"16048_Flower visitation_2022",14
2803,39.971001,-105.397003,2329,"CO",354,"Selasphorus","platycercus","broad-tailed hummingbird","Animalia",16048,457,"Insect consumption",2022,5,12,132,2459712,3,2022,8,25,237,2459817,14,"16048_Insect consumption","Feeding",NA,NA,"16048_Insect consumption_2022",14
2803,39.971001,-105.397003,2329,"CO",354,"Selasphorus","platycercus","broad-tailed hummingbird","Animalia",16048,542,"Feeding (or foraging)",2022,5,9,129,2459709,8,2022,8,25,237,2459817,14,"16048_Feeding (or foraging)","Feeding",NA,NA,"16048_Feeding (or foraging)_2022",9
2803,39.971001,-105.397003,2329,"CO",362,"Junco","hyemalis","dark-eyed junco","Animalia",16213,294,"Singing individuals (birds)",2022,5,9,129,2459709,8,2022,5,12,132,2459712,4,"16213_Singing individuals (birds)","Singing individuals",NA,NA,"16213_Singing individuals (birds)_2022",11
2803,39.971001,-105.397003,2329,"CO",362,"Junco","hyemalis","dark-eyed junco","Animalia",16213,310,"Fruit/seed consumption",2022,5,9,129,2459709,8,2022,5,16,136,2459716,8,"16213_Fruit/seed consumption","Feeding",NA,NA,"16213_Fruit/seed consumption_2022",13
2803,39.971001,-105.397003,2329,"CO",357,"Sialia","mexicana","western bluebird","Animalia",16214,294,"Singing individuals (birds)",2022,5,9,129,2459709,8,2022,5,9,129,2459709,3,"16214_Singing individuals (birds)","Singing individuals",NA,NA,"16214_Singing individuals (birds)_2022",10
2803,39.971001,-105.397003,2329,"CO",357,"Sialia","mexicana","western bluebird","Animalia",16214,457,"Insect consumption",2022,5,9,129,2459709,8,2022,5,9,129,2459709,3,"16214_Insect consumption","Feeding",NA,NA,"16214_Insect consumption_2022",12
8496,46.328629,-96.061256,393,"MN",246,"Turdus","migratorius","American robin","Animalia",25780,310,"Fruit/seed consumption",2022,4,10,100,2459680,11,2022,4,17,107,2459687,21,"25780_Fruit/seed consumption","Feeding",NA,NA,"25780_Fruit/seed consumption_2022",9
8496,46.328629,-96.061256,393,"MN",352,"Archilochus","colubris","ruby-throated hummingbird","Animalia",25784,312,"Flower visitation",2022,5,25,145,2459725,13,2022,5,25,145,2459725,3,"25784_Flower visitation","Feeding",NA,NA,"25784_Flower visitation_2022",9
8496,46.328629,-96.061256,393,"MN",1104,"Hirundo","rustica","barn swallow","Animalia",25894,297,"Nest building (birds)",2022,5,25,145,2459725,13,2022,5,25,145,2459725,3,"25894_Nest building (birds)","Nesting behavior",NA,NA,"25894_Nest building (birds)_2022",10
8496,46.328629,-96.061256,393,"MN",1113,"Dryobates","pubescens","downy woodpecker","Animalia",25895,310,"Fruit/seed consumption",2022,5,12,132,2459712,4,2022,5,25,145,2459725,3,"25895_Fruit/seed consumption","Feeding",NA,NA,"25895_Fruit/seed consumption_2022",11
8496,46.328629,-96.061256,393,"MN",1090,"Cardinalis","cardinalis","northern cardinal","Animalia",25898,294,"Singing individuals (birds)",2022,4,10,100,2459680,11,2022,5,25,145,2459725,3,"25898_Singing individuals (birds)","Singing individuals",NA,NA,"25898_Singing individuals (birds)_2022",13
8496,46.328629,-96.061256,393,"MN",1090,"Cardinalis","cardinalis","northern cardinal","Animalia",25898,310,"Fruit/seed consumption",2022,4,17,107,2459687,7,2022,4,17,107,2459687,21,"25898_Fruit/seed consumption","Feeding",NA,NA,"25898_Fruit/seed consumption_2022",11
8496,46.328629,-96.061256,393,"MN",1124,"Tachycineta","bicolor","tree swallow","Animalia",25899,297,"Nest building (birds)",2022,5,12,132,2459712,4,2022,5,12,132,2459712,13,"25899_Nest building (birds)","Nesting behavior",NA,NA,"25899_Nest building (birds)_2022",9
8496,46.328629,-96.061256,393,"MN",1096,"Cyanocitta","cristata","blue jay","Animalia",32294,310,"Fruit/seed consumption",2022,5,25,145,2459725,13,2022,6,2,153,2459733,10,"32294_Fruit/seed consumption","Feeding",NA,NA,"32294_Fruit/seed consumption_2022",13
8496,46.328629,-96.061256,393,"MN",1110,"Passer","domesticus","house sparrow","Animalia",32297,310,"Fruit/seed consumption",2022,5,25,145,2459725,13,2022,5,25,145,2459725,3,"32297_Fruit/seed consumption","Feeding",NA,NA,"32297_Fruit/seed consumption_2022",9
8496,46.328629,-96.061256,393,"MN",240,"Spinus","tristis","American goldfinch","Animalia",34922,310,"Fruit/seed consumption",2022,5,25,145,2459725,13,2022,5,28,148,2459728,5,"34922_Fruit/seed consumption","Feeding",NA,NA,"34922_Fruit/seed consumption_2022",10
10145,42.602543,-83.250992,277,"MI",240,"Spinus","tristis","American goldfinch","Animalia",38837,294,"Singing individuals (birds)",2022,4,25,115,2459695,1,2022,4,25,115,2459695,1,"38837_Singing individuals (birds)","Singing individuals",NA,NA,"38837_Singing individuals (birds)_2022",9
10145,42.602543,-83.250992,277,"MI",362,"Junco","hyemalis","dark-eyed junco","Animalia",38878,294,"Singing individuals (birds)",2022,3,23,82,2459662,1,2022,3,24,83,2459663,1,"38878_Singing individuals (birds)","Singing individuals",NA,NA,"38878_Singing individuals (birds)_2022",11
10145,42.602543,-83.250992,277,"MI",359,"Agelaius","phoeniceus","red-winged blackbird","Animalia",38946,294,"Singing individuals (birds)",2022,4,15,105,2459685,1,2022,4,15,105,2459685,1,"38946_Singing individuals (birds)","Singing individuals",NA,NA,"38946_Singing individuals (birds)_2022",11
9652,44.768246,-94.155746,309,"MN",246,"Turdus","migratorius","American robin","Animalia",40107,294,"Singing individuals (birds)",2022,3,1,60,2459640,14,2022,3,1,60,2459640,15,"40107_Singing individuals (birds)","Singing individuals",NA,NA,"40107_Singing individuals (birds)_2022",11
9652,44.768246,-94.155746,309,"MN",246,"Turdus","migratorius","American robin","Animalia",40107,295,"Territorial individuals (birds)",2022,2,3,34,2459614,3,2022,2,7,38,2459618,8,"40107_Territorial individuals (birds)","Territorial behavior",NA,NA,"40107_Territorial individuals (birds)_2022",9
9652,44.768246,-94.155746,309,"MN",246,"Turdus","migratorius","American robin","Animalia",40107,297,"Nest building (birds)",2022,5,5,125,2459705,1,2022,5,5,125,2459705,4,"40107_Nest building (birds)","Nesting behavior",NA,NA,"40107_Nest building (birds)_2022",9
9652,44.768246,-94.155746,309,"MN",246,"Turdus","migratorius","American robin","Animalia",40107,308,"Fledged young (altricial birds)",2022,6,24,175,2459755,1,2022,6,24,175,2459755,2,"40107_Fledged young (altricial birds)","Young observed",NA,NA,"40107_Fledged young (altricial birds)_2022",9
9652,44.768246,-94.155746,309,"MN",246,"Turdus","migratorius","American robin","Animalia",40107,457,"Insect consumption",2022,4,19,109,2459689,12,2022,4,20,110,2459690,3,"40107_Insect consumption","Feeding",NA,NA,"40107_Insect consumption_2022",10
9652,44.768246,-94.155746,309,"MN",246,"Turdus","migratorius","American robin","Animalia",40107,542,"Feeding (or foraging)",2022,2,5,36,2459616,2,2022,2,5,36,2459616,2,"40107_Feeding (or foraging)","Feeding",NA,NA,"40107_Feeding (or foraging)_2022",9
11313,44.201355,-92.646301,330,"MN",1090,"Cardinalis","cardinalis","northern cardinal","Animalia",46661,294,"Singing individuals (birds)",2022,6,10,161,2459741,6,2022,6,10,161,2459741,8,"46661_Singing individuals (birds)","Singing individuals",NA,NA,"46661_Singing individuals (birds)_2022",10
6102,32.23188,-110.951012,737,"AZ",1110,"Passer","domesticus","house sparrow","Animalia",49643,310,"Fruit/seed consumption",2022,10,20,293,2459873,13,2022,10,20,293,2459873,1,"49643_Fruit/seed consumption","Feeding",NA,NA,"49643_Fruit/seed consumption_2022",9
12064,32.248463,-110.909584,745,"AZ",1088,"Calypte","anna","Anna's hummingbird","Animalia",50759,312,"Flower visitation",2022,3,19,78,2459658,1,2022,4,7,97,2459677,5,"50759_Flower visitation","Feeding",NA,NA,"50759_Flower visitation_2022",9
12064,32.248463,-110.909584,745,"AZ",1088,"Calypte","anna","Anna's hummingbird","Animalia",50759,542,"Feeding (or foraging)",2022,3,19,78,2459658,1,2022,4,7,97,2459677,5,"50759_Feeding (or foraging)","Feeding",NA,NA,"50759_Feeding (or foraging)_2022",9
16295,27.929228,-82.725639,4,"FL",1108,"Mimus","polyglottos","northern mockingbird","Animalia",60950,294,"Singing individuals (birds)",2022,2,26,57,2459637,14,2022,3,19,78,2459658,14,"60950_Singing individuals (birds)","Singing individuals",NA,NA,"60950_Singing individuals (birds)_2022",9
10145,42.602543,-83.250992,277,"MI",1224,"Branta","canadensis","Canada goose","Animalia",64229,541,"Fledged young (precocial birds)",2022,6,15,166,2459746,1,2022,6,15,166,2459746,1,"64229_Fledged young (precocial birds)","Young observed",NA,NA,"64229_Fledged young (precocial birds)_2022",9
17414,42.936153,-73.433449,147,"NY",1124,"Tachycineta","bicolor","tree swallow","Animalia",66940,297,"Nest building (birds)",2022,5,5,125,2459705,4,2022,5,5,125,2459705,6,"66940_Nest building (birds)","Nesting behavior",NA,NA,"66940_Nest building (birds)_2022",9
17414,42.936153,-73.433449,147,"NY",1124,"Tachycineta","bicolor","tree swallow","Animalia",66940,298,"Occupied nest",2022,5,23,143,2459723,7,2022,5,23,143,2459723,3,"66940_Occupied nest","Nesting behavior",NA,NA,"66940_Occupied nest_2022",9
17414,42.936153,-73.433449,147,"NY",1124,"Tachycineta","bicolor","tree swallow","Animalia",66940,457,"Insect consumption",2022,4,13,103,2459683,3,2022,4,22,112,2459692,5,"66940_Insect consumption","Feeding",NA,NA,"66940_Insect consumption_2022",9
17414,42.936153,-73.433449,147,"NY",1124,"Tachycineta","bicolor","tree swallow","Animalia",66940,542,"Feeding (or foraging)",2022,4,13,103,2459683,3,2022,4,22,112,2459692,5,"66940_Feeding (or foraging)","Feeding",NA,NA,"66940_Feeding (or foraging)_2022",9
9652,44.768246,-94.155746,309,"MN",1090,"Cardinalis","cardinalis","northern cardinal","Animalia",69510,294,"Singing individuals (birds)",2022,7,16,197,2459777,9,2022,7,16,197,2459777,2,"69510_Singing individuals (birds)","Singing individuals",NA,NA,"69510_Singing individuals (birds)_2022",9
12725,37.360928,-122.130836,176,"CA",1088,"Calypte","anna","Anna's hummingbird","Animalia",71544,294,"Singing individuals (birds)",2022,1,20,20,2459600,2,2022,1,25,25,2459605,2,"71544_Singing individuals (birds)","Singing individuals",NA,NA,"71544_Singing individuals (birds)_2022",9
12725,37.360928,-122.130836,176,"CA",1088,"Calypte","anna","Anna's hummingbird","Animalia",71544,312,"Flower visitation",2022,1,13,13,2459593,2,2022,1,13,13,2459593,5,"71544_Flower visitation","Feeding",NA,NA,"71544_Flower visitation_2022",9
6099,34.119007,-118.760071,288,"CA",1229,"Melanerpes","formicivorus","acorn woodpecker","Animalia",72367,457,"Insect consumption",2022,1,20,20,2459600,6,2022,1,20,20,2459600,29,"72367_Insect consumption","Feeding",NA,NA,"72367_Insect consumption_2022",10
19944,33.66478,-117.843063,22,"CA",1088,"Calypte","anna","Anna's hummingbird","Animalia",81455,294,"Singing individuals (birds)",2022,1,30,30,2459610,1,2022,2,12,43,2459623,4,"81455_Singing individuals (birds)","Singing individuals",NA,NA,"81455_Singing individuals (birds)_2022",11
19944,33.66478,-117.843063,22,"CA",1088,"Calypte","anna","Anna's hummingbird","Animalia",81455,295,"Territorial individuals (birds)",2022,1,13,13,2459593,3,2022,1,21,21,2459601,8,"81455_Territorial individuals (birds)","Territorial behavior",NA,NA,"81455_Territorial individuals (birds)_2022",9
19944,33.66478,-117.843063,22,"CA",1088,"Calypte","anna","Anna's hummingbird","Animalia",81455,312,"Flower visitation",2022,1,8,8,2459588,7,2022,1,8,8,2459588,2,"81455_Flower visitation","Feeding",NA,NA,"81455_Flower visitation_2022",11
19944,33.66478,-117.843063,22,"CA",1088,"Calypte","anna","Anna's hummingbird","Animalia",81455,457,"Insect consumption",2022,1,8,8,2459588,7,2022,1,8,8,2459588,2,"81455_Insect consumption","Feeding",NA,NA,"81455_Insect consumption_2022",11
19944,33.66478,-117.843063,22,"CA",1088,"Calypte","anna","Anna's hummingbird","Animalia",81455,542,"Feeding (or foraging)",2022,1,8,8,2459588,7,2022,1,8,8,2459588,2,"81455_Feeding (or foraging)","Feeding",NA,NA,"81455_Feeding (or foraging)_2022",9
19944,33.66478,-117.843063,22,"CA",376,"Sayornis","nigricans","black phoebe","Animalia",81456,294,"Singing individuals (birds)",2022,1,29,29,2459609,8,2022,2,12,43,2459623,4,"81456_Singing individuals (birds)","Singing individuals",NA,NA,"81456_Singing individuals (birds)_2022",11
19944,33.66478,-117.843063,22,"CA",376,"Sayornis","nigricans","black phoebe","Animalia",81456,295,"Territorial individuals (birds)",2022,2,12,43,2459623,6,2022,2,12,43,2459623,4,"81456_Territorial individuals (birds)","Territorial behavior",NA,NA,"81456_Territorial individuals (birds)_2022",9
19944,33.66478,-117.843063,22,"CA",376,"Sayornis","nigricans","black phoebe","Animalia",81456,457,"Insect consumption",2022,1,30,30,2459610,1,2022,1,30,30,2459610,5,"81456_Insect consumption","Feeding",NA,NA,"81456_Insect consumption_2022",11
19944,33.66478,-117.843063,22,"CA",376,"Sayornis","nigricans","black phoebe","Animalia",81456,542,"Feeding (or foraging)",2022,1,21,21,2459601,3,2022,3,6,65,2459645,4,"81456_Feeding (or foraging)","Feeding",NA,NA,"81456_Feeding (or foraging)_2022",9
19944,33.66478,-117.843063,22,"CA",242,"Petrochelidon","pyrrhonota","cliff swallow","Animalia",81457,294,"Singing individuals (birds)",2022,3,18,77,2459657,3,2022,3,25,84,2459664,9,"81457_Singing individuals (birds)","Singing individuals",NA,NA,"81457_Singing individuals (birds)_2022",10
19944,33.66478,-117.843063,22,"CA",242,"Petrochelidon","pyrrhonota","cliff swallow","Animalia",81457,297,"Nest building (birds)",2022,4,7,97,2459677,4,2022,4,13,103,2459683,8,"81457_Nest building (birds)","Nesting behavior",NA,NA,"81457_Nest building (birds)_2022",10
19944,33.66478,-117.843063,22,"CA",1197,"Geothlypis","trichas","common yellowthroat","Animalia",81458,294,"Singing individuals (birds)",2022,1,29,29,2459609,8,2022,1,29,29,2459609,1,"81458_Singing individuals (birds)","Singing individuals",NA,NA,"81458_Singing individuals (birds)_2022",11
19944,33.66478,-117.843063,22,"CA",1197,"Geothlypis","trichas","common yellowthroat","Animalia",81458,295,"Territorial individuals (birds)",2022,1,29,29,2459609,8,2022,1,29,29,2459609,1,"81458_Territorial individuals (birds)","Territorial behavior",NA,NA,"81458_Territorial individuals (birds)_2022",9
19944,33.66478,-117.843063,22,"CA",1197,"Geothlypis","trichas","common yellowthroat","Animalia",81458,542,"Feeding (or foraging)",2022,1,30,30,2459610,1,2022,2,6,37,2459617,6,"81458_Feeding (or foraging)","Feeding",NA,NA,"81458_Feeding (or foraging)_2022",9
19944,33.66478,-117.843063,22,"CA",370,"Ardea","herodias","great blue heron","Animalia",81459,542,"Feeding (or foraging)",2022,3,18,77,2459657,3,2022,3,18,77,2459657,7,"81459_Feeding (or foraging)","Feeding",NA,NA,"81459_Feeding (or foraging)_2022",9
19944,33.66478,-117.843063,22,"CA",244,"Charadrius","vociferus","killdeer","Animalia",81460,542,"Feeding (or foraging)",2022,2,6,37,2459617,2,2022,2,6,37,2459617,6,"81460_Feeding (or foraging)","Feeding",NA,NA,"81460_Feeding (or foraging)_2022",9
19944,33.66478,-117.843063,22,"CA",248,"Pandion","haliaetus","osprey","Animalia",81461,297,"Nest building (birds)",2022,1,18,18,2459598,5,2022,1,18,18,2459598,3,"81461_Nest building (birds)","Nesting behavior",NA,NA,"81461_Nest building (birds)_2022",9
19944,33.66478,-117.843063,22,"CA",248,"Pandion","haliaetus","osprey","Animalia",81461,542,"Feeding (or foraging)",2022,2,4,35,2459615,5,2022,2,4,35,2459615,2,"81461_Feeding (or foraging)","Feeding",NA,NA,"81461_Feeding (or foraging)_2022",9
19944,33.66478,-117.843063,22,"CA",373,"Actitis","macularius","spotted sandpiper","Animalia",81462,542,"Feeding (or foraging)",2022,1,30,30,2459610,1,2022,1,30,30,2459610,5,"81462_Feeding (or foraging)","Feeding",NA,NA,"81462_Feeding (or foraging)_2022",9
17414,42.936153,-73.433449,147,"NY",1197,"Geothlypis","trichas","common yellowthroat","Animalia",86970,294,"Singing individuals (birds)",2022,5,15,135,2459715,4,2022,5,26,146,2459726,6,"86970_Singing individuals (birds)","Singing individuals",NA,NA,"86970_Singing individuals (birds)_2022",11
20765,33.632149,-117.55545,440,"CA",1088,"Calypte","anna","Anna's hummingbird","Animalia",88471,312,"Flower visitation",2022,5,15,135,2459715,4,2022,5,15,135,2459715,31,"88471_Flower visitation","Feeding",NA,NA,"88471_Flower visitation_2022",9
20765,33.632149,-117.55545,440,"CA",376,"Sayornis","nigricans","black phoebe","Animalia",88472,457,"Insect consumption",2022,6,19,170,2459750,4,2022,6,19,170,2459750,24,"88472_Insect consumption","Feeding",NA,NA,"88472_Insect consumption_2022",9
20765,33.632149,-117.55545,440,"CA",1380,"Melospiza","melodia","song sparrow","Animalia",88475,294,"Singing individuals (birds)",2022,9,14,257,2459837,6,2022,9,14,257,2459837,28,"88475_Singing individuals (birds)","Singing individuals",NA,NA,"88475_Singing individuals (birds)_2022",10
20765,33.632149,-117.55545,440,"CA",1091,"Spinus","psaltria","lesser goldfinch","Animalia",88478,294,"Singing individuals (birds)",2022,4,11,101,2459681,1,2022,7,13,194,2459774,4,"88478_Singing individuals (birds)","Singing individuals",NA,NA,"88478_Singing individuals (birds)_2022",9
22740,38.525036,-121.970711,43,"CA",741,"Regulus","calendula","ruby-crowned kinglet","Animalia",102229,457,"Insect consumption",2022,9,22,265,2459845,14,2022,9,22,265,2459845,14,"102229_Insect consumption","Feeding",NA,NA,"102229_Insect consumption_2022",9
22740,38.525036,-121.970711,43,"CA",357,"Sialia","mexicana","western bluebird","Animalia",102231,457,"Insect consumption",2022,3,10,69,2459649,12,2022,3,10,69,2459649,16,"102231_Insect consumption","Feeding",NA,NA,"102231_Insect consumption_2022",9
22858,38.09404,-122.37149,-1,"CA",1380,"Melospiza","melodia","song sparrow","Animalia",103159,294,"Singing individuals (birds)",2022,1,10,10,2459590,7,2022,1,10,10,2459590,7,"103159_Singing individuals (birds)","Singing individuals",NA,NA,"103159_Singing individuals (birds)_2022",10
22858,38.09404,-122.37149,-1,"CA",1380,"Melospiza","melodia","song sparrow","Animalia",103159,542,"Feeding (or foraging)",2022,3,7,66,2459646,7,2022,3,7,66,2459646,7,"103159_Feeding (or foraging)","Feeding",NA,NA,"103159_Feeding (or foraging)_2022",9
22858,38.09404,-122.37149,-1,"CA",357,"Sialia","mexicana","western bluebird","Animalia",103161,457,"Insect consumption",2022,1,31,31,2459611,7,2022,2,21,52,2459632,7,"103161_Insect consumption","Feeding",NA,NA,"103161_Insect consumption_2022",9
22858,38.09404,-122.37149,-1,"CA",357,"Sialia","mexicana","western bluebird","Animalia",103161,542,"Feeding (or foraging)",2022,1,31,31,2459611,7,2022,2,21,52,2459632,7,"103161_Feeding (or foraging)","Feeding",NA,NA,"103161_Feeding (or foraging)_2022",9
17414,42.936153,-73.433449,147,"NY",352,"Archilochus","colubris","ruby-throated hummingbird","Animalia",103211,542,"Feeding (or foraging)",2022,5,5,125,2459705,4,2022,9,3,246,2459826,6,"103211_Feeding (or foraging)","Feeding",NA,NA,"103211_Feeding (or foraging)_2022",9
22858,38.09404,-122.37149,-1,"CA",1375,"Anas","platyrhynchos","mallard","Animalia",114733,542,"Feeding (or foraging)",2022,1,10,10,2459590,7,2022,1,10,10,2459590,7,"114733_Feeding (or foraging)","Feeding",NA,NA,"114733_Feeding (or foraging)_2022",9
22858,38.09404,-122.37149,-1,"CA",359,"Agelaius","phoeniceus","red-winged blackbird","Animalia",114734,294,"Singing individuals (birds)",2022,1,24,24,2459604,7,2022,3,28,87,2459667,7,"114734_Singing individuals (birds)","Singing individuals",NA,NA,"114734_Singing individuals (birds)_2022",9
22858,38.09404,-122.37149,-1,"CA",359,"Agelaius","phoeniceus","red-winged blackbird","Animalia",114734,542,"Feeding (or foraging)",2022,1,24,24,2459604,7,2022,5,2,122,2459702,7,"114734_Feeding (or foraging)","Feeding",NA,NA,"114734_Feeding (or foraging)_2022",9
22858,38.09404,-122.37149,-1,"CA",1088,"Calypte","anna","Anna's hummingbird","Animalia",114826,295,"Territorial individuals (birds)",2022,5,23,143,2459723,7,2022,5,30,150,2459730,7,"114826_Territorial individuals (birds)","Territorial behavior",NA,NA,"114826_Territorial individuals (birds)_2022",9
22858,38.09404,-122.37149,-1,"CA",1088,"Calypte","anna","Anna's hummingbird","Animalia",114826,542,"Feeding (or foraging)",2022,1,17,17,2459597,7,2022,1,17,17,2459597,7,"114826_Feeding (or foraging)","Feeding",NA,NA,"114826_Feeding (or foraging)_2022",9
2803,39.971001,-105.397003,2329,"CO",1113,"Dryobates","pubescens","downy woodpecker","Animalia",122049,310,"Fruit/seed consumption",2022,3,12,71,2459651,5,2022,5,24,144,2459724,33,"122049_Fruit/seed consumption","Feeding",NA,NA,"122049_Fruit/seed consumption_2022",9
2803,39.971001,-105.397003,2329,"CO",1113,"Dryobates","pubescens","downy woodpecker","Animalia",122049,542,"Feeding (or foraging)",2022,3,12,71,2459651,5,2022,6,26,177,2459757,29,"122049_Feeding (or foraging)","Feeding",NA,NA,"122049_Feeding (or foraging)_2022",9
2803,39.971001,-105.397003,2329,"CO",1411,"Poecile","gambeli","mountain chickadee","Animalia",122050,294,"Singing individuals (birds)",2022,5,9,129,2459709,8,2022,5,12,132,2459712,4,"122050_Singing individuals (birds)","Singing individuals",NA,NA,"122050_Singing individuals (birds)_2022",9
2803,39.971001,-105.397003,2329,"CO",1411,"Poecile","gambeli","mountain chickadee","Animalia",122050,542,"Feeding (or foraging)",2022,1,10,10,2459590,8,2022,3,15,74,2459654,36,"122050_Feeding (or foraging)","Feeding",NA,NA,"122050_Feeding (or foraging)_2022",9
2803,39.971001,-105.397003,2329,"CO",1398,"Cyanocitta","stelleri","Steller's jay","Animalia",122052,310,"Fruit/seed consumption",2022,10,18,291,2459871,6,2022,10,18,291,2459871,3,"122052_Fruit/seed consumption","Feeding",NA,NA,"122052_Fruit/seed consumption_2022",9
2803,39.971001,-105.397003,2329,"CO",1398,"Cyanocitta","stelleri","Steller's jay","Animalia",122052,457,"Insect consumption",2022,5,1,121,2459701,11,2022,7,25,206,2459786,8,"122052_Insect consumption","Feeding",NA,NA,"122052_Insect consumption_2022",9
2803,39.971001,-105.397003,2329,"CO",1398,"Cyanocitta","stelleri","Steller's jay","Animalia",122052,542,"Feeding (or foraging)",2022,10,18,291,2459871,6,2022,10,18,291,2459871,3,"122052_Feeding (or foraging)","Feeding",NA,NA,"122052_Feeding (or foraging)_2022",9
2803,39.971001,-105.397003,2329,"CO",1415,"Sitta","carolinensis","white-breasted nuthatch","Animalia",122053,294,"Singing individuals (birds)",2022,1,10,10,2459590,8,2022,8,2,214,2459794,9,"122053_Singing individuals (birds)","Singing individuals",NA,NA,"122053_Singing individuals (birds)_2022",9
2803,39.971001,-105.397003,2329,"CO",1415,"Sitta","carolinensis","white-breasted nuthatch","Animalia",122053,457,"Insect consumption",2022,5,9,129,2459709,8,2022,8,18,230,2459810,7,"122053_Insect consumption","Feeding",NA,NA,"122053_Insect consumption_2022",9
2803,39.971001,-105.397003,2329,"CO",1415,"Sitta","carolinensis","white-breasted nuthatch","Animalia",122053,542,"Feeding (or foraging)",2022,1,10,10,2459590,8,2022,8,18,230,2459810,7,"122053_Feeding (or foraging)","Feeding",NA,NA,"122053_Feeding (or foraging)_2022",9
12064,32.248463,-110.909584,745,"AZ",1223,"Auriparus","flaviceps","verdin","Animalia",139417,542,"Feeding (or foraging)",2022,3,19,78,2459658,1,2022,4,7,97,2459677,5,"139417_Feeding (or foraging)","Feeding",NA,NA,"139417_Feeding (or foraging)_2022",9
27407,38.037094,-122.394722,-6,"CA",244,"Charadrius","vociferus","killdeer","Animalia",141455,542,"Feeding (or foraging)",2022,2,21,52,2459632,7,2022,2,21,52,2459632,7,"141455_Feeding (or foraging)","Feeding",NA,NA,"141455_Feeding (or foraging)_2022",9
27407,38.037094,-122.394722,-6,"CA",1375,"Anas","platyrhynchos","mallard","Animalia",141456,542,"Feeding (or foraging)",2022,1,31,31,2459611,7,2022,1,31,31,2459611,7,"141456_Feeding (or foraging)","Feeding",NA,NA,"141456_Feeding (or foraging)_2022",9
27407,38.037094,-122.394722,-6,"CA",375,"Zenaida","macroura","mourning dove","Animalia",141460,294,"Singing individuals (birds)",2022,1,24,24,2459604,7,2022,1,24,24,2459604,7,"141460_Singing individuals (birds)","Singing individuals",NA,NA,"141460_Singing individuals (birds)_2022",9
27407,38.037094,-122.394722,-6,"CA",376,"Sayornis","nigricans","black phoebe","Animalia",141461,294,"Singing individuals (birds)",2022,3,14,73,2459653,7,2022,3,14,73,2459653,7,"141461_Singing individuals (birds)","Singing individuals",NA,NA,"141461_Singing individuals (birds)_2022",9
27407,38.037094,-122.394722,-6,"CA",376,"Sayornis","nigricans","black phoebe","Animalia",141461,457,"Insect consumption",2022,1,17,17,2459597,7,2022,1,17,17,2459597,7,"141461_Insect consumption","Feeding",NA,NA,"141461_Insect consumption_2022",9
27407,38.037094,-122.394722,-6,"CA",376,"Sayornis","nigricans","black phoebe","Animalia",141461,542,"Feeding (or foraging)",2022,1,17,17,2459597,7,2022,1,17,17,2459597,7,"141461_Feeding (or foraging)","Feeding",NA,NA,"141461_Feeding (or foraging)_2022",9
22740,38.525036,-121.970711,43,"CA",1654,"Baeolophus","inornatus","oak titmouse","Animalia",148019,457,"Insect consumption",2022,4,7,97,2459677,12,2022,7,14,195,2459775,14,"148019_Insect consumption","Feeding",NA,NA,"148019_Insect consumption_2022",9
1419,42.011166,-88.503304,280,"IL",246,"Turdus","migratorius","American robin","Animalia",10282,294,"Singing individuals (birds)",2023,4,17,107,2460052,5,2023,4,17,107,2460052,7,"10282_Singing individuals (birds)","Singing individuals",NA,NA,"10282_Singing individuals (birds)_2023",13
1419,42.011166,-88.503304,280,"IL",246,"Turdus","migratorius","American robin","Animalia",10282,457,"Insect consumption",2023,4,24,114,2460059,7,2023,4,24,114,2460059,11,"10282_Insect consumption","Feeding",NA,NA,"10282_Insect consumption_2023",9
1419,42.011166,-88.503304,280,"IL",245,"Poecile","atricapillus","black-capped chickadee","Animalia",10283,294,"Singing individuals (birds)",2023,4,17,107,2460052,5,2023,4,17,107,2460052,7,"10283_Singing individuals (birds)","Singing individuals",NA,NA,"10283_Singing individuals (birds)_2023",12
5674,44.910587,-70.266861,261,"ME",246,"Turdus","migratorius","American robin","Animalia",12709,310,"Fruit/seed consumption",2023,5,5,125,2460070,11,2023,5,14,134,2460079,7,"12709_Fruit/seed consumption","Feeding",NA,NA,"12709_Fruit/seed consumption_2023",11
5674,44.910587,-70.266861,261,"ME",246,"Turdus","migratorius","American robin","Animalia",12709,457,"Insect consumption",2023,5,21,141,2460086,7,2023,5,27,147,2460092,1,"12709_Insect consumption","Feeding",NA,NA,"12709_Insect consumption_2023",11
5674,44.910587,-70.266861,261,"ME",246,"Turdus","migratorius","American robin","Animalia",12709,542,"Feeding (or foraging)",2023,5,5,125,2460070,11,2023,7,2,183,2460128,7,"12709_Feeding (or foraging)","Feeding",NA,NA,"12709_Feeding (or foraging)_2023",9
5674,44.910587,-70.266861,261,"ME",352,"Archilochus","colubris","ruby-throated hummingbird","Animalia",12712,295,"Territorial individuals (birds)",2023,5,21,141,2460086,7,2023,9,3,246,2460191,7,"12712_Territorial individuals (birds)","Territorial behavior",NA,NA,"12712_Territorial individuals (birds)_2023",9
5674,44.910587,-70.266861,261,"ME",352,"Archilochus","colubris","ruby-throated hummingbird","Animalia",12712,312,"Flower visitation",2023,6,11,162,2460107,7,2023,7,16,197,2460142,7,"12712_Flower visitation","Feeding",NA,NA,"12712_Flower visitation_2023",13
5674,44.910587,-70.266861,261,"ME",352,"Archilochus","colubris","ruby-throated hummingbird","Animalia",12712,542,"Feeding (or foraging)",2023,5,5,125,2460070,11,2023,9,10,253,2460198,7,"12712_Feeding (or foraging)","Feeding",NA,NA,"12712_Feeding (or foraging)_2023",9
2803,39.971001,-105.397003,2329,"CO",246,"Turdus","migratorius","American robin","Animalia",16046,294,"Singing individuals (birds)",2023,3,6,65,2460010,5,2023,3,17,76,2460021,14,"16046_Singing individuals (birds)","Singing individuals",NA,NA,"16046_Singing individuals (birds)_2023",14
2803,39.971001,-105.397003,2329,"CO",246,"Turdus","migratorius","American robin","Animalia",16046,457,"Insect consumption",2023,3,8,67,2460012,7,2023,3,17,76,2460021,14,"16046_Insect consumption","Feeding",NA,NA,"16046_Insect consumption_2023",15
2803,39.971001,-105.397003,2329,"CO",246,"Turdus","migratorius","American robin","Animalia",16046,542,"Feeding (or foraging)",2023,3,8,67,2460012,7,2023,3,17,76,2460021,14,"16046_Feeding (or foraging)","Feeding",NA,NA,"16046_Feeding (or foraging)_2023",9
2803,39.971001,-105.397003,2329,"CO",245,"Poecile","atricapillus","black-capped chickadee","Animalia",16047,294,"Singing individuals (birds)",2023,1,8,8,2459953,6,2023,4,13,103,2460048,6,"16047_Singing individuals (birds)","Singing individuals",NA,NA,"16047_Singing individuals (birds)_2023",13
2803,39.971001,-105.397003,2329,"CO",245,"Poecile","atricapillus","black-capped chickadee","Animalia",16047,310,"Fruit/seed consumption",2023,1,8,8,2459953,6,2023,4,13,103,2460048,6,"16047_Fruit/seed consumption","Feeding",NA,NA,"16047_Fruit/seed consumption_2023",15
2803,39.971001,-105.397003,2329,"CO",245,"Poecile","atricapillus","black-capped chickadee","Animalia",16047,542,"Feeding (or foraging)",2023,1,8,8,2459953,6,2023,4,13,103,2460048,6,"16047_Feeding (or foraging)","Feeding",NA,NA,"16047_Feeding (or foraging)_2023",9
2803,39.971001,-105.397003,2329,"CO",354,"Selasphorus","platycercus","broad-tailed hummingbird","Animalia",16048,295,"Territorial individuals (birds)",2023,5,6,126,2460071,4,2023,8,14,226,2460171,3,"16048_Territorial individuals (birds)","Territorial behavior",NA,NA,"16048_Territorial individuals (birds)_2023",9
2803,39.971001,-105.397003,2329,"CO",354,"Selasphorus","platycercus","broad-tailed hummingbird","Animalia",16048,312,"Flower visitation",2023,5,6,126,2460071,4,2023,9,14,257,2460202,4,"16048_Flower visitation","Feeding",NA,NA,"16048_Flower visitation_2023",14
2803,39.971001,-105.397003,2329,"CO",354,"Selasphorus","platycercus","broad-tailed hummingbird","Animalia",16048,457,"Insect consumption",2023,5,12,132,2460077,6,2023,9,7,250,2460195,7,"16048_Insect consumption","Feeding",NA,NA,"16048_Insect consumption_2023",14
2803,39.971001,-105.397003,2329,"CO",354,"Selasphorus","platycercus","broad-tailed hummingbird","Animalia",16048,542,"Feeding (or foraging)",2023,5,2,122,2460067,5,2023,9,14,257,2460202,4,"16048_Feeding (or foraging)","Feeding",NA,NA,"16048_Feeding (or foraging)_2023",9
2803,39.971001,-105.397003,2329,"CO",362,"Junco","hyemalis","dark-eyed junco","Animalia",16213,294,"Singing individuals (birds)",2023,3,17,76,2460021,6,2023,9,1,244,2460189,4,"16213_Singing individuals (birds)","Singing individuals",NA,NA,"16213_Singing individuals (birds)_2023",11
2803,39.971001,-105.397003,2329,"CO",362,"Junco","hyemalis","dark-eyed junco","Animalia",16213,310,"Fruit/seed consumption",2023,2,20,51,2459996,7,2023,2,20,51,2459996,9,"16213_Fruit/seed consumption","Feeding",NA,NA,"16213_Fruit/seed consumption_2023",13
2803,39.971001,-105.397003,2329,"CO",357,"Sialia","mexicana","western bluebird","Animalia",16214,294,"Singing individuals (birds)",2023,4,10,100,2460045,10,2023,4,13,103,2460048,6,"16214_Singing individuals (birds)","Singing individuals",NA,NA,"16214_Singing individuals (birds)_2023",10
2803,39.971001,-105.397003,2329,"CO",357,"Sialia","mexicana","western bluebird","Animalia",16214,457,"Insect consumption",2023,4,10,100,2460045,10,2023,4,13,103,2460048,6,"16214_Insect consumption","Feeding",NA,NA,"16214_Insect consumption_2023",12
8418,32.363758,-94.873947,115,"TX",246,"Turdus","migratorius","American robin","Animalia",25349,294,"Singing individuals (birds)",2023,1,8,8,2459953,7,2023,1,8,8,2459953,7,"25349_Singing individuals (birds)","Singing individuals",NA,NA,"25349_Singing individuals (birds)_2023",11
8418,32.363758,-94.873947,115,"TX",246,"Turdus","migratorius","American robin","Animalia",25349,310,"Fruit/seed consumption",2023,3,12,71,2460016,3,2023,3,12,71,2460016,5,"25349_Fruit/seed consumption","Feeding",NA,NA,"25349_Fruit/seed consumption_2023",10
8418,32.363758,-94.873947,115,"TX",246,"Turdus","migratorius","American robin","Animalia",25349,457,"Insect consumption",2023,1,8,8,2459953,7,2023,1,8,8,2459953,7,"25349_Insect consumption","Feeding",NA,NA,"25349_Insect consumption_2023",11
8418,32.363758,-94.873947,115,"TX",1108,"Mimus","polyglottos","northern mockingbird","Animalia",25351,294,"Singing individuals (birds)",2023,1,22,22,2459967,7,2023,1,22,22,2459967,14,"25351_Singing individuals (birds)","Singing individuals",NA,NA,"25351_Singing individuals (birds)_2023",11
8418,32.363758,-94.873947,115,"TX",1108,"Mimus","polyglottos","northern mockingbird","Animalia",25351,310,"Fruit/seed consumption",2023,2,9,40,2459985,4,2023,2,20,51,2459996,6,"25351_Fruit/seed consumption","Feeding",NA,NA,"25351_Fruit/seed consumption_2023",10
8418,32.363758,-94.873947,115,"TX",1108,"Mimus","polyglottos","northern mockingbird","Animalia",25351,457,"Insect consumption",2023,3,12,71,2460016,3,2023,3,12,71,2460016,5,"25351_Insect consumption","Feeding",NA,NA,"25351_Insect consumption_2023",11
8496,46.328629,-96.061256,393,"MN",1090,"Cardinalis","cardinalis","northern cardinal","Animalia",25898,294,"Singing individuals (birds)",2023,4,24,114,2460059,6,2023,5,18,138,2460083,5,"25898_Singing individuals (birds)","Singing individuals",NA,NA,"25898_Singing individuals (birds)_2023",13
8418,32.363758,-94.873947,115,"TX",1096,"Cyanocitta","cristata","blue jay","Animalia",28244,310,"Fruit/seed consumption",2023,1,8,8,2459953,7,2023,1,8,8,2459953,7,"28244_Fruit/seed consumption","Feeding",NA,NA,"28244_Fruit/seed consumption_2023",11
8418,32.363758,-94.873947,115,"TX",356,"Sialia","sialis","eastern bluebird","Animalia",28245,457,"Insect consumption",2023,3,9,68,2460013,7,2023,3,9,68,2460013,3,"28245_Insect consumption","Feeding",NA,NA,"28245_Insect consumption_2023",10
8418,32.363758,-94.873947,115,"TX",375,"Zenaida","macroura","mourning dove","Animalia",28246,294,"Singing individuals (birds)",2023,4,27,117,2460062,7,2023,4,27,117,2460062,3,"28246_Singing individuals (birds)","Singing individuals",NA,NA,"28246_Singing individuals (birds)_2023",10
8418,32.363758,-94.873947,115,"TX",1090,"Cardinalis","cardinalis","northern cardinal","Animalia",28247,294,"Singing individuals (birds)",2023,2,20,51,2459996,4,2023,6,15,166,2460111,3,"28247_Singing individuals (birds)","Singing individuals",NA,NA,"28247_Singing individuals (birds)_2023",11
8418,32.363758,-94.873947,115,"TX",1090,"Cardinalis","cardinalis","northern cardinal","Animalia",28247,310,"Fruit/seed consumption",2023,3,2,61,2460006,4,2023,6,22,173,2460118,3,"28247_Fruit/seed consumption","Feeding",NA,NA,"28247_Fruit/seed consumption_2023",11
8418,32.363758,-94.873947,115,"TX",1090,"Cardinalis","cardinalis","northern cardinal","Animalia",28247,457,"Insect consumption",2023,4,1,91,2460036,6,2023,4,1,91,2460036,5,"28247_Insect consumption","Feeding",NA,NA,"28247_Insect consumption_2023",10
8418,32.363758,-94.873947,115,"TX",352,"Archilochus","colubris","ruby-throated hummingbird","Animalia",30980,312,"Flower visitation",2023,5,18,138,2460083,4,2023,5,18,138,2460083,3,"30980_Flower visitation","Feeding",NA,NA,"30980_Flower visitation_2023",11
8496,46.328629,-96.061256,393,"MN",1096,"Cyanocitta","cristata","blue jay","Animalia",32294,310,"Fruit/seed consumption",2023,4,18,108,2460053,9,2023,4,18,108,2460053,6,"32294_Fruit/seed consumption","Feeding",NA,NA,"32294_Fruit/seed consumption_2023",13
8496,46.328629,-96.061256,393,"MN",1110,"Passer","domesticus","house sparrow","Animalia",32297,310,"Fruit/seed consumption",2023,4,18,108,2460053,9,2023,4,18,108,2460053,6,"32297_Fruit/seed consumption","Feeding",NA,NA,"32297_Fruit/seed consumption_2023",9
8418,32.363758,-94.873947,115,"TX",362,"Junco","hyemalis","dark-eyed junco","Animalia",33174,310,"Fruit/seed consumption",2023,2,9,40,2459985,4,2023,2,9,40,2459985,4,"33174_Fruit/seed consumption","Feeding",NA,NA,"33174_Fruit/seed consumption_2023",10
8418,32.363758,-94.873947,115,"TX",240,"Spinus","tristis","American goldfinch","Animalia",33798,310,"Fruit/seed consumption",2023,1,15,15,2459960,7,2023,2,9,40,2459985,4,"33798_Fruit/seed consumption","Feeding",NA,NA,"33798_Fruit/seed consumption_2023",10
8496,46.328629,-96.061256,393,"MN",240,"Spinus","tristis","American goldfinch","Animalia",34922,310,"Fruit/seed consumption",2023,4,18,108,2460053,9,2023,5,18,138,2460083,5,"34922_Fruit/seed consumption","Feeding",NA,NA,"34922_Fruit/seed consumption_2023",10
8418,32.363758,-94.873947,115,"TX",1110,"Passer","domesticus","house sparrow","Animalia",35674,294,"Singing individuals (birds)",2023,2,20,51,2459996,4,2023,2,20,51,2459996,6,"35674_Singing individuals (birds)","Singing individuals",NA,NA,"35674_Singing individuals (birds)_2023",9
8418,32.363758,-94.873947,115,"TX",1110,"Passer","domesticus","house sparrow","Animalia",35674,310,"Fruit/seed consumption",2023,3,17,76,2460021,5,2023,4,27,117,2460062,3,"35674_Fruit/seed consumption","Feeding",NA,NA,"35674_Fruit/seed consumption_2023",10
10145,42.602543,-83.250992,277,"MI",246,"Turdus","migratorius","American robin","Animalia",38840,310,"Fruit/seed consumption",2023,11,14,318,2460263,1,2023,11,14,318,2460263,1,"38840_Fruit/seed consumption","Feeding",NA,NA,"38840_Fruit/seed consumption_2023",9
10145,42.602543,-83.250992,277,"MI",362,"Junco","hyemalis","dark-eyed junco","Animalia",38878,294,"Singing individuals (birds)",2023,1,24,24,2459969,1,2023,1,24,24,2459969,1,"38878_Singing individuals (birds)","Singing individuals",NA,NA,"38878_Singing individuals (birds)_2023",11
9652,44.768246,-94.155746,309,"MN",246,"Turdus","migratorius","American robin","Animalia",40107,294,"Singing individuals (birds)",2023,4,27,117,2460062,11,2023,4,27,117,2460062,7,"40107_Singing individuals (birds)","Singing individuals",NA,NA,"40107_Singing individuals (birds)_2023",11
9652,44.768246,-94.155746,309,"MN",246,"Turdus","migratorius","American robin","Animalia",40107,295,"Territorial individuals (birds)",2023,4,16,106,2460051,9,2023,4,27,117,2460062,7,"40107_Territorial individuals (birds)","Territorial behavior",NA,NA,"40107_Territorial individuals (birds)_2023",9
9652,44.768246,-94.155746,309,"MN",246,"Turdus","migratorius","American robin","Animalia",40107,297,"Nest building (birds)",2023,4,27,117,2460062,11,2023,5,4,124,2460069,1,"40107_Nest building (birds)","Nesting behavior",NA,NA,"40107_Nest building (birds)_2023",9
9652,44.768246,-94.155746,309,"MN",246,"Turdus","migratorius","American robin","Animalia",40107,308,"Fledged young (altricial birds)",2023,5,24,144,2460089,8,2023,5,25,145,2460090,1,"40107_Fledged young (altricial birds)","Young observed",NA,NA,"40107_Fledged young (altricial birds)_2023",9
9652,44.768246,-94.155746,309,"MN",246,"Turdus","migratorius","American robin","Animalia",40107,457,"Insect consumption",2023,4,6,96,2460041,4,2023,4,27,117,2460062,7,"40107_Insect consumption","Feeding",NA,NA,"40107_Insect consumption_2023",10
9652,44.768246,-94.155746,309,"MN",246,"Turdus","migratorius","American robin","Animalia",40107,542,"Feeding (or foraging)",2023,1,18,18,2459963,4,2023,1,18,18,2459963,21,"40107_Feeding (or foraging)","Feeding",NA,NA,"40107_Feeding (or foraging)_2023",9
8418,32.363758,-94.873947,115,"TX",1113,"Dryobates","pubescens","downy woodpecker","Animalia",41679,310,"Fruit/seed consumption",2023,1,8,8,2459953,7,2023,2,9,40,2459985,4,"41679_Fruit/seed consumption","Feeding",NA,NA,"41679_Fruit/seed consumption_2023",10
8418,32.363758,-94.873947,115,"TX",1113,"Dryobates","pubescens","downy woodpecker","Animalia",41679,457,"Insect consumption",2023,3,17,76,2460021,5,2023,3,17,76,2460021,3,"41679_Insect consumption","Feeding",NA,NA,"41679_Insect consumption_2023",9
11313,44.201355,-92.646301,330,"MN",1090,"Cardinalis","cardinalis","northern cardinal","Animalia",46661,294,"Singing individuals (birds)",2023,3,25,84,2460029,8,2023,3,25,84,2460029,7,"46661_Singing individuals (birds)","Singing individuals",NA,NA,"46661_Singing individuals (birds)_2023",10
8418,32.363758,-94.873947,115,"TX",1126,"Thryothorus","ludovicianus","Carolina wren","Animalia",46734,310,"Fruit/seed consumption",2023,1,15,15,2459960,7,2023,1,22,22,2459967,14,"46734_Fruit/seed consumption","Feeding",NA,NA,"46734_Fruit/seed consumption_2023",10
6102,32.23188,-110.951012,737,"AZ",1110,"Passer","domesticus","house sparrow","Animalia",49643,310,"Fruit/seed consumption",2023,1,28,28,2459973,1,2023,1,28,28,2459973,1,"49643_Fruit/seed consumption","Feeding",NA,NA,"49643_Fruit/seed consumption_2023",9
12064,32.248463,-110.909584,745,"AZ",1088,"Calypte","anna","Anna's hummingbird","Animalia",50759,312,"Flower visitation",2023,1,12,12,2459957,7,2023,1,12,12,2459957,7,"50759_Flower visitation","Feeding",NA,NA,"50759_Flower visitation_2023",9
12064,32.248463,-110.909584,745,"AZ",1088,"Calypte","anna","Anna's hummingbird","Animalia",50759,542,"Feeding (or foraging)",2023,1,12,12,2459957,7,2023,1,12,12,2459957,7,"50759_Feeding (or foraging)","Feeding",NA,NA,"50759_Feeding (or foraging)_2023",9
8418,32.363758,-94.873947,115,"TX",359,"Agelaius","phoeniceus","red-winged blackbird","Animalia",62147,310,"Fruit/seed consumption",2023,3,12,71,2460016,3,2023,4,6,96,2460041,14,"62147_Fruit/seed consumption","Feeding",NA,NA,"62147_Fruit/seed consumption_2023",9
8418,32.363758,-94.873947,115,"TX",1233,"Poecile","carolinensis","Carolina chickadee","Animalia",63335,310,"Fruit/seed consumption",2023,3,20,79,2460024,3,2023,3,20,79,2460024,3,"63335_Fruit/seed consumption","Feeding",NA,NA,"63335_Fruit/seed consumption_2023",9
10145,42.602543,-83.250992,277,"MI",1224,"Branta","canadensis","Canada goose","Animalia",64229,541,"Fledged young (precocial birds)",2023,5,6,126,2460071,1,2023,5,6,126,2460071,1,"64229_Fledged young (precocial birds)","Young observed",NA,NA,"64229_Fledged young (precocial birds)_2023",9
8418,32.363758,-94.873947,115,"TX",363,"Molothrus","ater","brown-headed cowbird","Animalia",64379,310,"Fruit/seed consumption",2023,4,20,110,2460055,14,2023,4,20,110,2460055,7,"64379_Fruit/seed consumption","Feeding",NA,NA,"64379_Fruit/seed consumption_2023",9
17414,42.936153,-73.433449,147,"NY",1124,"Tachycineta","bicolor","tree swallow","Animalia",66940,298,"Occupied nest",2023,5,11,131,2460076,5,2023,6,22,173,2460118,6,"66940_Occupied nest","Nesting behavior",NA,NA,"66940_Occupied nest_2023",9
17414,42.936153,-73.433449,147,"NY",1124,"Tachycineta","bicolor","tree swallow","Animalia",66940,457,"Insect consumption",2023,4,9,99,2460044,4,2023,4,15,105,2460050,1,"66940_Insect consumption","Feeding",NA,NA,"66940_Insect consumption_2023",9
17414,42.936153,-73.433449,147,"NY",1124,"Tachycineta","bicolor","tree swallow","Animalia",66940,542,"Feeding (or foraging)",2023,4,9,99,2460044,4,2023,4,15,105,2460050,1,"66940_Feeding (or foraging)","Feeding",NA,NA,"66940_Feeding (or foraging)_2023",9
17707,37.360123,-122.128151,170,"CA",362,"Junco","hyemalis","dark-eyed junco","Animalia",68613,294,"Singing individuals (birds)",2023,2,9,40,2459985,2,2023,2,9,40,2459985,5,"68613_Singing individuals (birds)","Singing individuals",NA,NA,"68613_Singing individuals (birds)_2023",9
9652,44.768246,-94.155746,309,"MN",1090,"Cardinalis","cardinalis","northern cardinal","Animalia",69510,294,"Singing individuals (birds)",2023,2,26,57,2460002,4,2023,2,26,57,2460002,17,"69510_Singing individuals (birds)","Singing individuals",NA,NA,"69510_Singing individuals (birds)_2023",9
12725,37.360928,-122.130836,176,"CA",1088,"Calypte","anna","Anna's hummingbird","Animalia",71544,294,"Singing individuals (birds)",2023,5,2,122,2460067,5,2023,5,2,122,2460067,2,"71544_Singing individuals (birds)","Singing individuals",NA,NA,"71544_Singing individuals (birds)_2023",9
12725,37.360928,-122.130836,176,"CA",1088,"Calypte","anna","Anna's hummingbird","Animalia",71544,312,"Flower visitation",2023,5,18,138,2460083,2,2023,5,18,138,2460083,5,"71544_Flower visitation","Feeding",NA,NA,"71544_Flower visitation_2023",9
19944,33.66478,-117.843063,22,"CA",1088,"Calypte","anna","Anna's hummingbird","Animalia",81455,294,"Singing individuals (birds)",2023,1,21,21,2459966,4,2023,1,21,21,2459966,6,"81455_Singing individuals (birds)","Singing individuals",NA,NA,"81455_Singing individuals (birds)_2023",11
19944,33.66478,-117.843063,22,"CA",1088,"Calypte","anna","Anna's hummingbird","Animalia",81455,295,"Territorial individuals (birds)",2023,1,21,21,2459966,4,2023,1,21,21,2459966,6,"81455_Territorial individuals (birds)","Territorial behavior",NA,NA,"81455_Territorial individuals (birds)_2023",9
19944,33.66478,-117.843063,22,"CA",1088,"Calypte","anna","Anna's hummingbird","Animalia",81455,312,"Flower visitation",2023,2,10,41,2459986,4,2023,2,10,41,2459986,5,"81455_Flower visitation","Feeding",NA,NA,"81455_Flower visitation_2023",11
19944,33.66478,-117.843063,22,"CA",1088,"Calypte","anna","Anna's hummingbird","Animalia",81455,457,"Insect consumption",2023,1,17,17,2459962,9,2023,1,21,21,2459966,6,"81455_Insect consumption","Feeding",NA,NA,"81455_Insect consumption_2023",11
19944,33.66478,-117.843063,22,"CA",1088,"Calypte","anna","Anna's hummingbird","Animalia",81455,542,"Feeding (or foraging)",2023,1,17,17,2459962,9,2023,1,27,27,2459972,2,"81455_Feeding (or foraging)","Feeding",NA,NA,"81455_Feeding (or foraging)_2023",9
19944,33.66478,-117.843063,22,"CA",376,"Sayornis","nigricans","black phoebe","Animalia",81456,294,"Singing individuals (birds)",2023,1,8,8,2459953,7,2023,1,21,21,2459966,6,"81456_Singing individuals (birds)","Singing individuals",NA,NA,"81456_Singing individuals (birds)_2023",11
19944,33.66478,-117.843063,22,"CA",376,"Sayornis","nigricans","black phoebe","Animalia",81456,295,"Territorial individuals (birds)",2023,6,5,156,2460101,8,2023,6,5,156,2460101,8,"81456_Territorial individuals (birds)","Territorial behavior",NA,NA,"81456_Territorial individuals (birds)_2023",9
19944,33.66478,-117.843063,22,"CA",376,"Sayornis","nigricans","black phoebe","Animalia",81456,457,"Insect consumption",2023,1,29,29,2459974,2,2023,2,10,41,2459986,5,"81456_Insect consumption","Feeding",NA,NA,"81456_Insect consumption_2023",11
19944,33.66478,-117.843063,22,"CA",376,"Sayornis","nigricans","black phoebe","Animalia",81456,542,"Feeding (or foraging)",2023,1,21,21,2459966,4,2023,2,15,46,2459991,2,"81456_Feeding (or foraging)","Feeding",NA,NA,"81456_Feeding (or foraging)_2023",9
19944,33.66478,-117.843063,22,"CA",242,"Petrochelidon","pyrrhonota","cliff swallow","Animalia",81457,294,"Singing individuals (birds)",2023,4,2,92,2460037,2,2023,4,2,92,2460037,8,"81457_Singing individuals (birds)","Singing individuals",NA,NA,"81457_Singing individuals (birds)_2023",10
19944,33.66478,-117.843063,22,"CA",242,"Petrochelidon","pyrrhonota","cliff swallow","Animalia",81457,297,"Nest building (birds)",2023,4,18,108,2460053,8,2023,4,18,108,2460053,10,"81457_Nest building (birds)","Nesting behavior",NA,NA,"81457_Nest building (birds)_2023",10
19944,33.66478,-117.843063,22,"CA",1197,"Geothlypis","trichas","common yellowthroat","Animalia",81458,294,"Singing individuals (birds)",2023,1,27,27,2459972,6,2023,1,27,27,2459972,2,"81458_Singing individuals (birds)","Singing individuals",NA,NA,"81458_Singing individuals (birds)_2023",11
19944,33.66478,-117.843063,22,"CA",1197,"Geothlypis","trichas","common yellowthroat","Animalia",81458,295,"Territorial individuals (birds)",2023,2,10,41,2459986,4,2023,2,10,41,2459986,5,"81458_Territorial individuals (birds)","Territorial behavior",NA,NA,"81458_Territorial individuals (birds)_2023",9
19944,33.66478,-117.843063,22,"CA",1197,"Geothlypis","trichas","common yellowthroat","Animalia",81458,542,"Feeding (or foraging)",2023,1,21,21,2459966,4,2023,2,15,46,2459991,2,"81458_Feeding (or foraging)","Feeding",NA,NA,"81458_Feeding (or foraging)_2023",9
19944,33.66478,-117.843063,22,"CA",370,"Ardea","herodias","great blue heron","Animalia",81459,542,"Feeding (or foraging)",2023,1,29,29,2459974,2,2023,1,29,29,2459974,5,"81459_Feeding (or foraging)","Feeding",NA,NA,"81459_Feeding (or foraging)_2023",9
19944,33.66478,-117.843063,22,"CA",244,"Charadrius","vociferus","killdeer","Animalia",81460,542,"Feeding (or foraging)",2023,1,27,27,2459972,6,2023,1,27,27,2459972,2,"81460_Feeding (or foraging)","Feeding",NA,NA,"81460_Feeding (or foraging)_2023",9
19944,33.66478,-117.843063,22,"CA",248,"Pandion","haliaetus","osprey","Animalia",81461,542,"Feeding (or foraging)",2023,1,17,17,2459962,9,2023,1,17,17,2459962,4,"81461_Feeding (or foraging)","Feeding",NA,NA,"81461_Feeding (or foraging)_2023",9
19944,33.66478,-117.843063,22,"CA",373,"Actitis","macularius","spotted sandpiper","Animalia",81462,542,"Feeding (or foraging)",2023,2,15,46,2459991,5,2023,2,15,46,2459991,2,"81462_Feeding (or foraging)","Feeding",NA,NA,"81462_Feeding (or foraging)_2023",9
17414,42.936153,-73.433449,147,"NY",1197,"Geothlypis","trichas","common yellowthroat","Animalia",86970,294,"Singing individuals (birds)",2023,5,13,133,2460078,2,2023,7,28,209,2460154,12,"86970_Singing individuals (birds)","Singing individuals",NA,NA,"86970_Singing individuals (birds)_2023",11
20765,33.632149,-117.55545,440,"CA",1088,"Calypte","anna","Anna's hummingbird","Animalia",88471,312,"Flower visitation",2023,2,19,50,2459995,5,2023,3,7,66,2460011,12,"88471_Flower visitation","Feeding",NA,NA,"88471_Flower visitation_2023",9
20765,33.632149,-117.55545,440,"CA",376,"Sayornis","nigricans","black phoebe","Animalia",88472,457,"Insect consumption",2023,7,16,197,2460142,4,2023,7,16,197,2460142,26,"88472_Insect consumption","Feeding",NA,NA,"88472_Insect consumption_2023",9
20765,33.632149,-117.55545,440,"CA",355,"Troglodytes","aedon","house wren","Animalia",88474,294,"Singing individuals (birds)",2023,2,19,50,2459995,5,2023,2,19,50,2459995,11,"88474_Singing individuals (birds)","Singing individuals",NA,NA,"88474_Singing individuals (birds)_2023",9
20765,33.632149,-117.55545,440,"CA",1380,"Melospiza","melodia","song sparrow","Animalia",88475,294,"Singing individuals (birds)",2023,3,7,66,2460011,5,2023,3,7,66,2460011,12,"88475_Singing individuals (birds)","Singing individuals",NA,NA,"88475_Singing individuals (birds)_2023",10
20765,33.632149,-117.55545,440,"CA",1091,"Spinus","psaltria","lesser goldfinch","Animalia",88478,294,"Singing individuals (birds)",2023,3,7,66,2460011,5,2023,3,7,66,2460011,12,"88478_Singing individuals (birds)","Singing individuals",NA,NA,"88478_Singing individuals (birds)_2023",9
22740,38.525036,-121.970711,43,"CA",741,"Regulus","calendula","ruby-crowned kinglet","Animalia",102229,457,"Insect consumption",2023,10,19,292,2460237,14,2023,12,14,348,2460293,NA,"102229_Insect consumption","Feeding",NA,NA,"102229_Insect consumption_2023",9
22740,38.525036,-121.970711,43,"CA",357,"Sialia","mexicana","western bluebird","Animalia",102231,457,"Insect consumption",2023,3,9,68,2460013,12,2023,8,10,222,2460167,14,"102231_Insect consumption","Feeding",NA,NA,"102231_Insect consumption_2023",9
22858,38.09404,-122.37149,-1,"CA",1380,"Melospiza","melodia","song sparrow","Animalia",103159,294,"Singing individuals (birds)",2023,3,6,65,2460010,5,2023,3,6,65,2460010,7,"103159_Singing individuals (birds)","Singing individuals",NA,NA,"103159_Singing individuals (birds)_2023",10
22858,38.09404,-122.37149,-1,"CA",1380,"Melospiza","melodia","song sparrow","Animalia",103159,542,"Feeding (or foraging)",2023,3,13,72,2460017,7,2023,3,13,72,2460017,14,"103159_Feeding (or foraging)","Feeding",NA,NA,"103159_Feeding (or foraging)_2023",9
22858,38.09404,-122.37149,-1,"CA",357,"Sialia","mexicana","western bluebird","Animalia",103161,457,"Insect consumption",2023,2,20,51,2459996,7,2023,2,20,51,2459996,9,"103161_Insect consumption","Feeding",NA,NA,"103161_Insect consumption_2023",9
22858,38.09404,-122.37149,-1,"CA",357,"Sialia","mexicana","western bluebird","Animalia",103161,542,"Feeding (or foraging)",2023,2,20,51,2459996,7,2023,2,20,51,2459996,9,"103161_Feeding (or foraging)","Feeding",NA,NA,"103161_Feeding (or foraging)_2023",9
17414,42.936153,-73.433449,147,"NY",352,"Archilochus","colubris","ruby-throated hummingbird","Animalia",103211,542,"Feeding (or foraging)",2023,5,11,131,2460076,5,2023,9,22,265,2460210,6,"103211_Feeding (or foraging)","Feeding",NA,NA,"103211_Feeding (or foraging)_2023",9
22858,38.09404,-122.37149,-1,"CA",1375,"Anas","platyrhynchos","mallard","Animalia",114733,542,"Feeding (or foraging)",2023,5,29,149,2460094,7,2023,6,26,177,2460122,7,"114733_Feeding (or foraging)","Feeding",NA,NA,"114733_Feeding (or foraging)_2023",9
22858,38.09404,-122.37149,-1,"CA",359,"Agelaius","phoeniceus","red-winged blackbird","Animalia",114734,294,"Singing individuals (birds)",2023,2,6,37,2459982,7,2023,2,6,37,2459982,7,"114734_Singing individuals (birds)","Singing individuals",NA,NA,"114734_Singing individuals (birds)_2023",9
22858,38.09404,-122.37149,-1,"CA",359,"Agelaius","phoeniceus","red-winged blackbird","Animalia",114734,542,"Feeding (or foraging)",2023,1,30,30,2459975,7,2023,1,30,30,2459975,7,"114734_Feeding (or foraging)","Feeding",NA,NA,"114734_Feeding (or foraging)_2023",9
22858,38.09404,-122.37149,-1,"CA",1088,"Calypte","anna","Anna's hummingbird","Animalia",114826,295,"Territorial individuals (birds)",2023,4,17,107,2460052,7,2023,4,17,107,2460052,7,"114826_Territorial individuals (birds)","Territorial behavior",NA,NA,"114826_Territorial individuals (birds)_2023",9
22858,38.09404,-122.37149,-1,"CA",1088,"Calypte","anna","Anna's hummingbird","Animalia",114826,542,"Feeding (or foraging)",2023,2,6,37,2459982,7,2023,2,6,37,2459982,7,"114826_Feeding (or foraging)","Feeding",NA,NA,"114826_Feeding (or foraging)_2023",9
2803,39.971001,-105.397003,2329,"CO",1113,"Dryobates","pubescens","downy woodpecker","Animalia",122049,310,"Fruit/seed consumption",2023,3,1,60,2460005,9,2023,3,8,67,2460012,3,"122049_Fruit/seed consumption","Feeding",NA,NA,"122049_Fruit/seed consumption_2023",9
2803,39.971001,-105.397003,2329,"CO",1113,"Dryobates","pubescens","downy woodpecker","Animalia",122049,542,"Feeding (or foraging)",2023,3,1,60,2460005,9,2023,3,8,67,2460012,3,"122049_Feeding (or foraging)","Feeding",NA,NA,"122049_Feeding (or foraging)_2023",9
2803,39.971001,-105.397003,2329,"CO",1411,"Poecile","gambeli","mountain chickadee","Animalia",122050,294,"Singing individuals (birds)",2023,8,8,220,2460165,4,2023,8,10,222,2460167,2,"122050_Singing individuals (birds)","Singing individuals",NA,NA,"122050_Singing individuals (birds)_2023",9
2803,39.971001,-105.397003,2329,"CO",1411,"Poecile","gambeli","mountain chickadee","Animalia",122050,542,"Feeding (or foraging)",2023,9,14,257,2460202,7,2023,11,25,329,2460274,NA,"122050_Feeding (or foraging)","Feeding",NA,NA,"122050_Feeding (or foraging)_2023",9
2803,39.971001,-105.397003,2329,"CO",1398,"Cyanocitta","stelleri","Steller's jay","Animalia",122052,310,"Fruit/seed consumption",2023,1,16,16,2459961,5,2023,1,16,16,2459961,2,"122052_Fruit/seed consumption","Feeding",NA,NA,"122052_Fruit/seed consumption_2023",9
2803,39.971001,-105.397003,2329,"CO",1398,"Cyanocitta","stelleri","Steller's jay","Animalia",122052,457,"Insect consumption",2023,4,10,100,2460045,10,2023,10,26,299,2460244,7,"122052_Insect consumption","Feeding",NA,NA,"122052_Insect consumption_2023",9
2803,39.971001,-105.397003,2329,"CO",1398,"Cyanocitta","stelleri","Steller's jay","Animalia",122052,542,"Feeding (or foraging)",2023,1,16,16,2459961,5,2023,1,16,16,2459961,2,"122052_Feeding (or foraging)","Feeding",NA,NA,"122052_Feeding (or foraging)_2023",9
2803,39.971001,-105.397003,2329,"CO",1415,"Sitta","carolinensis","white-breasted nuthatch","Animalia",122053,294,"Singing individuals (birds)",2023,2,20,51,2459996,7,2023,3,1,60,2460005,5,"122053_Singing individuals (birds)","Singing individuals",NA,NA,"122053_Singing individuals (birds)_2023",9
2803,39.971001,-105.397003,2329,"CO",1415,"Sitta","carolinensis","white-breasted nuthatch","Animalia",122053,457,"Insect consumption",2023,5,16,136,2460081,4,2023,7,22,203,2460148,4,"122053_Insect consumption","Feeding",NA,NA,"122053_Insect consumption_2023",9
2803,39.971001,-105.397003,2329,"CO",1415,"Sitta","carolinensis","white-breasted nuthatch","Animalia",122053,542,"Feeding (or foraging)",2023,2,20,51,2459996,7,2023,3,1,60,2460005,5,"122053_Feeding (or foraging)","Feeding",NA,NA,"122053_Feeding (or foraging)_2023",9
12064,32.248463,-110.909584,745,"AZ",1223,"Auriparus","flaviceps","verdin","Animalia",139417,542,"Feeding (or foraging)",2023,5,18,138,2460083,5,2023,5,18,138,2460083,14,"139417_Feeding (or foraging)","Feeding",NA,NA,"139417_Feeding (or foraging)_2023",9
27407,38.037094,-122.394722,-6,"CA",244,"Charadrius","vociferus","killdeer","Animalia",141455,542,"Feeding (or foraging)",2023,5,29,149,2460094,7,2023,5,29,149,2460094,7,"141455_Feeding (or foraging)","Feeding",NA,NA,"141455_Feeding (or foraging)_2023",9
27407,38.037094,-122.394722,-6,"CA",1375,"Anas","platyrhynchos","mallard","Animalia",141456,542,"Feeding (or foraging)",2023,1,23,23,2459968,6,2023,1,23,23,2459968,7,"141456_Feeding (or foraging)","Feeding",NA,NA,"141456_Feeding (or foraging)_2023",9
27407,38.037094,-122.394722,-6,"CA",375,"Zenaida","macroura","mourning dove","Animalia",141460,294,"Singing individuals (birds)",2023,2,20,51,2459996,7,2023,2,20,51,2459996,9,"141460_Singing individuals (birds)","Singing individuals",NA,NA,"141460_Singing individuals (birds)_2023",9
27407,38.037094,-122.394722,-6,"CA",376,"Sayornis","nigricans","black phoebe","Animalia",141461,294,"Singing individuals (birds)",2023,5,15,135,2460080,7,2023,5,22,142,2460087,7,"141461_Singing individuals (birds)","Singing individuals",NA,NA,"141461_Singing individuals (birds)_2023",9
27407,38.037094,-122.394722,-6,"CA",376,"Sayornis","nigricans","black phoebe","Animalia",141461,457,"Insect consumption",2023,1,30,30,2459975,7,2023,2,6,37,2459982,7,"141461_Insect consumption","Feeding",NA,NA,"141461_Insect consumption_2023",9
27407,38.037094,-122.394722,-6,"CA",376,"Sayornis","nigricans","black phoebe","Animalia",141461,542,"Feeding (or foraging)",2023,1,30,30,2459975,7,2023,2,6,37,2459982,7,"141461_Feeding (or foraging)","Feeding",NA,NA,"141461_Feeding (or foraging)_2023",9
22740,38.525036,-121.970711,43,"CA",1654,"Baeolophus","inornatus","oak titmouse","Animalia",148019,457,"Insect consumption",2023,3,9,68,2460013,12,2023,11,2,306,2460251,16,"148019_Insect consumption","Feeding",NA,NA,"148019_Insect consumption_2023",9
1419,42.011166,-88.503304,280,"IL",246,"Turdus","migratorius","American robin","Animalia",10282,294,"Singing individuals (birds)",2024,4,29,120,2460430,7,2024,4,29,120,2460430,6,"10282_Singing individuals (birds)","Singing individuals",NA,NA,"10282_Singing individuals (birds)_2024",13
5674,44.910587,-70.266861,261,"ME",246,"Turdus","migratorius","American robin","Animalia",12709,542,"Feeding (or foraging)",2024,4,14,105,2460415,4,2024,4,27,118,2460428,1,"12709_Feeding (or foraging)","Feeding",NA,NA,"12709_Feeding (or foraging)_2024",9
5674,44.910587,-70.266861,261,"ME",352,"Archilochus","colubris","ruby-throated hummingbird","Animalia",12712,295,"Territorial individuals (birds)",2024,5,13,134,2460444,7,2024,9,1,245,2460555,7,"12712_Territorial individuals (birds)","Territorial behavior",NA,NA,"12712_Territorial individuals (birds)_2024",9
5674,44.910587,-70.266861,261,"ME",352,"Archilochus","colubris","ruby-throated hummingbird","Animalia",12712,312,"Flower visitation",2024,5,20,141,2460451,6,2024,5,20,141,2460451,5,"12712_Flower visitation","Feeding",NA,NA,"12712_Flower visitation_2024",13
5674,44.910587,-70.266861,261,"ME",352,"Archilochus","colubris","ruby-throated hummingbird","Animalia",12712,542,"Feeding (or foraging)",2024,5,6,127,2460437,3,2024,9,8,252,2460562,7,"12712_Feeding (or foraging)","Feeding",NA,NA,"12712_Feeding (or foraging)_2024",9
2803,39.971001,-105.397003,2329,"CO",246,"Turdus","migratorius","American robin","Animalia",16046,294,"Singing individuals (birds)",2024,3,4,64,2460374,5,2024,3,7,67,2460377,1,"16046_Singing individuals (birds)","Singing individuals",NA,NA,"16046_Singing individuals (birds)_2024",14
2803,39.971001,-105.397003,2329,"CO",246,"Turdus","migratorius","American robin","Animalia",16046,310,"Fruit/seed consumption",2024,8,15,228,2460538,5,2024,8,15,228,2460538,20,"16046_Fruit/seed consumption","Feeding",NA,NA,"16046_Fruit/seed consumption_2024",10
2803,39.971001,-105.397003,2329,"CO",246,"Turdus","migratorius","American robin","Animalia",16046,457,"Insect consumption",2024,7,12,194,2460504,10,2024,7,25,207,2460517,12,"16046_Insect consumption","Feeding",NA,NA,"16046_Insect consumption_2024",15
2803,39.971001,-105.397003,2329,"CO",246,"Turdus","migratorius","American robin","Animalia",16046,542,"Feeding (or foraging)",2024,7,12,194,2460504,10,2024,7,25,207,2460517,12,"16046_Feeding (or foraging)","Feeding",NA,NA,"16046_Feeding (or foraging)_2024",9
2803,39.971001,-105.397003,2329,"CO",245,"Poecile","atricapillus","black-capped chickadee","Animalia",16047,294,"Singing individuals (birds)",2024,7,25,207,2460517,5,2024,7,25,207,2460517,12,"16047_Singing individuals (birds)","Singing individuals",NA,NA,"16047_Singing individuals (birds)_2024",13
2803,39.971001,-105.397003,2329,"CO",245,"Poecile","atricapillus","black-capped chickadee","Animalia",16047,310,"Fruit/seed consumption",2024,12,23,358,2460668,5,2024,12,30,365,2460675,NA,"16047_Fruit/seed consumption","Feeding",NA,NA,"16047_Fruit/seed consumption_2024",15
2803,39.971001,-105.397003,2329,"CO",245,"Poecile","atricapillus","black-capped chickadee","Animalia",16047,542,"Feeding (or foraging)",2024,7,25,207,2460517,5,2024,7,25,207,2460517,12,"16047_Feeding (or foraging)","Feeding",NA,NA,"16047_Feeding (or foraging)_2024",9
2803,39.971001,-105.397003,2329,"CO",354,"Selasphorus","platycercus","broad-tailed hummingbird","Animalia",16048,295,"Territorial individuals (birds)",2024,5,16,137,2460447,5,2024,9,4,248,2460558,2,"16048_Territorial individuals (birds)","Territorial behavior",NA,NA,"16048_Territorial individuals (birds)_2024",9
2803,39.971001,-105.397003,2329,"CO",354,"Selasphorus","platycercus","broad-tailed hummingbird","Animalia",16048,312,"Flower visitation",2024,5,16,137,2460447,5,2024,9,6,250,2460560,35,"16048_Flower visitation","Feeding",NA,NA,"16048_Flower visitation_2024",14
2803,39.971001,-105.397003,2329,"CO",354,"Selasphorus","platycercus","broad-tailed hummingbird","Animalia",16048,457,"Insect consumption",2024,5,3,124,2460434,3,2024,5,11,132,2460442,5,"16048_Insect consumption","Feeding",NA,NA,"16048_Insect consumption_2024",14
2803,39.971001,-105.397003,2329,"CO",354,"Selasphorus","platycercus","broad-tailed hummingbird","Animalia",16048,542,"Feeding (or foraging)",2024,5,3,124,2460434,3,2024,9,6,250,2460560,35,"16048_Feeding (or foraging)","Feeding",NA,NA,"16048_Feeding (or foraging)_2024",9
2803,39.971001,-105.397003,2329,"CO",362,"Junco","hyemalis","dark-eyed junco","Animalia",16213,294,"Singing individuals (birds)",2024,3,4,64,2460374,5,2024,7,25,207,2460517,12,"16213_Singing individuals (birds)","Singing individuals",NA,NA,"16213_Singing individuals (birds)_2024",11
8418,32.363758,-94.873947,115,"TX",246,"Turdus","migratorius","American robin","Animalia",25349,294,"Singing individuals (birds)",2024,2,22,53,2460363,3,2024,2,22,53,2460363,3,"25349_Singing individuals (birds)","Singing individuals",NA,NA,"25349_Singing individuals (birds)_2024",11
8418,32.363758,-94.873947,115,"TX",246,"Turdus","migratorius","American robin","Animalia",25349,310,"Fruit/seed consumption",2024,12,22,357,2460667,8,2024,12,22,357,2460667,3,"25349_Fruit/seed consumption","Feeding",NA,NA,"25349_Fruit/seed consumption_2024",10
8418,32.363758,-94.873947,115,"TX",246,"Turdus","migratorius","American robin","Animalia",25349,457,"Insect consumption",2024,3,28,88,2460398,4,2024,3,28,88,2460398,3,"25349_Insect consumption","Feeding",NA,NA,"25349_Insect consumption_2024",11
8418,32.363758,-94.873947,115,"TX",1108,"Mimus","polyglottos","northern mockingbird","Animalia",25351,294,"Singing individuals (birds)",2024,2,15,46,2460356,3,2024,3,17,77,2460387,3,"25351_Singing individuals (birds)","Singing individuals",NA,NA,"25351_Singing individuals (birds)_2024",11
8418,32.363758,-94.873947,115,"TX",1108,"Mimus","polyglottos","northern mockingbird","Animalia",25351,310,"Fruit/seed consumption",2024,2,8,39,2460349,4,2024,2,8,39,2460349,4,"25351_Fruit/seed consumption","Feeding",NA,NA,"25351_Fruit/seed consumption_2024",10
8418,32.363758,-94.873947,115,"TX",1108,"Mimus","polyglottos","northern mockingbird","Animalia",25351,457,"Insect consumption",2024,4,7,98,2460408,7,2024,4,7,98,2460408,4,"25351_Insect consumption","Feeding",NA,NA,"25351_Insect consumption_2024",11
8496,46.328629,-96.061256,393,"MN",1090,"Cardinalis","cardinalis","northern cardinal","Animalia",25898,294,"Singing individuals (birds)",2024,4,25,116,2460426,4,2024,5,6,127,2460437,25,"25898_Singing individuals (birds)","Singing individuals",NA,NA,"25898_Singing individuals (birds)_2024",13
8496,46.328629,-96.061256,393,"MN",1090,"Cardinalis","cardinalis","northern cardinal","Animalia",25898,310,"Fruit/seed consumption",2024,4,25,116,2460426,4,2024,5,31,152,2460462,NA,"25898_Fruit/seed consumption","Feeding",NA,NA,"25898_Fruit/seed consumption_2024",11
8496,46.328629,-96.061256,393,"MN",1124,"Tachycineta","bicolor","tree swallow","Animalia",25899,297,"Nest building (birds)",2024,5,6,127,2460437,11,2024,5,6,127,2460437,25,"25899_Nest building (birds)","Nesting behavior",NA,NA,"25899_Nest building (birds)_2024",9
8418,32.363758,-94.873947,115,"TX",1096,"Cyanocitta","cristata","blue jay","Animalia",28244,310,"Fruit/seed consumption",2024,1,14,14,2460324,4,2024,1,14,14,2460324,4,"28244_Fruit/seed consumption","Feeding",NA,NA,"28244_Fruit/seed consumption_2024",11
8418,32.363758,-94.873947,115,"TX",1096,"Cyanocitta","cristata","blue jay","Animalia",28244,457,"Insect consumption",2024,4,21,112,2460422,3,2024,4,21,112,2460422,4,"28244_Insect consumption","Feeding",NA,NA,"28244_Insect consumption_2024",9
8418,32.363758,-94.873947,115,"TX",375,"Zenaida","macroura","mourning dove","Animalia",28246,294,"Singing individuals (birds)",2024,4,18,109,2460419,7,2024,4,18,109,2460419,3,"28246_Singing individuals (birds)","Singing individuals",NA,NA,"28246_Singing individuals (birds)_2024",10
8418,32.363758,-94.873947,115,"TX",1090,"Cardinalis","cardinalis","northern cardinal","Animalia",28247,294,"Singing individuals (birds)",2024,1,25,25,2460335,4,2024,1,25,25,2460335,3,"28247_Singing individuals (birds)","Singing individuals",NA,NA,"28247_Singing individuals (birds)_2024",11
8418,32.363758,-94.873947,115,"TX",1090,"Cardinalis","cardinalis","northern cardinal","Animalia",28247,310,"Fruit/seed consumption",2024,9,1,245,2460555,4,2024,11,10,315,2460625,3,"28247_Fruit/seed consumption","Feeding",NA,NA,"28247_Fruit/seed consumption_2024",11
8418,32.363758,-94.873947,115,"TX",1090,"Cardinalis","cardinalis","northern cardinal","Animalia",28247,457,"Insect consumption",2024,2,22,53,2460363,3,2024,2,22,53,2460363,3,"28247_Insect consumption","Feeding",NA,NA,"28247_Insect consumption_2024",10
8418,32.363758,-94.873947,115,"TX",352,"Archilochus","colubris","ruby-throated hummingbird","Animalia",30980,312,"Flower visitation",2024,5,16,137,2460447,4,2024,5,20,141,2460451,2,"30980_Flower visitation","Feeding",NA,NA,"30980_Flower visitation_2024",11
8496,46.328629,-96.061256,393,"MN",1096,"Cyanocitta","cristata","blue jay","Animalia",32294,310,"Fruit/seed consumption",2024,5,6,127,2460437,11,2024,5,31,152,2460462,NA,"32294_Fruit/seed consumption","Feeding",NA,NA,"32294_Fruit/seed consumption_2024",13
8418,32.363758,-94.873947,115,"TX",362,"Junco","hyemalis","dark-eyed junco","Animalia",33174,310,"Fruit/seed consumption",2024,1,14,14,2460324,4,2024,1,14,14,2460324,4,"33174_Fruit/seed consumption","Feeding",NA,NA,"33174_Fruit/seed consumption_2024",10
8418,32.363758,-94.873947,115,"TX",240,"Spinus","tristis","American goldfinch","Animalia",33798,310,"Fruit/seed consumption",2024,1,18,18,2460328,4,2024,2,15,46,2460356,4,"33798_Fruit/seed consumption","Feeding",NA,NA,"33798_Fruit/seed consumption_2024",10
8496,46.328629,-96.061256,393,"MN",240,"Spinus","tristis","American goldfinch","Animalia",34922,310,"Fruit/seed consumption",2024,4,25,116,2460426,4,2024,4,25,116,2460426,11,"34922_Fruit/seed consumption","Feeding",NA,NA,"34922_Fruit/seed consumption_2024",10
8418,32.363758,-94.873947,115,"TX",1110,"Passer","domesticus","house sparrow","Animalia",35674,294,"Singing individuals (birds)",2024,1,10,10,2460320,3,2024,1,18,18,2460328,3,"35674_Singing individuals (birds)","Singing individuals",NA,NA,"35674_Singing individuals (birds)_2024",9
8418,32.363758,-94.873947,115,"TX",1110,"Passer","domesticus","house sparrow","Animalia",35674,310,"Fruit/seed consumption",2024,5,12,133,2460443,4,2024,5,12,133,2460443,4,"35674_Fruit/seed consumption","Feeding",NA,NA,"35674_Fruit/seed consumption_2024",10
10145,42.602543,-83.250992,277,"MI",246,"Turdus","migratorius","American robin","Animalia",38840,310,"Fruit/seed consumption",2024,3,20,80,2460390,1,2024,3,20,80,2460390,1,"38840_Fruit/seed consumption","Feeding",NA,NA,"38840_Fruit/seed consumption_2024",9
10145,42.602543,-83.250992,277,"MI",362,"Junco","hyemalis","dark-eyed junco","Animalia",38878,294,"Singing individuals (birds)",2024,2,22,53,2460363,1,2024,2,22,53,2460363,2,"38878_Singing individuals (birds)","Singing individuals",NA,NA,"38878_Singing individuals (birds)_2024",11
10145,42.602543,-83.250992,277,"MI",359,"Agelaius","phoeniceus","red-winged blackbird","Animalia",38946,294,"Singing individuals (birds)",2024,2,22,53,2460363,1,2024,2,22,53,2460363,2,"38946_Singing individuals (birds)","Singing individuals",NA,NA,"38946_Singing individuals (birds)_2024",11
9652,44.768246,-94.155746,309,"MN",246,"Turdus","migratorius","American robin","Animalia",40107,294,"Singing individuals (birds)",2024,3,6,66,2460376,4,2024,4,11,102,2460412,1,"40107_Singing individuals (birds)","Singing individuals",NA,NA,"40107_Singing individuals (birds)_2024",11
9652,44.768246,-94.155746,309,"MN",246,"Turdus","migratorius","American robin","Animalia",40107,295,"Territorial individuals (birds)",2024,1,19,19,2460329,10,2024,1,19,19,2460329,43,"40107_Territorial individuals (birds)","Territorial behavior",NA,NA,"40107_Territorial individuals (birds)_2024",9
9652,44.768246,-94.155746,309,"MN",246,"Turdus","migratorius","American robin","Animalia",40107,297,"Nest building (birds)",2024,4,12,103,2460413,1,2024,4,12,103,2460413,1,"40107_Nest building (birds)","Nesting behavior",NA,NA,"40107_Nest building (birds)_2024",9
9652,44.768246,-94.155746,309,"MN",246,"Turdus","migratorius","American robin","Animalia",40107,308,"Fledged young (altricial birds)",2024,5,18,139,2460449,1,2024,5,18,139,2460449,6,"40107_Fledged young (altricial birds)","Young observed",NA,NA,"40107_Fledged young (altricial birds)_2024",9
9652,44.768246,-94.155746,309,"MN",246,"Turdus","migratorius","American robin","Animalia",40107,457,"Insect consumption",2024,4,15,106,2460416,2,2024,4,19,110,2460420,3,"40107_Insect consumption","Feeding",NA,NA,"40107_Insect consumption_2024",10
9652,44.768246,-94.155746,309,"MN",246,"Turdus","migratorius","American robin","Animalia",40107,542,"Feeding (or foraging)",2024,4,15,106,2460416,2,2024,4,19,110,2460420,3,"40107_Feeding (or foraging)","Feeding",NA,NA,"40107_Feeding (or foraging)_2024",9
8418,32.363758,-94.873947,115,"TX",1113,"Dryobates","pubescens","downy woodpecker","Animalia",41679,310,"Fruit/seed consumption",2024,1,14,14,2460324,4,2024,1,28,28,2460338,4,"41679_Fruit/seed consumption","Feeding",NA,NA,"41679_Fruit/seed consumption_2024",10
11313,44.201355,-92.646301,330,"MN",1090,"Cardinalis","cardinalis","northern cardinal","Animalia",46661,294,"Singing individuals (birds)",2024,3,2,62,2460372,7,2024,3,2,62,2460372,7,"46661_Singing individuals (birds)","Singing individuals",NA,NA,"46661_Singing individuals (birds)_2024",10
8418,32.363758,-94.873947,115,"TX",1126,"Thryothorus","ludovicianus","Carolina wren","Animalia",46734,310,"Fruit/seed consumption",2024,2,1,32,2460342,4,2024,2,1,32,2460342,3,"46734_Fruit/seed consumption","Feeding",NA,NA,"46734_Fruit/seed consumption_2024",10
12064,32.248463,-110.909584,745,"AZ",1088,"Calypte","anna","Anna's hummingbird","Animalia",50759,312,"Flower visitation",2024,5,16,137,2460447,7,2024,5,30,151,2460461,15,"50759_Flower visitation","Feeding",NA,NA,"50759_Flower visitation_2024",9
12064,32.248463,-110.909584,745,"AZ",1088,"Calypte","anna","Anna's hummingbird","Animalia",50759,542,"Feeding (or foraging)",2024,5,16,137,2460447,7,2024,5,30,151,2460461,15,"50759_Feeding (or foraging)","Feeding",NA,NA,"50759_Feeding (or foraging)_2024",9
8418,32.363758,-94.873947,115,"TX",359,"Agelaius","phoeniceus","red-winged blackbird","Animalia",62147,310,"Fruit/seed consumption",2024,1,14,14,2460324,4,2024,1,14,14,2460324,4,"62147_Fruit/seed consumption","Feeding",NA,NA,"62147_Fruit/seed consumption_2024",9
8418,32.363758,-94.873947,115,"TX",1233,"Poecile","carolinensis","Carolina chickadee","Animalia",63335,310,"Fruit/seed consumption",2024,1,25,25,2460335,4,2024,2,15,46,2460356,4,"63335_Fruit/seed consumption","Feeding",NA,NA,"63335_Fruit/seed consumption_2024",9
10145,42.602543,-83.250992,277,"MI",1224,"Branta","canadensis","Canada goose","Animalia",64229,541,"Fledged young (precocial birds)",2024,6,13,165,2460475,1,2024,6,13,165,2460475,1,"64229_Fledged young (precocial birds)","Young observed",NA,NA,"64229_Fledged young (precocial birds)_2024",9
8418,32.363758,-94.873947,115,"TX",363,"Molothrus","ater","brown-headed cowbird","Animalia",64379,310,"Fruit/seed consumption",2024,3,3,63,2460373,3,2024,3,3,63,2460373,4,"64379_Fruit/seed consumption","Feeding",NA,NA,"64379_Fruit/seed consumption_2024",9
17414,42.936153,-73.433449,147,"NY",1124,"Tachycineta","bicolor","tree swallow","Animalia",66940,297,"Nest building (birds)",2024,4,9,100,2460410,2,2024,4,9,100,2460410,8,"66940_Nest building (birds)","Nesting behavior",NA,NA,"66940_Nest building (birds)_2024",9
17414,42.936153,-73.433449,147,"NY",1124,"Tachycineta","bicolor","tree swallow","Animalia",66940,298,"Occupied nest",2024,4,9,100,2460410,2,2024,4,9,100,2460410,8,"66940_Occupied nest","Nesting behavior",NA,NA,"66940_Occupied nest_2024",9
17414,42.936153,-73.433449,147,"NY",1124,"Tachycineta","bicolor","tree swallow","Animalia",66940,457,"Insect consumption",2024,4,1,92,2460402,2,2024,4,1,92,2460402,1,"66940_Insect consumption","Feeding",NA,NA,"66940_Insect consumption_2024",9
17414,42.936153,-73.433449,147,"NY",1124,"Tachycineta","bicolor","tree swallow","Animalia",66940,542,"Feeding (or foraging)",2024,4,1,92,2460402,2,2024,4,1,92,2460402,1,"66940_Feeding (or foraging)","Feeding",NA,NA,"66940_Feeding (or foraging)_2024",9
17707,37.360123,-122.128151,170,"CA",362,"Junco","hyemalis","dark-eyed junco","Animalia",68613,294,"Singing individuals (birds)",2024,5,21,142,2460452,7,2024,5,21,142,2460452,7,"68613_Singing individuals (birds)","Singing individuals",NA,NA,"68613_Singing individuals (birds)_2024",9
9652,44.768246,-94.155746,309,"MN",1090,"Cardinalis","cardinalis","northern cardinal","Animalia",69510,294,"Singing individuals (birds)",2024,5,18,139,2460449,2,2024,5,18,139,2460449,1,"69510_Singing individuals (birds)","Singing individuals",NA,NA,"69510_Singing individuals (birds)_2024",9
12725,37.360928,-122.130836,176,"CA",1088,"Calypte","anna","Anna's hummingbird","Animalia",71544,294,"Singing individuals (birds)",2024,3,7,67,2460377,2,2024,3,7,67,2460377,5,"71544_Singing individuals (birds)","Singing individuals",NA,NA,"71544_Singing individuals (birds)_2024",9
12725,37.360928,-122.130836,176,"CA",1088,"Calypte","anna","Anna's hummingbird","Animalia",71544,312,"Flower visitation",2024,1,25,25,2460335,2,2024,1,30,30,2460340,2,"71544_Flower visitation","Feeding",NA,NA,"71544_Flower visitation_2024",9
6099,34.119007,-118.760071,288,"CA",1229,"Melanerpes","formicivorus","acorn woodpecker","Animalia",72367,457,"Insect consumption",2024,4,4,95,2460405,6,2024,4,11,102,2460412,7,"72367_Insect consumption","Feeding",NA,NA,"72367_Insect consumption_2024",10
19944,33.66478,-117.843063,22,"CA",1088,"Calypte","anna","Anna's hummingbird","Animalia",81455,294,"Singing individuals (birds)",2024,2,4,35,2460345,9,2024,2,8,39,2460349,12,"81455_Singing individuals (birds)","Singing individuals",NA,NA,"81455_Singing individuals (birds)_2024",11
19944,33.66478,-117.843063,22,"CA",1088,"Calypte","anna","Anna's hummingbird","Animalia",81455,295,"Territorial individuals (birds)",2024,2,8,39,2460349,13,2024,2,8,39,2460349,12,"81455_Territorial individuals (birds)","Territorial behavior",NA,NA,"81455_Territorial individuals (birds)_2024",9
19944,33.66478,-117.843063,22,"CA",1088,"Calypte","anna","Anna's hummingbird","Animalia",81455,312,"Flower visitation",2024,9,24,268,2460578,8,2024,9,24,268,2460578,3,"81455_Flower visitation","Feeding",NA,NA,"81455_Flower visitation_2024",11
19944,33.66478,-117.843063,22,"CA",1088,"Calypte","anna","Anna's hummingbird","Animalia",81455,457,"Insect consumption",2024,9,27,271,2460581,3,2024,9,27,271,2460581,10,"81455_Insect consumption","Feeding",NA,NA,"81455_Insect consumption_2024",11
19944,33.66478,-117.843063,22,"CA",1088,"Calypte","anna","Anna's hummingbird","Animalia",81455,542,"Feeding (or foraging)",2024,4,15,106,2460416,7,2024,4,26,117,2460427,17,"81455_Feeding (or foraging)","Feeding",NA,NA,"81455_Feeding (or foraging)_2024",9
19944,33.66478,-117.843063,22,"CA",376,"Sayornis","nigricans","black phoebe","Animalia",81456,294,"Singing individuals (birds)",2024,1,26,26,2460336,9,2024,1,26,26,2460336,9,"81456_Singing individuals (birds)","Singing individuals",NA,NA,"81456_Singing individuals (birds)_2024",11
19944,33.66478,-117.843063,22,"CA",376,"Sayornis","nigricans","black phoebe","Animalia",81456,295,"Territorial individuals (birds)",2024,2,8,39,2460349,4,2024,2,8,39,2460349,12,"81456_Territorial individuals (birds)","Territorial behavior",NA,NA,"81456_Territorial individuals (birds)_2024",9
19944,33.66478,-117.843063,22,"CA",376,"Sayornis","nigricans","black phoebe","Animalia",81456,457,"Insect consumption",2024,2,23,54,2460364,3,2024,3,10,70,2460380,10,"81456_Insect consumption","Feeding",NA,NA,"81456_Insect consumption_2024",11
19944,33.66478,-117.843063,22,"CA",376,"Sayornis","nigricans","black phoebe","Animalia",81456,542,"Feeding (or foraging)",2024,1,26,26,2460336,9,2024,2,8,39,2460349,12,"81456_Feeding (or foraging)","Feeding",NA,NA,"81456_Feeding (or foraging)_2024",9
19944,33.66478,-117.843063,22,"CA",242,"Petrochelidon","pyrrhonota","cliff swallow","Animalia",81457,294,"Singing individuals (birds)",2024,3,29,89,2460399,9,2024,3,29,89,2460399,10,"81457_Singing individuals (birds)","Singing individuals",NA,NA,"81457_Singing individuals (birds)_2024",10
19944,33.66478,-117.843063,22,"CA",242,"Petrochelidon","pyrrhonota","cliff swallow","Animalia",81457,297,"Nest building (birds)",2024,4,8,99,2460409,10,2024,4,8,99,2460409,18,"81457_Nest building (birds)","Nesting behavior",NA,NA,"81457_Nest building (birds)_2024",10
19944,33.66478,-117.843063,22,"CA",1197,"Geothlypis","trichas","common yellowthroat","Animalia",81458,294,"Singing individuals (birds)",2024,1,26,26,2460336,9,2024,1,26,26,2460336,9,"81458_Singing individuals (birds)","Singing individuals",NA,NA,"81458_Singing individuals (birds)_2024",11
19944,33.66478,-117.843063,22,"CA",1197,"Geothlypis","trichas","common yellowthroat","Animalia",81458,295,"Territorial individuals (birds)",2024,2,23,54,2460364,3,2024,5,31,152,2460462,10,"81458_Territorial individuals (birds)","Territorial behavior",NA,NA,"81458_Territorial individuals (birds)_2024",9
19944,33.66478,-117.843063,22,"CA",1197,"Geothlypis","trichas","common yellowthroat","Animalia",81458,542,"Feeding (or foraging)",2024,2,4,35,2460345,9,2024,2,8,39,2460349,12,"81458_Feeding (or foraging)","Feeding",NA,NA,"81458_Feeding (or foraging)_2024",9
19944,33.66478,-117.843063,22,"CA",370,"Ardea","herodias","great blue heron","Animalia",81459,542,"Feeding (or foraging)",2024,2,23,54,2460364,3,2024,2,23,54,2460364,16,"81459_Feeding (or foraging)","Feeding",NA,NA,"81459_Feeding (or foraging)_2024",9
19944,33.66478,-117.843063,22,"CA",244,"Charadrius","vociferus","killdeer","Animalia",81460,542,"Feeding (or foraging)",2024,5,21,142,2460452,8,2024,5,31,152,2460462,10,"81460_Feeding (or foraging)","Feeding",NA,NA,"81460_Feeding (or foraging)_2024",9
19944,33.66478,-117.843063,22,"CA",248,"Pandion","haliaetus","osprey","Animalia",81461,297,"Nest building (birds)",2024,5,21,142,2460452,8,2024,5,21,142,2460452,10,"81461_Nest building (birds)","Nesting behavior",NA,NA,"81461_Nest building (birds)_2024",9
19944,33.66478,-117.843063,22,"CA",248,"Pandion","haliaetus","osprey","Animalia",81461,542,"Feeding (or foraging)",2024,2,8,39,2460349,4,2024,2,8,39,2460349,12,"81461_Feeding (or foraging)","Feeding",NA,NA,"81461_Feeding (or foraging)_2024",9
19944,33.66478,-117.843063,22,"CA",373,"Actitis","macularius","spotted sandpiper","Animalia",81462,542,"Feeding (or foraging)",2024,1,17,17,2460327,9,2024,1,17,17,2460327,9,"81462_Feeding (or foraging)","Feeding",NA,NA,"81462_Feeding (or foraging)_2024",9
17414,42.936153,-73.433449,147,"NY",1197,"Geothlypis","trichas","common yellowthroat","Animalia",86970,294,"Singing individuals (birds)",2024,5,8,129,2460439,1,2024,6,13,165,2460475,3,"86970_Singing individuals (birds)","Singing individuals",NA,NA,"86970_Singing individuals (birds)_2024",11
20765,33.632149,-117.55545,440,"CA",376,"Sayornis","nigricans","black phoebe","Animalia",88472,457,"Insect consumption",2024,3,17,77,2460387,6,2024,3,17,77,2460387,25,"88472_Insect consumption","Feeding",NA,NA,"88472_Insect consumption_2024",9
20765,33.632149,-117.55545,440,"CA",355,"Troglodytes","aedon","house wren","Animalia",88474,294,"Singing individuals (birds)",2024,3,7,67,2460377,14,2024,4,11,102,2460412,7,"88474_Singing individuals (birds)","Singing individuals",NA,NA,"88474_Singing individuals (birds)_2024",9
20765,33.632149,-117.55545,440,"CA",1380,"Melospiza","melodia","song sparrow","Animalia",88475,294,"Singing individuals (birds)",2024,3,11,71,2460381,4,2024,4,11,102,2460412,7,"88475_Singing individuals (birds)","Singing individuals",NA,NA,"88475_Singing individuals (birds)_2024",10
20765,33.632149,-117.55545,440,"CA",1091,"Spinus","psaltria","lesser goldfinch","Animalia",88478,294,"Singing individuals (birds)",2024,3,11,71,2460381,4,2024,3,11,71,2460381,6,"88478_Singing individuals (birds)","Singing individuals",NA,NA,"88478_Singing individuals (birds)_2024",9
22740,38.525036,-121.970711,43,"CA",741,"Regulus","calendula","ruby-crowned kinglet","Animalia",102229,457,"Insect consumption",2024,10,17,291,2460601,14,2024,10,31,305,2460615,NA,"102229_Insect consumption","Feeding",NA,NA,"102229_Insect consumption_2024",9
22740,38.525036,-121.970711,43,"CA",357,"Sialia","mexicana","western bluebird","Animalia",102231,457,"Insect consumption",2024,3,21,81,2460391,12,2024,3,21,81,2460391,14,"102231_Insect consumption","Feeding",NA,NA,"102231_Insect consumption_2024",9
22858,38.09404,-122.37149,-1,"CA",1380,"Melospiza","melodia","song sparrow","Animalia",103159,294,"Singing individuals (birds)",2024,2,6,37,2460347,8,2024,3,11,71,2460381,7,"103159_Singing individuals (birds)","Singing individuals",NA,NA,"103159_Singing individuals (birds)_2024",10
22858,38.09404,-122.37149,-1,"CA",1380,"Melospiza","melodia","song sparrow","Animalia",103159,542,"Feeding (or foraging)",2024,1,29,29,2460339,6,2024,2,6,37,2460347,6,"103159_Feeding (or foraging)","Feeding",NA,NA,"103159_Feeding (or foraging)_2024",9
22858,38.09404,-122.37149,-1,"CA",357,"Sialia","mexicana","western bluebird","Animalia",103161,457,"Insect consumption",2024,1,15,15,2460325,7,2024,1,15,15,2460325,14,"103161_Insect consumption","Feeding",NA,NA,"103161_Insect consumption_2024",9
22858,38.09404,-122.37149,-1,"CA",357,"Sialia","mexicana","western bluebird","Animalia",103161,542,"Feeding (or foraging)",2024,1,15,15,2460325,7,2024,1,23,23,2460333,6,"103161_Feeding (or foraging)","Feeding",NA,NA,"103161_Feeding (or foraging)_2024",9
17414,42.936153,-73.433449,147,"NY",352,"Archilochus","colubris","ruby-throated hummingbird","Animalia",103211,542,"Feeding (or foraging)",2024,5,1,122,2460432,1,2024,8,31,244,2460554,3,"103211_Feeding (or foraging)","Feeding",NA,NA,"103211_Feeding (or foraging)_2024",9
22858,38.09404,-122.37149,-1,"CA",1375,"Anas","platyrhynchos","mallard","Animalia",114733,542,"Feeding (or foraging)",2024,4,1,92,2460402,7,2024,4,8,99,2460409,7,"114733_Feeding (or foraging)","Feeding",NA,NA,"114733_Feeding (or foraging)_2024",9
22858,38.09404,-122.37149,-1,"CA",359,"Agelaius","phoeniceus","red-winged blackbird","Animalia",114734,294,"Singing individuals (birds)",2024,1,15,15,2460325,7,2024,1,29,29,2460339,8,"114734_Singing individuals (birds)","Singing individuals",NA,NA,"114734_Singing individuals (birds)_2024",9
22858,38.09404,-122.37149,-1,"CA",359,"Agelaius","phoeniceus","red-winged blackbird","Animalia",114734,542,"Feeding (or foraging)",2024,1,15,15,2460325,7,2024,7,8,190,2460500,7,"114734_Feeding (or foraging)","Feeding",NA,NA,"114734_Feeding (or foraging)_2024",9
22858,38.09404,-122.37149,-1,"CA",1088,"Calypte","anna","Anna's hummingbird","Animalia",114826,295,"Territorial individuals (birds)",2024,4,29,120,2460430,7,2024,4,29,120,2460430,7,"114826_Territorial individuals (birds)","Territorial behavior",NA,NA,"114826_Territorial individuals (birds)_2024",9
22858,38.09404,-122.37149,-1,"CA",1088,"Calypte","anna","Anna's hummingbird","Animalia",114826,542,"Feeding (or foraging)",2024,1,15,15,2460325,7,2024,1,15,15,2460325,8,"114826_Feeding (or foraging)","Feeding",NA,NA,"114826_Feeding (or foraging)_2024",9
2803,39.971001,-105.397003,2329,"CO",1113,"Dryobates","pubescens","downy woodpecker","Animalia",122049,310,"Fruit/seed consumption",2024,4,15,106,2460416,6,2024,6,22,174,2460484,5,"122049_Fruit/seed consumption","Feeding",NA,NA,"122049_Fruit/seed consumption_2024",9
2803,39.971001,-105.397003,2329,"CO",1113,"Dryobates","pubescens","downy woodpecker","Animalia",122049,542,"Feeding (or foraging)",2024,7,20,202,2460512,8,2024,7,20,202,2460512,5,"122049_Feeding (or foraging)","Feeding",NA,NA,"122049_Feeding (or foraging)_2024",9
2803,39.971001,-105.397003,2329,"CO",1411,"Poecile","gambeli","mountain chickadee","Animalia",122050,294,"Singing individuals (birds)",2024,8,6,219,2460529,12,2024,8,15,228,2460538,20,"122050_Singing individuals (birds)","Singing individuals",NA,NA,"122050_Singing individuals (birds)_2024",9
2803,39.971001,-105.397003,2329,"CO",1411,"Poecile","gambeli","mountain chickadee","Animalia",122050,542,"Feeding (or foraging)",2024,12,23,358,2460668,5,2024,12,30,365,2460675,NA,"122050_Feeding (or foraging)","Feeding",NA,NA,"122050_Feeding (or foraging)_2024",9
2803,39.971001,-105.397003,2329,"CO",1398,"Cyanocitta","stelleri","Steller's jay","Animalia",122052,310,"Fruit/seed consumption",2024,12,23,358,2460668,5,2024,12,30,365,2460675,NA,"122052_Fruit/seed consumption","Feeding",NA,NA,"122052_Fruit/seed consumption_2024",9
2803,39.971001,-105.397003,2329,"CO",1398,"Cyanocitta","stelleri","Steller's jay","Animalia",122052,457,"Insect consumption",2024,5,3,124,2460434,3,2024,7,25,207,2460517,12,"122052_Insect consumption","Feeding",NA,NA,"122052_Insect consumption_2024",9
2803,39.971001,-105.397003,2329,"CO",1398,"Cyanocitta","stelleri","Steller's jay","Animalia",122052,542,"Feeding (or foraging)",2024,10,12,286,2460596,1,2024,11,2,307,2460617,13,"122052_Feeding (or foraging)","Feeding",NA,NA,"122052_Feeding (or foraging)_2024",9
2803,39.971001,-105.397003,2329,"CO",1415,"Sitta","carolinensis","white-breasted nuthatch","Animalia",122053,294,"Singing individuals (birds)",2024,6,12,164,2460474,7,2024,7,25,207,2460517,12,"122053_Singing individuals (birds)","Singing individuals",NA,NA,"122053_Singing individuals (birds)_2024",9
2803,39.971001,-105.397003,2329,"CO",1415,"Sitta","carolinensis","white-breasted nuthatch","Animalia",122053,457,"Insect consumption",2024,5,16,137,2460447,5,2024,7,25,207,2460517,12,"122053_Insect consumption","Feeding",NA,NA,"122053_Insect consumption_2024",9
2803,39.971001,-105.397003,2329,"CO",1415,"Sitta","carolinensis","white-breasted nuthatch","Animalia",122053,542,"Feeding (or foraging)",2024,10,12,286,2460596,1,2024,10,16,290,2460600,17,"122053_Feeding (or foraging)","Feeding",NA,NA,"122053_Feeding (or foraging)_2024",9
12064,32.248463,-110.909584,745,"AZ",1223,"Auriparus","flaviceps","verdin","Animalia",139417,542,"Feeding (or foraging)",2024,5,16,137,2460447,7,2024,6,27,179,2460489,3,"139417_Feeding (or foraging)","Feeding",NA,NA,"139417_Feeding (or foraging)_2024",9
27407,38.037094,-122.394722,-6,"CA",244,"Charadrius","vociferus","killdeer","Animalia",141455,542,"Feeding (or foraging)",2024,4,22,113,2460423,7,2024,4,22,113,2460423,7,"141455_Feeding (or foraging)","Feeding",NA,NA,"141455_Feeding (or foraging)_2024",9
27407,38.037094,-122.394722,-6,"CA",1375,"Anas","platyrhynchos","mallard","Animalia",141456,542,"Feeding (or foraging)",2024,1,15,15,2460325,7,2024,1,29,29,2460339,8,"141456_Feeding (or foraging)","Feeding",NA,NA,"141456_Feeding (or foraging)_2024",9
27407,38.037094,-122.394722,-6,"CA",375,"Zenaida","macroura","mourning dove","Animalia",141460,294,"Singing individuals (birds)",2024,3,18,78,2460388,7,2024,3,18,78,2460388,7,"141460_Singing individuals (birds)","Singing individuals",NA,NA,"141460_Singing individuals (birds)_2024",9
27407,38.037094,-122.394722,-6,"CA",376,"Sayornis","nigricans","black phoebe","Animalia",141461,294,"Singing individuals (birds)",2024,4,29,120,2460430,7,2024,4,29,120,2460430,14,"141461_Singing individuals (birds)","Singing individuals",NA,NA,"141461_Singing individuals (birds)_2024",9
27407,38.037094,-122.394722,-6,"CA",376,"Sayornis","nigricans","black phoebe","Animalia",141461,457,"Insect consumption",2024,1,15,15,2460325,7,2024,1,29,29,2460339,8,"141461_Insect consumption","Feeding",NA,NA,"141461_Insect consumption_2024",9
27407,38.037094,-122.394722,-6,"CA",376,"Sayornis","nigricans","black phoebe","Animalia",141461,542,"Feeding (or foraging)",2024,1,15,15,2460325,7,2024,1,29,29,2460339,8,"141461_Feeding (or foraging)","Feeding",NA,NA,"141461_Feeding (or foraging)_2024",9
22740,38.525036,-121.970711,43,"CA",1654,"Baeolophus","inornatus","oak titmouse","Animalia",148019,457,"Insect consumption",2024,5,30,151,2460461,12,2024,10,31,305,2460615,NA,"148019_Insect consumption","Feeding",NA,NA,"148019_Insect consumption_2024",9
5674,44.910587,-70.266861,261,"ME",246,"Turdus","migratorius","American robin","Animalia",12709,542,"Feeding (or foraging)",2025,5,12,132,2460808,2,2025,6,15,166,2460842,7,"12709_Feeding (or foraging)","Feeding",NA,NA,"12709_Feeding (or foraging)_2025",9
5674,44.910587,-70.266861,261,"ME",352,"Archilochus","colubris","ruby-throated hummingbird","Animalia",12712,295,"Territorial individuals (birds)",2025,5,19,139,2460815,7,2025,9,7,250,2460926,7,"12712_Territorial individuals (birds)","Territorial behavior",NA,NA,"12712_Territorial individuals (birds)_2025",9
5674,44.910587,-70.266861,261,"ME",352,"Archilochus","colubris","ruby-throated hummingbird","Animalia",12712,312,"Flower visitation",2025,6,15,166,2460842,7,2025,6,15,166,2460842,7,"12712_Flower visitation","Feeding",NA,NA,"12712_Flower visitation_2025",13
5674,44.910587,-70.266861,261,"ME",352,"Archilochus","colubris","ruby-throated hummingbird","Animalia",12712,542,"Feeding (or foraging)",2025,5,19,139,2460815,7,2025,9,7,250,2460926,7,"12712_Feeding (or foraging)","Feeding",NA,NA,"12712_Feeding (or foraging)_2025",9
2803,39.971001,-105.397003,2329,"CO",246,"Turdus","migratorius","American robin","Animalia",16046,294,"Singing individuals (birds)",2025,3,29,88,2460764,7,2025,3,29,88,2460764,6,"16046_Singing individuals (birds)","Singing individuals",NA,NA,"16046_Singing individuals (birds)_2025",14
2803,39.971001,-105.397003,2329,"CO",246,"Turdus","migratorius","American robin","Animalia",16046,310,"Fruit/seed consumption",2025,8,16,228,2460904,3,2025,8,20,232,2460908,5,"16046_Fruit/seed consumption","Feeding",NA,NA,"16046_Fruit/seed consumption_2025",10
2803,39.971001,-105.397003,2329,"CO",246,"Turdus","migratorius","American robin","Animalia",16046,457,"Insect consumption",2025,3,17,76,2460752,9,2025,3,20,79,2460755,2,"16046_Insect consumption","Feeding",NA,NA,"16046_Insect consumption_2025",15
2803,39.971001,-105.397003,2329,"CO",246,"Turdus","migratorius","American robin","Animalia",16046,542,"Feeding (or foraging)",2025,3,17,76,2460752,9,2025,3,20,79,2460755,2,"16046_Feeding (or foraging)","Feeding",NA,NA,"16046_Feeding (or foraging)_2025",9
2803,39.971001,-105.397003,2329,"CO",245,"Poecile","atricapillus","black-capped chickadee","Animalia",16047,294,"Singing individuals (birds)",2025,3,20,79,2460755,3,2025,6,20,171,2460847,3,"16047_Singing individuals (birds)","Singing individuals",NA,NA,"16047_Singing individuals (birds)_2025",13
2803,39.971001,-105.397003,2329,"CO",245,"Poecile","atricapillus","black-capped chickadee","Animalia",16047,310,"Fruit/seed consumption",2025,3,20,79,2460755,3,2025,6,20,171,2460847,3,"16047_Fruit/seed consumption","Feeding",NA,NA,"16047_Fruit/seed consumption_2025",15
2803,39.971001,-105.397003,2329,"CO",245,"Poecile","atricapillus","black-capped chickadee","Animalia",16047,542,"Feeding (or foraging)",2025,3,20,79,2460755,3,2025,6,20,171,2460847,3,"16047_Feeding (or foraging)","Feeding",NA,NA,"16047_Feeding (or foraging)_2025",9
2803,39.971001,-105.397003,2329,"CO",354,"Selasphorus","platycercus","broad-tailed hummingbird","Animalia",16048,295,"Territorial individuals (birds)",2025,5,6,126,2460802,11,2025,8,16,228,2460904,2,"16048_Territorial individuals (birds)","Territorial behavior",NA,NA,"16048_Territorial individuals (birds)_2025",9
2803,39.971001,-105.397003,2329,"CO",354,"Selasphorus","platycercus","broad-tailed hummingbird","Animalia",16048,312,"Flower visitation",2025,5,24,144,2460820,9,2025,9,17,260,2460936,3,"16048_Flower visitation","Feeding",NA,NA,"16048_Flower visitation_2025",14
2803,39.971001,-105.397003,2329,"CO",354,"Selasphorus","platycercus","broad-tailed hummingbird","Animalia",16048,457,"Insect consumption",2025,5,6,126,2460802,11,2025,9,17,260,2460936,3,"16048_Insect consumption","Feeding",NA,NA,"16048_Insect consumption_2025",14
2803,39.971001,-105.397003,2329,"CO",354,"Selasphorus","platycercus","broad-tailed hummingbird","Animalia",16048,542,"Feeding (or foraging)",2025,5,6,126,2460802,11,2025,9,17,260,2460936,3,"16048_Feeding (or foraging)","Feeding",NA,NA,"16048_Feeding (or foraging)_2025",9
2803,39.971001,-105.397003,2329,"CO",362,"Junco","hyemalis","dark-eyed junco","Animalia",16213,294,"Singing individuals (birds)",2025,3,20,79,2460755,3,2025,3,20,79,2460755,2,"16213_Singing individuals (birds)","Singing individuals",NA,NA,"16213_Singing individuals (birds)_2025",11
2803,39.971001,-105.397003,2329,"CO",357,"Sialia","mexicana","western bluebird","Animalia",16214,294,"Singing individuals (birds)",2025,4,17,107,2460783,3,2025,4,17,107,2460783,8,"16214_Singing individuals (birds)","Singing individuals",NA,NA,"16214_Singing individuals (birds)_2025",10
8418,32.363758,-94.873947,115,"TX",246,"Turdus","migratorius","American robin","Animalia",25349,294,"Singing individuals (birds)",2025,4,2,92,2460768,2,2025,4,2,92,2460768,4,"25349_Singing individuals (birds)","Singing individuals",NA,NA,"25349_Singing individuals (birds)_2025",11
8418,32.363758,-94.873947,115,"TX",246,"Turdus","migratorius","American robin","Animalia",25349,310,"Fruit/seed consumption",2025,1,8,8,2460684,3,2025,1,8,8,2460684,4,"25349_Fruit/seed consumption","Feeding",NA,NA,"25349_Fruit/seed consumption_2025",10
8418,32.363758,-94.873947,115,"TX",246,"Turdus","migratorius","American robin","Animalia",25349,457,"Insect consumption",2025,4,2,92,2460768,2,2025,4,6,96,2460772,3,"25349_Insect consumption","Feeding",NA,NA,"25349_Insect consumption_2025",11
8418,32.363758,-94.873947,115,"TX",1108,"Mimus","polyglottos","northern mockingbird","Animalia",25351,294,"Singing individuals (birds)",2025,1,30,30,2460706,4,2025,2,2,33,2460709,4,"25351_Singing individuals (birds)","Singing individuals",NA,NA,"25351_Singing individuals (birds)_2025",11
8418,32.363758,-94.873947,115,"TX",1108,"Mimus","polyglottos","northern mockingbird","Animalia",25351,310,"Fruit/seed consumption",2025,4,13,103,2460779,4,2025,4,13,103,2460779,3,"25351_Fruit/seed consumption","Feeding",NA,NA,"25351_Fruit/seed consumption_2025",10
8418,32.363758,-94.873947,115,"TX",1108,"Mimus","polyglottos","northern mockingbird","Animalia",25351,457,"Insect consumption",2025,4,6,96,2460772,4,2025,4,6,96,2460772,3,"25351_Insect consumption","Feeding",NA,NA,"25351_Insect consumption_2025",11
8418,32.363758,-94.873947,115,"TX",1096,"Cyanocitta","cristata","blue jay","Animalia",28244,310,"Fruit/seed consumption",2025,1,8,8,2460684,3,2025,1,15,15,2460691,4,"28244_Fruit/seed consumption","Feeding",NA,NA,"28244_Fruit/seed consumption_2025",11
8418,32.363758,-94.873947,115,"TX",1096,"Cyanocitta","cristata","blue jay","Animalia",28244,457,"Insect consumption",2025,4,6,96,2460772,4,2025,4,6,96,2460772,3,"28244_Insect consumption","Feeding",NA,NA,"28244_Insect consumption_2025",9
8418,32.363758,-94.873947,115,"TX",356,"Sialia","sialis","eastern bluebird","Animalia",28245,457,"Insect consumption",2025,4,9,99,2460775,3,2025,4,16,106,2460782,7,"28245_Insect consumption","Feeding",NA,NA,"28245_Insect consumption_2025",10
8418,32.363758,-94.873947,115,"TX",375,"Zenaida","macroura","mourning dove","Animalia",28246,294,"Singing individuals (birds)",2025,2,9,40,2460716,3,2025,2,9,40,2460716,10,"28246_Singing individuals (birds)","Singing individuals",NA,NA,"28246_Singing individuals (birds)_2025",10
8418,32.363758,-94.873947,115,"TX",1090,"Cardinalis","cardinalis","northern cardinal","Animalia",28247,294,"Singing individuals (birds)",2025,1,5,5,2460681,4,2025,1,5,5,2460681,3,"28247_Singing individuals (birds)","Singing individuals",NA,NA,"28247_Singing individuals (birds)_2025",11
8418,32.363758,-94.873947,115,"TX",1090,"Cardinalis","cardinalis","northern cardinal","Animalia",28247,310,"Fruit/seed consumption",2025,2,9,40,2460716,3,2025,3,2,61,2460737,4,"28247_Fruit/seed consumption","Feeding",NA,NA,"28247_Fruit/seed consumption_2025",11
8418,32.363758,-94.873947,115,"TX",1090,"Cardinalis","cardinalis","northern cardinal","Animalia",28247,457,"Insect consumption",2025,4,30,120,2460796,7,2025,4,30,120,2460796,4,"28247_Insect consumption","Feeding",NA,NA,"28247_Insect consumption_2025",10
8418,32.363758,-94.873947,115,"TX",352,"Archilochus","colubris","ruby-throated hummingbird","Animalia",30980,312,"Flower visitation",2025,3,26,85,2460761,3,2025,3,26,85,2460761,5,"30980_Flower visitation","Feeding",NA,NA,"30980_Flower visitation_2025",11
8418,32.363758,-94.873947,115,"TX",362,"Junco","hyemalis","dark-eyed junco","Animalia",33174,310,"Fruit/seed consumption",2025,1,5,5,2460681,4,2025,2,2,33,2460709,4,"33174_Fruit/seed consumption","Feeding",NA,NA,"33174_Fruit/seed consumption_2025",10
8418,32.363758,-94.873947,115,"TX",240,"Spinus","tristis","American goldfinch","Animalia",33798,310,"Fruit/seed consumption",2025,1,5,5,2460681,4,2025,1,26,26,2460702,4,"33798_Fruit/seed consumption","Feeding",NA,NA,"33798_Fruit/seed consumption_2025",10
8418,32.363758,-94.873947,115,"TX",1110,"Passer","domesticus","house sparrow","Animalia",35674,294,"Singing individuals (birds)",2025,3,16,75,2460751,4,2025,3,16,75,2460751,3,"35674_Singing individuals (birds)","Singing individuals",NA,NA,"35674_Singing individuals (birds)_2025",9
8418,32.363758,-94.873947,115,"TX",1110,"Passer","domesticus","house sparrow","Animalia",35674,310,"Fruit/seed consumption",2025,3,31,90,2460766,5,2025,5,18,138,2460814,3,"35674_Fruit/seed consumption","Feeding",NA,NA,"35674_Fruit/seed consumption_2025",10
10145,42.602543,-83.250992,277,"MI",362,"Junco","hyemalis","dark-eyed junco","Animalia",38878,294,"Singing individuals (birds)",2025,1,20,20,2460696,1,2025,1,20,20,2460696,2,"38878_Singing individuals (birds)","Singing individuals",NA,NA,"38878_Singing individuals (birds)_2025",11
10145,42.602543,-83.250992,277,"MI",355,"Troglodytes","aedon","house wren","Animalia",38908,294,"Singing individuals (birds)",2025,5,10,130,2460806,1,2025,5,10,130,2460806,1,"38908_Singing individuals (birds)","Singing individuals",NA,NA,"38908_Singing individuals (birds)_2025",10
9652,44.768246,-94.155746,309,"MN",246,"Turdus","migratorius","American robin","Animalia",40107,294,"Singing individuals (birds)",2025,3,19,78,2460754,4,2025,3,22,81,2460757,8,"40107_Singing individuals (birds)","Singing individuals",NA,NA,"40107_Singing individuals (birds)_2025",11
9652,44.768246,-94.155746,309,"MN",246,"Turdus","migratorius","American robin","Animalia",40107,295,"Territorial individuals (birds)",2025,3,30,89,2460765,8,2025,3,30,89,2460765,2,"40107_Territorial individuals (birds)","Territorial behavior",NA,NA,"40107_Territorial individuals (birds)_2025",9
9652,44.768246,-94.155746,309,"MN",246,"Turdus","migratorius","American robin","Animalia",40107,297,"Nest building (birds)",2025,4,12,102,2460778,2,2025,4,12,102,2460778,2,"40107_Nest building (birds)","Nesting behavior",NA,NA,"40107_Nest building (birds)_2025",9
9652,44.768246,-94.155746,309,"MN",246,"Turdus","migratorius","American robin","Animalia",40107,308,"Fledged young (altricial birds)",2025,5,19,139,2460815,6,2025,5,24,144,2460820,1,"40107_Fledged young (altricial birds)","Young observed",NA,NA,"40107_Fledged young (altricial birds)_2025",9
9652,44.768246,-94.155746,309,"MN",246,"Turdus","migratorius","American robin","Animalia",40107,457,"Insect consumption",2025,4,6,96,2460772,5,2025,4,14,104,2460780,3,"40107_Insect consumption","Feeding",NA,NA,"40107_Insect consumption_2025",10
9652,44.768246,-94.155746,309,"MN",246,"Turdus","migratorius","American robin","Animalia",40107,542,"Feeding (or foraging)",2025,4,23,113,2460789,6,2025,5,24,144,2460820,1,"40107_Feeding (or foraging)","Feeding",NA,NA,"40107_Feeding (or foraging)_2025",9
8418,32.363758,-94.873947,115,"TX",1113,"Dryobates","pubescens","downy woodpecker","Animalia",41679,310,"Fruit/seed consumption",2025,1,5,5,2460681,4,2025,1,12,12,2460688,3,"41679_Fruit/seed consumption","Feeding",NA,NA,"41679_Fruit/seed consumption_2025",10
8418,32.363758,-94.873947,115,"TX",1113,"Dryobates","pubescens","downy woodpecker","Animalia",41679,457,"Insect consumption",2025,4,30,120,2460796,7,2025,4,30,120,2460796,4,"41679_Insect consumption","Feeding",NA,NA,"41679_Insect consumption_2025",9
11313,44.201355,-92.646301,330,"MN",1090,"Cardinalis","cardinalis","northern cardinal","Animalia",46661,294,"Singing individuals (birds)",2025,4,19,109,2460785,7,2025,4,19,109,2460785,14,"46661_Singing individuals (birds)","Singing individuals",NA,NA,"46661_Singing individuals (birds)_2025",10
8418,32.363758,-94.873947,115,"TX",1126,"Thryothorus","ludovicianus","Carolina wren","Animalia",46734,310,"Fruit/seed consumption",2025,1,8,8,2460684,3,2025,1,8,8,2460684,4,"46734_Fruit/seed consumption","Feeding",NA,NA,"46734_Fruit/seed consumption_2025",10
12064,32.248463,-110.909584,745,"AZ",1088,"Calypte","anna","Anna's hummingbird","Animalia",50759,312,"Flower visitation",2025,2,20,51,2460727,4,2025,2,20,51,2460727,6,"50759_Flower visitation","Feeding",NA,NA,"50759_Flower visitation_2025",9
12064,32.248463,-110.909584,745,"AZ",1088,"Calypte","anna","Anna's hummingbird","Animalia",50759,542,"Feeding (or foraging)",2025,2,20,51,2460727,4,2025,2,20,51,2460727,6,"50759_Feeding (or foraging)","Feeding",NA,NA,"50759_Feeding (or foraging)_2025",9
8418,32.363758,-94.873947,115,"TX",359,"Agelaius","phoeniceus","red-winged blackbird","Animalia",62147,310,"Fruit/seed consumption",2025,2,9,40,2460716,3,2025,3,16,75,2460751,3,"62147_Fruit/seed consumption","Feeding",NA,NA,"62147_Fruit/seed consumption_2025",9
8418,32.363758,-94.873947,115,"TX",1233,"Poecile","carolinensis","Carolina chickadee","Animalia",63335,310,"Fruit/seed consumption",2025,2,9,40,2460716,3,2025,3,2,61,2460737,4,"63335_Fruit/seed consumption","Feeding",NA,NA,"63335_Fruit/seed consumption_2025",9
10145,42.602543,-83.250992,277,"MI",1224,"Branta","canadensis","Canada goose","Animalia",64229,541,"Fledged young (precocial birds)",2025,5,8,128,2460804,1,2025,5,8,128,2460804,1,"64229_Fledged young (precocial birds)","Young observed",NA,NA,"64229_Fledged young (precocial birds)_2025",9
8418,32.363758,-94.873947,115,"TX",363,"Molothrus","ater","brown-headed cowbird","Animalia",64379,310,"Fruit/seed consumption",2025,2,9,40,2460716,3,2025,2,9,40,2460716,10,"64379_Fruit/seed consumption","Feeding",NA,NA,"64379_Fruit/seed consumption_2025",9
17414,42.936153,-73.433449,147,"NY",1124,"Tachycineta","bicolor","tree swallow","Animalia",66940,298,"Occupied nest",2025,5,11,131,2460807,7,2025,6,14,165,2460841,7,"66940_Occupied nest","Nesting behavior",NA,NA,"66940_Occupied nest_2025",9
17414,42.936153,-73.433449,147,"NY",1124,"Tachycineta","bicolor","tree swallow","Animalia",66940,457,"Insect consumption",2025,4,15,105,2460781,6,2025,4,15,105,2460781,5,"66940_Insect consumption","Feeding",NA,NA,"66940_Insect consumption_2025",9
17414,42.936153,-73.433449,147,"NY",1124,"Tachycineta","bicolor","tree swallow","Animalia",66940,542,"Feeding (or foraging)",2025,4,15,105,2460781,6,2025,4,15,105,2460781,5,"66940_Feeding (or foraging)","Feeding",NA,NA,"66940_Feeding (or foraging)_2025",9
17707,37.360123,-122.128151,170,"CA",362,"Junco","hyemalis","dark-eyed junco","Animalia",68613,294,"Singing individuals (birds)",2025,5,8,128,2460804,2,2025,5,8,128,2460804,7,"68613_Singing individuals (birds)","Singing individuals",NA,NA,"68613_Singing individuals (birds)_2025",9
9652,44.768246,-94.155746,309,"MN",1090,"Cardinalis","cardinalis","northern cardinal","Animalia",69510,294,"Singing individuals (birds)",2025,3,3,62,2460738,8,2025,6,9,160,2460836,1,"69510_Singing individuals (birds)","Singing individuals",NA,NA,"69510_Singing individuals (birds)_2025",9
12725,37.360928,-122.130836,176,"CA",1088,"Calypte","anna","Anna's hummingbird","Animalia",71544,294,"Singing individuals (birds)",2025,1,30,30,2460706,2,2025,1,30,30,2460706,5,"71544_Singing individuals (birds)","Singing individuals",NA,NA,"71544_Singing individuals (birds)_2025",9
12725,37.360928,-122.130836,176,"CA",1088,"Calypte","anna","Anna's hummingbird","Animalia",71544,312,"Flower visitation",2025,2,20,51,2460727,2,2025,3,4,63,2460739,7,"71544_Flower visitation","Feeding",NA,NA,"71544_Flower visitation_2025",9
19944,33.66478,-117.843063,22,"CA",1088,"Calypte","anna","Anna's hummingbird","Animalia",81455,294,"Singing individuals (birds)",2025,2,28,59,2460735,11,2025,3,10,69,2460745,8,"81455_Singing individuals (birds)","Singing individuals",NA,NA,"81455_Singing individuals (birds)_2025",11
19944,33.66478,-117.843063,22,"CA",1088,"Calypte","anna","Anna's hummingbird","Animalia",81455,295,"Territorial individuals (birds)",2025,10,13,286,2460962,10,2025,12,7,341,2461017,15,"81455_Territorial individuals (birds)","Territorial behavior",NA,NA,"81455_Territorial individuals (birds)_2025",9
19944,33.66478,-117.843063,22,"CA",1088,"Calypte","anna","Anna's hummingbird","Animalia",81455,312,"Flower visitation",2025,1,31,31,2460707,10,2025,1,31,31,2460707,10,"81455_Flower visitation","Feeding",NA,NA,"81455_Flower visitation_2025",11
19944,33.66478,-117.843063,22,"CA",1088,"Calypte","anna","Anna's hummingbird","Animalia",81455,457,"Insect consumption",2025,1,31,31,2460707,10,2025,2,10,41,2460717,7,"81455_Insect consumption","Feeding",NA,NA,"81455_Insect consumption_2025",11
19944,33.66478,-117.843063,22,"CA",1088,"Calypte","anna","Anna's hummingbird","Animalia",81455,542,"Feeding (or foraging)",2025,1,31,31,2460707,10,2025,2,10,41,2460717,7,"81455_Feeding (or foraging)","Feeding",NA,NA,"81455_Feeding (or foraging)_2025",9
19944,33.66478,-117.843063,22,"CA",376,"Sayornis","nigricans","black phoebe","Animalia",81456,294,"Singing individuals (birds)",2025,1,31,31,2460707,10,2025,2,28,59,2460735,10,"81456_Singing individuals (birds)","Singing individuals",NA,NA,"81456_Singing individuals (birds)_2025",11
19944,33.66478,-117.843063,22,"CA",376,"Sayornis","nigricans","black phoebe","Animalia",81456,295,"Territorial individuals (birds)",2025,8,11,223,2460899,10,2025,8,11,223,2460899,17,"81456_Territorial individuals (birds)","Territorial behavior",NA,NA,"81456_Territorial individuals (birds)_2025",9
19944,33.66478,-117.843063,22,"CA",376,"Sayornis","nigricans","black phoebe","Animalia",81456,457,"Insect consumption",2025,1,31,31,2460707,10,2025,1,31,31,2460707,10,"81456_Insect consumption","Feeding",NA,NA,"81456_Insect consumption_2025",11
19944,33.66478,-117.843063,22,"CA",376,"Sayornis","nigricans","black phoebe","Animalia",81456,542,"Feeding (or foraging)",2025,1,31,31,2460707,10,2025,2,10,41,2460717,7,"81456_Feeding (or foraging)","Feeding",NA,NA,"81456_Feeding (or foraging)_2025",9
19944,33.66478,-117.843063,22,"CA",242,"Petrochelidon","pyrrhonota","cliff swallow","Animalia",81457,294,"Singing individuals (birds)",2025,6,23,174,2460850,14,2025,6,23,174,2460850,21,"81457_Singing individuals (birds)","Singing individuals",NA,NA,"81457_Singing individuals (birds)_2025",10
19944,33.66478,-117.843063,22,"CA",242,"Petrochelidon","pyrrhonota","cliff swallow","Animalia",81457,297,"Nest building (birds)",2025,5,12,132,2460808,10,2025,5,12,132,2460808,18,"81457_Nest building (birds)","Nesting behavior",NA,NA,"81457_Nest building (birds)_2025",10
19944,33.66478,-117.843063,22,"CA",1197,"Geothlypis","trichas","common yellowthroat","Animalia",81458,294,"Singing individuals (birds)",2025,1,31,31,2460707,10,2025,10,3,276,2460952,10,"81458_Singing individuals (birds)","Singing individuals",NA,NA,"81458_Singing individuals (birds)_2025",11
19944,33.66478,-117.843063,22,"CA",1197,"Geothlypis","trichas","common yellowthroat","Animalia",81458,295,"Territorial individuals (birds)",2025,1,31,31,2460707,10,2025,1,31,31,2460707,10,"81458_Territorial individuals (birds)","Territorial behavior",NA,NA,"81458_Territorial individuals (birds)_2025",9
19944,33.66478,-117.843063,22,"CA",1197,"Geothlypis","trichas","common yellowthroat","Animalia",81458,542,"Feeding (or foraging)",2025,1,31,31,2460707,10,2025,1,31,31,2460707,10,"81458_Feeding (or foraging)","Feeding",NA,NA,"81458_Feeding (or foraging)_2025",9
19944,33.66478,-117.843063,22,"CA",370,"Ardea","herodias","great blue heron","Animalia",81459,542,"Feeding (or foraging)",2025,2,10,41,2460717,10,2025,2,10,41,2460717,7,"81459_Feeding (or foraging)","Feeding",NA,NA,"81459_Feeding (or foraging)_2025",9
19944,33.66478,-117.843063,22,"CA",244,"Charadrius","vociferus","killdeer","Animalia",81460,542,"Feeding (or foraging)",2025,6,23,174,2460850,6,2025,6,23,174,2460850,21,"81460_Feeding (or foraging)","Feeding",NA,NA,"81460_Feeding (or foraging)_2025",9
19944,33.66478,-117.843063,22,"CA",248,"Pandion","haliaetus","osprey","Animalia",81461,542,"Feeding (or foraging)",2025,6,23,174,2460850,14,2025,6,23,174,2460850,21,"81461_Feeding (or foraging)","Feeding",NA,NA,"81461_Feeding (or foraging)_2025",9
19944,33.66478,-117.843063,22,"CA",373,"Actitis","macularius","spotted sandpiper","Animalia",81462,542,"Feeding (or foraging)",2025,5,12,132,2460808,10,2025,5,12,132,2460808,18,"81462_Feeding (or foraging)","Feeding",NA,NA,"81462_Feeding (or foraging)_2025",9
17414,42.936153,-73.433449,147,"NY",1197,"Geothlypis","trichas","common yellowthroat","Animalia",86970,294,"Singing individuals (birds)",2025,5,3,123,2460799,4,2025,5,21,141,2460817,3,"86970_Singing individuals (birds)","Singing individuals",NA,NA,"86970_Singing individuals (birds)_2025",11
20765,33.632149,-117.55545,440,"CA",1088,"Calypte","anna","Anna's hummingbird","Animalia",88471,312,"Flower visitation",2025,8,17,229,2460905,3,2025,8,17,229,2460905,25,"88471_Flower visitation","Feeding",NA,NA,"88471_Flower visitation_2025",9
20765,33.632149,-117.55545,440,"CA",355,"Troglodytes","aedon","house wren","Animalia",88474,294,"Singing individuals (birds)",2025,4,10,100,2460776,7,2025,4,20,110,2460786,11,"88474_Singing individuals (birds)","Singing individuals",NA,NA,"88474_Singing individuals (birds)_2025",9
20765,33.632149,-117.55545,440,"CA",1380,"Melospiza","melodia","song sparrow","Animalia",88475,294,"Singing individuals (birds)",2025,4,10,100,2460776,7,2025,4,20,110,2460786,11,"88475_Singing individuals (birds)","Singing individuals",NA,NA,"88475_Singing individuals (birds)_2025",10
20765,33.632149,-117.55545,440,"CA",1091,"Spinus","psaltria","lesser goldfinch","Animalia",88478,294,"Singing individuals (birds)",2025,4,10,100,2460776,7,2025,4,10,100,2460776,10,"88478_Singing individuals (birds)","Singing individuals",NA,NA,"88478_Singing individuals (birds)_2025",9
22858,38.09404,-122.37149,-1,"CA",1380,"Melospiza","melodia","song sparrow","Animalia",103159,294,"Singing individuals (birds)",2025,1,20,20,2460696,7,2025,3,20,79,2460755,7,"103159_Singing individuals (birds)","Singing individuals",NA,NA,"103159_Singing individuals (birds)_2025",10
22858,38.09404,-122.37149,-1,"CA",1380,"Melospiza","melodia","song sparrow","Animalia",103159,542,"Feeding (or foraging)",2025,2,3,34,2460710,7,2025,2,10,41,2460717,7,"103159_Feeding (or foraging)","Feeding",NA,NA,"103159_Feeding (or foraging)_2025",9
22858,38.09404,-122.37149,-1,"CA",357,"Sialia","mexicana","western bluebird","Animalia",103161,457,"Insect consumption",2025,1,27,27,2460703,7,2025,1,27,27,2460703,7,"103161_Insect consumption","Feeding",NA,NA,"103161_Insect consumption_2025",9
22858,38.09404,-122.37149,-1,"CA",357,"Sialia","mexicana","western bluebird","Animalia",103161,542,"Feeding (or foraging)",2025,1,27,27,2460703,7,2025,1,27,27,2460703,7,"103161_Feeding (or foraging)","Feeding",NA,NA,"103161_Feeding (or foraging)_2025",9
17414,42.936153,-73.433449,147,"NY",352,"Archilochus","colubris","ruby-throated hummingbird","Animalia",103211,542,"Feeding (or foraging)",2025,4,30,120,2460796,1,2025,5,3,123,2460799,1,"103211_Feeding (or foraging)","Feeding",NA,NA,"103211_Feeding (or foraging)_2025",9
22858,38.09404,-122.37149,-1,"CA",1375,"Anas","platyrhynchos","mallard","Animalia",114733,542,"Feeding (or foraging)",2025,1,27,27,2460703,7,2025,1,27,27,2460703,7,"114733_Feeding (or foraging)","Feeding",NA,NA,"114733_Feeding (or foraging)_2025",9
22858,38.09404,-122.37149,-1,"CA",359,"Agelaius","phoeniceus","red-winged blackbird","Animalia",114734,294,"Singing individuals (birds)",2025,1,20,20,2460696,7,2025,3,20,79,2460755,7,"114734_Singing individuals (birds)","Singing individuals",NA,NA,"114734_Singing individuals (birds)_2025",9
22858,38.09404,-122.37149,-1,"CA",359,"Agelaius","phoeniceus","red-winged blackbird","Animalia",114734,542,"Feeding (or foraging)",2025,1,20,20,2460696,7,2025,1,27,27,2460703,7,"114734_Feeding (or foraging)","Feeding",NA,NA,"114734_Feeding (or foraging)_2025",9
22858,38.09404,-122.37149,-1,"CA",1088,"Calypte","anna","Anna's hummingbird","Animalia",114826,295,"Territorial individuals (birds)",2025,1,27,27,2460703,7,2025,1,27,27,2460703,7,"114826_Territorial individuals (birds)","Territorial behavior",NA,NA,"114826_Territorial individuals (birds)_2025",9
22858,38.09404,-122.37149,-1,"CA",1088,"Calypte","anna","Anna's hummingbird","Animalia",114826,542,"Feeding (or foraging)",2025,1,13,13,2460689,7,2025,1,20,20,2460696,7,"114826_Feeding (or foraging)","Feeding",NA,NA,"114826_Feeding (or foraging)_2025",9
2803,39.971001,-105.397003,2329,"CO",1113,"Dryobates","pubescens","downy woodpecker","Animalia",122049,310,"Fruit/seed consumption",2025,7,16,197,2460873,7,2025,7,16,197,2460873,2,"122049_Fruit/seed consumption","Feeding",NA,NA,"122049_Fruit/seed consumption_2025",9
2803,39.971001,-105.397003,2329,"CO",1113,"Dryobates","pubescens","downy woodpecker","Animalia",122049,542,"Feeding (or foraging)",2025,7,16,197,2460873,7,2025,7,16,197,2460873,2,"122049_Feeding (or foraging)","Feeding",NA,NA,"122049_Feeding (or foraging)_2025",9
2803,39.971001,-105.397003,2329,"CO",1411,"Poecile","gambeli","mountain chickadee","Animalia",122050,294,"Singing individuals (birds)",2025,6,27,178,2460854,4,2025,10,8,281,2460957,NA,"122050_Singing individuals (birds)","Singing individuals",NA,NA,"122050_Singing individuals (birds)_2025",9
2803,39.971001,-105.397003,2329,"CO",1411,"Poecile","gambeli","mountain chickadee","Animalia",122050,542,"Feeding (or foraging)",2025,6,27,178,2460854,4,2025,9,3,246,2460922,7,"122050_Feeding (or foraging)","Feeding",NA,NA,"122050_Feeding (or foraging)_2025",9
2803,39.971001,-105.397003,2329,"CO",1398,"Cyanocitta","stelleri","Steller's jay","Animalia",122052,310,"Fruit/seed consumption",2025,3,20,79,2460755,3,2025,5,12,132,2460808,3,"122052_Fruit/seed consumption","Feeding",NA,NA,"122052_Fruit/seed consumption_2025",9
2803,39.971001,-105.397003,2329,"CO",1398,"Cyanocitta","stelleri","Steller's jay","Animalia",122052,457,"Insect consumption",2025,3,29,88,2460764,7,2025,5,12,132,2460808,3,"122052_Insect consumption","Feeding",NA,NA,"122052_Insect consumption_2025",9
2803,39.971001,-105.397003,2329,"CO",1398,"Cyanocitta","stelleri","Steller's jay","Animalia",122052,542,"Feeding (or foraging)",2025,3,20,79,2460755,3,2025,5,12,132,2460808,3,"122052_Feeding (or foraging)","Feeding",NA,NA,"122052_Feeding (or foraging)_2025",9
2803,39.971001,-105.397003,2329,"CO",1415,"Sitta","carolinensis","white-breasted nuthatch","Animalia",122053,294,"Singing individuals (birds)",2025,9,3,246,2460922,2,2025,10,8,281,2460957,NA,"122053_Singing individuals (birds)","Singing individuals",NA,NA,"122053_Singing individuals (birds)_2025",9
2803,39.971001,-105.397003,2329,"CO",1415,"Sitta","carolinensis","white-breasted nuthatch","Animalia",122053,457,"Insect consumption",2025,8,20,232,2460908,2,2025,9,3,246,2460922,7,"122053_Insect consumption","Feeding",NA,NA,"122053_Insect consumption_2025",9
2803,39.971001,-105.397003,2329,"CO",1415,"Sitta","carolinensis","white-breasted nuthatch","Animalia",122053,542,"Feeding (or foraging)",2025,8,20,232,2460908,2,2025,9,3,246,2460922,7,"122053_Feeding (or foraging)","Feeding",NA,NA,"122053_Feeding (or foraging)_2025",9
12064,32.248463,-110.909584,745,"AZ",1223,"Auriparus","flaviceps","verdin","Animalia",139417,542,"Feeding (or foraging)",2025,1,9,9,2460685,4,2025,1,9,9,2460685,1,"139417_Feeding (or foraging)","Feeding",NA,NA,"139417_Feeding (or foraging)_2025",9
27407,38.037094,-122.394722,-6,"CA",244,"Charadrius","vociferus","killdeer","Animalia",141455,542,"Feeding (or foraging)",2025,1,27,27,2460703,7,2025,1,27,27,2460703,7,"141455_Feeding (or foraging)","Feeding",NA,NA,"141455_Feeding (or foraging)_2025",9
27407,38.037094,-122.394722,-6,"CA",1375,"Anas","platyrhynchos","mallard","Animalia",141456,542,"Feeding (or foraging)",2025,2,24,55,2460731,7,2025,3,27,86,2460762,7,"141456_Feeding (or foraging)","Feeding",NA,NA,"141456_Feeding (or foraging)_2025",9
27407,38.037094,-122.394722,-6,"CA",375,"Zenaida","macroura","mourning dove","Animalia",141460,294,"Singing individuals (birds)",2025,3,10,69,2460745,7,2025,4,17,107,2460783,7,"141460_Singing individuals (birds)","Singing individuals",NA,NA,"141460_Singing individuals (birds)_2025",9
27407,38.037094,-122.394722,-6,"CA",376,"Sayornis","nigricans","black phoebe","Animalia",141461,294,"Singing individuals (birds)",2025,4,3,93,2460769,7,2025,4,3,93,2460769,7,"141461_Singing individuals (birds)","Singing individuals",NA,NA,"141461_Singing individuals (birds)_2025",9
27407,38.037094,-122.394722,-6,"CA",376,"Sayornis","nigricans","black phoebe","Animalia",141461,457,"Insect consumption",2025,1,27,27,2460703,7,2025,2,17,48,2460724,7,"141461_Insect consumption","Feeding",NA,NA,"141461_Insect consumption_2025",9
27407,38.037094,-122.394722,-6,"CA",376,"Sayornis","nigricans","black phoebe","Animalia",141461,542,"Feeding (or foraging)",2025,1,27,27,2460703,7,2025,2,17,48,2460724,7,"141461_Feeding (or foraging)","Feeding",NA,NA,"141461_Feeding (or foraging)_2025",9
