"site_id","latitude","longitude","species_id","genus","species","common_name","kingdom","individual_id","phenophase_id","phenophase_description","first_yes_year","first_yes_month","first_yes_day","first_yes_doy","first_yes_julian_date","numdays_since_prior_no","ind_phen","phenophase","state","first_yes_date","yeartype","dop","year","ind_phen_year","series_yrs"
1447,42.176537,-85.892448,337,"Pseudacris","crucifer","spring peeper","Animalia",11253,276,"Vocalizing",2011,4,11,101,2455663,NA,"11253_Vocalizing","Calls or songs","MI",2011-04-11,"calendar",101,2011,"11253_Vocalizing_2011",10
5260,42.454987,-72.345177,337,"Pseudacris","crucifer","spring peeper","Animalia",12258,276,"Vocalizing",2011,4,7,97,2455659,NA,"12258_Vocalizing","Calls or songs","MA",2011-04-07,"calendar",97,2011,"12258_Vocalizing_2011",12
5260,42.454987,-72.345177,346,"Lithobates","palustris","pickerel frog","Animalia",12259,276,"Vocalizing",2011,4,15,105,2455667,NA,"12259_Vocalizing","Calls or songs","MA",2011-04-15,"calendar",105,2011,"12259_Vocalizing_2011",11
6362,43.012966,-73.649918,307,"Lithobates","clamitans","green frog","Animalia",17986,275,"Adults in water",2011,5,16,136,2455698,7,"17986_Adults in water","Adults observed","NY",2011-05-16,"calendar",136,2011,"17986_Adults in water_2011",10
6362,43.012966,-73.649918,307,"Lithobates","clamitans","green frog","Animalia",17986,276,"Vocalizing",2011,5,16,136,2455698,7,"17986_Vocalizing","Calls or songs","NY",2011-05-16,"calendar",136,2011,"17986_Vocalizing_2011",15
1447,42.176537,-85.892448,337,"Pseudacris","crucifer","spring peeper","Animalia",11253,276,"Vocalizing",2012,3,17,77,2456004,7,"11253_Vocalizing","Calls or songs","MI",2012-03-17,"calendar",77,2012,"11253_Vocalizing_2012",10
6362,43.012966,-73.649918,307,"Lithobates","clamitans","green frog","Animalia",17986,275,"Adults in water",2012,4,16,107,2456034,6,"17986_Adults in water","Adults observed","NY",2012-04-16,"calendar",107,2012,"17986_Adults in water_2012",10
6362,43.012966,-73.649918,307,"Lithobates","clamitans","green frog","Animalia",17986,276,"Vocalizing",2012,4,16,107,2456034,6,"17986_Vocalizing","Calls or songs","NY",2012-04-16,"calendar",107,2012,"17986_Vocalizing_2012",15
8496,46.328629,-96.061256,421,"Thamnophis","sirtalis","common gartersnake","Animalia",25782,355,"Individuals on land (rock/log)",2012,4,24,115,2456042,2,"25782_Individuals on land (rock/log)","Adults observed","MN",2012-04-24,"calendar",115,2012,"25782_Individuals on land (rock/log)_2012",14
8242,31.596231,-110.575493,423,"Aspidoscelis","tigris","western whiptail","Animalia",29644,355,"Individuals on land (rock/log)",2012,7,26,208,2456135,NA,"29644_Individuals on land (rock/log)","Adults observed","AZ",2012-07-26,"calendar",208,2012,"29644_Individuals on land (rock/log)_2012",9
8242,31.596231,-110.575493,427,"Sceloporus","occidentalis","western fence lizard","Animalia",29646,355,"Individuals on land (rock/log)",2012,10,1,275,2456202,29,"29646_Individuals on land (rock/log)","Adults observed","AZ",2012-10-01,"calendar",275,2012,"29646_Individuals on land (rock/log)_2012",10
8242,31.596231,-110.575493,427,"Sceloporus","occidentalis","western fence lizard","Animalia",29646,441,"Young individuals (hatched from eggs)",2012,10,1,275,2456202,NA,"29646_Young individuals (hatched from eggs)","Young observed","AZ",2012-10-01,"calendar",275,2012,"29646_Young individuals (hatched from eggs)_2012",10
1447,42.176537,-85.892448,337,"Pseudacris","crucifer","spring peeper","Animalia",11253,276,"Vocalizing",2013,4,9,99,2456392,3,"11253_Vocalizing","Calls or songs","MI",2013-04-09,"calendar",99,2013,"11253_Vocalizing_2013",10
6362,43.012966,-73.649918,307,"Lithobates","clamitans","green frog","Animalia",17986,275,"Adults in water",2013,4,29,119,2456412,5,"17986_Adults in water","Adults observed","NY",2013-04-29,"calendar",119,2013,"17986_Adults in water_2013",10
6362,43.012966,-73.649918,307,"Lithobates","clamitans","green frog","Animalia",17986,276,"Vocalizing",2013,5,6,126,2456419,4,"17986_Vocalizing","Calls or songs","NY",2013-05-06,"calendar",126,2013,"17986_Vocalizing_2013",15
8496,46.328629,-96.061256,421,"Thamnophis","sirtalis","common gartersnake","Animalia",25782,355,"Individuals on land (rock/log)",2013,5,15,135,2456428,2,"25782_Individuals on land (rock/log)","Adults observed","MN",2013-05-15,"calendar",135,2013,"25782_Individuals on land (rock/log)_2013",14
8242,31.596231,-110.575493,423,"Aspidoscelis","tigris","western whiptail","Animalia",29644,355,"Individuals on land (rock/log)",2013,5,5,125,2456418,28,"29644_Individuals on land (rock/log)","Adults observed","AZ",2013-05-05,"calendar",125,2013,"29644_Individuals on land (rock/log)_2013",9
8242,31.596231,-110.575493,427,"Sceloporus","occidentalis","western fence lizard","Animalia",29646,355,"Individuals on land (rock/log)",2013,4,7,97,2456390,16,"29646_Individuals on land (rock/log)","Adults observed","AZ",2013-04-07,"calendar",97,2013,"29646_Individuals on land (rock/log)_2013",10
8242,31.596231,-110.575493,427,"Sceloporus","occidentalis","western fence lizard","Animalia",29646,441,"Young individuals (hatched from eggs)",2013,4,7,97,2456390,NA,"29646_Young individuals (hatched from eggs)","Young observed","AZ",2013-04-07,"calendar",97,2013,"29646_Young individuals (hatched from eggs)_2013",10
10145,42.602543,-83.250992,230,"Anaxyrus","americanus","American toad","Animalia",38841,274,"Adults on land",2013,5,2,122,2456415,1,"38841_Adults on land","Adults observed","MI",2013-05-02,"calendar",122,2013,"38841_Adults on land_2013",12
10145,42.602543,-83.250992,230,"Anaxyrus","americanus","American toad","Animalia",38841,276,"Vocalizing",2013,4,30,120,2456413,NA,"38841_Vocalizing","Calls or songs","MI",2013-04-30,"calendar",120,2013,"38841_Vocalizing_2013",13
10145,42.602543,-83.250992,307,"Lithobates","clamitans","green frog","Animalia",38902,274,"Adults on land",2013,9,3,246,2456539,NA,"38902_Adults on land","Adults observed","MI",2013-09-03,"calendar",246,2013,"38902_Adults on land_2013",9
6081,34.0312,-118.811821,427,"Sceloporus","occidentalis","western fence lizard","Animalia",39781,355,"Individuals on land (rock/log)",2013,3,18,77,2456370,NA,"39781_Individuals on land (rock/log)","Adults observed","CA",2013-03-18,"calendar",77,2013,"39781_Individuals on land (rock/log)_2013",10
6092,34.115868,-118.758972,427,"Sceloporus","occidentalis","western fence lizard","Animalia",40027,355,"Individuals on land (rock/log)",2013,9,19,262,2456555,NA,"40027_Individuals on land (rock/log)","Adults observed","CA",2013-09-19,"calendar",262,2013,"40027_Individuals on land (rock/log)_2013",12
6093,34.115894,-118.760101,427,"Sceloporus","occidentalis","western fence lizard","Animalia",40042,355,"Individuals on land (rock/log)",2013,5,9,129,2456422,NA,"40042_Individuals on land (rock/log)","Adults observed","CA",2013-05-09,"calendar",129,2013,"40042_Individuals on land (rock/log)_2013",9
6094,34.116138,-118.760071,427,"Sceloporus","occidentalis","western fence lizard","Animalia",40672,355,"Individuals on land (rock/log)",2013,11,7,311,2456604,NA,"40672_Individuals on land (rock/log)","Adults observed","CA",2013-11-07,"calendar",311,2013,"40672_Individuals on land (rock/log)_2013",9
6095,34.116432,-118.759659,427,"Sceloporus","occidentalis","western fence lizard","Animalia",40687,355,"Individuals on land (rock/log)",2013,4,22,112,2456405,NA,"40687_Individuals on land (rock/log)","Adults observed","CA",2013-04-22,"calendar",112,2013,"40687_Individuals on land (rock/log)_2013",11
6097,34.116222,-118.758591,427,"Sceloporus","occidentalis","western fence lizard","Animalia",40704,355,"Individuals on land (rock/log)",2013,5,3,123,2456416,NA,"40704_Individuals on land (rock/log)","Adults observed","CA",2013-05-03,"calendar",123,2013,"40704_Individuals on land (rock/log)_2013",10
6099,34.119007,-118.760071,427,"Sceloporus","occidentalis","western fence lizard","Animalia",40734,355,"Individuals on land (rock/log)",2013,4,12,102,2456395,NA,"40734_Individuals on land (rock/log)","Adults observed","CA",2013-04-12,"calendar",102,2013,"40734_Individuals on land (rock/log)_2013",11
6151,34.039394,-118.814392,427,"Sceloporus","occidentalis","western fence lizard","Animalia",40984,355,"Individuals on land (rock/log)",2013,4,29,119,2456412,NA,"40984_Individuals on land (rock/log)","Adults observed","CA",2013-04-29,"calendar",119,2013,"40984_Individuals on land (rock/log)_2013",10
8496,46.328629,-96.061256,233,"Lithobates","pipiens","northern leopard frog","Animalia",42887,274,"Adults on land",2013,7,27,208,2456501,4,"42887_Adults on land","Adults observed","MN",2013-07-27,"calendar",208,2013,"42887_Adults on land_2013",10
1447,42.176537,-85.892448,337,"Pseudacris","crucifer","spring peeper","Animalia",11253,276,"Vocalizing",2014,4,13,103,2456761,13,"11253_Vocalizing","Calls or songs","MI",2014-04-13,"calendar",103,2014,"11253_Vocalizing_2014",10
6362,43.012966,-73.649918,307,"Lithobates","clamitans","green frog","Animalia",17986,275,"Adults in water",2014,5,5,125,2456783,5,"17986_Adults in water","Adults observed","NY",2014-05-05,"calendar",125,2014,"17986_Adults in water_2014",10
6362,43.012966,-73.649918,307,"Lithobates","clamitans","green frog","Animalia",17986,276,"Vocalizing",2014,5,12,132,2456790,4,"17986_Vocalizing","Calls or songs","NY",2014-05-12,"calendar",132,2014,"17986_Vocalizing_2014",15
8496,46.328629,-96.061256,421,"Thamnophis","sirtalis","common gartersnake","Animalia",25782,355,"Individuals on land (rock/log)",2014,6,2,153,2456811,22,"25782_Individuals on land (rock/log)","Adults observed","MN",2014-06-02,"calendar",153,2014,"25782_Individuals on land (rock/log)_2014",14
8242,31.596231,-110.575493,423,"Aspidoscelis","tigris","western whiptail","Animalia",29644,355,"Individuals on land (rock/log)",2014,6,12,163,2456821,59,"29644_Individuals on land (rock/log)","Adults observed","AZ",2014-06-12,"calendar",163,2014,"29644_Individuals on land (rock/log)_2014",9
8242,31.596231,-110.575493,427,"Sceloporus","occidentalis","western fence lizard","Animalia",29646,355,"Individuals on land (rock/log)",2014,3,27,86,2456744,37,"29646_Individuals on land (rock/log)","Adults observed","AZ",2014-03-27,"calendar",86,2014,"29646_Individuals on land (rock/log)_2014",10
8242,31.596231,-110.575493,427,"Sceloporus","occidentalis","western fence lizard","Animalia",29646,441,"Young individuals (hatched from eggs)",2014,4,14,104,2456762,18,"29646_Young individuals (hatched from eggs)","Young observed","AZ",2014-04-14,"calendar",104,2014,"29646_Young individuals (hatched from eggs)_2014",10
10145,42.602543,-83.250992,230,"Anaxyrus","americanus","American toad","Animalia",38841,274,"Adults on land",2014,6,9,160,2456818,1,"38841_Adults on land","Adults observed","MI",2014-06-09,"calendar",160,2014,"38841_Adults on land_2014",12
10145,42.602543,-83.250992,230,"Anaxyrus","americanus","American toad","Animalia",38841,276,"Vocalizing",2014,5,8,128,2456786,NA,"38841_Vocalizing","Calls or songs","MI",2014-05-08,"calendar",128,2014,"38841_Vocalizing_2014",13
10145,42.602543,-83.250992,280,"Chrysemys","picta","painted turtle","Animalia",38933,355,"Individuals on land (rock/log)",2014,4,27,117,2456775,NA,"38933_Individuals on land (rock/log)","Adults observed","MI",2014-04-27,"calendar",117,2014,"38933_Individuals on land (rock/log)_2014",9
10145,42.602543,-83.250992,280,"Chrysemys","picta","painted turtle","Animalia",38933,356,"Individuals in water (rock/log)",2014,7,6,187,2456845,40,"38933_Individuals in water (rock/log)","Adults observed","MI",2014-07-06,"calendar",187,2014,"38933_Individuals in water (rock/log)_2014",11
6092,34.115868,-118.758972,427,"Sceloporus","occidentalis","western fence lizard","Animalia",40027,355,"Individuals on land (rock/log)",2014,4,5,95,2456753,NA,"40027_Individuals on land (rock/log)","Adults observed","CA",2014-04-05,"calendar",95,2014,"40027_Individuals on land (rock/log)_2014",12
6093,34.115894,-118.760101,427,"Sceloporus","occidentalis","western fence lizard","Animalia",40042,355,"Individuals on land (rock/log)",2014,5,16,136,2456794,NA,"40042_Individuals on land (rock/log)","Adults observed","CA",2014-05-16,"calendar",136,2014,"40042_Individuals on land (rock/log)_2014",9
6094,34.116138,-118.760071,427,"Sceloporus","occidentalis","western fence lizard","Animalia",40672,355,"Individuals on land (rock/log)",2014,4,5,95,2456753,NA,"40672_Individuals on land (rock/log)","Adults observed","CA",2014-04-05,"calendar",95,2014,"40672_Individuals on land (rock/log)_2014",9
6095,34.116432,-118.759659,427,"Sceloporus","occidentalis","western fence lizard","Animalia",40687,355,"Individuals on land (rock/log)",2014,5,16,136,2456794,NA,"40687_Individuals on land (rock/log)","Adults observed","CA",2014-05-16,"calendar",136,2014,"40687_Individuals on land (rock/log)_2014",11
6097,34.116222,-118.758591,427,"Sceloporus","occidentalis","western fence lizard","Animalia",40704,355,"Individuals on land (rock/log)",2014,3,21,80,2456738,NA,"40704_Individuals on land (rock/log)","Adults observed","CA",2014-03-21,"calendar",80,2014,"40704_Individuals on land (rock/log)_2014",10
6099,34.119007,-118.760071,427,"Sceloporus","occidentalis","western fence lizard","Animalia",40734,355,"Individuals on land (rock/log)",2014,3,14,73,2456731,NA,"40734_Individuals on land (rock/log)","Adults observed","CA",2014-03-14,"calendar",73,2014,"40734_Individuals on land (rock/log)_2014",11
6151,34.039394,-118.814392,427,"Sceloporus","occidentalis","western fence lizard","Animalia",40984,355,"Individuals on land (rock/log)",2014,7,16,197,2456855,NA,"40984_Individuals on land (rock/log)","Adults observed","CA",2014-07-16,"calendar",197,2014,"40984_Individuals on land (rock/log)_2014",10
8496,46.328629,-96.061256,233,"Lithobates","pipiens","northern leopard frog","Animalia",42887,274,"Adults on land",2014,6,2,153,2456811,22,"42887_Adults on land","Adults observed","MN",2014-06-02,"calendar",153,2014,"42887_Adults on land_2014",10
16454,41.667408,-73.895546,337,"Pseudacris","crucifer","spring peeper","Animalia",64466,276,"Vocalizing",2014,4,10,100,2456758,9,"64466_Vocalizing","Calls or songs","NY",2014-04-10,"calendar",100,2014,"64466_Vocalizing_2014",10
17414,42.936153,-73.433449,230,"Anaxyrus","americanus","American toad","Animalia",66938,276,"Vocalizing",2014,5,7,127,2456785,1,"66938_Vocalizing","Calls or songs","NY",2014-05-07,"calendar",127,2014,"66938_Vocalizing_2014",9
17562,41.78577,-73.731003,280,"Chrysemys","picta","painted turtle","Animalia",72787,356,"Individuals in water (rock/log)",2014,5,29,149,2456807,NA,"72787_Individuals in water (rock/log)","Adults observed","NY",2014-05-29,"calendar",149,2014,"72787_Individuals in water (rock/log)_2014",12
5260,42.454987,-72.345177,307,"Lithobates","clamitans","green frog","Animalia",12257,276,"Vocalizing",2015,5,27,147,2457170,NA,"12257_Vocalizing","Calls or songs","MA",2015-05-27,"calendar",147,2015,"12257_Vocalizing_2015",11
5260,42.454987,-72.345177,337,"Pseudacris","crucifer","spring peeper","Animalia",12258,276,"Vocalizing",2015,4,12,102,2457125,NA,"12258_Vocalizing","Calls or songs","MA",2015-04-12,"calendar",102,2015,"12258_Vocalizing_2015",12
5260,42.454987,-72.345177,346,"Lithobates","palustris","pickerel frog","Animalia",12259,276,"Vocalizing",2015,4,17,107,2457130,NA,"12259_Vocalizing","Calls or songs","MA",2015-04-17,"calendar",107,2015,"12259_Vocalizing_2015",11
5260,42.454987,-72.345177,348,"Lithobates","catesbeianus","American bullfrog","Animalia",12260,276,"Vocalizing",2015,5,11,131,2457154,NA,"12260_Vocalizing","Calls or songs","MA",2015-05-11,"calendar",131,2015,"12260_Vocalizing_2015",11
6362,43.012966,-73.649918,307,"Lithobates","clamitans","green frog","Animalia",17986,275,"Adults in water",2015,6,9,160,2457183,15,"17986_Adults in water","Adults observed","NY",2015-06-09,"calendar",160,2015,"17986_Adults in water_2015",10
6362,43.012966,-73.649918,307,"Lithobates","clamitans","green frog","Animalia",17986,276,"Vocalizing",2015,6,9,160,2457183,15,"17986_Vocalizing","Calls or songs","NY",2015-06-09,"calendar",160,2015,"17986_Vocalizing_2015",15
8496,46.328629,-96.061256,421,"Thamnophis","sirtalis","common gartersnake","Animalia",25782,355,"Individuals on land (rock/log)",2015,4,29,119,2457142,1,"25782_Individuals on land (rock/log)","Adults observed","MN",2015-04-29,"calendar",119,2015,"25782_Individuals on land (rock/log)_2015",14
8242,31.596231,-110.575493,423,"Aspidoscelis","tigris","western whiptail","Animalia",29644,355,"Individuals on land (rock/log)",2015,6,8,159,2457182,40,"29644_Individuals on land (rock/log)","Adults observed","AZ",2015-06-08,"calendar",159,2015,"29644_Individuals on land (rock/log)_2015",9
8242,31.596231,-110.575493,427,"Sceloporus","occidentalis","western fence lizard","Animalia",29646,355,"Individuals on land (rock/log)",2015,1,21,21,2457044,NA,"29646_Individuals on land (rock/log)","Adults observed","AZ",2015-01-21,"calendar",21,2015,"29646_Individuals on land (rock/log)_2015",10
8242,31.596231,-110.575493,427,"Sceloporus","occidentalis","western fence lizard","Animalia",29646,441,"Young individuals (hatched from eggs)",2015,4,29,119,2457142,16,"29646_Young individuals (hatched from eggs)","Young observed","AZ",2015-04-29,"calendar",119,2015,"29646_Young individuals (hatched from eggs)_2015",10
10145,42.602543,-83.250992,230,"Anaxyrus","americanus","American toad","Animalia",38841,274,"Adults on land",2015,5,11,131,2457154,1,"38841_Adults on land","Adults observed","MI",2015-05-11,"calendar",131,2015,"38841_Adults on land_2015",12
10145,42.602543,-83.250992,230,"Anaxyrus","americanus","American toad","Animalia",38841,276,"Vocalizing",2015,5,2,122,2457145,NA,"38841_Vocalizing","Calls or songs","MI",2015-05-02,"calendar",122,2015,"38841_Vocalizing_2015",13
10145,42.602543,-83.250992,307,"Lithobates","clamitans","green frog","Animalia",38902,274,"Adults on land",2015,5,17,137,2457160,NA,"38902_Adults on land","Adults observed","MI",2015-05-17,"calendar",137,2015,"38902_Adults on land_2015",9
10145,42.602543,-83.250992,280,"Chrysemys","picta","painted turtle","Animalia",38933,355,"Individuals on land (rock/log)",2015,4,12,102,2457125,NA,"38933_Individuals on land (rock/log)","Adults observed","MI",2015-04-12,"calendar",102,2015,"38933_Individuals on land (rock/log)_2015",9
10145,42.602543,-83.250992,280,"Chrysemys","picta","painted turtle","Animalia",38933,356,"Individuals in water (rock/log)",2015,5,3,123,2457146,1,"38933_Individuals in water (rock/log)","Adults observed","MI",2015-05-03,"calendar",123,2015,"38933_Individuals in water (rock/log)_2015",11
6081,34.0312,-118.811821,427,"Sceloporus","occidentalis","western fence lizard","Animalia",39781,355,"Individuals on land (rock/log)",2015,11,6,310,2457333,NA,"39781_Individuals on land (rock/log)","Adults observed","CA",2015-11-06,"calendar",310,2015,"39781_Individuals on land (rock/log)_2015",10
6092,34.115868,-118.758972,427,"Sceloporus","occidentalis","western fence lizard","Animalia",40027,355,"Individuals on land (rock/log)",2015,2,4,35,2457058,NA,"40027_Individuals on land (rock/log)","Adults observed","CA",2015-02-04,"calendar",35,2015,"40027_Individuals on land (rock/log)_2015",12
6093,34.115894,-118.760101,427,"Sceloporus","occidentalis","western fence lizard","Animalia",40042,355,"Individuals on land (rock/log)",2015,3,20,79,2457102,NA,"40042_Individuals on land (rock/log)","Adults observed","CA",2015-03-20,"calendar",79,2015,"40042_Individuals on land (rock/log)_2015",9
6094,34.116138,-118.760071,427,"Sceloporus","occidentalis","western fence lizard","Animalia",40672,355,"Individuals on land (rock/log)",2015,1,16,16,2457039,NA,"40672_Individuals on land (rock/log)","Adults observed","CA",2015-01-16,"calendar",16,2015,"40672_Individuals on land (rock/log)_2015",9
6095,34.116432,-118.759659,427,"Sceloporus","occidentalis","western fence lizard","Animalia",40687,355,"Individuals on land (rock/log)",2015,2,6,37,2457060,NA,"40687_Individuals on land (rock/log)","Adults observed","CA",2015-02-06,"calendar",37,2015,"40687_Individuals on land (rock/log)_2015",11
6097,34.116222,-118.758591,427,"Sceloporus","occidentalis","western fence lizard","Animalia",40704,355,"Individuals on land (rock/log)",2015,3,20,79,2457102,NA,"40704_Individuals on land (rock/log)","Adults observed","CA",2015-03-20,"calendar",79,2015,"40704_Individuals on land (rock/log)_2015",10
6099,34.119007,-118.760071,427,"Sceloporus","occidentalis","western fence lizard","Animalia",40734,355,"Individuals on land (rock/log)",2015,2,13,44,2457067,NA,"40734_Individuals on land (rock/log)","Adults observed","CA",2015-02-13,"calendar",44,2015,"40734_Individuals on land (rock/log)_2015",11
6151,34.039394,-118.814392,427,"Sceloporus","occidentalis","western fence lizard","Animalia",40984,355,"Individuals on land (rock/log)",2015,9,18,261,2457284,NA,"40984_Individuals on land (rock/log)","Adults observed","CA",2015-09-18,"calendar",261,2015,"40984_Individuals on land (rock/log)_2015",10
8496,46.328629,-96.061256,233,"Lithobates","pipiens","northern leopard frog","Animalia",42887,274,"Adults on land",2015,6,19,170,2457193,3,"42887_Adults on land","Adults observed","MN",2015-06-19,"calendar",170,2015,"42887_Adults on land_2015",10
16454,41.667408,-73.895546,337,"Pseudacris","crucifer","spring peeper","Animalia",64466,276,"Vocalizing",2015,4,3,93,2457116,NA,"64466_Vocalizing","Calls or songs","NY",2015-04-03,"calendar",93,2015,"64466_Vocalizing_2015",10
16454,41.667408,-73.895546,234,"Lithobates","sylvaticus","wood frog","Animalia",64467,276,"Vocalizing",2015,4,3,93,2457116,NA,"64467_Vocalizing","Calls or songs","NY",2015-04-03,"calendar",93,2015,"64467_Vocalizing_2015",10
17414,42.936153,-73.433449,230,"Anaxyrus","americanus","American toad","Animalia",66938,276,"Vocalizing",2015,4,30,120,2457143,2,"66938_Vocalizing","Calls or songs","NY",2015-04-30,"calendar",120,2015,"66938_Vocalizing_2015",9
17562,41.78577,-73.731003,280,"Chrysemys","picta","painted turtle","Animalia",72787,356,"Individuals in water (rock/log)",2015,4,27,117,2457140,3,"72787_Individuals in water (rock/log)","Adults observed","NY",2015-04-27,"calendar",117,2015,"72787_Individuals in water (rock/log)_2015",12
17414,42.936153,-73.433449,338,"Dryophytes","versicolor","gray treefrog","Animalia",86969,276,"Vocalizing",2015,5,6,126,2457149,3,"86969_Vocalizing","Calls or songs","NY",2015-05-06,"calendar",126,2015,"86969_Vocalizing_2015",11
20638,42.504253,-72.332031,337,"Pseudacris","crucifer","spring peeper","Animalia",87883,276,"Vocalizing",2015,4,14,104,2457127,NA,"87883_Vocalizing","Calls or songs","MA",2015-04-14,"calendar",104,2015,"87883_Vocalizing_2015",9
20641,42.448792,-72.346481,234,"Lithobates","sylvaticus","wood frog","Animalia",87896,276,"Vocalizing",2015,4,15,105,2457128,NA,"87896_Vocalizing","Calls or songs","MA",2015-04-15,"calendar",105,2015,"87896_Vocalizing_2015",10
20641,42.448792,-72.346481,337,"Pseudacris","crucifer","spring peeper","Animalia",87897,276,"Vocalizing",2015,4,13,103,2457126,NA,"87897_Vocalizing","Calls or songs","MA",2015-04-13,"calendar",103,2015,"87897_Vocalizing_2015",10
20789,43.899441,-69.95787,234,"Lithobates","sylvaticus","wood frog","Animalia",88640,276,"Vocalizing",2015,4,21,111,2457134,7,"88640_Vocalizing","Calls or songs","ME",2015-04-21,"calendar",111,2015,"88640_Vocalizing_2015",10
20641,42.448792,-72.346481,307,"Lithobates","clamitans","green frog","Animalia",91175,276,"Vocalizing",2015,6,7,158,2457181,NA,"91175_Vocalizing","Calls or songs","MA",2015-06-07,"calendar",158,2015,"91175_Vocalizing_2015",11
5260,42.454987,-72.345177,338,"Dryophytes","versicolor","gray treefrog","Animalia",91177,276,"Vocalizing",2015,5,6,126,2457149,NA,"91177_Vocalizing","Calls or songs","MA",2015-05-06,"calendar",126,2015,"91177_Vocalizing_2015",10
5262,42.442348,-72.346504,337,"Pseudacris","crucifer","spring peeper","Animalia",91207,276,"Vocalizing",2015,5,8,128,2457151,NA,"91207_Vocalizing","Calls or songs","MA",2015-05-08,"calendar",128,2015,"91207_Vocalizing_2015",9
21168,42.418087,-72.345901,307,"Lithobates","clamitans","green frog","Animalia",91214,276,"Vocalizing",2015,6,7,158,2457181,NA,"91214_Vocalizing","Calls or songs","MA",2015-06-07,"calendar",158,2015,"91214_Vocalizing_2015",11
16876,41.745537,-74.119392,337,"Pseudacris","crucifer","spring peeper","Animalia",103455,276,"Vocalizing",2015,3,15,74,2457097,NA,"103455_Vocalizing","Calls or songs","NY",2015-03-15,"calendar",74,2015,"103455_Vocalizing_2015",11
16876,41.745537,-74.119392,280,"Chrysemys","picta","painted turtle","Animalia",103457,355,"Individuals on land (rock/log)",2015,11,21,325,2457348,NA,"103457_Individuals on land (rock/log)","Adults observed","NY",2015-11-21,"calendar",325,2015,"103457_Individuals on land (rock/log)_2015",10
16876,41.745537,-74.119392,280,"Chrysemys","picta","painted turtle","Animalia",103457,356,"Individuals in water (rock/log)",2015,3,15,74,2457097,NA,"103457_Individuals in water (rock/log)","Adults observed","NY",2015-03-15,"calendar",74,2015,"103457_Individuals in water (rock/log)_2015",11
1447,42.176537,-85.892448,337,"Pseudacris","crucifer","spring peeper","Animalia",11253,276,"Vocalizing",2016,3,14,74,2457462,36,"11253_Vocalizing","Calls or songs","MI",2016-03-14,"calendar",74,2016,"11253_Vocalizing_2016",10
5260,42.454987,-72.345177,307,"Lithobates","clamitans","green frog","Animalia",12257,276,"Vocalizing",2016,7,14,196,2457584,NA,"12257_Vocalizing","Calls or songs","MA",2016-07-14,"calendar",196,2016,"12257_Vocalizing_2016",11
5260,42.454987,-72.345177,337,"Pseudacris","crucifer","spring peeper","Animalia",12258,276,"Vocalizing",2016,6,6,158,2457546,NA,"12258_Vocalizing","Calls or songs","MA",2016-06-06,"calendar",158,2016,"12258_Vocalizing_2016",12
5260,42.454987,-72.345177,348,"Lithobates","catesbeianus","American bullfrog","Animalia",12260,276,"Vocalizing",2016,6,6,158,2457546,NA,"12260_Vocalizing","Calls or songs","MA",2016-06-06,"calendar",158,2016,"12260_Vocalizing_2016",11
6362,43.012966,-73.649918,307,"Lithobates","clamitans","green frog","Animalia",17986,275,"Adults in water",2016,6,14,166,2457554,42,"17986_Adults in water","Adults observed","NY",2016-06-14,"calendar",166,2016,"17986_Adults in water_2016",10
6362,43.012966,-73.649918,307,"Lithobates","clamitans","green frog","Animalia",17986,276,"Vocalizing",2016,6,14,166,2457554,42,"17986_Vocalizing","Calls or songs","NY",2016-06-14,"calendar",166,2016,"17986_Vocalizing_2016",15
8496,46.328629,-96.061256,421,"Thamnophis","sirtalis","common gartersnake","Animalia",25782,355,"Individuals on land (rock/log)",2016,4,20,111,2457499,5,"25782_Individuals on land (rock/log)","Adults observed","MN",2016-04-20,"calendar",111,2016,"25782_Individuals on land (rock/log)_2016",14
8242,31.596231,-110.575493,423,"Aspidoscelis","tigris","western whiptail","Animalia",29644,355,"Individuals on land (rock/log)",2016,5,24,145,2457533,38,"29644_Individuals on land (rock/log)","Adults observed","AZ",2016-05-24,"calendar",145,2016,"29644_Individuals on land (rock/log)_2016",9
8242,31.596231,-110.575493,427,"Sceloporus","occidentalis","western fence lizard","Animalia",29646,355,"Individuals on land (rock/log)",2016,3,23,83,2457471,40,"29646_Individuals on land (rock/log)","Adults observed","AZ",2016-03-23,"calendar",83,2016,"29646_Individuals on land (rock/log)_2016",10
8242,31.596231,-110.575493,427,"Sceloporus","occidentalis","western fence lizard","Animalia",29646,441,"Young individuals (hatched from eggs)",2016,5,24,145,2457533,38,"29646_Young individuals (hatched from eggs)","Young observed","AZ",2016-05-24,"calendar",145,2016,"29646_Young individuals (hatched from eggs)_2016",10
10145,42.602543,-83.250992,230,"Anaxyrus","americanus","American toad","Animalia",38841,274,"Adults on land",2016,9,19,263,2457651,60,"38841_Adults on land","Adults observed","MI",2016-09-19,"calendar",263,2016,"38841_Adults on land_2016",12
10145,42.602543,-83.250992,230,"Anaxyrus","americanus","American toad","Animalia",38841,276,"Vocalizing",2016,5,5,126,2457514,NA,"38841_Vocalizing","Calls or songs","MI",2016-05-05,"calendar",126,2016,"38841_Vocalizing_2016",13
10145,42.602543,-83.250992,307,"Lithobates","clamitans","green frog","Animalia",38902,274,"Adults on land",2016,4,16,107,2457495,NA,"38902_Adults on land","Adults observed","MI",2016-04-16,"calendar",107,2016,"38902_Adults on land_2016",9
10145,42.602543,-83.250992,280,"Chrysemys","picta","painted turtle","Animalia",38933,355,"Individuals on land (rock/log)",2016,4,16,107,2457495,1,"38933_Individuals on land (rock/log)","Adults observed","MI",2016-04-16,"calendar",107,2016,"38933_Individuals on land (rock/log)_2016",9
10145,42.602543,-83.250992,280,"Chrysemys","picta","painted turtle","Animalia",38933,356,"Individuals in water (rock/log)",2016,3,20,80,2457468,NA,"38933_Individuals in water (rock/log)","Adults observed","MI",2016-03-20,"calendar",80,2016,"38933_Individuals in water (rock/log)_2016",11
6081,34.0312,-118.811821,427,"Sceloporus","occidentalis","western fence lizard","Animalia",39781,355,"Individuals on land (rock/log)",2016,5,13,134,2457522,56,"39781_Individuals on land (rock/log)","Adults observed","CA",2016-05-13,"calendar",134,2016,"39781_Individuals on land (rock/log)_2016",10
6092,34.115868,-118.758972,427,"Sceloporus","occidentalis","western fence lizard","Animalia",40027,355,"Individuals on land (rock/log)",2016,2,19,50,2457438,NA,"40027_Individuals on land (rock/log)","Adults observed","CA",2016-02-19,"calendar",50,2016,"40027_Individuals on land (rock/log)_2016",12
6093,34.115894,-118.760101,427,"Sceloporus","occidentalis","western fence lizard","Animalia",40042,355,"Individuals on land (rock/log)",2016,5,20,141,2457529,NA,"40042_Individuals on land (rock/log)","Adults observed","CA",2016-05-20,"calendar",141,2016,"40042_Individuals on land (rock/log)_2016",9
6094,34.116138,-118.760071,427,"Sceloporus","occidentalis","western fence lizard","Animalia",40672,355,"Individuals on land (rock/log)",2016,5,13,134,2457522,NA,"40672_Individuals on land (rock/log)","Adults observed","CA",2016-05-13,"calendar",134,2016,"40672_Individuals on land (rock/log)_2016",9
6095,34.116432,-118.759659,427,"Sceloporus","occidentalis","western fence lizard","Animalia",40687,355,"Individuals on land (rock/log)",2016,4,1,92,2457480,NA,"40687_Individuals on land (rock/log)","Adults observed","CA",2016-04-01,"calendar",92,2016,"40687_Individuals on land (rock/log)_2016",11
6097,34.116222,-118.758591,427,"Sceloporus","occidentalis","western fence lizard","Animalia",40704,355,"Individuals on land (rock/log)",2016,4,15,106,2457494,NA,"40704_Individuals on land (rock/log)","Adults observed","CA",2016-04-15,"calendar",106,2016,"40704_Individuals on land (rock/log)_2016",10
6099,34.119007,-118.760071,427,"Sceloporus","occidentalis","western fence lizard","Animalia",40734,355,"Individuals on land (rock/log)",2016,2,5,36,2457424,NA,"40734_Individuals on land (rock/log)","Adults observed","CA",2016-02-05,"calendar",36,2016,"40734_Individuals on land (rock/log)_2016",11
6151,34.039394,-118.814392,427,"Sceloporus","occidentalis","western fence lizard","Animalia",40984,355,"Individuals on land (rock/log)",2016,3,4,64,2457452,NA,"40984_Individuals on land (rock/log)","Adults observed","CA",2016-03-04,"calendar",64,2016,"40984_Individuals on land (rock/log)_2016",10
8496,46.328629,-96.061256,233,"Lithobates","pipiens","northern leopard frog","Animalia",42887,274,"Adults on land",2016,7,15,197,2457585,5,"42887_Adults on land","Adults observed","MN",2016-07-15,"calendar",197,2016,"42887_Adults on land_2016",10
16454,41.667408,-73.895546,337,"Pseudacris","crucifer","spring peeper","Animalia",64466,276,"Vocalizing",2016,3,8,68,2457456,NA,"64466_Vocalizing","Calls or songs","NY",2016-03-08,"calendar",68,2016,"64466_Vocalizing_2016",10
16454,41.667408,-73.895546,234,"Lithobates","sylvaticus","wood frog","Animalia",64467,276,"Vocalizing",2016,3,8,68,2457456,NA,"64467_Vocalizing","Calls or songs","NY",2016-03-08,"calendar",68,2016,"64467_Vocalizing_2016",10
17414,42.936153,-73.433449,230,"Anaxyrus","americanus","American toad","Animalia",66938,276,"Vocalizing",2016,4,20,111,2457499,5,"66938_Vocalizing","Calls or songs","NY",2016-04-20,"calendar",111,2016,"66938_Vocalizing_2016",9
17562,41.78577,-73.731003,280,"Chrysemys","picta","painted turtle","Animalia",72787,356,"Individuals in water (rock/log)",2016,3,25,85,2457473,NA,"72787_Individuals in water (rock/log)","Adults observed","NY",2016-03-25,"calendar",85,2016,"72787_Individuals in water (rock/log)_2016",12
17414,42.936153,-73.433449,338,"Dryophytes","versicolor","gray treefrog","Animalia",86969,276,"Vocalizing",2016,4,30,121,2457509,10,"86969_Vocalizing","Calls or songs","NY",2016-04-30,"calendar",121,2016,"86969_Vocalizing_2016",11
20641,42.448792,-72.346481,234,"Lithobates","sylvaticus","wood frog","Animalia",87896,276,"Vocalizing",2016,5,20,141,2457529,NA,"87896_Vocalizing","Calls or songs","MA",2016-05-20,"calendar",141,2016,"87896_Vocalizing_2016",10
20789,43.899441,-69.95787,234,"Lithobates","sylvaticus","wood frog","Animalia",88640,276,"Vocalizing",2016,3,31,91,2457479,NA,"88640_Vocalizing","Calls or songs","ME",2016-03-31,"calendar",91,2016,"88640_Vocalizing_2016",10
20641,42.448792,-72.346481,338,"Dryophytes","versicolor","gray treefrog","Animalia",91174,276,"Vocalizing",2016,6,6,158,2457546,NA,"91174_Vocalizing","Calls or songs","MA",2016-06-06,"calendar",158,2016,"91174_Vocalizing_2016",10
20641,42.448792,-72.346481,307,"Lithobates","clamitans","green frog","Animalia",91175,276,"Vocalizing",2016,5,20,141,2457529,NA,"91175_Vocalizing","Calls or songs","MA",2016-05-20,"calendar",141,2016,"91175_Vocalizing_2016",11
21168,42.418087,-72.345901,307,"Lithobates","clamitans","green frog","Animalia",91214,276,"Vocalizing",2016,6,21,173,2457561,NA,"91214_Vocalizing","Calls or songs","MA",2016-06-21,"calendar",173,2016,"91214_Vocalizing_2016",11
17414,42.936153,-73.433449,337,"Pseudacris","crucifer","spring peeper","Animalia",103212,276,"Vocalizing",2016,3,10,70,2457458,NA,"103212_Vocalizing","Calls or songs","NY",2016-03-10,"calendar",70,2016,"103212_Vocalizing_2016",10
16876,41.745537,-74.119392,337,"Pseudacris","crucifer","spring peeper","Animalia",103455,276,"Vocalizing",2016,3,13,73,2457461,1,"103455_Vocalizing","Calls or songs","NY",2016-03-13,"calendar",73,2016,"103455_Vocalizing_2016",11
16876,41.745537,-74.119392,234,"Lithobates","sylvaticus","wood frog","Animalia",103456,276,"Vocalizing",2016,3,20,80,2457468,1,"103456_Vocalizing","Calls or songs","NY",2016-03-20,"calendar",80,2016,"103456_Vocalizing_2016",10
16876,41.745537,-74.119392,280,"Chrysemys","picta","painted turtle","Animalia",103457,355,"Individuals on land (rock/log)",2016,3,13,73,2457461,1,"103457_Individuals on land (rock/log)","Adults observed","NY",2016-03-13,"calendar",73,2016,"103457_Individuals on land (rock/log)_2016",10
16876,41.745537,-74.119392,280,"Chrysemys","picta","painted turtle","Animalia",103457,356,"Individuals in water (rock/log)",2016,3,13,73,2457461,1,"103457_Individuals in water (rock/log)","Adults observed","NY",2016-03-13,"calendar",73,2016,"103457_Individuals in water (rock/log)_2016",11
1447,42.176537,-85.892448,337,"Pseudacris","crucifer","spring peeper","Animalia",11253,276,"Vocalizing",2017,2,28,59,2457813,NA,"11253_Vocalizing","Calls or songs","MI",2017-02-28,"calendar",59,2017,"11253_Vocalizing_2017",10
5260,42.454987,-72.345177,307,"Lithobates","clamitans","green frog","Animalia",12257,276,"Vocalizing",2017,5,18,138,2457892,NA,"12257_Vocalizing","Calls or songs","MA",2017-05-18,"calendar",138,2017,"12257_Vocalizing_2017",11
5260,42.454987,-72.345177,337,"Pseudacris","crucifer","spring peeper","Animalia",12258,276,"Vocalizing",2017,4,9,99,2457853,NA,"12258_Vocalizing","Calls or songs","MA",2017-04-09,"calendar",99,2017,"12258_Vocalizing_2017",12
5260,42.454987,-72.345177,346,"Lithobates","palustris","pickerel frog","Animalia",12259,276,"Vocalizing",2017,4,17,107,2457861,NA,"12259_Vocalizing","Calls or songs","MA",2017-04-17,"calendar",107,2017,"12259_Vocalizing_2017",11
5260,42.454987,-72.345177,348,"Lithobates","catesbeianus","American bullfrog","Animalia",12260,276,"Vocalizing",2017,6,8,159,2457913,NA,"12260_Vocalizing","Calls or songs","MA",2017-06-08,"calendar",159,2017,"12260_Vocalizing_2017",11
6362,43.012966,-73.649918,307,"Lithobates","clamitans","green frog","Animalia",17986,275,"Adults in water",2017,5,4,124,2457878,3,"17986_Adults in water","Adults observed","NY",2017-05-04,"calendar",124,2017,"17986_Adults in water_2017",10
6362,43.012966,-73.649918,307,"Lithobates","clamitans","green frog","Animalia",17986,276,"Vocalizing",2017,4,10,100,2457854,4,"17986_Vocalizing","Calls or songs","NY",2017-04-10,"calendar",100,2017,"17986_Vocalizing_2017",15
8496,46.328629,-96.061256,421,"Thamnophis","sirtalis","common gartersnake","Animalia",25782,355,"Individuals on land (rock/log)",2017,5,3,123,2457877,8,"25782_Individuals on land (rock/log)","Adults observed","MN",2017-05-03,"calendar",123,2017,"25782_Individuals on land (rock/log)_2017",14
8242,31.596231,-110.575493,423,"Aspidoscelis","tigris","western whiptail","Animalia",29644,355,"Individuals on land (rock/log)",2017,3,16,75,2457829,33,"29644_Individuals on land (rock/log)","Adults observed","AZ",2017-03-16,"calendar",75,2017,"29644_Individuals on land (rock/log)_2017",9
8242,31.596231,-110.575493,427,"Sceloporus","occidentalis","western fence lizard","Animalia",29646,355,"Individuals on land (rock/log)",2017,2,11,42,2457796,NA,"29646_Individuals on land (rock/log)","Adults observed","AZ",2017-02-11,"calendar",42,2017,"29646_Individuals on land (rock/log)_2017",10
8242,31.596231,-110.575493,427,"Sceloporus","occidentalis","western fence lizard","Animalia",29646,441,"Young individuals (hatched from eggs)",2017,3,16,75,2457829,33,"29646_Young individuals (hatched from eggs)","Young observed","AZ",2017-03-16,"calendar",75,2017,"29646_Young individuals (hatched from eggs)_2017",10
10145,42.602543,-83.250992,230,"Anaxyrus","americanus","American toad","Animalia",38841,274,"Adults on land",2017,5,23,143,2457897,4,"38841_Adults on land","Adults observed","MI",2017-05-23,"calendar",143,2017,"38841_Adults on land_2017",12
10145,42.602543,-83.250992,230,"Anaxyrus","americanus","American toad","Animalia",38841,276,"Vocalizing",2017,4,17,107,2457861,NA,"38841_Vocalizing","Calls or songs","MI",2017-04-17,"calendar",107,2017,"38841_Vocalizing_2017",13
10145,42.602543,-83.250992,307,"Lithobates","clamitans","green frog","Animalia",38902,274,"Adults on land",2017,4,2,92,2457846,NA,"38902_Adults on land","Adults observed","MI",2017-04-02,"calendar",92,2017,"38902_Adults on land_2017",9
10145,42.602543,-83.250992,280,"Chrysemys","picta","painted turtle","Animalia",38933,355,"Individuals on land (rock/log)",2017,4,2,92,2457846,NA,"38933_Individuals on land (rock/log)","Adults observed","MI",2017-04-02,"calendar",92,2017,"38933_Individuals on land (rock/log)_2017",9
6081,34.0312,-118.811821,427,"Sceloporus","occidentalis","western fence lizard","Animalia",39781,355,"Individuals on land (rock/log)",2017,2,9,40,2457794,NA,"39781_Individuals on land (rock/log)","Adults observed","CA",2017-02-09,"calendar",40,2017,"39781_Individuals on land (rock/log)_2017",10
6092,34.115868,-118.758972,427,"Sceloporus","occidentalis","western fence lizard","Animalia",40027,355,"Individuals on land (rock/log)",2017,3,30,89,2457843,NA,"40027_Individuals on land (rock/log)","Adults observed","CA",2017-03-30,"calendar",89,2017,"40027_Individuals on land (rock/log)_2017",12
6093,34.115894,-118.760101,427,"Sceloporus","occidentalis","western fence lizard","Animalia",40042,355,"Individuals on land (rock/log)",2017,3,9,68,2457822,NA,"40042_Individuals on land (rock/log)","Adults observed","CA",2017-03-09,"calendar",68,2017,"40042_Individuals on land (rock/log)_2017",9
6094,34.116138,-118.760071,427,"Sceloporus","occidentalis","western fence lizard","Animalia",40672,355,"Individuals on land (rock/log)",2017,2,9,40,2457794,NA,"40672_Individuals on land (rock/log)","Adults observed","CA",2017-02-09,"calendar",40,2017,"40672_Individuals on land (rock/log)_2017",9
6095,34.116432,-118.759659,427,"Sceloporus","occidentalis","western fence lizard","Animalia",40687,355,"Individuals on land (rock/log)",2017,4,6,96,2457850,NA,"40687_Individuals on land (rock/log)","Adults observed","CA",2017-04-06,"calendar",96,2017,"40687_Individuals on land (rock/log)_2017",11
6099,34.119007,-118.760071,427,"Sceloporus","occidentalis","western fence lizard","Animalia",40734,355,"Individuals on land (rock/log)",2017,3,9,68,2457822,NA,"40734_Individuals on land (rock/log)","Adults observed","CA",2017-03-09,"calendar",68,2017,"40734_Individuals on land (rock/log)_2017",11
6151,34.039394,-118.814392,427,"Sceloporus","occidentalis","western fence lizard","Animalia",40984,355,"Individuals on land (rock/log)",2017,3,3,62,2457816,NA,"40984_Individuals on land (rock/log)","Adults observed","CA",2017-03-03,"calendar",62,2017,"40984_Individuals on land (rock/log)_2017",10
8496,46.328629,-96.061256,233,"Lithobates","pipiens","northern leopard frog","Animalia",42887,274,"Adults on land",2017,7,2,183,2457937,5,"42887_Adults on land","Adults observed","MN",2017-07-02,"calendar",183,2017,"42887_Adults on land_2017",10
16454,41.667408,-73.895546,337,"Pseudacris","crucifer","spring peeper","Animalia",64466,276,"Vocalizing",2017,2,24,55,2457809,8,"64466_Vocalizing","Calls or songs","NY",2017-02-24,"calendar",55,2017,"64466_Vocalizing_2017",10
16454,41.667408,-73.895546,234,"Lithobates","sylvaticus","wood frog","Animalia",64467,276,"Vocalizing",2017,3,1,60,2457814,5,"64467_Vocalizing","Calls or songs","NY",2017-03-01,"calendar",60,2017,"64467_Vocalizing_2017",10
17414,42.936153,-73.433449,230,"Anaxyrus","americanus","American toad","Animalia",66938,276,"Vocalizing",2017,5,28,148,2457902,6,"66938_Vocalizing","Calls or songs","NY",2017-05-28,"calendar",148,2017,"66938_Vocalizing_2017",9
17562,41.78577,-73.731003,280,"Chrysemys","picta","painted turtle","Animalia",72787,356,"Individuals in water (rock/log)",2017,4,10,100,2457854,NA,"72787_Individuals in water (rock/log)","Adults observed","NY",2017-04-10,"calendar",100,2017,"72787_Individuals in water (rock/log)_2017",12
17414,42.936153,-73.433449,338,"Dryophytes","versicolor","gray treefrog","Animalia",86969,276,"Vocalizing",2017,4,16,106,2457860,5,"86969_Vocalizing","Calls or songs","NY",2017-04-16,"calendar",106,2017,"86969_Vocalizing_2017",11
20638,42.504253,-72.332031,337,"Pseudacris","crucifer","spring peeper","Animalia",87883,276,"Vocalizing",2017,5,6,126,2457880,10,"87883_Vocalizing","Calls or songs","MA",2017-05-06,"calendar",126,2017,"87883_Vocalizing_2017",9
20641,42.448792,-72.346481,234,"Lithobates","sylvaticus","wood frog","Animalia",87896,276,"Vocalizing",2017,4,7,97,2457851,NA,"87896_Vocalizing","Calls or songs","MA",2017-04-07,"calendar",97,2017,"87896_Vocalizing_2017",10
20641,42.448792,-72.346481,337,"Pseudacris","crucifer","spring peeper","Animalia",87897,276,"Vocalizing",2017,4,7,97,2457851,NA,"87897_Vocalizing","Calls or songs","MA",2017-04-07,"calendar",97,2017,"87897_Vocalizing_2017",10
20789,43.899441,-69.95787,234,"Lithobates","sylvaticus","wood frog","Animalia",88640,276,"Vocalizing",2017,4,15,105,2457859,6,"88640_Vocalizing","Calls or songs","ME",2017-04-15,"calendar",105,2017,"88640_Vocalizing_2017",10
20641,42.448792,-72.346481,338,"Dryophytes","versicolor","gray treefrog","Animalia",91174,276,"Vocalizing",2017,4,28,118,2457872,NA,"91174_Vocalizing","Calls or songs","MA",2017-04-28,"calendar",118,2017,"91174_Vocalizing_2017",10
20641,42.448792,-72.346481,307,"Lithobates","clamitans","green frog","Animalia",91175,276,"Vocalizing",2017,6,10,161,2457915,NA,"91175_Vocalizing","Calls or songs","MA",2017-06-10,"calendar",161,2017,"91175_Vocalizing_2017",11
5260,42.454987,-72.345177,338,"Dryophytes","versicolor","gray treefrog","Animalia",91177,276,"Vocalizing",2017,5,12,132,2457886,NA,"91177_Vocalizing","Calls or songs","MA",2017-05-12,"calendar",132,2017,"91177_Vocalizing_2017",10
5262,42.442348,-72.346504,337,"Pseudacris","crucifer","spring peeper","Animalia",91207,276,"Vocalizing",2017,4,26,116,2457870,13,"91207_Vocalizing","Calls or songs","MA",2017-04-26,"calendar",116,2017,"91207_Vocalizing_2017",9
21168,42.418087,-72.345901,307,"Lithobates","clamitans","green frog","Animalia",91214,276,"Vocalizing",2017,7,4,185,2457939,NA,"91214_Vocalizing","Calls or songs","MA",2017-07-04,"calendar",185,2017,"91214_Vocalizing_2017",11
17414,42.936153,-73.433449,337,"Pseudacris","crucifer","spring peeper","Animalia",103212,276,"Vocalizing",2017,4,3,93,2457847,8,"103212_Vocalizing","Calls or songs","NY",2017-04-03,"calendar",93,2017,"103212_Vocalizing_2017",10
16876,41.745537,-74.119392,337,"Pseudacris","crucifer","spring peeper","Animalia",103455,276,"Vocalizing",2017,3,30,89,2457843,1,"103455_Vocalizing","Calls or songs","NY",2017-03-30,"calendar",89,2017,"103455_Vocalizing_2017",11
16876,41.745537,-74.119392,234,"Lithobates","sylvaticus","wood frog","Animalia",103456,276,"Vocalizing",2017,3,29,88,2457842,1,"103456_Vocalizing","Calls or songs","NY",2017-03-29,"calendar",88,2017,"103456_Vocalizing_2017",10
16876,41.745537,-74.119392,280,"Chrysemys","picta","painted turtle","Animalia",103457,355,"Individuals on land (rock/log)",2017,3,30,89,2457843,1,"103457_Individuals on land (rock/log)","Adults observed","NY",2017-03-30,"calendar",89,2017,"103457_Individuals on land (rock/log)_2017",10
16876,41.745537,-74.119392,280,"Chrysemys","picta","painted turtle","Animalia",103457,356,"Individuals in water (rock/log)",2017,3,29,88,2457842,1,"103457_Individuals in water (rock/log)","Adults observed","NY",2017-03-29,"calendar",88,2017,"103457_Individuals in water (rock/log)_2017",11
25568,45.140465,-93.312943,230,"Anaxyrus","americanus","American toad","Animalia",123973,274,"Adults on land",2017,5,19,139,2457893,12,"123973_Adults on land","Adults observed","MN",2017-05-19,"calendar",139,2017,"123973_Adults on land_2017",9
23815,42.755417,-75.666634,234,"Lithobates","sylvaticus","wood frog","Animalia",132912,275,"Adults in water",2017,4,5,95,2457849,NA,"132912_Adults in water","Adults observed","NY",2017-04-05,"calendar",95,2017,"132912_Adults in water_2017",9
23815,42.755417,-75.666634,234,"Lithobates","sylvaticus","wood frog","Animalia",132912,276,"Vocalizing",2017,4,5,95,2457849,NA,"132912_Vocalizing","Calls or songs","NY",2017-04-05,"calendar",95,2017,"132912_Vocalizing_2017",9
22613,32.33926,-110.981728,1413,"Sceloporus","magister","desert spiny lizard","Animalia",136798,355,"Individuals on land (rock/log)",2017,5,2,122,2457876,NA,"136798_Individuals on land (rock/log)","Adults observed","AZ",2017-05-02,"calendar",122,2017,"136798_Individuals on land (rock/log)_2017",9
22613,32.33926,-110.981728,1395,"Callisaurus","draconoides","zebra-tailed lizard","Animalia",136799,355,"Individuals on land (rock/log)",2017,5,2,122,2457876,NA,"136799_Individuals on land (rock/log)","Adults observed","AZ",2017-05-02,"calendar",122,2017,"136799_Individuals on land (rock/log)_2017",9
22613,32.33926,-110.981728,1395,"Callisaurus","draconoides","zebra-tailed lizard","Animalia",136799,441,"Young individuals (hatched from eggs)",2017,9,19,262,2458016,21,"136799_Young individuals (hatched from eggs)","Young observed","AZ",2017-09-19,"calendar",262,2017,"136799_Young individuals (hatched from eggs)_2017",9
22613,32.33926,-110.981728,423,"Aspidoscelis","tigris","western whiptail","Animalia",136800,355,"Individuals on land (rock/log)",2017,5,2,122,2457876,NA,"136800_Individuals on land (rock/log)","Adults observed","AZ",2017-05-02,"calendar",122,2017,"136800_Individuals on land (rock/log)_2017",9
22613,32.33926,-110.981728,423,"Aspidoscelis","tigris","western whiptail","Animalia",136800,441,"Young individuals (hatched from eggs)",2017,8,17,229,2457983,16,"136800_Young individuals (hatched from eggs)","Young observed","AZ",2017-08-17,"calendar",229,2017,"136800_Young individuals (hatched from eggs)_2017",9
5260,42.454987,-72.345177,230,"Anaxyrus","americanus","American toad","Animalia",138603,276,"Vocalizing",2017,5,18,138,2457892,NA,"138603_Vocalizing","Calls or songs","MA",2017-05-18,"calendar",138,2017,"138603_Vocalizing_2017",9
1447,42.176537,-85.892448,337,"Pseudacris","crucifer","spring peeper","Animalia",11253,276,"Vocalizing",2018,3,1,60,2458179,39,"11253_Vocalizing","Calls or songs","MI",2018-03-01,"calendar",60,2018,"11253_Vocalizing_2018",10
5260,42.454987,-72.345177,307,"Lithobates","clamitans","green frog","Animalia",12257,276,"Vocalizing",2018,5,1,121,2458240,NA,"12257_Vocalizing","Calls or songs","MA",2018-05-01,"calendar",121,2018,"12257_Vocalizing_2018",11
5260,42.454987,-72.345177,337,"Pseudacris","crucifer","spring peeper","Animalia",12258,276,"Vocalizing",2018,4,5,95,2458214,NA,"12258_Vocalizing","Calls or songs","MA",2018-04-05,"calendar",95,2018,"12258_Vocalizing_2018",12
5260,42.454987,-72.345177,346,"Lithobates","palustris","pickerel frog","Animalia",12259,276,"Vocalizing",2018,4,21,111,2458230,NA,"12259_Vocalizing","Calls or songs","MA",2018-04-21,"calendar",111,2018,"12259_Vocalizing_2018",11
5260,42.454987,-72.345177,348,"Lithobates","catesbeianus","American bullfrog","Animalia",12260,276,"Vocalizing",2018,5,31,151,2458270,26,"12260_Vocalizing","Calls or songs","MA",2018-05-31,"calendar",151,2018,"12260_Vocalizing_2018",11
6362,43.012966,-73.649918,307,"Lithobates","clamitans","green frog","Animalia",17986,275,"Adults in water",2018,6,6,157,2458276,16,"17986_Adults in water","Adults observed","NY",2018-06-06,"calendar",157,2018,"17986_Adults in water_2018",10
6362,43.012966,-73.649918,307,"Lithobates","clamitans","green frog","Animalia",17986,276,"Vocalizing",2018,5,21,141,2458260,28,"17986_Vocalizing","Calls or songs","NY",2018-05-21,"calendar",141,2018,"17986_Vocalizing_2018",15
8496,46.328629,-96.061256,421,"Thamnophis","sirtalis","common gartersnake","Animalia",25782,355,"Individuals on land (rock/log)",2018,5,6,126,2458245,4,"25782_Individuals on land (rock/log)","Adults observed","MN",2018-05-06,"calendar",126,2018,"25782_Individuals on land (rock/log)_2018",14
8242,31.596231,-110.575493,423,"Aspidoscelis","tigris","western whiptail","Animalia",29644,355,"Individuals on land (rock/log)",2018,6,9,160,2458279,53,"29644_Individuals on land (rock/log)","Adults observed","AZ",2018-06-09,"calendar",160,2018,"29644_Individuals on land (rock/log)_2018",9
8242,31.596231,-110.575493,427,"Sceloporus","occidentalis","western fence lizard","Animalia",29646,355,"Individuals on land (rock/log)",2018,4,1,91,2458210,15,"29646_Individuals on land (rock/log)","Adults observed","AZ",2018-04-01,"calendar",91,2018,"29646_Individuals on land (rock/log)_2018",10
8242,31.596231,-110.575493,427,"Sceloporus","occidentalis","western fence lizard","Animalia",29646,441,"Young individuals (hatched from eggs)",2018,4,1,91,2458210,15,"29646_Young individuals (hatched from eggs)","Young observed","AZ",2018-04-01,"calendar",91,2018,"29646_Young individuals (hatched from eggs)_2018",10
10145,42.602543,-83.250992,230,"Anaxyrus","americanus","American toad","Animalia",38841,274,"Adults on land",2018,8,8,220,2458339,7,"38841_Adults on land","Adults observed","MI",2018-08-08,"calendar",220,2018,"38841_Adults on land_2018",12
10145,42.602543,-83.250992,230,"Anaxyrus","americanus","American toad","Animalia",38841,276,"Vocalizing",2018,5,2,122,2458241,NA,"38841_Vocalizing","Calls or songs","MI",2018-05-02,"calendar",122,2018,"38841_Vocalizing_2018",13
10145,42.602543,-83.250992,307,"Lithobates","clamitans","green frog","Animalia",38902,274,"Adults on land",2018,5,16,136,2458255,NA,"38902_Adults on land","Adults observed","MI",2018-05-16,"calendar",136,2018,"38902_Adults on land_2018",9
10145,42.602543,-83.250992,280,"Chrysemys","picta","painted turtle","Animalia",38933,355,"Individuals on land (rock/log)",2018,5,5,125,2458244,NA,"38933_Individuals on land (rock/log)","Adults observed","MI",2018-05-05,"calendar",125,2018,"38933_Individuals on land (rock/log)_2018",9
10145,42.602543,-83.250992,280,"Chrysemys","picta","painted turtle","Animalia",38933,356,"Individuals in water (rock/log)",2018,5,5,125,2458244,NA,"38933_Individuals in water (rock/log)","Adults observed","MI",2018-05-05,"calendar",125,2018,"38933_Individuals in water (rock/log)_2018",11
6081,34.0312,-118.811821,427,"Sceloporus","occidentalis","western fence lizard","Animalia",39781,355,"Individuals on land (rock/log)",2018,1,18,18,2458137,NA,"39781_Individuals on land (rock/log)","Adults observed","CA",2018-01-18,"calendar",18,2018,"39781_Individuals on land (rock/log)_2018",10
6092,34.115868,-118.758972,427,"Sceloporus","occidentalis","western fence lizard","Animalia",40027,355,"Individuals on land (rock/log)",2018,4,26,116,2458235,NA,"40027_Individuals on land (rock/log)","Adults observed","CA",2018-04-26,"calendar",116,2018,"40027_Individuals on land (rock/log)_2018",12
6093,34.115894,-118.760101,427,"Sceloporus","occidentalis","western fence lizard","Animalia",40042,355,"Individuals on land (rock/log)",2018,5,4,124,2458243,71,"40042_Individuals on land (rock/log)","Adults observed","CA",2018-05-04,"calendar",124,2018,"40042_Individuals on land (rock/log)_2018",9
6094,34.116138,-118.760071,427,"Sceloporus","occidentalis","western fence lizard","Animalia",40672,355,"Individuals on land (rock/log)",2018,2,22,53,2458172,NA,"40672_Individuals on land (rock/log)","Adults observed","CA",2018-02-22,"calendar",53,2018,"40672_Individuals on land (rock/log)_2018",9
6095,34.116432,-118.759659,427,"Sceloporus","occidentalis","western fence lizard","Animalia",40687,355,"Individuals on land (rock/log)",2018,4,5,95,2458214,NA,"40687_Individuals on land (rock/log)","Adults observed","CA",2018-04-05,"calendar",95,2018,"40687_Individuals on land (rock/log)_2018",11
6097,34.116222,-118.758591,427,"Sceloporus","occidentalis","western fence lizard","Animalia",40704,355,"Individuals on land (rock/log)",2018,3,8,67,2458186,NA,"40704_Individuals on land (rock/log)","Adults observed","CA",2018-03-08,"calendar",67,2018,"40704_Individuals on land (rock/log)_2018",10
6099,34.119007,-118.760071,427,"Sceloporus","occidentalis","western fence lizard","Animalia",40734,355,"Individuals on land (rock/log)",2018,8,30,242,2458361,NA,"40734_Individuals on land (rock/log)","Adults observed","CA",2018-08-30,"calendar",242,2018,"40734_Individuals on land (rock/log)_2018",11
6151,34.039394,-118.814392,427,"Sceloporus","occidentalis","western fence lizard","Animalia",40984,355,"Individuals on land (rock/log)",2018,3,29,88,2458207,56,"40984_Individuals on land (rock/log)","Adults observed","CA",2018-03-29,"calendar",88,2018,"40984_Individuals on land (rock/log)_2018",10
8496,46.328629,-96.061256,233,"Lithobates","pipiens","northern leopard frog","Animalia",42887,274,"Adults on land",2018,7,11,192,2458311,10,"42887_Adults on land","Adults observed","MN",2018-07-11,"calendar",192,2018,"42887_Adults on land_2018",10
16454,41.667408,-73.895546,337,"Pseudacris","crucifer","spring peeper","Animalia",64466,276,"Vocalizing",2018,2,21,52,2458171,28,"64466_Vocalizing","Calls or songs","NY",2018-02-21,"calendar",52,2018,"64466_Vocalizing_2018",10
16454,41.667408,-73.895546,234,"Lithobates","sylvaticus","wood frog","Animalia",64467,276,"Vocalizing",2018,6,1,152,2458271,128,"64467_Vocalizing","Calls or songs","NY",2018-06-01,"calendar",152,2018,"64467_Vocalizing_2018",10
17414,42.936153,-73.433449,230,"Anaxyrus","americanus","American toad","Animalia",66938,276,"Vocalizing",2018,5,1,121,2458240,9,"66938_Vocalizing","Calls or songs","NY",2018-05-01,"calendar",121,2018,"66938_Vocalizing_2018",9
17562,41.78577,-73.731003,280,"Chrysemys","picta","painted turtle","Animalia",72787,356,"Individuals in water (rock/log)",2018,4,22,112,2458231,9,"72787_Individuals in water (rock/log)","Adults observed","NY",2018-04-22,"calendar",112,2018,"72787_Individuals in water (rock/log)_2018",12
17414,42.936153,-73.433449,338,"Dryophytes","versicolor","gray treefrog","Animalia",86969,276,"Vocalizing",2018,5,10,130,2458249,6,"86969_Vocalizing","Calls or songs","NY",2018-05-10,"calendar",130,2018,"86969_Vocalizing_2018",11
20638,42.504253,-72.332031,337,"Pseudacris","crucifer","spring peeper","Animalia",87883,276,"Vocalizing",2018,4,23,113,2458232,3,"87883_Vocalizing","Calls or songs","MA",2018-04-23,"calendar",113,2018,"87883_Vocalizing_2018",9
20641,42.448792,-72.346481,234,"Lithobates","sylvaticus","wood frog","Animalia",87896,276,"Vocalizing",2018,4,1,91,2458210,NA,"87896_Vocalizing","Calls or songs","MA",2018-04-01,"calendar",91,2018,"87896_Vocalizing_2018",10
20641,42.448792,-72.346481,337,"Pseudacris","crucifer","spring peeper","Animalia",87897,276,"Vocalizing",2018,4,8,98,2458217,1,"87897_Vocalizing","Calls or songs","MA",2018-04-08,"calendar",98,2018,"87897_Vocalizing_2018",10
20641,42.448792,-72.346481,338,"Dryophytes","versicolor","gray treefrog","Animalia",91174,276,"Vocalizing",2018,5,5,125,2458244,NA,"91174_Vocalizing","Calls or songs","MA",2018-05-05,"calendar",125,2018,"91174_Vocalizing_2018",10
20641,42.448792,-72.346481,307,"Lithobates","clamitans","green frog","Animalia",91175,276,"Vocalizing",2018,5,5,125,2458244,NA,"91175_Vocalizing","Calls or songs","MA",2018-05-05,"calendar",125,2018,"91175_Vocalizing_2018",11
5260,42.454987,-72.345177,338,"Dryophytes","versicolor","gray treefrog","Animalia",91177,276,"Vocalizing",2018,5,2,122,2458241,NA,"91177_Vocalizing","Calls or songs","MA",2018-05-02,"calendar",122,2018,"91177_Vocalizing_2018",10
5262,42.442348,-72.346504,337,"Pseudacris","crucifer","spring peeper","Animalia",91207,276,"Vocalizing",2018,4,23,113,2458232,3,"91207_Vocalizing","Calls or songs","MA",2018-04-23,"calendar",113,2018,"91207_Vocalizing_2018",9
21168,42.418087,-72.345901,307,"Lithobates","clamitans","green frog","Animalia",91214,276,"Vocalizing",2018,5,21,141,2458260,NA,"91214_Vocalizing","Calls or songs","MA",2018-05-21,"calendar",141,2018,"91214_Vocalizing_2018",11
17414,42.936153,-73.433449,337,"Pseudacris","crucifer","spring peeper","Animalia",103212,276,"Vocalizing",2018,4,10,100,2458219,2,"103212_Vocalizing","Calls or songs","NY",2018-04-10,"calendar",100,2018,"103212_Vocalizing_2018",10
16876,41.745537,-74.119392,337,"Pseudacris","crucifer","spring peeper","Animalia",103455,276,"Vocalizing",2018,3,29,88,2458207,6,"103455_Vocalizing","Calls or songs","NY",2018-03-29,"calendar",88,2018,"103455_Vocalizing_2018",11
16876,41.745537,-74.119392,234,"Lithobates","sylvaticus","wood frog","Animalia",103456,276,"Vocalizing",2018,5,30,150,2458269,1,"103456_Vocalizing","Calls or songs","NY",2018-05-30,"calendar",150,2018,"103456_Vocalizing_2018",10
16876,41.745537,-74.119392,280,"Chrysemys","picta","painted turtle","Animalia",103457,355,"Individuals on land (rock/log)",2018,4,18,108,2458227,5,"103457_Individuals on land (rock/log)","Adults observed","NY",2018-04-18,"calendar",108,2018,"103457_Individuals on land (rock/log)_2018",10
16876,41.745537,-74.119392,280,"Chrysemys","picta","painted turtle","Animalia",103457,356,"Individuals in water (rock/log)",2018,3,31,90,2458209,1,"103457_Individuals in water (rock/log)","Adults observed","NY",2018-03-31,"calendar",90,2018,"103457_Individuals in water (rock/log)_2018",11
25568,45.140465,-93.312943,230,"Anaxyrus","americanus","American toad","Animalia",123973,274,"Adults on land",2018,6,30,181,2458300,5,"123973_Adults on land","Adults observed","MN",2018-06-30,"calendar",181,2018,"123973_Adults on land_2018",9
23815,42.755417,-75.666634,234,"Lithobates","sylvaticus","wood frog","Animalia",132912,275,"Adults in water",2018,4,22,112,2458231,NA,"132912_Adults in water","Adults observed","NY",2018-04-22,"calendar",112,2018,"132912_Adults in water_2018",9
23815,42.755417,-75.666634,234,"Lithobates","sylvaticus","wood frog","Animalia",132912,276,"Vocalizing",2018,4,22,112,2458231,NA,"132912_Vocalizing","Calls or songs","NY",2018-04-22,"calendar",112,2018,"132912_Vocalizing_2018",9
22613,32.33926,-110.981728,1413,"Sceloporus","magister","desert spiny lizard","Animalia",136798,355,"Individuals on land (rock/log)",2018,1,16,16,2458135,7,"136798_Individuals on land (rock/log)","Adults observed","AZ",2018-01-16,"calendar",16,2018,"136798_Individuals on land (rock/log)_2018",9
22613,32.33926,-110.981728,1395,"Callisaurus","draconoides","zebra-tailed lizard","Animalia",136799,355,"Individuals on land (rock/log)",2018,3,20,79,2458198,7,"136799_Individuals on land (rock/log)","Adults observed","AZ",2018-03-20,"calendar",79,2018,"136799_Individuals on land (rock/log)_2018",9
22613,32.33926,-110.981728,1395,"Callisaurus","draconoides","zebra-tailed lizard","Animalia",136799,441,"Young individuals (hatched from eggs)",2018,8,23,235,2458354,7,"136799_Young individuals (hatched from eggs)","Young observed","AZ",2018-08-23,"calendar",235,2018,"136799_Young individuals (hatched from eggs)_2018",9
22613,32.33926,-110.981728,423,"Aspidoscelis","tigris","western whiptail","Animalia",136800,355,"Individuals on land (rock/log)",2018,4,3,93,2458212,7,"136800_Individuals on land (rock/log)","Adults observed","AZ",2018-04-03,"calendar",93,2018,"136800_Individuals on land (rock/log)_2018",9
22613,32.33926,-110.981728,423,"Aspidoscelis","tigris","western whiptail","Animalia",136800,441,"Young individuals (hatched from eggs)",2018,4,10,100,2458219,7,"136800_Young individuals (hatched from eggs)","Young observed","AZ",2018-04-10,"calendar",100,2018,"136800_Young individuals (hatched from eggs)_2018",9
5260,42.454987,-72.345177,230,"Anaxyrus","americanus","American toad","Animalia",138603,276,"Vocalizing",2018,5,5,125,2458244,NA,"138603_Vocalizing","Calls or songs","MA",2018-05-05,"calendar",125,2018,"138603_Vocalizing_2018",9
5260,42.454987,-72.345177,307,"Lithobates","clamitans","green frog","Animalia",12257,276,"Vocalizing",2019,4,23,113,2458597,NA,"12257_Vocalizing","Calls or songs","MA",2019-04-23,"calendar",113,2019,"12257_Vocalizing_2019",11
5260,42.454987,-72.345177,337,"Pseudacris","crucifer","spring peeper","Animalia",12258,276,"Vocalizing",2019,4,6,96,2458580,NA,"12258_Vocalizing","Calls or songs","MA",2019-04-06,"calendar",96,2019,"12258_Vocalizing_2019",12
5260,42.454987,-72.345177,346,"Lithobates","palustris","pickerel frog","Animalia",12259,276,"Vocalizing",2019,4,13,103,2458587,NA,"12259_Vocalizing","Calls or songs","MA",2019-04-13,"calendar",103,2019,"12259_Vocalizing_2019",11
5260,42.454987,-72.345177,348,"Lithobates","catesbeianus","American bullfrog","Animalia",12260,276,"Vocalizing",2019,5,21,141,2458625,11,"12260_Vocalizing","Calls or songs","MA",2019-05-21,"calendar",141,2019,"12260_Vocalizing_2019",11
6362,43.012966,-73.649918,307,"Lithobates","clamitans","green frog","Animalia",17986,275,"Adults in water",2019,6,27,178,2458662,22,"17986_Adults in water","Adults observed","NY",2019-06-27,"calendar",178,2019,"17986_Adults in water_2019",10
6362,43.012966,-73.649918,307,"Lithobates","clamitans","green frog","Animalia",17986,276,"Vocalizing",2019,5,6,126,2458610,6,"17986_Vocalizing","Calls or songs","NY",2019-05-06,"calendar",126,2019,"17986_Vocalizing_2019",15
8496,46.328629,-96.061256,421,"Thamnophis","sirtalis","common gartersnake","Animalia",25782,355,"Individuals on land (rock/log)",2019,4,20,110,2458594,NA,"25782_Individuals on land (rock/log)","Adults observed","MN",2019-04-20,"calendar",110,2019,"25782_Individuals on land (rock/log)_2019",14
8242,31.596231,-110.575493,423,"Aspidoscelis","tigris","western whiptail","Animalia",29644,355,"Individuals on land (rock/log)",2019,6,6,157,2458641,39,"29644_Individuals on land (rock/log)","Adults observed","AZ",2019-06-06,"calendar",157,2019,"29644_Individuals on land (rock/log)_2019",9
8242,31.596231,-110.575493,427,"Sceloporus","occidentalis","western fence lizard","Animalia",29646,355,"Individuals on land (rock/log)",2019,4,11,101,2458585,NA,"29646_Individuals on land (rock/log)","Adults observed","AZ",2019-04-11,"calendar",101,2019,"29646_Individuals on land (rock/log)_2019",10
8242,31.596231,-110.575493,427,"Sceloporus","occidentalis","western fence lizard","Animalia",29646,441,"Young individuals (hatched from eggs)",2019,9,22,265,2458749,108,"29646_Young individuals (hatched from eggs)","Young observed","AZ",2019-09-22,"calendar",265,2019,"29646_Young individuals (hatched from eggs)_2019",10
10145,42.602543,-83.250992,230,"Anaxyrus","americanus","American toad","Animalia",38841,274,"Adults on land",2019,7,29,210,2458694,3,"38841_Adults on land","Adults observed","MI",2019-07-29,"calendar",210,2019,"38841_Adults on land_2019",12
10145,42.602543,-83.250992,230,"Anaxyrus","americanus","American toad","Animalia",38841,276,"Vocalizing",2019,5,26,146,2458630,NA,"38841_Vocalizing","Calls or songs","MI",2019-05-26,"calendar",146,2019,"38841_Vocalizing_2019",13
10145,42.602543,-83.250992,280,"Chrysemys","picta","painted turtle","Animalia",38933,356,"Individuals in water (rock/log)",2019,7,21,202,2458686,NA,"38933_Individuals in water (rock/log)","Adults observed","MI",2019-07-21,"calendar",202,2019,"38933_Individuals in water (rock/log)_2019",11
6081,34.0312,-118.811821,427,"Sceloporus","occidentalis","western fence lizard","Animalia",39781,355,"Individuals on land (rock/log)",2019,3,15,74,2458558,5,"39781_Individuals on land (rock/log)","Adults observed","CA",2019-03-15,"calendar",74,2019,"39781_Individuals on land (rock/log)_2019",10
6092,34.115868,-118.758972,427,"Sceloporus","occidentalis","western fence lizard","Animalia",40027,355,"Individuals on land (rock/log)",2019,9,11,254,2458738,94,"40027_Individuals on land (rock/log)","Adults observed","CA",2019-09-11,"calendar",254,2019,"40027_Individuals on land (rock/log)_2019",12
6095,34.116432,-118.759659,427,"Sceloporus","occidentalis","western fence lizard","Animalia",40687,355,"Individuals on land (rock/log)",2019,9,11,254,2458738,NA,"40687_Individuals on land (rock/log)","Adults observed","CA",2019-09-11,"calendar",254,2019,"40687_Individuals on land (rock/log)_2019",11
8496,46.328629,-96.061256,233,"Lithobates","pipiens","northern leopard frog","Animalia",42887,274,"Adults on land",2019,4,25,115,2458599,NA,"42887_Adults on land","Adults observed","MN",2019-04-25,"calendar",115,2019,"42887_Adults on land_2019",10
16454,41.667408,-73.895546,337,"Pseudacris","crucifer","spring peeper","Animalia",64466,276,"Vocalizing",2019,3,20,79,2458563,6,"64466_Vocalizing","Calls or songs","NY",2019-03-20,"calendar",79,2019,"64466_Vocalizing_2019",10
16454,41.667408,-73.895546,234,"Lithobates","sylvaticus","wood frog","Animalia",64467,276,"Vocalizing",2019,3,20,79,2458563,6,"64467_Vocalizing","Calls or songs","NY",2019-03-20,"calendar",79,2019,"64467_Vocalizing_2019",10
17414,42.936153,-73.433449,230,"Anaxyrus","americanus","American toad","Animalia",66938,276,"Vocalizing",2019,4,20,110,2458594,3,"66938_Vocalizing","Calls or songs","NY",2019-04-20,"calendar",110,2019,"66938_Vocalizing_2019",9
17562,41.78577,-73.731003,280,"Chrysemys","picta","painted turtle","Animalia",72787,356,"Individuals in water (rock/log)",2019,3,4,63,2458547,NA,"72787_Individuals in water (rock/log)","Adults observed","NY",2019-03-04,"calendar",63,2019,"72787_Individuals in water (rock/log)_2019",12
17414,42.936153,-73.433449,338,"Dryophytes","versicolor","gray treefrog","Animalia",86969,276,"Vocalizing",2019,5,7,127,2458611,4,"86969_Vocalizing","Calls or songs","NY",2019-05-07,"calendar",127,2019,"86969_Vocalizing_2019",11
20638,42.504253,-72.332031,337,"Pseudacris","crucifer","spring peeper","Animalia",87883,276,"Vocalizing",2019,4,14,104,2458588,2,"87883_Vocalizing","Calls or songs","MA",2019-04-14,"calendar",104,2019,"87883_Vocalizing_2019",9
20641,42.448792,-72.346481,337,"Pseudacris","crucifer","spring peeper","Animalia",87897,276,"Vocalizing",2019,4,12,102,2458586,NA,"87897_Vocalizing","Calls or songs","MA",2019-04-12,"calendar",102,2019,"87897_Vocalizing_2019",10
20789,43.899441,-69.95787,234,"Lithobates","sylvaticus","wood frog","Animalia",88640,276,"Vocalizing",2019,4,22,112,2458596,1,"88640_Vocalizing","Calls or songs","ME",2019-04-22,"calendar",112,2019,"88640_Vocalizing_2019",10
20641,42.448792,-72.346481,338,"Dryophytes","versicolor","gray treefrog","Animalia",91174,276,"Vocalizing",2019,5,25,145,2458629,3,"91174_Vocalizing","Calls or songs","MA",2019-05-25,"calendar",145,2019,"91174_Vocalizing_2019",10
20641,42.448792,-72.346481,307,"Lithobates","clamitans","green frog","Animalia",91175,276,"Vocalizing",2019,5,22,142,2458626,NA,"91175_Vocalizing","Calls or songs","MA",2019-05-22,"calendar",142,2019,"91175_Vocalizing_2019",11
5260,42.454987,-72.345177,338,"Dryophytes","versicolor","gray treefrog","Animalia",91177,276,"Vocalizing",2019,5,11,131,2458615,NA,"91177_Vocalizing","Calls or songs","MA",2019-05-11,"calendar",131,2019,"91177_Vocalizing_2019",10
5262,42.442348,-72.346504,337,"Pseudacris","crucifer","spring peeper","Animalia",91207,276,"Vocalizing",2019,4,12,102,2458586,14,"91207_Vocalizing","Calls or songs","MA",2019-04-12,"calendar",102,2019,"91207_Vocalizing_2019",9
21168,42.418087,-72.345901,307,"Lithobates","clamitans","green frog","Animalia",91214,276,"Vocalizing",2019,6,17,168,2458652,NA,"91214_Vocalizing","Calls or songs","MA",2019-06-17,"calendar",168,2019,"91214_Vocalizing_2019",11
17414,42.936153,-73.433449,337,"Pseudacris","crucifer","spring peeper","Animalia",103212,276,"Vocalizing",2019,4,6,96,2458580,7,"103212_Vocalizing","Calls or songs","NY",2019-04-06,"calendar",96,2019,"103212_Vocalizing_2019",10
16876,41.745537,-74.119392,337,"Pseudacris","crucifer","spring peeper","Animalia",103455,276,"Vocalizing",2019,3,30,89,2458573,4,"103455_Vocalizing","Calls or songs","NY",2019-03-30,"calendar",89,2019,"103455_Vocalizing_2019",11
16876,41.745537,-74.119392,234,"Lithobates","sylvaticus","wood frog","Animalia",103456,276,"Vocalizing",2019,4,3,93,2458577,1,"103456_Vocalizing","Calls or songs","NY",2019-04-03,"calendar",93,2019,"103456_Vocalizing_2019",10
16876,41.745537,-74.119392,280,"Chrysemys","picta","painted turtle","Animalia",103457,355,"Individuals on land (rock/log)",2019,4,4,94,2458578,1,"103457_Individuals on land (rock/log)","Adults observed","NY",2019-04-04,"calendar",94,2019,"103457_Individuals on land (rock/log)_2019",10
16876,41.745537,-74.119392,280,"Chrysemys","picta","painted turtle","Animalia",103457,356,"Individuals in water (rock/log)",2019,4,3,93,2458577,1,"103457_Individuals in water (rock/log)","Adults observed","NY",2019-04-03,"calendar",93,2019,"103457_Individuals in water (rock/log)_2019",11
25568,45.140465,-93.312943,230,"Anaxyrus","americanus","American toad","Animalia",123973,274,"Adults on land",2019,5,25,145,2458629,7,"123973_Adults on land","Adults observed","MN",2019-05-25,"calendar",145,2019,"123973_Adults on land_2019",9
23815,42.755417,-75.666634,234,"Lithobates","sylvaticus","wood frog","Animalia",132912,275,"Adults in water",2019,4,8,98,2458582,NA,"132912_Adults in water","Adults observed","NY",2019-04-08,"calendar",98,2019,"132912_Adults in water_2019",9
23815,42.755417,-75.666634,234,"Lithobates","sylvaticus","wood frog","Animalia",132912,276,"Vocalizing",2019,4,8,98,2458582,NA,"132912_Vocalizing","Calls or songs","NY",2019-04-08,"calendar",98,2019,"132912_Vocalizing_2019",9
22613,32.33926,-110.981728,1413,"Sceloporus","magister","desert spiny lizard","Animalia",136798,355,"Individuals on land (rock/log)",2019,3,26,85,2458569,5,"136798_Individuals on land (rock/log)","Adults observed","AZ",2019-03-26,"calendar",85,2019,"136798_Individuals on land (rock/log)_2019",9
22613,32.33926,-110.981728,1395,"Callisaurus","draconoides","zebra-tailed lizard","Animalia",136799,355,"Individuals on land (rock/log)",2019,3,26,85,2458569,5,"136799_Individuals on land (rock/log)","Adults observed","AZ",2019-03-26,"calendar",85,2019,"136799_Individuals on land (rock/log)_2019",9
22613,32.33926,-110.981728,1395,"Callisaurus","draconoides","zebra-tailed lizard","Animalia",136799,441,"Young individuals (hatched from eggs)",2019,8,22,234,2458718,21,"136799_Young individuals (hatched from eggs)","Young observed","AZ",2019-08-22,"calendar",234,2019,"136799_Young individuals (hatched from eggs)_2019",9
22613,32.33926,-110.981728,423,"Aspidoscelis","tigris","western whiptail","Animalia",136800,355,"Individuals on land (rock/log)",2019,3,26,85,2458569,5,"136800_Individuals on land (rock/log)","Adults observed","AZ",2019-03-26,"calendar",85,2019,"136800_Individuals on land (rock/log)_2019",9
22613,32.33926,-110.981728,423,"Aspidoscelis","tigris","western whiptail","Animalia",136800,441,"Young individuals (hatched from eggs)",2019,7,25,206,2458690,28,"136800_Young individuals (hatched from eggs)","Young observed","AZ",2019-07-25,"calendar",206,2019,"136800_Young individuals (hatched from eggs)_2019",9
5260,42.454987,-72.345177,230,"Anaxyrus","americanus","American toad","Animalia",138603,276,"Vocalizing",2019,5,9,129,2458613,NA,"138603_Vocalizing","Calls or songs","MA",2019-05-09,"calendar",129,2019,"138603_Vocalizing_2019",9
1447,42.176537,-85.892448,337,"Pseudacris","crucifer","spring peeper","Animalia",11253,276,"Vocalizing",2020,5,3,124,2458973,7,"11253_Vocalizing","Calls or songs","MI",2020-05-03,"calendar",124,2020,"11253_Vocalizing_2020",10
5260,42.454987,-72.345177,307,"Lithobates","clamitans","green frog","Animalia",12257,276,"Vocalizing",2020,5,22,143,2458992,7,"12257_Vocalizing","Calls or songs","MA",2020-05-22,"calendar",143,2020,"12257_Vocalizing_2020",11
5260,42.454987,-72.345177,337,"Pseudacris","crucifer","spring peeper","Animalia",12258,276,"Vocalizing",2020,3,20,80,2458929,NA,"12258_Vocalizing","Calls or songs","MA",2020-03-20,"calendar",80,2020,"12258_Vocalizing_2020",12
5260,42.454987,-72.345177,346,"Lithobates","palustris","pickerel frog","Animalia",12259,276,"Vocalizing",2020,4,4,95,2458944,1,"12259_Vocalizing","Calls or songs","MA",2020-04-04,"calendar",95,2020,"12259_Vocalizing_2020",11
5260,42.454987,-72.345177,348,"Lithobates","catesbeianus","American bullfrog","Animalia",12260,276,"Vocalizing",2020,5,15,136,2458985,NA,"12260_Vocalizing","Calls or songs","MA",2020-05-15,"calendar",136,2020,"12260_Vocalizing_2020",11
6362,43.012966,-73.649918,307,"Lithobates","clamitans","green frog","Animalia",17986,276,"Vocalizing",2020,6,8,160,2459009,NA,"17986_Vocalizing","Calls or songs","NY",2020-06-08,"calendar",160,2020,"17986_Vocalizing_2020",15
8496,46.328629,-96.061256,421,"Thamnophis","sirtalis","common gartersnake","Animalia",25782,355,"Individuals on land (rock/log)",2020,4,8,99,2458948,NA,"25782_Individuals on land (rock/log)","Adults observed","MN",2020-04-08,"calendar",99,2020,"25782_Individuals on land (rock/log)_2020",14
8242,31.596231,-110.575493,423,"Aspidoscelis","tigris","western whiptail","Animalia",29644,355,"Individuals on land (rock/log)",2020,5,13,134,2458983,23,"29644_Individuals on land (rock/log)","Adults observed","AZ",2020-05-13,"calendar",134,2020,"29644_Individuals on land (rock/log)_2020",9
8242,31.596231,-110.575493,427,"Sceloporus","occidentalis","western fence lizard","Animalia",29646,355,"Individuals on land (rock/log)",2020,4,20,111,2458960,50,"29646_Individuals on land (rock/log)","Adults observed","AZ",2020-04-20,"calendar",111,2020,"29646_Individuals on land (rock/log)_2020",10
8242,31.596231,-110.575493,427,"Sceloporus","occidentalis","western fence lizard","Animalia",29646,441,"Young individuals (hatched from eggs)",2020,5,27,148,2458997,14,"29646_Young individuals (hatched from eggs)","Young observed","AZ",2020-05-27,"calendar",148,2020,"29646_Young individuals (hatched from eggs)_2020",10
10145,42.602543,-83.250992,230,"Anaxyrus","americanus","American toad","Animalia",38841,276,"Vocalizing",2020,4,30,121,2458970,1,"38841_Vocalizing","Calls or songs","MI",2020-04-30,"calendar",121,2020,"38841_Vocalizing_2020",13
10145,42.602543,-83.250992,307,"Lithobates","clamitans","green frog","Animalia",38902,274,"Adults on land",2020,5,1,122,2458971,1,"38902_Adults on land","Adults observed","MI",2020-05-01,"calendar",122,2020,"38902_Adults on land_2020",9
10145,42.602543,-83.250992,280,"Chrysemys","picta","painted turtle","Animalia",38933,355,"Individuals on land (rock/log)",2020,4,26,117,2458966,NA,"38933_Individuals on land (rock/log)","Adults observed","MI",2020-04-26,"calendar",117,2020,"38933_Individuals on land (rock/log)_2020",9
10145,42.602543,-83.250992,280,"Chrysemys","picta","painted turtle","Animalia",38933,356,"Individuals in water (rock/log)",2020,5,3,124,2458973,1,"38933_Individuals in water (rock/log)","Adults observed","MI",2020-05-03,"calendar",124,2020,"38933_Individuals in water (rock/log)_2020",11
6081,34.0312,-118.811821,427,"Sceloporus","occidentalis","western fence lizard","Animalia",39781,355,"Individuals on land (rock/log)",2020,1,31,31,2458880,NA,"39781_Individuals on land (rock/log)","Adults observed","CA",2020-01-31,"calendar",31,2020,"39781_Individuals on land (rock/log)_2020",10
6092,34.115868,-118.758972,427,"Sceloporus","occidentalis","western fence lizard","Animalia",40027,355,"Individuals on land (rock/log)",2020,2,28,59,2458908,NA,"40027_Individuals on land (rock/log)","Adults observed","CA",2020-02-28,"calendar",59,2020,"40027_Individuals on land (rock/log)_2020",12
6093,34.115894,-118.760101,427,"Sceloporus","occidentalis","western fence lizard","Animalia",40042,355,"Individuals on land (rock/log)",2020,7,17,199,2459048,28,"40042_Individuals on land (rock/log)","Adults observed","CA",2020-07-17,"calendar",199,2020,"40042_Individuals on land (rock/log)_2020",9
6097,34.116222,-118.758591,427,"Sceloporus","occidentalis","western fence lizard","Animalia",40704,355,"Individuals on land (rock/log)",2020,9,28,272,2459121,20,"40704_Individuals on land (rock/log)","Adults observed","CA",2020-09-28,"calendar",272,2020,"40704_Individuals on land (rock/log)_2020",10
6099,34.119007,-118.760071,427,"Sceloporus","occidentalis","western fence lizard","Animalia",40734,355,"Individuals on land (rock/log)",2020,7,24,206,2459055,46,"40734_Individuals on land (rock/log)","Adults observed","CA",2020-07-24,"calendar",206,2020,"40734_Individuals on land (rock/log)_2020",11
6151,34.039394,-118.814392,427,"Sceloporus","occidentalis","western fence lizard","Animalia",40984,355,"Individuals on land (rock/log)",2020,10,14,288,2459137,NA,"40984_Individuals on land (rock/log)","Adults observed","CA",2020-10-14,"calendar",288,2020,"40984_Individuals on land (rock/log)_2020",10
8496,46.328629,-96.061256,233,"Lithobates","pipiens","northern leopard frog","Animalia",42887,274,"Adults on land",2020,7,20,202,2459051,15,"42887_Adults on land","Adults observed","MN",2020-07-20,"calendar",202,2020,"42887_Adults on land_2020",10
16454,41.667408,-73.895546,337,"Pseudacris","crucifer","spring peeper","Animalia",64466,276,"Vocalizing",2020,3,4,64,2458913,NA,"64466_Vocalizing","Calls or songs","NY",2020-03-04,"calendar",64,2020,"64466_Vocalizing_2020",10
16454,41.667408,-73.895546,234,"Lithobates","sylvaticus","wood frog","Animalia",64467,276,"Vocalizing",2020,3,5,65,2458914,NA,"64467_Vocalizing","Calls or songs","NY",2020-03-05,"calendar",65,2020,"64467_Vocalizing_2020",10
17414,42.936153,-73.433449,230,"Anaxyrus","americanus","American toad","Animalia",66938,276,"Vocalizing",2020,5,1,122,2458971,6,"66938_Vocalizing","Calls or songs","NY",2020-05-01,"calendar",122,2020,"66938_Vocalizing_2020",9
17562,41.78577,-73.731003,280,"Chrysemys","picta","painted turtle","Animalia",72787,356,"Individuals in water (rock/log)",2020,3,13,73,2458922,39,"72787_Individuals in water (rock/log)","Adults observed","NY",2020-03-13,"calendar",73,2020,"72787_Individuals in water (rock/log)_2020",12
17414,42.936153,-73.433449,338,"Dryophytes","versicolor","gray treefrog","Animalia",86969,276,"Vocalizing",2020,5,14,135,2458984,3,"86969_Vocalizing","Calls or songs","NY",2020-05-14,"calendar",135,2020,"86969_Vocalizing_2020",11
20638,42.504253,-72.332031,337,"Pseudacris","crucifer","spring peeper","Animalia",87883,276,"Vocalizing",2020,3,27,87,2458936,1,"87883_Vocalizing","Calls or songs","MA",2020-03-27,"calendar",87,2020,"87883_Vocalizing_2020",9
20641,42.448792,-72.346481,234,"Lithobates","sylvaticus","wood frog","Animalia",87896,276,"Vocalizing",2020,3,13,73,2458922,1,"87896_Vocalizing","Calls or songs","MA",2020-03-13,"calendar",73,2020,"87896_Vocalizing_2020",10
20641,42.448792,-72.346481,337,"Pseudacris","crucifer","spring peeper","Animalia",87897,276,"Vocalizing",2020,3,13,73,2458922,1,"87897_Vocalizing","Calls or songs","MA",2020-03-13,"calendar",73,2020,"87897_Vocalizing_2020",10
20789,43.899441,-69.95787,234,"Lithobates","sylvaticus","wood frog","Animalia",88640,276,"Vocalizing",2020,4,4,95,2458944,4,"88640_Vocalizing","Calls or songs","ME",2020-04-04,"calendar",95,2020,"88640_Vocalizing_2020",10
20641,42.448792,-72.346481,338,"Dryophytes","versicolor","gray treefrog","Animalia",91174,276,"Vocalizing",2020,5,17,138,2458987,52,"91174_Vocalizing","Calls or songs","MA",2020-05-17,"calendar",138,2020,"91174_Vocalizing_2020",10
20641,42.448792,-72.346481,307,"Lithobates","clamitans","green frog","Animalia",91175,276,"Vocalizing",2020,5,22,143,2458992,42,"91175_Vocalizing","Calls or songs","MA",2020-05-22,"calendar",143,2020,"91175_Vocalizing_2020",11
5260,42.454987,-72.345177,338,"Dryophytes","versicolor","gray treefrog","Animalia",91177,276,"Vocalizing",2020,5,15,136,2458985,NA,"91177_Vocalizing","Calls or songs","MA",2020-05-15,"calendar",136,2020,"91177_Vocalizing_2020",10
5262,42.442348,-72.346504,337,"Pseudacris","crucifer","spring peeper","Animalia",91207,276,"Vocalizing",2020,5,16,137,2458986,7,"91207_Vocalizing","Calls or songs","MA",2020-05-16,"calendar",137,2020,"91207_Vocalizing_2020",9
21168,42.418087,-72.345901,307,"Lithobates","clamitans","green frog","Animalia",91214,276,"Vocalizing",2020,5,16,137,2458986,NA,"91214_Vocalizing","Calls or songs","MA",2020-05-16,"calendar",137,2020,"91214_Vocalizing_2020",11
17414,42.936153,-73.433449,337,"Pseudacris","crucifer","spring peeper","Animalia",103212,276,"Vocalizing",2020,3,20,80,2458929,5,"103212_Vocalizing","Calls or songs","NY",2020-03-20,"calendar",80,2020,"103212_Vocalizing_2020",10
16876,41.745537,-74.119392,337,"Pseudacris","crucifer","spring peeper","Animalia",103455,276,"Vocalizing",2020,3,18,78,2458927,2,"103455_Vocalizing","Calls or songs","NY",2020-03-18,"calendar",78,2020,"103455_Vocalizing_2020",11
16876,41.745537,-74.119392,234,"Lithobates","sylvaticus","wood frog","Animalia",103456,276,"Vocalizing",2020,3,10,70,2458919,5,"103456_Vocalizing","Calls or songs","NY",2020-03-10,"calendar",70,2020,"103456_Vocalizing_2020",10
16876,41.745537,-74.119392,280,"Chrysemys","picta","painted turtle","Animalia",103457,355,"Individuals on land (rock/log)",2020,3,18,78,2458927,2,"103457_Individuals on land (rock/log)","Adults observed","NY",2020-03-18,"calendar",78,2020,"103457_Individuals on land (rock/log)_2020",10
16876,41.745537,-74.119392,280,"Chrysemys","picta","painted turtle","Animalia",103457,356,"Individuals in water (rock/log)",2020,6,15,167,2459016,91,"103457_Individuals in water (rock/log)","Adults observed","NY",2020-06-15,"calendar",167,2020,"103457_Individuals in water (rock/log)_2020",11
25568,45.140465,-93.312943,230,"Anaxyrus","americanus","American toad","Animalia",123973,274,"Adults on land",2020,7,1,183,2459032,NA,"123973_Adults on land","Adults observed","MN",2020-07-01,"calendar",183,2020,"123973_Adults on land_2020",9
23815,42.755417,-75.666634,234,"Lithobates","sylvaticus","wood frog","Animalia",132912,275,"Adults in water",2020,3,27,87,2458936,NA,"132912_Adults in water","Adults observed","NY",2020-03-27,"calendar",87,2020,"132912_Adults in water_2020",9
23815,42.755417,-75.666634,234,"Lithobates","sylvaticus","wood frog","Animalia",132912,276,"Vocalizing",2020,3,27,87,2458936,NA,"132912_Vocalizing","Calls or songs","NY",2020-03-27,"calendar",87,2020,"132912_Vocalizing_2020",9
22613,32.33926,-110.981728,1413,"Sceloporus","magister","desert spiny lizard","Animalia",136798,355,"Individuals on land (rock/log)",2020,2,27,58,2458907,NA,"136798_Individuals on land (rock/log)","Adults observed","AZ",2020-02-27,"calendar",58,2020,"136798_Individuals on land (rock/log)_2020",9
22613,32.33926,-110.981728,1395,"Callisaurus","draconoides","zebra-tailed lizard","Animalia",136799,355,"Individuals on land (rock/log)",2020,2,27,58,2458907,NA,"136799_Individuals on land (rock/log)","Adults observed","AZ",2020-02-27,"calendar",58,2020,"136799_Individuals on land (rock/log)_2020",9
22613,32.33926,-110.981728,1395,"Callisaurus","draconoides","zebra-tailed lizard","Animalia",136799,441,"Young individuals (hatched from eggs)",2020,8,18,231,2459080,91,"136799_Young individuals (hatched from eggs)","Young observed","AZ",2020-08-18,"calendar",231,2020,"136799_Young individuals (hatched from eggs)_2020",9
22613,32.33926,-110.981728,423,"Aspidoscelis","tigris","western whiptail","Animalia",136800,355,"Individuals on land (rock/log)",2020,4,4,95,2458944,NA,"136800_Individuals on land (rock/log)","Adults observed","AZ",2020-04-04,"calendar",95,2020,"136800_Individuals on land (rock/log)_2020",9
22613,32.33926,-110.981728,423,"Aspidoscelis","tigris","western whiptail","Animalia",136800,441,"Young individuals (hatched from eggs)",2020,7,21,203,2459052,84,"136800_Young individuals (hatched from eggs)","Young observed","AZ",2020-07-21,"calendar",203,2020,"136800_Young individuals (hatched from eggs)_2020",9
5260,42.454987,-72.345177,230,"Anaxyrus","americanus","American toad","Animalia",138603,276,"Vocalizing",2020,5,17,138,2458987,NA,"138603_Vocalizing","Calls or songs","MA",2020-05-17,"calendar",138,2020,"138603_Vocalizing_2020",9
5260,42.454987,-72.345177,307,"Lithobates","clamitans","green frog","Animalia",12257,276,"Vocalizing",2021,5,21,141,2459356,2,"12257_Vocalizing","Calls or songs","MA",2021-05-21,"calendar",141,2021,"12257_Vocalizing_2021",11
5260,42.454987,-72.345177,337,"Pseudacris","crucifer","spring peeper","Animalia",12258,276,"Vocalizing",2021,3,25,84,2459299,1,"12258_Vocalizing","Calls or songs","MA",2021-03-25,"calendar",84,2021,"12258_Vocalizing_2021",12
5260,42.454987,-72.345177,346,"Lithobates","palustris","pickerel frog","Animalia",12259,276,"Vocalizing",2021,4,3,93,2459308,1,"12259_Vocalizing","Calls or songs","MA",2021-04-03,"calendar",93,2021,"12259_Vocalizing_2021",11
5260,42.454987,-72.345177,348,"Lithobates","catesbeianus","American bullfrog","Animalia",12260,276,"Vocalizing",2021,5,21,141,2459356,2,"12260_Vocalizing","Calls or songs","MA",2021-05-21,"calendar",141,2021,"12260_Vocalizing_2021",11
6362,43.012966,-73.649918,307,"Lithobates","clamitans","green frog","Animalia",17986,276,"Vocalizing",2021,5,12,132,2459347,14,"17986_Vocalizing","Calls or songs","NY",2021-05-12,"calendar",132,2021,"17986_Vocalizing_2021",15
8496,46.328629,-96.061256,421,"Thamnophis","sirtalis","common gartersnake","Animalia",25782,355,"Individuals on land (rock/log)",2021,5,11,131,2459346,NA,"25782_Individuals on land (rock/log)","Adults observed","MN",2021-05-11,"calendar",131,2021,"25782_Individuals on land (rock/log)_2021",14
8242,31.596231,-110.575493,427,"Sceloporus","occidentalis","western fence lizard","Animalia",29646,355,"Individuals on land (rock/log)",2021,5,3,123,2459338,NA,"29646_Individuals on land (rock/log)","Adults observed","AZ",2021-05-03,"calendar",123,2021,"29646_Individuals on land (rock/log)_2021",10
8242,31.596231,-110.575493,427,"Sceloporus","occidentalis","western fence lizard","Animalia",29646,441,"Young individuals (hatched from eggs)",2021,5,24,144,2459359,21,"29646_Young individuals (hatched from eggs)","Young observed","AZ",2021-05-24,"calendar",144,2021,"29646_Young individuals (hatched from eggs)_2021",10
10145,42.602543,-83.250992,230,"Anaxyrus","americanus","American toad","Animalia",38841,274,"Adults on land",2021,6,29,180,2459395,1,"38841_Adults on land","Adults observed","MI",2021-06-29,"calendar",180,2021,"38841_Adults on land_2021",12
10145,42.602543,-83.250992,230,"Anaxyrus","americanus","American toad","Animalia",38841,276,"Vocalizing",2021,5,3,123,2459338,1,"38841_Vocalizing","Calls or songs","MI",2021-05-03,"calendar",123,2021,"38841_Vocalizing_2021",13
10145,42.602543,-83.250992,280,"Chrysemys","picta","painted turtle","Animalia",38933,355,"Individuals on land (rock/log)",2021,3,21,80,2459295,1,"38933_Individuals on land (rock/log)","Adults observed","MI",2021-03-21,"calendar",80,2021,"38933_Individuals on land (rock/log)_2021",9
10145,42.602543,-83.250992,280,"Chrysemys","picta","painted turtle","Animalia",38933,356,"Individuals in water (rock/log)",2021,7,15,196,2459411,1,"38933_Individuals in water (rock/log)","Adults observed","MI",2021-07-15,"calendar",196,2021,"38933_Individuals in water (rock/log)_2021",11
6081,34.0312,-118.811821,427,"Sceloporus","occidentalis","western fence lizard","Animalia",39781,355,"Individuals on land (rock/log)",2021,3,5,64,2459279,42,"39781_Individuals on land (rock/log)","Adults observed","CA",2021-03-05,"calendar",64,2021,"39781_Individuals on land (rock/log)_2021",10
6092,34.115868,-118.758972,427,"Sceloporus","occidentalis","western fence lizard","Animalia",40027,355,"Individuals on land (rock/log)",2021,4,9,99,2459314,NA,"40027_Individuals on land (rock/log)","Adults observed","CA",2021-04-09,"calendar",99,2021,"40027_Individuals on land (rock/log)_2021",12
6093,34.115894,-118.760101,427,"Sceloporus","occidentalis","western fence lizard","Animalia",40042,355,"Individuals on land (rock/log)",2021,3,19,78,2459293,NA,"40042_Individuals on land (rock/log)","Adults observed","CA",2021-03-19,"calendar",78,2021,"40042_Individuals on land (rock/log)_2021",9
6094,34.116138,-118.760071,427,"Sceloporus","occidentalis","western fence lizard","Animalia",40672,355,"Individuals on land (rock/log)",2021,2,27,58,2459273,NA,"40672_Individuals on land (rock/log)","Adults observed","CA",2021-02-27,"calendar",58,2021,"40672_Individuals on land (rock/log)_2021",9
6095,34.116432,-118.759659,427,"Sceloporus","occidentalis","western fence lizard","Animalia",40687,355,"Individuals on land (rock/log)",2021,3,19,78,2459293,NA,"40687_Individuals on land (rock/log)","Adults observed","CA",2021-03-19,"calendar",78,2021,"40687_Individuals on land (rock/log)_2021",11
6097,34.116222,-118.758591,427,"Sceloporus","occidentalis","western fence lizard","Animalia",40704,355,"Individuals on land (rock/log)",2021,2,27,58,2459273,NA,"40704_Individuals on land (rock/log)","Adults observed","CA",2021-02-27,"calendar",58,2021,"40704_Individuals on land (rock/log)_2021",10
6099,34.119007,-118.760071,427,"Sceloporus","occidentalis","western fence lizard","Animalia",40734,355,"Individuals on land (rock/log)",2021,8,6,218,2459433,21,"40734_Individuals on land (rock/log)","Adults observed","CA",2021-08-06,"calendar",218,2021,"40734_Individuals on land (rock/log)_2021",11
6151,34.039394,-118.814392,427,"Sceloporus","occidentalis","western fence lizard","Animalia",40984,355,"Individuals on land (rock/log)",2021,7,1,182,2459397,NA,"40984_Individuals on land (rock/log)","Adults observed","CA",2021-07-01,"calendar",182,2021,"40984_Individuals on land (rock/log)_2021",10
8496,46.328629,-96.061256,233,"Lithobates","pipiens","northern leopard frog","Animalia",42887,274,"Adults on land",2021,9,19,262,2459477,33,"42887_Adults on land","Adults observed","MN",2021-09-19,"calendar",262,2021,"42887_Adults on land_2021",10
16454,41.667408,-73.895546,337,"Pseudacris","crucifer","spring peeper","Animalia",64466,276,"Vocalizing",2021,3,22,81,2459296,21,"64466_Vocalizing","Calls or songs","NY",2021-03-22,"calendar",81,2021,"64466_Vocalizing_2021",10
16454,41.667408,-73.895546,234,"Lithobates","sylvaticus","wood frog","Animalia",64467,276,"Vocalizing",2021,3,22,81,2459296,21,"64467_Vocalizing","Calls or songs","NY",2021-03-22,"calendar",81,2021,"64467_Vocalizing_2021",10
17414,42.936153,-73.433449,230,"Anaxyrus","americanus","American toad","Animalia",66938,276,"Vocalizing",2021,4,11,101,2459316,4,"66938_Vocalizing","Calls or songs","NY",2021-04-11,"calendar",101,2021,"66938_Vocalizing_2021",9
17562,41.78577,-73.731003,280,"Chrysemys","picta","painted turtle","Animalia",72787,356,"Individuals in water (rock/log)",2021,3,25,84,2459299,NA,"72787_Individuals in water (rock/log)","Adults observed","NY",2021-03-25,"calendar",84,2021,"72787_Individuals in water (rock/log)_2021",12
17414,42.936153,-73.433449,338,"Dryophytes","versicolor","gray treefrog","Animalia",86969,276,"Vocalizing",2021,5,13,133,2459348,4,"86969_Vocalizing","Calls or songs","NY",2021-05-13,"calendar",133,2021,"86969_Vocalizing_2021",11
20641,42.448792,-72.346481,234,"Lithobates","sylvaticus","wood frog","Animalia",87896,276,"Vocalizing",2021,3,21,80,2459295,2,"87896_Vocalizing","Calls or songs","MA",2021-03-21,"calendar",80,2021,"87896_Vocalizing_2021",10
20641,42.448792,-72.346481,337,"Pseudacris","crucifer","spring peeper","Animalia",87897,276,"Vocalizing",2021,3,26,85,2459300,3,"87897_Vocalizing","Calls or songs","MA",2021-03-26,"calendar",85,2021,"87897_Vocalizing_2021",10
20789,43.899441,-69.95787,234,"Lithobates","sylvaticus","wood frog","Animalia",88640,276,"Vocalizing",2021,4,6,96,2459311,9,"88640_Vocalizing","Calls or songs","ME",2021-04-06,"calendar",96,2021,"88640_Vocalizing_2021",10
20641,42.448792,-72.346481,338,"Dryophytes","versicolor","gray treefrog","Animalia",91174,276,"Vocalizing",2021,5,23,143,2459358,14,"91174_Vocalizing","Calls or songs","MA",2021-05-23,"calendar",143,2021,"91174_Vocalizing_2021",10
20641,42.448792,-72.346481,307,"Lithobates","clamitans","green frog","Animalia",91175,276,"Vocalizing",2021,5,4,124,2459339,27,"91175_Vocalizing","Calls or songs","MA",2021-05-04,"calendar",124,2021,"91175_Vocalizing_2021",11
5260,42.454987,-72.345177,338,"Dryophytes","versicolor","gray treefrog","Animalia",91177,276,"Vocalizing",2021,5,3,123,2459338,2,"91177_Vocalizing","Calls or songs","MA",2021-05-03,"calendar",123,2021,"91177_Vocalizing_2021",10
21168,42.418087,-72.345901,307,"Lithobates","clamitans","green frog","Animalia",91214,276,"Vocalizing",2021,6,12,163,2459378,13,"91214_Vocalizing","Calls or songs","MA",2021-06-12,"calendar",163,2021,"91214_Vocalizing_2021",11
17414,42.936153,-73.433449,337,"Pseudacris","crucifer","spring peeper","Animalia",103212,276,"Vocalizing",2021,3,25,84,2459299,4,"103212_Vocalizing","Calls or songs","NY",2021-03-25,"calendar",84,2021,"103212_Vocalizing_2021",10
16876,41.745537,-74.119392,337,"Pseudacris","crucifer","spring peeper","Animalia",103455,276,"Vocalizing",2021,3,31,90,2459305,1,"103455_Vocalizing","Calls or songs","NY",2021-03-31,"calendar",90,2021,"103455_Vocalizing_2021",11
16876,41.745537,-74.119392,234,"Lithobates","sylvaticus","wood frog","Animalia",103456,276,"Vocalizing",2021,4,5,95,2459310,1,"103456_Vocalizing","Calls or songs","NY",2021-04-05,"calendar",95,2021,"103456_Vocalizing_2021",10
16876,41.745537,-74.119392,280,"Chrysemys","picta","painted turtle","Animalia",103457,355,"Individuals on land (rock/log)",2021,3,30,89,2459304,1,"103457_Individuals on land (rock/log)","Adults observed","NY",2021-03-30,"calendar",89,2021,"103457_Individuals on land (rock/log)_2021",10
16876,41.745537,-74.119392,280,"Chrysemys","picta","painted turtle","Animalia",103457,356,"Individuals in water (rock/log)",2021,3,29,88,2459303,7,"103457_Individuals in water (rock/log)","Adults observed","NY",2021-03-29,"calendar",88,2021,"103457_Individuals in water (rock/log)_2021",11
25568,45.140465,-93.312943,230,"Anaxyrus","americanus","American toad","Animalia",123973,274,"Adults on land",2021,6,11,162,2459377,17,"123973_Adults on land","Adults observed","MN",2021-06-11,"calendar",162,2021,"123973_Adults on land_2021",9
23815,42.755417,-75.666634,234,"Lithobates","sylvaticus","wood frog","Animalia",132912,275,"Adults in water",2021,3,27,86,2459301,NA,"132912_Adults in water","Adults observed","NY",2021-03-27,"calendar",86,2021,"132912_Adults in water_2021",9
23815,42.755417,-75.666634,234,"Lithobates","sylvaticus","wood frog","Animalia",132912,276,"Vocalizing",2021,3,27,86,2459301,NA,"132912_Vocalizing","Calls or songs","NY",2021-03-27,"calendar",86,2021,"132912_Vocalizing_2021",9
22613,32.33926,-110.981728,1413,"Sceloporus","magister","desert spiny lizard","Animalia",136798,355,"Individuals on land (rock/log)",2021,3,2,61,2459276,7,"136798_Individuals on land (rock/log)","Adults observed","AZ",2021-03-02,"calendar",61,2021,"136798_Individuals on land (rock/log)_2021",9
22613,32.33926,-110.981728,1395,"Callisaurus","draconoides","zebra-tailed lizard","Animalia",136799,355,"Individuals on land (rock/log)",2021,3,2,61,2459276,7,"136799_Individuals on land (rock/log)","Adults observed","AZ",2021-03-02,"calendar",61,2021,"136799_Individuals on land (rock/log)_2021",9
22613,32.33926,-110.981728,1395,"Callisaurus","draconoides","zebra-tailed lizard","Animalia",136799,441,"Young individuals (hatched from eggs)",2021,9,7,250,2459465,7,"136799_Young individuals (hatched from eggs)","Young observed","AZ",2021-09-07,"calendar",250,2021,"136799_Young individuals (hatched from eggs)_2021",9
22613,32.33926,-110.981728,423,"Aspidoscelis","tigris","western whiptail","Animalia",136800,355,"Individuals on land (rock/log)",2021,3,2,61,2459276,7,"136800_Individuals on land (rock/log)","Adults observed","AZ",2021-03-02,"calendar",61,2021,"136800_Individuals on land (rock/log)_2021",9
22613,32.33926,-110.981728,423,"Aspidoscelis","tigris","western whiptail","Animalia",136800,441,"Young individuals (hatched from eggs)",2021,7,6,187,2459402,7,"136800_Young individuals (hatched from eggs)","Young observed","AZ",2021-07-06,"calendar",187,2021,"136800_Young individuals (hatched from eggs)_2021",9
5260,42.454987,-72.345177,230,"Anaxyrus","americanus","American toad","Animalia",138603,276,"Vocalizing",2021,5,27,147,2459362,5,"138603_Vocalizing","Calls or songs","MA",2021-05-27,"calendar",147,2021,"138603_Vocalizing_2021",9
1447,42.176537,-85.892448,337,"Pseudacris","crucifer","spring peeper","Animalia",11253,276,"Vocalizing",2022,3,5,64,2459644,7,"11253_Vocalizing","Calls or songs","MI",2022-03-05,"calendar",64,2022,"11253_Vocalizing_2022",10
5260,42.454987,-72.345177,307,"Lithobates","clamitans","green frog","Animalia",12257,276,"Vocalizing",2022,5,14,134,2459714,2,"12257_Vocalizing","Calls or songs","MA",2022-05-14,"calendar",134,2022,"12257_Vocalizing_2022",11
5260,42.454987,-72.345177,337,"Pseudacris","crucifer","spring peeper","Animalia",12258,276,"Vocalizing",2022,3,26,85,2459665,1,"12258_Vocalizing","Calls or songs","MA",2022-03-26,"calendar",85,2022,"12258_Vocalizing_2022",12
5260,42.454987,-72.345177,346,"Lithobates","palustris","pickerel frog","Animalia",12259,276,"Vocalizing",2022,4,5,95,2459675,1,"12259_Vocalizing","Calls or songs","MA",2022-04-05,"calendar",95,2022,"12259_Vocalizing_2022",11
5260,42.454987,-72.345177,348,"Lithobates","catesbeianus","American bullfrog","Animalia",12260,276,"Vocalizing",2022,5,14,134,2459714,2,"12260_Vocalizing","Calls or songs","MA",2022-05-14,"calendar",134,2022,"12260_Vocalizing_2022",11
6362,43.012966,-73.649918,307,"Lithobates","clamitans","green frog","Animalia",17986,276,"Vocalizing",2022,5,16,136,2459716,7,"17986_Vocalizing","Calls or songs","NY",2022-05-16,"calendar",136,2022,"17986_Vocalizing_2022",15
8496,46.328629,-96.061256,421,"Thamnophis","sirtalis","common gartersnake","Animalia",25782,355,"Individuals on land (rock/log)",2022,5,8,128,2459708,21,"25782_Individuals on land (rock/log)","Adults observed","MN",2022-05-08,"calendar",128,2022,"25782_Individuals on land (rock/log)_2022",14
10145,42.602543,-83.250992,230,"Anaxyrus","americanus","American toad","Animalia",38841,274,"Adults on land",2022,5,16,136,2459716,1,"38841_Adults on land","Adults observed","MI",2022-05-16,"calendar",136,2022,"38841_Adults on land_2022",12
10145,42.602543,-83.250992,230,"Anaxyrus","americanus","American toad","Animalia",38841,276,"Vocalizing",2022,5,12,132,2459712,NA,"38841_Vocalizing","Calls or songs","MI",2022-05-12,"calendar",132,2022,"38841_Vocalizing_2022",13
10145,42.602543,-83.250992,307,"Lithobates","clamitans","green frog","Animalia",38902,274,"Adults on land",2022,6,21,172,2459752,1,"38902_Adults on land","Adults observed","MI",2022-06-21,"calendar",172,2022,"38902_Adults on land_2022",9
10145,42.602543,-83.250992,280,"Chrysemys","picta","painted turtle","Animalia",38933,356,"Individuals in water (rock/log)",2022,6,11,162,2459742,NA,"38933_Individuals in water (rock/log)","Adults observed","MI",2022-06-11,"calendar",162,2022,"38933_Individuals in water (rock/log)_2022",11
6081,34.0312,-118.811821,427,"Sceloporus","occidentalis","western fence lizard","Animalia",39781,355,"Individuals on land (rock/log)",2022,2,11,42,2459622,NA,"39781_Individuals on land (rock/log)","Adults observed","CA",2022-02-11,"calendar",42,2022,"39781_Individuals on land (rock/log)_2022",10
6092,34.115868,-118.758972,427,"Sceloporus","occidentalis","western fence lizard","Animalia",40027,355,"Individuals on land (rock/log)",2022,1,20,20,2459600,NA,"40027_Individuals on land (rock/log)","Adults observed","CA",2022-01-20,"calendar",20,2022,"40027_Individuals on land (rock/log)_2022",12
6093,34.115894,-118.760101,427,"Sceloporus","occidentalis","western fence lizard","Animalia",40042,355,"Individuals on land (rock/log)",2022,2,11,42,2459622,NA,"40042_Individuals on land (rock/log)","Adults observed","CA",2022-02-11,"calendar",42,2022,"40042_Individuals on land (rock/log)_2022",9
6094,34.116138,-118.760071,427,"Sceloporus","occidentalis","western fence lizard","Animalia",40672,355,"Individuals on land (rock/log)",2022,2,11,42,2459622,NA,"40672_Individuals on land (rock/log)","Adults observed","CA",2022-02-11,"calendar",42,2022,"40672_Individuals on land (rock/log)_2022",9
6095,34.116432,-118.759659,427,"Sceloporus","occidentalis","western fence lizard","Animalia",40687,355,"Individuals on land (rock/log)",2022,1,6,6,2459586,NA,"40687_Individuals on land (rock/log)","Adults observed","CA",2022-01-06,"calendar",6,2022,"40687_Individuals on land (rock/log)_2022",11
6097,34.116222,-118.758591,427,"Sceloporus","occidentalis","western fence lizard","Animalia",40704,355,"Individuals on land (rock/log)",2022,2,18,49,2459629,NA,"40704_Individuals on land (rock/log)","Adults observed","CA",2022-02-18,"calendar",49,2022,"40704_Individuals on land (rock/log)_2022",10
6099,34.119007,-118.760071,427,"Sceloporus","occidentalis","western fence lizard","Animalia",40734,355,"Individuals on land (rock/log)",2022,5,4,124,2459704,27,"40734_Individuals on land (rock/log)","Adults observed","CA",2022-05-04,"calendar",124,2022,"40734_Individuals on land (rock/log)_2022",11
6151,34.039394,-118.814392,427,"Sceloporus","occidentalis","western fence lizard","Animalia",40984,355,"Individuals on land (rock/log)",2022,11,11,315,2459895,98,"40984_Individuals on land (rock/log)","Adults observed","CA",2022-11-11,"calendar",315,2022,"40984_Individuals on land (rock/log)_2022",10
16454,41.667408,-73.895546,234,"Lithobates","sylvaticus","wood frog","Animalia",64467,276,"Vocalizing",2022,3,16,75,2459655,NA,"64467_Vocalizing","Calls or songs","NY",2022-03-16,"calendar",75,2022,"64467_Vocalizing_2022",10
17414,42.936153,-73.433449,230,"Anaxyrus","americanus","American toad","Animalia",66938,276,"Vocalizing",2022,5,13,133,2459713,2,"66938_Vocalizing","Calls or songs","NY",2022-05-13,"calendar",133,2022,"66938_Vocalizing_2022",9
17562,41.78577,-73.731003,280,"Chrysemys","picta","painted turtle","Animalia",72787,356,"Individuals in water (rock/log)",2022,3,17,76,2459656,NA,"72787_Individuals in water (rock/log)","Adults observed","NY",2022-03-17,"calendar",76,2022,"72787_Individuals in water (rock/log)_2022",12
17414,42.936153,-73.433449,338,"Dryophytes","versicolor","gray treefrog","Animalia",86969,276,"Vocalizing",2022,4,14,104,2459684,4,"86969_Vocalizing","Calls or songs","NY",2022-04-14,"calendar",104,2022,"86969_Vocalizing_2022",11
20638,42.504253,-72.332031,337,"Pseudacris","crucifer","spring peeper","Animalia",87883,276,"Vocalizing",2022,3,25,84,2459664,2,"87883_Vocalizing","Calls or songs","MA",2022-03-25,"calendar",84,2022,"87883_Vocalizing_2022",9
20641,42.448792,-72.346481,234,"Lithobates","sylvaticus","wood frog","Animalia",87896,276,"Vocalizing",2022,3,18,77,2459657,NA,"87896_Vocalizing","Calls or songs","MA",2022-03-18,"calendar",77,2022,"87896_Vocalizing_2022",10
20641,42.448792,-72.346481,337,"Pseudacris","crucifer","spring peeper","Animalia",87897,276,"Vocalizing",2022,3,18,77,2459657,NA,"87897_Vocalizing","Calls or songs","MA",2022-03-18,"calendar",77,2022,"87897_Vocalizing_2022",10
20789,43.899441,-69.95787,234,"Lithobates","sylvaticus","wood frog","Animalia",88640,276,"Vocalizing",2022,4,10,100,2459680,28,"88640_Vocalizing","Calls or songs","ME",2022-04-10,"calendar",100,2022,"88640_Vocalizing_2022",10
20641,42.448792,-72.346481,338,"Dryophytes","versicolor","gray treefrog","Animalia",91174,276,"Vocalizing",2022,5,13,133,2459713,6,"91174_Vocalizing","Calls or songs","MA",2022-05-13,"calendar",133,2022,"91174_Vocalizing_2022",10
20641,42.448792,-72.346481,307,"Lithobates","clamitans","green frog","Animalia",91175,276,"Vocalizing",2022,6,3,154,2459734,6,"91175_Vocalizing","Calls or songs","MA",2022-06-03,"calendar",154,2022,"91175_Vocalizing_2022",11
5260,42.454987,-72.345177,338,"Dryophytes","versicolor","gray treefrog","Animalia",91177,276,"Vocalizing",2022,5,11,131,2459711,4,"91177_Vocalizing","Calls or songs","MA",2022-05-11,"calendar",131,2022,"91177_Vocalizing_2022",10
5262,42.442348,-72.346504,337,"Pseudacris","crucifer","spring peeper","Animalia",91207,276,"Vocalizing",2022,4,2,92,2459672,4,"91207_Vocalizing","Calls or songs","MA",2022-04-02,"calendar",92,2022,"91207_Vocalizing_2022",9
21168,42.418087,-72.345901,307,"Lithobates","clamitans","green frog","Animalia",91214,276,"Vocalizing",2022,5,28,148,2459728,21,"91214_Vocalizing","Calls or songs","MA",2022-05-28,"calendar",148,2022,"91214_Vocalizing_2022",11
17414,42.936153,-73.433449,337,"Pseudacris","crucifer","spring peeper","Animalia",103212,276,"Vocalizing",2022,4,5,95,2459675,5,"103212_Vocalizing","Calls or songs","NY",2022-04-05,"calendar",95,2022,"103212_Vocalizing_2022",10
16876,41.745537,-74.119392,337,"Pseudacris","crucifer","spring peeper","Animalia",103455,276,"Vocalizing",2022,3,21,80,2459660,7,"103455_Vocalizing","Calls or songs","NY",2022-03-21,"calendar",80,2022,"103455_Vocalizing_2022",11
16876,41.745537,-74.119392,234,"Lithobates","sylvaticus","wood frog","Animalia",103456,276,"Vocalizing",2022,3,21,80,2459660,7,"103456_Vocalizing","Calls or songs","NY",2022-03-21,"calendar",80,2022,"103456_Vocalizing_2022",10
16876,41.745537,-74.119392,280,"Chrysemys","picta","painted turtle","Animalia",103457,356,"Individuals in water (rock/log)",2022,3,22,81,2459661,1,"103457_Individuals in water (rock/log)","Adults observed","NY",2022-03-22,"calendar",81,2022,"103457_Individuals in water (rock/log)_2022",11
25568,45.140465,-93.312943,230,"Anaxyrus","americanus","American toad","Animalia",123973,274,"Adults on land",2022,5,1,121,2459701,5,"123973_Adults on land","Adults observed","MN",2022-05-01,"calendar",121,2022,"123973_Adults on land_2022",9
23815,42.755417,-75.666634,234,"Lithobates","sylvaticus","wood frog","Animalia",132912,275,"Adults in water",2022,3,25,84,2459664,NA,"132912_Adults in water","Adults observed","NY",2022-03-25,"calendar",84,2022,"132912_Adults in water_2022",9
23815,42.755417,-75.666634,234,"Lithobates","sylvaticus","wood frog","Animalia",132912,276,"Vocalizing",2022,3,25,84,2459664,NA,"132912_Vocalizing","Calls or songs","NY",2022-03-25,"calendar",84,2022,"132912_Vocalizing_2022",9
22613,32.33926,-110.981728,1413,"Sceloporus","magister","desert spiny lizard","Animalia",136798,355,"Individuals on land (rock/log)",2022,3,15,74,2459654,7,"136798_Individuals on land (rock/log)","Adults observed","AZ",2022-03-15,"calendar",74,2022,"136798_Individuals on land (rock/log)_2022",9
22613,32.33926,-110.981728,1395,"Callisaurus","draconoides","zebra-tailed lizard","Animalia",136799,355,"Individuals on land (rock/log)",2022,3,15,74,2459654,7,"136799_Individuals on land (rock/log)","Adults observed","AZ",2022-03-15,"calendar",74,2022,"136799_Individuals on land (rock/log)_2022",9
22613,32.33926,-110.981728,1395,"Callisaurus","draconoides","zebra-tailed lizard","Animalia",136799,441,"Young individuals (hatched from eggs)",2022,8,16,228,2459808,7,"136799_Young individuals (hatched from eggs)","Young observed","AZ",2022-08-16,"calendar",228,2022,"136799_Young individuals (hatched from eggs)_2022",9
22613,32.33926,-110.981728,423,"Aspidoscelis","tigris","western whiptail","Animalia",136800,355,"Individuals on land (rock/log)",2022,4,5,95,2459675,6,"136800_Individuals on land (rock/log)","Adults observed","AZ",2022-04-05,"calendar",95,2022,"136800_Individuals on land (rock/log)_2022",9
22613,32.33926,-110.981728,423,"Aspidoscelis","tigris","western whiptail","Animalia",136800,441,"Young individuals (hatched from eggs)",2022,9,6,249,2459829,7,"136800_Young individuals (hatched from eggs)","Young observed","AZ",2022-09-06,"calendar",249,2022,"136800_Young individuals (hatched from eggs)_2022",9
5260,42.454987,-72.345177,230,"Anaxyrus","americanus","American toad","Animalia",138603,276,"Vocalizing",2022,5,12,132,2459712,5,"138603_Vocalizing","Calls or songs","MA",2022-05-12,"calendar",132,2022,"138603_Vocalizing_2022",9
1447,42.176537,-85.892448,337,"Pseudacris","crucifer","spring peeper","Animalia",11253,276,"Vocalizing",2023,3,29,88,2460033,10,"11253_Vocalizing","Calls or songs","MI",2023-03-29,"calendar",88,2023,"11253_Vocalizing_2023",10
5260,42.454987,-72.345177,307,"Lithobates","clamitans","green frog","Animalia",12257,276,"Vocalizing",2023,5,12,132,2460077,5,"12257_Vocalizing","Calls or songs","MA",2023-05-12,"calendar",132,2023,"12257_Vocalizing_2023",11
5260,42.454987,-72.345177,337,"Pseudacris","crucifer","spring peeper","Animalia",12258,276,"Vocalizing",2023,4,1,91,2460036,2,"12258_Vocalizing","Calls or songs","MA",2023-04-01,"calendar",91,2023,"12258_Vocalizing_2023",12
5260,42.454987,-72.345177,346,"Lithobates","palustris","pickerel frog","Animalia",12259,276,"Vocalizing",2023,4,13,103,2460048,1,"12259_Vocalizing","Calls or songs","MA",2023-04-13,"calendar",103,2023,"12259_Vocalizing_2023",11
5260,42.454987,-72.345177,348,"Lithobates","catesbeianus","American bullfrog","Animalia",12260,276,"Vocalizing",2023,5,29,149,2460094,2,"12260_Vocalizing","Calls or songs","MA",2023-05-29,"calendar",149,2023,"12260_Vocalizing_2023",11
6362,43.012966,-73.649918,307,"Lithobates","clamitans","green frog","Animalia",17986,275,"Adults in water",2023,7,17,198,2460143,25,"17986_Adults in water","Adults observed","NY",2023-07-17,"calendar",198,2023,"17986_Adults in water_2023",10
6362,43.012966,-73.649918,307,"Lithobates","clamitans","green frog","Animalia",17986,276,"Vocalizing",2023,7,5,186,2460131,13,"17986_Vocalizing","Calls or songs","NY",2023-07-05,"calendar",186,2023,"17986_Vocalizing_2023",15
8496,46.328629,-96.061256,421,"Thamnophis","sirtalis","common gartersnake","Animalia",25782,355,"Individuals on land (rock/log)",2023,5,29,149,2460094,6,"25782_Individuals on land (rock/log)","Adults observed","MN",2023-05-29,"calendar",149,2023,"25782_Individuals on land (rock/log)_2023",14
10145,42.602543,-83.250992,230,"Anaxyrus","americanus","American toad","Animalia",38841,274,"Adults on land",2023,5,8,128,2460073,NA,"38841_Adults on land","Adults observed","MI",2023-05-08,"calendar",128,2023,"38841_Adults on land_2023",12
10145,42.602543,-83.250992,230,"Anaxyrus","americanus","American toad","Animalia",38841,276,"Vocalizing",2023,5,10,130,2460075,1,"38841_Vocalizing","Calls or songs","MI",2023-05-10,"calendar",130,2023,"38841_Vocalizing_2023",13
10145,42.602543,-83.250992,307,"Lithobates","clamitans","green frog","Animalia",38902,274,"Adults on land",2023,9,3,246,2460191,1,"38902_Adults on land","Adults observed","MI",2023-09-03,"calendar",246,2023,"38902_Adults on land_2023",9
10145,42.602543,-83.250992,280,"Chrysemys","picta","painted turtle","Animalia",38933,355,"Individuals on land (rock/log)",2023,4,9,99,2460044,1,"38933_Individuals on land (rock/log)","Adults observed","MI",2023-04-09,"calendar",99,2023,"38933_Individuals on land (rock/log)_2023",9
10145,42.602543,-83.250992,280,"Chrysemys","picta","painted turtle","Animalia",38933,356,"Individuals in water (rock/log)",2023,4,9,99,2460044,1,"38933_Individuals in water (rock/log)","Adults observed","MI",2023-04-09,"calendar",99,2023,"38933_Individuals in water (rock/log)_2023",11
6081,34.0312,-118.811821,427,"Sceloporus","occidentalis","western fence lizard","Animalia",39781,355,"Individuals on land (rock/log)",2023,6,22,173,2460118,42,"39781_Individuals on land (rock/log)","Adults observed","CA",2023-06-22,"calendar",173,2023,"39781_Individuals on land (rock/log)_2023",10
6092,34.115868,-118.758972,427,"Sceloporus","occidentalis","western fence lizard","Animalia",40027,355,"Individuals on land (rock/log)",2023,6,1,152,2460097,21,"40027_Individuals on land (rock/log)","Adults observed","CA",2023-06-01,"calendar",152,2023,"40027_Individuals on land (rock/log)_2023",12
6094,34.116138,-118.760071,427,"Sceloporus","occidentalis","western fence lizard","Animalia",40672,355,"Individuals on land (rock/log)",2023,4,6,96,2460041,NA,"40672_Individuals on land (rock/log)","Adults observed","CA",2023-04-06,"calendar",96,2023,"40672_Individuals on land (rock/log)_2023",9
6095,34.116432,-118.759659,427,"Sceloporus","occidentalis","western fence lizard","Animalia",40687,355,"Individuals on land (rock/log)",2023,4,27,117,2460062,NA,"40687_Individuals on land (rock/log)","Adults observed","CA",2023-04-27,"calendar",117,2023,"40687_Individuals on land (rock/log)_2023",11
6097,34.116222,-118.758591,427,"Sceloporus","occidentalis","western fence lizard","Animalia",40704,355,"Individuals on land (rock/log)",2023,5,11,131,2460076,35,"40704_Individuals on land (rock/log)","Adults observed","CA",2023-05-11,"calendar",131,2023,"40704_Individuals on land (rock/log)_2023",10
6099,34.119007,-118.760071,427,"Sceloporus","occidentalis","western fence lizard","Animalia",40734,355,"Individuals on land (rock/log)",2023,5,25,145,2460090,NA,"40734_Individuals on land (rock/log)","Adults observed","CA",2023-05-25,"calendar",145,2023,"40734_Individuals on land (rock/log)_2023",11
8496,46.328629,-96.061256,233,"Lithobates","pipiens","northern leopard frog","Animalia",42887,274,"Adults on land",2023,7,24,205,2460150,24,"42887_Adults on land","Adults observed","MN",2023-07-24,"calendar",205,2023,"42887_Adults on land_2023",10
16454,41.667408,-73.895546,337,"Pseudacris","crucifer","spring peeper","Animalia",64466,276,"Vocalizing",2023,3,21,80,2460025,NA,"64466_Vocalizing","Calls or songs","NY",2023-03-21,"calendar",80,2023,"64466_Vocalizing_2023",10
16454,41.667408,-73.895546,234,"Lithobates","sylvaticus","wood frog","Animalia",64467,276,"Vocalizing",2023,3,21,80,2460025,NA,"64467_Vocalizing","Calls or songs","NY",2023-03-21,"calendar",80,2023,"64467_Vocalizing_2023",10
17562,41.78577,-73.731003,280,"Chrysemys","picta","painted turtle","Animalia",72787,356,"Individuals in water (rock/log)",2023,3,24,83,2460028,NA,"72787_Individuals in water (rock/log)","Adults observed","NY",2023-03-24,"calendar",83,2023,"72787_Individuals in water (rock/log)_2023",12
17414,42.936153,-73.433449,338,"Dryophytes","versicolor","gray treefrog","Animalia",86969,276,"Vocalizing",2023,4,15,105,2460050,2,"86969_Vocalizing","Calls or songs","NY",2023-04-15,"calendar",105,2023,"86969_Vocalizing_2023",11
20638,42.504253,-72.332031,337,"Pseudacris","crucifer","spring peeper","Animalia",87883,276,"Vocalizing",2023,4,13,103,2460048,5,"87883_Vocalizing","Calls or songs","MA",2023-04-13,"calendar",103,2023,"87883_Vocalizing_2023",9
20641,42.448792,-72.346481,234,"Lithobates","sylvaticus","wood frog","Animalia",87896,276,"Vocalizing",2023,4,1,91,2460036,1,"87896_Vocalizing","Calls or songs","MA",2023-04-01,"calendar",91,2023,"87896_Vocalizing_2023",10
20641,42.448792,-72.346481,337,"Pseudacris","crucifer","spring peeper","Animalia",87897,276,"Vocalizing",2023,3,30,89,2460034,5,"87897_Vocalizing","Calls or songs","MA",2023-03-30,"calendar",89,2023,"87897_Vocalizing_2023",10
20789,43.899441,-69.95787,234,"Lithobates","sylvaticus","wood frog","Animalia",88640,276,"Vocalizing",2023,4,12,102,2460047,3,"88640_Vocalizing","Calls or songs","ME",2023-04-12,"calendar",102,2023,"88640_Vocalizing_2023",10
20641,42.448792,-72.346481,338,"Dryophytes","versicolor","gray treefrog","Animalia",91174,276,"Vocalizing",2023,5,7,127,2460072,4,"91174_Vocalizing","Calls or songs","MA",2023-05-07,"calendar",127,2023,"91174_Vocalizing_2023",10
20641,42.448792,-72.346481,307,"Lithobates","clamitans","green frog","Animalia",91175,276,"Vocalizing",2023,5,2,122,2460067,7,"91175_Vocalizing","Calls or songs","MA",2023-05-02,"calendar",122,2023,"91175_Vocalizing_2023",11
5260,42.454987,-72.345177,338,"Dryophytes","versicolor","gray treefrog","Animalia",91177,276,"Vocalizing",2023,4,14,104,2460049,1,"91177_Vocalizing","Calls or songs","MA",2023-04-14,"calendar",104,2023,"91177_Vocalizing_2023",10
5262,42.442348,-72.346504,337,"Pseudacris","crucifer","spring peeper","Animalia",91207,276,"Vocalizing",2023,4,13,103,2460048,5,"91207_Vocalizing","Calls or songs","MA",2023-04-13,"calendar",103,2023,"91207_Vocalizing_2023",9
21168,42.418087,-72.345901,307,"Lithobates","clamitans","green frog","Animalia",91214,276,"Vocalizing",2023,6,17,168,2460113,49,"91214_Vocalizing","Calls or songs","MA",2023-06-17,"calendar",168,2023,"91214_Vocalizing_2023",11
17414,42.936153,-73.433449,337,"Pseudacris","crucifer","spring peeper","Animalia",103212,276,"Vocalizing",2023,3,31,90,2460035,3,"103212_Vocalizing","Calls or songs","NY",2023-03-31,"calendar",90,2023,"103212_Vocalizing_2023",10
16876,41.745537,-74.119392,337,"Pseudacris","crucifer","spring peeper","Animalia",103455,276,"Vocalizing",2023,3,27,86,2460031,4,"103455_Vocalizing","Calls or songs","NY",2023-03-27,"calendar",86,2023,"103455_Vocalizing_2023",11
16876,41.745537,-74.119392,234,"Lithobates","sylvaticus","wood frog","Animalia",103456,276,"Vocalizing",2023,3,20,79,2460024,4,"103456_Vocalizing","Calls or songs","NY",2023-03-20,"calendar",79,2023,"103456_Vocalizing_2023",10
16876,41.745537,-74.119392,280,"Chrysemys","picta","painted turtle","Animalia",103457,355,"Individuals on land (rock/log)",2023,3,29,88,2460033,2,"103457_Individuals on land (rock/log)","Adults observed","NY",2023-03-29,"calendar",88,2023,"103457_Individuals on land (rock/log)_2023",10
16876,41.745537,-74.119392,280,"Chrysemys","picta","painted turtle","Animalia",103457,356,"Individuals in water (rock/log)",2023,3,27,86,2460031,4,"103457_Individuals in water (rock/log)","Adults observed","NY",2023-03-27,"calendar",86,2023,"103457_Individuals in water (rock/log)_2023",11
25568,45.140465,-93.312943,230,"Anaxyrus","americanus","American toad","Animalia",123973,274,"Adults on land",2023,6,2,153,2460098,4,"123973_Adults on land","Adults observed","MN",2023-06-02,"calendar",153,2023,"123973_Adults on land_2023",9
23815,42.755417,-75.666634,234,"Lithobates","sylvaticus","wood frog","Animalia",132912,275,"Adults in water",2023,4,4,94,2460039,1,"132912_Adults in water","Adults observed","NY",2023-04-04,"calendar",94,2023,"132912_Adults in water_2023",9
23815,42.755417,-75.666634,234,"Lithobates","sylvaticus","wood frog","Animalia",132912,276,"Vocalizing",2023,4,4,94,2460039,1,"132912_Vocalizing","Calls or songs","NY",2023-04-04,"calendar",94,2023,"132912_Vocalizing_2023",9
22613,32.33926,-110.981728,1413,"Sceloporus","magister","desert spiny lizard","Animalia",136798,355,"Individuals on land (rock/log)",2023,3,28,87,2460032,7,"136798_Individuals on land (rock/log)","Adults observed","AZ",2023-03-28,"calendar",87,2023,"136798_Individuals on land (rock/log)_2023",9
22613,32.33926,-110.981728,1395,"Callisaurus","draconoides","zebra-tailed lizard","Animalia",136799,355,"Individuals on land (rock/log)",2023,3,14,73,2460018,7,"136799_Individuals on land (rock/log)","Adults observed","AZ",2023-03-14,"calendar",73,2023,"136799_Individuals on land (rock/log)_2023",9
22613,32.33926,-110.981728,1395,"Callisaurus","draconoides","zebra-tailed lizard","Animalia",136799,441,"Young individuals (hatched from eggs)",2023,4,11,101,2460046,7,"136799_Young individuals (hatched from eggs)","Young observed","AZ",2023-04-11,"calendar",101,2023,"136799_Young individuals (hatched from eggs)_2023",9
22613,32.33926,-110.981728,423,"Aspidoscelis","tigris","western whiptail","Animalia",136800,355,"Individuals on land (rock/log)",2023,4,4,94,2460039,7,"136800_Individuals on land (rock/log)","Adults observed","AZ",2023-04-04,"calendar",94,2023,"136800_Individuals on land (rock/log)_2023",9
22613,32.33926,-110.981728,423,"Aspidoscelis","tigris","western whiptail","Animalia",136800,441,"Young individuals (hatched from eggs)",2023,4,11,101,2460046,7,"136800_Young individuals (hatched from eggs)","Young observed","AZ",2023-04-11,"calendar",101,2023,"136800_Young individuals (hatched from eggs)_2023",9
5260,42.454987,-72.345177,230,"Anaxyrus","americanus","American toad","Animalia",138603,276,"Vocalizing",2023,4,13,103,2460048,20,"138603_Vocalizing","Calls or songs","MA",2023-04-13,"calendar",103,2023,"138603_Vocalizing_2023",9
5260,42.454987,-72.345177,307,"Lithobates","clamitans","green frog","Animalia",12257,276,"Vocalizing",2024,5,8,129,2460439,1,"12257_Vocalizing","Calls or songs","MA",2024-05-08,"calendar",129,2024,"12257_Vocalizing_2024",11
5260,42.454987,-72.345177,337,"Pseudacris","crucifer","spring peeper","Animalia",12258,276,"Vocalizing",2024,3,14,74,2460384,1,"12258_Vocalizing","Calls or songs","MA",2024-03-14,"calendar",74,2024,"12258_Vocalizing_2024",12
5260,42.454987,-72.345177,346,"Lithobates","palustris","pickerel frog","Animalia",12259,276,"Vocalizing",2024,4,12,103,2460413,3,"12259_Vocalizing","Calls or songs","MA",2024-04-12,"calendar",103,2024,"12259_Vocalizing_2024",11
5260,42.454987,-72.345177,348,"Lithobates","catesbeianus","American bullfrog","Animalia",12260,276,"Vocalizing",2024,5,11,132,2460442,4,"12260_Vocalizing","Calls or songs","MA",2024-05-11,"calendar",132,2024,"12260_Vocalizing_2024",11
6362,43.012966,-73.649918,307,"Lithobates","clamitans","green frog","Animalia",17986,276,"Vocalizing",2024,5,1,122,2460432,9,"17986_Vocalizing","Calls or songs","NY",2024-05-01,"calendar",122,2024,"17986_Vocalizing_2024",15
8496,46.328629,-96.061256,421,"Thamnophis","sirtalis","common gartersnake","Animalia",25782,355,"Individuals on land (rock/log)",2024,4,21,112,2460422,NA,"25782_Individuals on land (rock/log)","Adults observed","MN",2024-04-21,"calendar",112,2024,"25782_Individuals on land (rock/log)_2024",14
10145,42.602543,-83.250992,230,"Anaxyrus","americanus","American toad","Animalia",38841,274,"Adults on land",2024,8,23,236,2460546,1,"38841_Adults on land","Adults observed","MI",2024-08-23,"calendar",236,2024,"38841_Adults on land_2024",12
10145,42.602543,-83.250992,230,"Anaxyrus","americanus","American toad","Animalia",38841,276,"Vocalizing",2024,4,28,119,2460429,1,"38841_Vocalizing","Calls or songs","MI",2024-04-28,"calendar",119,2024,"38841_Vocalizing_2024",13
10145,42.602543,-83.250992,280,"Chrysemys","picta","painted turtle","Animalia",38933,356,"Individuals in water (rock/log)",2024,6,9,161,2460471,2,"38933_Individuals in water (rock/log)","Adults observed","MI",2024-06-09,"calendar",161,2024,"38933_Individuals in water (rock/log)_2024",11
6092,34.115868,-118.758972,427,"Sceloporus","occidentalis","western fence lizard","Animalia",40027,355,"Individuals on land (rock/log)",2024,4,11,102,2460412,13,"40027_Individuals on land (rock/log)","Adults observed","CA",2024-04-11,"calendar",102,2024,"40027_Individuals on land (rock/log)_2024",12
6095,34.116432,-118.759659,427,"Sceloporus","occidentalis","western fence lizard","Animalia",40687,355,"Individuals on land (rock/log)",2024,4,11,102,2460412,NA,"40687_Individuals on land (rock/log)","Adults observed","CA",2024-04-11,"calendar",102,2024,"40687_Individuals on land (rock/log)_2024",11
6097,34.116222,-118.758591,427,"Sceloporus","occidentalis","western fence lizard","Animalia",40704,355,"Individuals on land (rock/log)",2024,3,29,89,2460399,NA,"40704_Individuals on land (rock/log)","Adults observed","CA",2024-03-29,"calendar",89,2024,"40704_Individuals on land (rock/log)_2024",10
6099,34.119007,-118.760071,427,"Sceloporus","occidentalis","western fence lizard","Animalia",40734,355,"Individuals on land (rock/log)",2024,4,11,102,2460412,NA,"40734_Individuals on land (rock/log)","Adults observed","CA",2024-04-11,"calendar",102,2024,"40734_Individuals on land (rock/log)_2024",11
6151,34.039394,-118.814392,427,"Sceloporus","occidentalis","western fence lizard","Animalia",40984,355,"Individuals on land (rock/log)",2024,3,29,89,2460399,NA,"40984_Individuals on land (rock/log)","Adults observed","CA",2024-03-29,"calendar",89,2024,"40984_Individuals on land (rock/log)_2024",10
17562,41.78577,-73.731003,280,"Chrysemys","picta","painted turtle","Animalia",72787,356,"Individuals in water (rock/log)",2024,2,9,40,2460350,2,"72787_Individuals in water (rock/log)","Adults observed","NY",2024-02-09,"calendar",40,2024,"72787_Individuals in water (rock/log)_2024",12
17414,42.936153,-73.433449,338,"Dryophytes","versicolor","gray treefrog","Animalia",86969,276,"Vocalizing",2024,5,1,122,2460432,1,"86969_Vocalizing","Calls or songs","NY",2024-05-01,"calendar",122,2024,"86969_Vocalizing_2024",11
20638,42.504253,-72.332031,337,"Pseudacris","crucifer","spring peeper","Animalia",87883,276,"Vocalizing",2024,4,1,92,2460402,10,"87883_Vocalizing","Calls or songs","MA",2024-04-01,"calendar",92,2024,"87883_Vocalizing_2024",9
20641,42.448792,-72.346481,234,"Lithobates","sylvaticus","wood frog","Animalia",87896,276,"Vocalizing",2024,3,14,74,2460384,1,"87896_Vocalizing","Calls or songs","MA",2024-03-14,"calendar",74,2024,"87896_Vocalizing_2024",10
20641,42.448792,-72.346481,337,"Pseudacris","crucifer","spring peeper","Animalia",87897,276,"Vocalizing",2024,3,13,73,2460383,NA,"87897_Vocalizing","Calls or songs","MA",2024-03-13,"calendar",73,2024,"87897_Vocalizing_2024",10
20789,43.899441,-69.95787,234,"Lithobates","sylvaticus","wood frog","Animalia",88640,276,"Vocalizing",2024,4,8,99,2460409,NA,"88640_Vocalizing","Calls or songs","ME",2024-04-08,"calendar",99,2024,"88640_Vocalizing_2024",10
20641,42.448792,-72.346481,338,"Dryophytes","versicolor","gray treefrog","Animalia",91174,276,"Vocalizing",2024,5,8,129,2460439,11,"91174_Vocalizing","Calls or songs","MA",2024-05-08,"calendar",129,2024,"91174_Vocalizing_2024",10
20641,42.448792,-72.346481,307,"Lithobates","clamitans","green frog","Animalia",91175,276,"Vocalizing",2024,5,18,139,2460449,10,"91175_Vocalizing","Calls or songs","MA",2024-05-18,"calendar",139,2024,"91175_Vocalizing_2024",11
5260,42.454987,-72.345177,338,"Dryophytes","versicolor","gray treefrog","Animalia",91177,276,"Vocalizing",2024,4,26,117,2460427,14,"91177_Vocalizing","Calls or songs","MA",2024-04-26,"calendar",117,2024,"91177_Vocalizing_2024",10
5262,42.442348,-72.346504,337,"Pseudacris","crucifer","spring peeper","Animalia",91207,276,"Vocalizing",2024,3,13,73,2460383,4,"91207_Vocalizing","Calls or songs","MA",2024-03-13,"calendar",73,2024,"91207_Vocalizing_2024",9
21168,42.418087,-72.345901,307,"Lithobates","clamitans","green frog","Animalia",91214,276,"Vocalizing",2024,6,23,175,2460485,72,"91214_Vocalizing","Calls or songs","MA",2024-06-23,"calendar",175,2024,"91214_Vocalizing_2024",11
17414,42.936153,-73.433449,337,"Pseudacris","crucifer","spring peeper","Animalia",103212,276,"Vocalizing",2024,3,4,64,2460374,1,"103212_Vocalizing","Calls or songs","NY",2024-03-04,"calendar",64,2024,"103212_Vocalizing_2024",10
16876,41.745537,-74.119392,337,"Pseudacris","crucifer","spring peeper","Animalia",103455,276,"Vocalizing",2024,4,9,100,2460410,2,"103455_Vocalizing","Calls or songs","NY",2024-04-09,"calendar",100,2024,"103455_Vocalizing_2024",11
16876,41.745537,-74.119392,234,"Lithobates","sylvaticus","wood frog","Animalia",103456,276,"Vocalizing",2024,3,17,77,2460387,6,"103456_Vocalizing","Calls or songs","NY",2024-03-17,"calendar",77,2024,"103456_Vocalizing_2024",10
16876,41.745537,-74.119392,280,"Chrysemys","picta","painted turtle","Animalia",103457,355,"Individuals on land (rock/log)",2024,5,16,137,2460447,7,"103457_Individuals on land (rock/log)","Adults observed","NY",2024-05-16,"calendar",137,2024,"103457_Individuals on land (rock/log)_2024",10
16876,41.745537,-74.119392,280,"Chrysemys","picta","painted turtle","Animalia",103457,356,"Individuals in water (rock/log)",2024,3,14,74,2460384,3,"103457_Individuals in water (rock/log)","Adults observed","NY",2024-03-14,"calendar",74,2024,"103457_Individuals in water (rock/log)_2024",11
25568,45.140465,-93.312943,230,"Anaxyrus","americanus","American toad","Animalia",123973,274,"Adults on land",2024,5,18,139,2460449,7,"123973_Adults on land","Adults observed","MN",2024-05-18,"calendar",139,2024,"123973_Adults on land_2024",9
23815,42.755417,-75.666634,234,"Lithobates","sylvaticus","wood frog","Animalia",132912,275,"Adults in water",2024,3,14,74,2460384,1,"132912_Adults in water","Adults observed","NY",2024-03-14,"calendar",74,2024,"132912_Adults in water_2024",9
23815,42.755417,-75.666634,234,"Lithobates","sylvaticus","wood frog","Animalia",132912,276,"Vocalizing",2024,3,14,74,2460384,1,"132912_Vocalizing","Calls or songs","NY",2024-03-14,"calendar",74,2024,"132912_Vocalizing_2024",9
22613,32.33926,-110.981728,1413,"Sceloporus","magister","desert spiny lizard","Animalia",136798,355,"Individuals on land (rock/log)",2024,2,27,58,2460368,7,"136798_Individuals on land (rock/log)","Adults observed","AZ",2024-02-27,"calendar",58,2024,"136798_Individuals on land (rock/log)_2024",9
22613,32.33926,-110.981728,1395,"Callisaurus","draconoides","zebra-tailed lizard","Animalia",136799,355,"Individuals on land (rock/log)",2024,3,19,79,2460389,6,"136799_Individuals on land (rock/log)","Adults observed","AZ",2024-03-19,"calendar",79,2024,"136799_Individuals on land (rock/log)_2024",9
22613,32.33926,-110.981728,1395,"Callisaurus","draconoides","zebra-tailed lizard","Animalia",136799,441,"Young individuals (hatched from eggs)",2024,4,3,94,2460404,7,"136799_Young individuals (hatched from eggs)","Young observed","AZ",2024-04-03,"calendar",94,2024,"136799_Young individuals (hatched from eggs)_2024",9
22613,32.33926,-110.981728,423,"Aspidoscelis","tigris","western whiptail","Animalia",136800,355,"Individuals on land (rock/log)",2024,3,19,79,2460389,6,"136800_Individuals on land (rock/log)","Adults observed","AZ",2024-03-19,"calendar",79,2024,"136800_Individuals on land (rock/log)_2024",9
22613,32.33926,-110.981728,423,"Aspidoscelis","tigris","western whiptail","Animalia",136800,441,"Young individuals (hatched from eggs)",2024,4,3,94,2460404,7,"136800_Young individuals (hatched from eggs)","Young observed","AZ",2024-04-03,"calendar",94,2024,"136800_Young individuals (hatched from eggs)_2024",9
5260,42.454987,-72.345177,230,"Anaxyrus","americanus","American toad","Animalia",138603,276,"Vocalizing",2024,4,28,119,2460429,16,"138603_Vocalizing","Calls or songs","MA",2024-04-28,"calendar",119,2024,"138603_Vocalizing_2024",9
5260,42.454987,-72.345177,307,"Lithobates","clamitans","green frog","Animalia",12257,276,"Vocalizing",2025,5,2,122,2460798,2,"12257_Vocalizing","Calls or songs","MA",2025-05-02,"calendar",122,2025,"12257_Vocalizing_2025",11
5260,42.454987,-72.345177,337,"Pseudacris","crucifer","spring peeper","Animalia",12258,276,"Vocalizing",2025,3,22,81,2460757,3,"12258_Vocalizing","Calls or songs","MA",2025-03-22,"calendar",81,2025,"12258_Vocalizing_2025",12
5260,42.454987,-72.345177,346,"Lithobates","palustris","pickerel frog","Animalia",12259,276,"Vocalizing",2025,4,14,104,2460780,2,"12259_Vocalizing","Calls or songs","MA",2025-04-14,"calendar",104,2025,"12259_Vocalizing_2025",11
5260,42.454987,-72.345177,348,"Lithobates","catesbeianus","American bullfrog","Animalia",12260,276,"Vocalizing",2025,5,3,123,2460799,1,"12260_Vocalizing","Calls or songs","MA",2025-05-03,"calendar",123,2025,"12260_Vocalizing_2025",11
6362,43.012966,-73.649918,307,"Lithobates","clamitans","green frog","Animalia",17986,276,"Vocalizing",2025,4,30,120,2460796,9,"17986_Vocalizing","Calls or songs","NY",2025-04-30,"calendar",120,2025,"17986_Vocalizing_2025",15
8496,46.328629,-96.061256,421,"Thamnophis","sirtalis","common gartersnake","Animalia",25782,355,"Individuals on land (rock/log)",2025,5,25,145,2460821,NA,"25782_Individuals on land (rock/log)","Adults observed","MN",2025-05-25,"calendar",145,2025,"25782_Individuals on land (rock/log)_2025",14
10145,42.602543,-83.250992,230,"Anaxyrus","americanus","American toad","Animalia",38841,274,"Adults on land",2025,7,6,187,2460863,1,"38841_Adults on land","Adults observed","MI",2025-07-06,"calendar",187,2025,"38841_Adults on land_2025",12
10145,42.602543,-83.250992,230,"Anaxyrus","americanus","American toad","Animalia",38841,276,"Vocalizing",2025,5,8,128,2460804,1,"38841_Vocalizing","Calls or songs","MI",2025-05-08,"calendar",128,2025,"38841_Vocalizing_2025",13
10145,42.602543,-83.250992,307,"Lithobates","clamitans","green frog","Animalia",38902,274,"Adults on land",2025,10,20,293,2460969,NA,"38902_Adults on land","Adults observed","MI",2025-10-20,"calendar",293,2025,"38902_Adults on land_2025",9
10145,42.602543,-83.250992,280,"Chrysemys","picta","painted turtle","Animalia",38933,355,"Individuals on land (rock/log)",2025,10,12,285,2460961,1,"38933_Individuals on land (rock/log)","Adults observed","MI",2025-10-12,"calendar",285,2025,"38933_Individuals on land (rock/log)_2025",9
10145,42.602543,-83.250992,280,"Chrysemys","picta","painted turtle","Animalia",38933,356,"Individuals in water (rock/log)",2025,5,8,128,2460804,1,"38933_Individuals in water (rock/log)","Adults observed","MI",2025-05-08,"calendar",128,2025,"38933_Individuals in water (rock/log)_2025",11
16454,41.667408,-73.895546,337,"Pseudacris","crucifer","spring peeper","Animalia",64466,276,"Vocalizing",2025,3,19,78,2460754,6,"64466_Vocalizing","Calls or songs","NY",2025-03-19,"calendar",78,2025,"64466_Vocalizing_2025",10
16454,41.667408,-73.895546,234,"Lithobates","sylvaticus","wood frog","Animalia",64467,276,"Vocalizing",2025,3,19,78,2460754,6,"64467_Vocalizing","Calls or songs","NY",2025-03-19,"calendar",78,2025,"64467_Vocalizing_2025",10
17562,41.78577,-73.731003,280,"Chrysemys","picta","painted turtle","Animalia",72787,356,"Individuals in water (rock/log)",2025,4,2,92,2460768,1,"72787_Individuals in water (rock/log)","Adults observed","NY",2025-04-02,"calendar",92,2025,"72787_Individuals in water (rock/log)_2025",12
17414,42.936153,-73.433449,338,"Dryophytes","versicolor","gray treefrog","Animalia",86969,276,"Vocalizing",2025,4,25,115,2460791,5,"86969_Vocalizing","Calls or songs","NY",2025-04-25,"calendar",115,2025,"86969_Vocalizing_2025",11
20638,42.504253,-72.332031,337,"Pseudacris","crucifer","spring peeper","Animalia",87883,276,"Vocalizing",2025,4,1,91,2460767,3,"87883_Vocalizing","Calls or songs","MA",2025-04-01,"calendar",91,2025,"87883_Vocalizing_2025",9
20641,42.448792,-72.346481,234,"Lithobates","sylvaticus","wood frog","Animalia",87896,276,"Vocalizing",2025,3,19,78,2460754,4,"87896_Vocalizing","Calls or songs","MA",2025-03-19,"calendar",78,2025,"87896_Vocalizing_2025",10
20641,42.448792,-72.346481,337,"Pseudacris","crucifer","spring peeper","Animalia",87897,276,"Vocalizing",2025,3,19,78,2460754,4,"87897_Vocalizing","Calls or songs","MA",2025-03-19,"calendar",78,2025,"87897_Vocalizing_2025",10
20789,43.899441,-69.95787,234,"Lithobates","sylvaticus","wood frog","Animalia",88640,276,"Vocalizing",2025,4,6,96,2460772,NA,"88640_Vocalizing","Calls or songs","ME",2025-04-06,"calendar",96,2025,"88640_Vocalizing_2025",10
20641,42.448792,-72.346481,338,"Dryophytes","versicolor","gray treefrog","Animalia",91174,276,"Vocalizing",2025,4,25,115,2460791,NA,"91174_Vocalizing","Calls or songs","MA",2025-04-25,"calendar",115,2025,"91174_Vocalizing_2025",10
20641,42.448792,-72.346481,307,"Lithobates","clamitans","green frog","Animalia",91175,276,"Vocalizing",2025,5,26,146,2460822,2,"91175_Vocalizing","Calls or songs","MA",2025-05-26,"calendar",146,2025,"91175_Vocalizing_2025",11
5260,42.454987,-72.345177,338,"Dryophytes","versicolor","gray treefrog","Animalia",91177,276,"Vocalizing",2025,4,29,119,2460795,4,"91177_Vocalizing","Calls or songs","MA",2025-04-29,"calendar",119,2025,"91177_Vocalizing_2025",10
5262,42.442348,-72.346504,337,"Pseudacris","crucifer","spring peeper","Animalia",91207,276,"Vocalizing",2025,4,1,91,2460767,6,"91207_Vocalizing","Calls or songs","MA",2025-04-01,"calendar",91,2025,"91207_Vocalizing_2025",9
21168,42.418087,-72.345901,307,"Lithobates","clamitans","green frog","Animalia",91214,276,"Vocalizing",2025,7,13,194,2460870,NA,"91214_Vocalizing","Calls or songs","MA",2025-07-13,"calendar",194,2025,"91214_Vocalizing_2025",11
17414,42.936153,-73.433449,337,"Pseudacris","crucifer","spring peeper","Animalia",103212,276,"Vocalizing",2025,3,11,70,2460746,4,"103212_Vocalizing","Calls or songs","NY",2025-03-11,"calendar",70,2025,"103212_Vocalizing_2025",10
16876,41.745537,-74.119392,337,"Pseudacris","crucifer","spring peeper","Animalia",103455,276,"Vocalizing",2025,3,27,86,2460762,6,"103455_Vocalizing","Calls or songs","NY",2025-03-27,"calendar",86,2025,"103455_Vocalizing_2025",11
16876,41.745537,-74.119392,234,"Lithobates","sylvaticus","wood frog","Animalia",103456,276,"Vocalizing",2025,5,2,122,2460798,7,"103456_Vocalizing","Calls or songs","NY",2025-05-02,"calendar",122,2025,"103456_Vocalizing_2025",10
16876,41.745537,-74.119392,280,"Chrysemys","picta","painted turtle","Animalia",103457,355,"Individuals on land (rock/log)",2025,5,30,150,2460826,7,"103457_Individuals on land (rock/log)","Adults observed","NY",2025-05-30,"calendar",150,2025,"103457_Individuals on land (rock/log)_2025",10
16876,41.745537,-74.119392,280,"Chrysemys","picta","painted turtle","Animalia",103457,356,"Individuals in water (rock/log)",2025,4,28,118,2460794,3,"103457_Individuals in water (rock/log)","Adults observed","NY",2025-04-28,"calendar",118,2025,"103457_Individuals in water (rock/log)_2025",11
25568,45.140465,-93.312943,230,"Anaxyrus","americanus","American toad","Animalia",123973,274,"Adults on land",2025,6,5,156,2460832,35,"123973_Adults on land","Adults observed","MN",2025-06-05,"calendar",156,2025,"123973_Adults on land_2025",9
23815,42.755417,-75.666634,234,"Lithobates","sylvaticus","wood frog","Animalia",132912,275,"Adults in water",2025,3,20,79,2460755,NA,"132912_Adults in water","Adults observed","NY",2025-03-20,"calendar",79,2025,"132912_Adults in water_2025",9
23815,42.755417,-75.666634,234,"Lithobates","sylvaticus","wood frog","Animalia",132912,276,"Vocalizing",2025,3,20,79,2460755,NA,"132912_Vocalizing","Calls or songs","NY",2025-03-20,"calendar",79,2025,"132912_Vocalizing_2025",9
22613,32.33926,-110.981728,1413,"Sceloporus","magister","desert spiny lizard","Animalia",136798,355,"Individuals on land (rock/log)",2025,2,25,56,2460732,5,"136798_Individuals on land (rock/log)","Adults observed","AZ",2025-02-25,"calendar",56,2025,"136798_Individuals on land (rock/log)_2025",9
22613,32.33926,-110.981728,1395,"Callisaurus","draconoides","zebra-tailed lizard","Animalia",136799,355,"Individuals on land (rock/log)",2025,2,20,51,2460727,9,"136799_Individuals on land (rock/log)","Adults observed","AZ",2025-02-20,"calendar",51,2025,"136799_Individuals on land (rock/log)_2025",9
22613,32.33926,-110.981728,1395,"Callisaurus","draconoides","zebra-tailed lizard","Animalia",136799,441,"Young individuals (hatched from eggs)",2025,8,21,233,2460909,6,"136799_Young individuals (hatched from eggs)","Young observed","AZ",2025-08-21,"calendar",233,2025,"136799_Young individuals (hatched from eggs)_2025",9
22613,32.33926,-110.981728,423,"Aspidoscelis","tigris","western whiptail","Animalia",136800,355,"Individuals on land (rock/log)",2025,3,25,84,2460760,3,"136800_Individuals on land (rock/log)","Adults observed","AZ",2025-03-25,"calendar",84,2025,"136800_Individuals on land (rock/log)_2025",9
22613,32.33926,-110.981728,423,"Aspidoscelis","tigris","western whiptail","Animalia",136800,441,"Young individuals (hatched from eggs)",2025,9,16,259,2460935,7,"136800_Young individuals (hatched from eggs)","Young observed","AZ",2025-09-16,"calendar",259,2025,"136800_Young individuals (hatched from eggs)_2025",9
5260,42.454987,-72.345177,230,"Anaxyrus","americanus","American toad","Animalia",138603,276,"Vocalizing",2025,4,29,119,2460795,7,"138603_Vocalizing","Calls or songs","MA",2025-04-29,"calendar",119,2025,"138603_Vocalizing_2025",9
