"site_id","latitude","longitude","elevation_in_meters","state","species_id","genus","species","common_name","kingdom","individual_id","phenophase_id","phenophase_description","first_yes_year","first_yes_month","first_yes_day","first_yes_doy","first_yes_julian_date","numdays_since_prior_no","last_yes_year","last_yes_month","last_yes_day","last_yes_doy","last_yes_julian_date","numdays_until_next_no","ind_phen","phenophase","ind_phen_year","series_yrs"
1605,40.907997,-73.120705,45,"NY",288,"Bombus","spp.","bumblebee","Animalia",5283,327,"Adults",2011,5,3,123,2455685,NA,2011,5,3,123,2455685,NA,"5283_Adults","Adults observed","5283_Adults_2011",11
1419,42.011166,-88.503304,280,"IL",288,"Bombus","spp.","bumblebee","Animalia",10284,312,"Flower visitation",2011,6,8,159,2455721,8,2011,6,8,159,2455721,6,"10284_Flower visitation","Feeding","10284_Flower visitation_2011",14
1419,42.011166,-88.503304,280,"IL",288,"Bombus","spp.","bumblebee","Animalia",10284,327,"Adults",2011,5,19,139,2455701,4,2011,5,22,142,2455704,9,"10284_Adults","Adults observed","10284_Adults_2011",14
5674,44.910587,-70.266861,261,"ME",396,"Danaus","plexippus","monarch","Animalia",12711,312,"Flower visitation",2011,8,9,221,2455783,4,2011,8,9,221,2455783,5,"12711_Flower visitation","Feeding","12711_Flower visitation_2011",11
5674,44.910587,-70.266861,261,"ME",396,"Danaus","plexippus","monarch","Animalia",12711,327,"Adults",2011,8,9,221,2455783,4,2011,8,9,221,2455783,5,"12711_Adults","Adults observed","12711_Adults_2011",11
2803,39.971001,-105.397003,2329,"CO",288,"Bombus","spp.","bumblebee","Animalia",16049,312,"Flower visitation",2011,9,1,244,2455806,NA,2011,9,25,268,2455830,5,"16049_Flower visitation","Feeding","16049_Flower visitation_2011",15
2803,39.971001,-105.397003,2329,"CO",288,"Bombus","spp.","bumblebee","Animalia",16049,327,"Adults",2011,9,1,244,2455806,NA,2011,9,25,268,2455830,5,"16049_Adults","Adults observed","16049_Adults_2011",15
1419,42.011166,-88.503304,280,"IL",288,"Bombus","spp.","bumblebee","Animalia",10284,312,"Flower visitation",2012,4,7,98,2456025,6,2012,4,7,98,2456025,4,"10284_Flower visitation","Feeding","10284_Flower visitation_2012",14
1419,42.011166,-88.503304,280,"IL",288,"Bombus","spp.","bumblebee","Animalia",10284,327,"Adults",2012,3,17,77,2456004,2,2012,3,17,77,2456004,1,"10284_Adults","Adults observed","10284_Adults_2012",14
2803,39.971001,-105.397003,2329,"CO",288,"Bombus","spp.","bumblebee","Animalia",16049,312,"Flower visitation",2012,4,19,110,2456037,4,2012,4,22,113,2456040,4,"16049_Flower visitation","Feeding","16049_Flower visitation_2012",15
2803,39.971001,-105.397003,2329,"CO",288,"Bombus","spp.","bumblebee","Animalia",16049,327,"Adults",2012,4,1,92,2456019,3,2012,4,1,92,2456019,4,"16049_Adults","Adults observed","16049_Adults_2012",15
8496,46.328629,-96.061256,393,"MN",396,"Danaus","plexippus","monarch","Animalia",25783,312,"Flower visitation",2012,5,7,128,2456055,2,2012,5,9,130,2456057,2,"25783_Flower visitation","Feeding","25783_Flower visitation_2012",10
8496,46.328629,-96.061256,393,"MN",396,"Danaus","plexippus","monarch","Animalia",25783,327,"Adults",2012,5,7,128,2456055,2,2012,5,9,130,2456057,2,"25783_Adults","Adults observed","25783_Adults_2012",12
8736,44.903229,-93.217445,248,"MN",288,"Bombus","spp.","bumblebee","Animalia",28350,312,"Flower visitation",2012,5,27,148,2456075,NA,2012,6,1,153,2456080,6,"28350_Flower visitation","Feeding","28350_Flower visitation_2012",10
8736,44.903229,-93.217445,248,"MN",288,"Bombus","spp.","bumblebee","Animalia",28350,327,"Adults",2012,5,27,148,2456075,NA,2012,6,12,164,2456091,1,"28350_Adults","Adults observed","28350_Adults_2012",10
8736,44.903229,-93.217445,248,"MN",391,"Pieris","rapae","cabbage white","Animalia",28351,327,"Adults",2012,6,1,153,2456080,5,2012,6,1,153,2456080,6,"28351_Adults","Adults observed","28351_Adults_2012",10
8736,44.903229,-93.217445,248,"MN",396,"Danaus","plexippus","monarch","Animalia",28352,312,"Flower visitation",2012,7,5,187,2456114,1,2012,7,5,187,2456114,1,"28352_Flower visitation","Feeding","28352_Flower visitation_2012",10
8736,44.903229,-93.217445,248,"MN",396,"Danaus","plexippus","monarch","Animalia",28352,327,"Adults",2012,7,5,187,2456114,1,2012,7,5,187,2456114,1,"28352_Adults","Adults observed","28352_Adults_2012",10
8736,44.903229,-93.217445,248,"MN",393,"Vanessa","atalanta","red admiral","Animalia",28355,327,"Adults",2012,5,27,148,2456075,NA,2012,5,27,148,2456075,5,"28355_Adults","Adults observed","28355_Adults_2012",9
8242,31.596231,-110.575493,1542,"AZ",1133,"Danaus","gilippus","queen","Animalia",29642,312,"Flower visitation",2012,7,26,208,2456135,NA,2012,7,26,208,2456135,NA,"29642_Flower visitation","Feeding","29642_Flower visitation_2012",10
8242,31.596231,-110.575493,1542,"AZ",1133,"Danaus","gilippus","queen","Animalia",29642,327,"Adults",2012,7,26,208,2456135,NA,2012,7,26,208,2456135,38,"29642_Adults","Adults observed","29642_Adults_2012",10
8418,32.363758,-94.873947,115,"TX",288,"Bombus","spp.","bumblebee","Animalia",30797,312,"Flower visitation",2012,8,18,231,2456158,NA,2012,8,18,231,2456158,3,"30797_Flower visitation","Feeding","30797_Flower visitation_2012",12
8418,32.363758,-94.873947,115,"TX",288,"Bombus","spp.","bumblebee","Animalia",30797,327,"Adults",2012,8,18,231,2456158,NA,2012,8,18,231,2456158,3,"30797_Adults","Adults observed","30797_Adults_2012",12
1605,40.907997,-73.120705,45,"NY",288,"Bombus","spp.","bumblebee","Animalia",5283,327,"Adults",2013,4,26,116,2456409,NA,2013,4,26,116,2456409,NA,"5283_Adults","Adults observed","5283_Adults_2013",11
1419,42.011166,-88.503304,280,"IL",288,"Bombus","spp.","bumblebee","Animalia",10284,312,"Flower visitation",2013,5,18,138,2456431,6,2013,5,26,146,2456439,7,"10284_Flower visitation","Feeding","10284_Flower visitation_2013",14
1419,42.011166,-88.503304,280,"IL",288,"Bombus","spp.","bumblebee","Animalia",10284,327,"Adults",2013,5,18,138,2456431,6,2013,5,26,146,2456439,7,"10284_Adults","Adults observed","10284_Adults_2013",14
5674,44.910587,-70.266861,261,"ME",396,"Danaus","plexippus","monarch","Animalia",12711,312,"Flower visitation",2013,6,2,153,2456446,7,2013,6,2,153,2456446,7,"12711_Flower visitation","Feeding","12711_Flower visitation_2013",11
5674,44.910587,-70.266861,261,"ME",396,"Danaus","plexippus","monarch","Animalia",12711,327,"Adults",2013,6,2,153,2456446,7,2013,6,2,153,2456446,7,"12711_Adults","Adults observed","12711_Adults_2013",11
2803,39.971001,-105.397003,2329,"CO",288,"Bombus","spp.","bumblebee","Animalia",16049,312,"Flower visitation",2013,6,9,160,2456453,3,2013,6,9,160,2456453,2,"16049_Flower visitation","Feeding","16049_Flower visitation_2013",15
2803,39.971001,-105.397003,2329,"CO",288,"Bombus","spp.","bumblebee","Animalia",16049,327,"Adults",2013,5,12,132,2456425,3,2013,9,8,251,2456544,5,"16049_Adults","Adults observed","16049_Adults_2013",15
8496,46.328629,-96.061256,393,"MN",396,"Danaus","plexippus","monarch","Animalia",25783,312,"Flower visitation",2013,8,30,242,2456535,5,2013,8,30,242,2456535,7,"25783_Flower visitation","Feeding","25783_Flower visitation_2013",10
8496,46.328629,-96.061256,393,"MN",396,"Danaus","plexippus","monarch","Animalia",25783,327,"Adults",2013,6,7,158,2456451,3,2013,6,18,169,2456462,4,"25783_Adults","Adults observed","25783_Adults_2013",12
8736,44.903229,-93.217445,248,"MN",288,"Bombus","spp.","bumblebee","Animalia",28350,312,"Flower visitation",2013,7,1,182,2456475,2,2013,7,7,188,2456481,3,"28350_Flower visitation","Feeding","28350_Flower visitation_2013",10
8736,44.903229,-93.217445,248,"MN",288,"Bombus","spp.","bumblebee","Animalia",28350,327,"Adults",2013,5,16,136,2456429,NA,2013,6,23,174,2456467,2,"28350_Adults","Adults observed","28350_Adults_2013",10
8736,44.903229,-93.217445,248,"MN",391,"Pieris","rapae","cabbage white","Animalia",28351,327,"Adults",2013,7,7,188,2456481,8,2013,7,7,188,2456481,3,"28351_Adults","Adults observed","28351_Adults_2013",10
8736,44.903229,-93.217445,248,"MN",396,"Danaus","plexippus","monarch","Animalia",28352,312,"Flower visitation",2013,8,1,213,2456506,8,2013,8,8,220,2456513,3,"28352_Flower visitation","Feeding","28352_Flower visitation_2013",10
8736,44.903229,-93.217445,248,"MN",396,"Danaus","plexippus","monarch","Animalia",28352,327,"Adults",2013,8,1,213,2456506,8,2013,8,8,220,2456513,3,"28352_Adults","Adults observed","28352_Adults_2013",10
8736,44.903229,-93.217445,248,"MN",393,"Vanessa","atalanta","red admiral","Animalia",28355,327,"Adults",2013,7,10,191,2456484,3,2013,7,10,191,2456484,2,"28355_Adults","Adults observed","28355_Adults_2013",9
8242,31.596231,-110.575493,1542,"AZ",1133,"Danaus","gilippus","queen","Animalia",29642,312,"Flower visitation",2013,5,31,151,2456444,NA,2013,5,31,151,2456444,NA,"29642_Flower visitation","Feeding","29642_Flower visitation_2013",10
8242,31.596231,-110.575493,1542,"AZ",1133,"Danaus","gilippus","queen","Animalia",29642,327,"Adults",2013,5,31,151,2456444,26,2013,5,31,151,2456444,105,"29642_Adults","Adults observed","29642_Adults_2013",10
8418,32.363758,-94.873947,115,"TX",288,"Bombus","spp.","bumblebee","Animalia",30797,312,"Flower visitation",2013,3,18,77,2456370,5,2013,3,21,80,2456373,3,"30797_Flower visitation","Feeding","30797_Flower visitation_2013",12
8418,32.363758,-94.873947,115,"TX",288,"Bombus","spp.","bumblebee","Animalia",30797,327,"Adults",2013,3,18,77,2456370,5,2013,3,21,80,2456373,3,"30797_Adults","Adults observed","30797_Adults_2013",12
10145,42.602543,-83.250992,277,"MI",288,"Bombus","spp.","bumblebee","Animalia",38858,327,"Adults",2013,6,12,163,2456456,NA,2013,6,12,163,2456456,1,"38858_Adults","Adults observed","38858_Adults_2013",13
10145,42.602543,-83.250992,277,"MI",391,"Pieris","rapae","cabbage white","Animalia",38859,327,"Adults",2013,5,2,122,2456415,NA,2013,5,4,124,2456417,1,"38859_Adults","Adults observed","38859_Adults_2013",13
10145,42.602543,-83.250992,277,"MI",272,"Anax","junius","common green darner","Animalia",38869,327,"Adults",2013,5,6,126,2456419,NA,2013,5,6,126,2456419,1,"38869_Adults","Adults observed","38869_Adults_2013",13
10145,42.602543,-83.250992,277,"MI",396,"Danaus","plexippus","monarch","Animalia",38919,327,"Adults",2013,8,2,214,2456507,1,2013,8,2,214,2456507,1,"38919_Adults","Adults observed","38919_Adults_2013",13
10145,42.602543,-83.250992,277,"MI",1137,"Nymphalis","antiopa","mourning cloak","Animalia",38921,327,"Adults",2013,5,1,121,2456414,NA,2013,5,1,121,2456414,1,"38921_Adults","Adults observed","38921_Adults_2013",13
10145,42.602543,-83.250992,277,"MI",1132,"Colias","eurytheme","orange sulphur","Animalia",38930,327,"Adults",2013,8,18,230,2456523,NA,2013,8,18,230,2456523,1,"38930_Adults","Adults observed","38930_Adults_2013",13
6102,32.23188,-110.951012,737,"AZ",288,"Bombus","spp.","bumblebee","Animalia",49641,312,"Flower visitation",2013,10,4,277,2456570,NA,2013,10,4,277,2456570,6,"49641_Flower visitation","Feeding","49641_Flower visitation_2013",10
6102,32.23188,-110.951012,737,"AZ",288,"Bombus","spp.","bumblebee","Animalia",49641,327,"Adults",2013,10,4,277,2456570,NA,2013,10,16,289,2456582,7,"49641_Adults","Adults observed","49641_Adults_2013",10
1419,42.011166,-88.503304,280,"IL",288,"Bombus","spp.","bumblebee","Animalia",10284,312,"Flower visitation",2014,7,1,182,2456840,21,2014,7,1,182,2456840,21,"10284_Flower visitation","Feeding","10284_Flower visitation_2014",14
1419,42.011166,-88.503304,280,"IL",288,"Bombus","spp.","bumblebee","Animalia",10284,327,"Adults",2014,5,3,123,2456781,12,2014,5,3,123,2456781,1,"10284_Adults","Adults observed","10284_Adults_2014",14
5674,44.910587,-70.266861,261,"ME",396,"Danaus","plexippus","monarch","Animalia",12711,312,"Flower visitation",2014,6,8,159,2456817,7,2014,6,8,159,2456817,7,"12711_Flower visitation","Feeding","12711_Flower visitation_2014",11
5674,44.910587,-70.266861,261,"ME",396,"Danaus","plexippus","monarch","Animalia",12711,327,"Adults",2014,6,8,159,2456817,7,2014,6,8,159,2456817,7,"12711_Adults","Adults observed","12711_Adults_2014",11
2803,39.971001,-105.397003,2329,"CO",288,"Bombus","spp.","bumblebee","Animalia",16049,312,"Flower visitation",2014,6,1,152,2456810,14,2014,6,13,164,2456822,16,"16049_Flower visitation","Feeding","16049_Flower visitation_2014",15
2803,39.971001,-105.397003,2329,"CO",288,"Bombus","spp.","bumblebee","Animalia",16049,327,"Adults",2014,4,20,110,2456768,2,2014,5,9,129,2456787,3,"16049_Adults","Adults observed","16049_Adults_2014",15
8496,46.328629,-96.061256,393,"MN",396,"Danaus","plexippus","monarch","Animalia",25783,312,"Flower visitation",2014,7,28,209,2456867,4,2014,7,28,209,2456867,3,"25783_Flower visitation","Feeding","25783_Flower visitation_2014",10
8496,46.328629,-96.061256,393,"MN",396,"Danaus","plexippus","monarch","Animalia",25783,327,"Adults",2014,6,8,159,2456817,2,2014,6,13,164,2456822,4,"25783_Adults","Adults observed","25783_Adults_2014",12
8736,44.903229,-93.217445,248,"MN",288,"Bombus","spp.","bumblebee","Animalia",28350,312,"Flower visitation",2014,5,23,143,2456801,3,2014,5,23,143,2456801,5,"28350_Flower visitation","Feeding","28350_Flower visitation_2014",10
8736,44.903229,-93.217445,248,"MN",288,"Bombus","spp.","bumblebee","Animalia",28350,327,"Adults",2014,5,11,131,2456789,8,2014,5,11,131,2456789,2,"28350_Adults","Adults observed","28350_Adults_2014",10
8736,44.903229,-93.217445,248,"MN",391,"Pieris","rapae","cabbage white","Animalia",28351,327,"Adults",2014,6,26,177,2456835,3,2014,6,26,177,2456835,7,"28351_Adults","Adults observed","28351_Adults_2014",10
8736,44.903229,-93.217445,248,"MN",396,"Danaus","plexippus","monarch","Animalia",28352,312,"Flower visitation",2014,8,1,213,2456871,3,2014,8,2,214,2456872,1,"28352_Flower visitation","Feeding","28352_Flower visitation_2014",10
8736,44.903229,-93.217445,248,"MN",396,"Danaus","plexippus","monarch","Animalia",28352,327,"Adults",2014,7,5,186,2456844,2,2014,7,22,203,2456861,1,"28352_Adults","Adults observed","28352_Adults_2014",10
8736,44.903229,-93.217445,248,"MN",393,"Vanessa","atalanta","red admiral","Animalia",28355,327,"Adults",2014,6,16,167,2456825,6,2014,6,16,167,2456825,7,"28355_Adults","Adults observed","28355_Adults_2014",9
8242,31.596231,-110.575493,1542,"AZ",1133,"Danaus","gilippus","queen","Animalia",29642,312,"Flower visitation",2014,6,12,163,2456821,59,2014,6,12,163,2456821,21,"29642_Flower visitation","Feeding","29642_Flower visitation_2014",10
8242,31.596231,-110.575493,1542,"AZ",1133,"Danaus","gilippus","queen","Animalia",29642,327,"Adults",2014,6,12,163,2456821,59,2014,6,12,163,2456821,21,"29642_Adults","Adults observed","29642_Adults_2014",10
8418,32.363758,-94.873947,115,"TX",288,"Bombus","spp.","bumblebee","Animalia",30797,312,"Flower visitation",2014,4,2,92,2456750,3,2014,4,2,92,2456750,4,"30797_Flower visitation","Feeding","30797_Flower visitation_2014",12
8418,32.363758,-94.873947,115,"TX",288,"Bombus","spp.","bumblebee","Animalia",30797,327,"Adults",2014,4,2,92,2456750,3,2014,4,2,92,2456750,4,"30797_Adults","Adults observed","30797_Adults_2014",12
10145,42.602543,-83.250992,277,"MI",288,"Bombus","spp.","bumblebee","Animalia",38858,327,"Adults",2014,4,29,119,2456777,NA,2014,4,30,120,2456778,1,"38858_Adults","Adults observed","38858_Adults_2014",13
10145,42.602543,-83.250992,277,"MI",391,"Pieris","rapae","cabbage white","Animalia",38859,327,"Adults",2014,4,29,119,2456777,NA,2014,4,29,119,2456777,1,"38859_Adults","Adults observed","38859_Adults_2014",13
10145,42.602543,-83.250992,277,"MI",272,"Anax","junius","common green darner","Animalia",38869,327,"Adults",2014,6,21,172,2456830,NA,2014,6,21,172,2456830,1,"38869_Adults","Adults observed","38869_Adults_2014",13
10145,42.602543,-83.250992,277,"MI",396,"Danaus","plexippus","monarch","Animalia",38919,327,"Adults",2014,6,6,157,2456815,NA,2014,6,6,157,2456815,1,"38919_Adults","Adults observed","38919_Adults_2014",13
10145,42.602543,-83.250992,277,"MI",1137,"Nymphalis","antiopa","mourning cloak","Animalia",38921,327,"Adults",2014,7,6,187,2456845,NA,2014,7,6,187,2456845,1,"38921_Adults","Adults observed","38921_Adults_2014",13
10145,42.602543,-83.250992,277,"MI",1132,"Colias","eurytheme","orange sulphur","Animalia",38930,327,"Adults",2014,5,24,144,2456802,NA,2014,5,25,145,2456803,1,"38930_Adults","Adults observed","38930_Adults_2014",13
10145,42.602543,-83.250992,277,"MI",393,"Vanessa","atalanta","red admiral","Animalia",38941,327,"Adults",2014,4,10,100,2456758,NA,2014,4,10,100,2456758,3,"38941_Adults","Adults observed","38941_Adults_2014",11
6102,32.23188,-110.951012,737,"AZ",288,"Bombus","spp.","bumblebee","Animalia",49641,312,"Flower visitation",2014,9,4,247,2456905,NA,2014,9,11,254,2456912,4,"49641_Flower visitation","Feeding","49641_Flower visitation_2014",10
6102,32.23188,-110.951012,737,"AZ",288,"Bombus","spp.","bumblebee","Animalia",49641,327,"Adults",2014,9,4,247,2456905,NA,2014,9,11,254,2456912,4,"49641_Adults","Adults observed","49641_Adults_2014",10
16295,27.929228,-82.725639,4,"FL",396,"Danaus","plexippus","monarch","Animalia",60947,333,"Caterpillars",2014,5,20,140,2456798,7,2014,5,20,140,2456798,8,"60947_Caterpillars","Young observed","60947_Caterpillars_2014",9
16295,27.929228,-82.725639,4,"FL",396,"Danaus","plexippus","monarch","Animalia",60947,447,"Caterpillars feeding",2014,5,20,140,2456798,7,2014,5,20,140,2456798,8,"60947_Caterpillars feeding","Young observed","60947_Caterpillars feeding_2014",9
9652,44.768246,-94.155746,309,"MN",288,"Bombus","spp.","bumblebee","Animalia",69507,312,"Flower visitation",2014,5,5,125,2456783,NA,2014,7,26,207,2456865,NA,"69507_Flower visitation","Feeding","69507_Flower visitation_2014",12
9652,44.768246,-94.155746,309,"MN",288,"Bombus","spp.","bumblebee","Animalia",69507,327,"Adults",2014,5,5,125,2456783,NA,2014,7,26,207,2456865,NA,"69507_Adults","Adults observed","69507_Adults_2014",12
9652,44.768246,-94.155746,309,"MN",288,"Bombus","spp.","bumblebee","Animalia",69507,370,"Male adults",2014,7,26,207,2456865,NA,2014,7,26,207,2456865,NA,"69507_Male adults","Adults observed","69507_Male adults_2014",11
10145,42.602543,-83.250992,277,"MI",1238,"Apis","mellifera","honeybee","Animalia",69919,327,"Adults",2014,5,18,138,2456796,NA,2014,5,19,139,2456797,1,"69919_Adults","Adults observed","69919_Adults_2014",12
16876,41.745537,-74.119392,72,"NY",396,"Danaus","plexippus","monarch","Animalia",72969,312,"Flower visitation",2014,8,29,241,2456899,3,2014,9,4,247,2456905,5,"72969_Flower visitation","Feeding","72969_Flower visitation_2014",12
16876,41.745537,-74.119392,72,"NY",396,"Danaus","plexippus","monarch","Animalia",72969,327,"Adults",2014,8,16,228,2456886,10,2014,8,16,228,2456886,10,"72969_Adults","Adults observed","72969_Adults_2014",12
20969,33.632149,-117.55545,440,"CA",1386,"Apodemia","virgulti","Behr's metalmark","Animalia",90201,327,"Adults",2014,3,8,67,2456725,2,2014,3,15,74,2456732,1,"90201_Adults","Adults observed","90201_Adults_2014",10
20969,33.632149,-117.55545,440,"CA",1383,"Adelpha","californica","California sister","Animalia",90203,327,"Adults",2014,3,6,65,2456723,NA,2014,3,6,65,2456723,2,"90203_Adults","Adults observed","90203_Adults_2014",10
20969,33.632149,-117.55545,440,"CA",1135,"Junonia","coenia","common buckeye","Animalia",90204,327,"Adults",2014,3,6,65,2456723,NA,2014,3,6,65,2456723,2,"90204_Adults","Adults observed","90204_Adults_2014",11
20969,33.632149,-117.55545,440,"CA",1388,"Coenonympha","tullia","common ringlet","Animalia",90205,327,"Adults",2014,3,6,65,2456723,NA,2014,3,8,67,2456725,7,"90205_Adults","Adults observed","90205_Adults_2014",11
1605,40.907997,-73.120705,45,"NY",288,"Bombus","spp.","bumblebee","Animalia",5283,327,"Adults",2015,5,15,135,2457158,NA,2015,6,17,168,2457191,NA,"5283_Adults","Adults observed","5283_Adults_2015",11
1419,42.011166,-88.503304,280,"IL",288,"Bombus","spp.","bumblebee","Animalia",10284,312,"Flower visitation",2015,4,17,107,2457130,6,2015,4,17,107,2457130,2,"10284_Flower visitation","Feeding","10284_Flower visitation_2015",14
1419,42.011166,-88.503304,280,"IL",288,"Bombus","spp.","bumblebee","Animalia",10284,327,"Adults",2015,4,17,107,2457130,6,2015,4,17,107,2457130,2,"10284_Adults","Adults observed","10284_Adults_2015",14
2803,39.971001,-105.397003,2329,"CO",288,"Bombus","spp.","bumblebee","Animalia",16049,312,"Flower visitation",2015,5,31,151,2457174,6,2015,9,25,268,2457291,8,"16049_Flower visitation","Feeding","16049_Flower visitation_2015",15
2803,39.971001,-105.397003,2329,"CO",288,"Bombus","spp.","bumblebee","Animalia",16049,327,"Adults",2015,4,5,95,2457118,3,2015,4,24,114,2457137,2,"16049_Adults","Adults observed","16049_Adults_2015",15
8496,46.328629,-96.061256,393,"MN",396,"Danaus","plexippus","monarch","Animalia",25783,312,"Flower visitation",2015,8,4,216,2457239,10,2015,8,4,216,2457239,10,"25783_Flower visitation","Feeding","25783_Flower visitation_2015",10
8496,46.328629,-96.061256,393,"MN",396,"Danaus","plexippus","monarch","Animalia",25783,327,"Adults",2015,6,11,162,2457185,2,2015,6,16,167,2457190,3,"25783_Adults","Adults observed","25783_Adults_2015",12
8736,44.903229,-93.217445,248,"MN",288,"Bombus","spp.","bumblebee","Animalia",28350,312,"Flower visitation",2015,5,4,124,2457147,7,2015,5,4,124,2457147,2,"28350_Flower visitation","Feeding","28350_Flower visitation_2015",10
8736,44.903229,-93.217445,248,"MN",288,"Bombus","spp.","bumblebee","Animalia",28350,327,"Adults",2015,4,23,113,2457136,12,2015,5,23,143,2457166,8,"28350_Adults","Adults observed","28350_Adults_2015",10
8736,44.903229,-93.217445,248,"MN",391,"Pieris","rapae","cabbage white","Animalia",28351,327,"Adults",2015,4,30,120,2457143,3,2015,4,30,120,2457143,3,"28351_Adults","Adults observed","28351_Adults_2015",10
8736,44.903229,-93.217445,248,"MN",396,"Danaus","plexippus","monarch","Animalia",28352,312,"Flower visitation",2015,7,9,190,2457213,1,2015,7,9,190,2457213,1,"28352_Flower visitation","Feeding","28352_Flower visitation_2015",10
8736,44.903229,-93.217445,248,"MN",396,"Danaus","plexippus","monarch","Animalia",28352,327,"Adults",2015,7,9,190,2457213,1,2015,7,9,190,2457213,1,"28352_Adults","Adults observed","28352_Adults_2015",10
8736,44.903229,-93.217445,248,"MN",393,"Vanessa","atalanta","red admiral","Animalia",28355,327,"Adults",2015,5,22,142,2457165,5,2015,5,22,142,2457165,1,"28355_Adults","Adults observed","28355_Adults_2015",9
8242,31.596231,-110.575493,1542,"AZ",1133,"Danaus","gilippus","queen","Animalia",29642,312,"Flower visitation",2015,6,8,159,2457182,40,2015,6,8,159,2457182,43,"29642_Flower visitation","Feeding","29642_Flower visitation_2015",10
8242,31.596231,-110.575493,1542,"AZ",1133,"Danaus","gilippus","queen","Animalia",29642,327,"Adults",2015,6,8,159,2457182,40,2015,6,8,159,2457182,43,"29642_Adults","Adults observed","29642_Adults_2015",10
8418,32.363758,-94.873947,115,"TX",288,"Bombus","spp.","bumblebee","Animalia",30797,312,"Flower visitation",2015,3,25,84,2457107,3,2015,3,29,88,2457111,3,"30797_Flower visitation","Feeding","30797_Flower visitation_2015",12
8418,32.363758,-94.873947,115,"TX",288,"Bombus","spp.","bumblebee","Animalia",30797,327,"Adults",2015,3,25,84,2457107,3,2015,4,1,91,2457114,4,"30797_Adults","Adults observed","30797_Adults_2015",12
10145,42.602543,-83.250992,277,"MI",288,"Bombus","spp.","bumblebee","Animalia",38858,327,"Adults",2015,4,18,108,2457131,NA,2015,4,18,108,2457131,1,"38858_Adults","Adults observed","38858_Adults_2015",13
10145,42.602543,-83.250992,277,"MI",391,"Pieris","rapae","cabbage white","Animalia",38859,327,"Adults",2015,4,17,107,2457130,NA,2015,4,17,107,2457130,1,"38859_Adults","Adults observed","38859_Adults_2015",13
10145,42.602543,-83.250992,277,"MI",272,"Anax","junius","common green darner","Animalia",38869,327,"Adults",2015,4,15,105,2457128,NA,2015,4,15,105,2457128,1,"38869_Adults","Adults observed","38869_Adults_2015",13
10145,42.602543,-83.250992,277,"MI",396,"Danaus","plexippus","monarch","Animalia",38919,327,"Adults",2015,5,18,138,2457161,NA,2015,5,18,138,2457161,1,"38919_Adults","Adults observed","38919_Adults_2015",13
10145,42.602543,-83.250992,277,"MI",1137,"Nymphalis","antiopa","mourning cloak","Animalia",38921,327,"Adults",2015,4,11,101,2457124,NA,2015,4,11,101,2457124,1,"38921_Adults","Adults observed","38921_Adults_2015",13
10145,42.602543,-83.250992,277,"MI",1132,"Colias","eurytheme","orange sulphur","Animalia",38930,327,"Adults",2015,7,12,193,2457216,NA,2015,7,12,193,2457216,2,"38930_Adults","Adults observed","38930_Adults_2015",13
10145,42.602543,-83.250992,277,"MI",393,"Vanessa","atalanta","red admiral","Animalia",38941,327,"Adults",2015,5,20,140,2457163,NA,2015,5,20,140,2457163,1,"38941_Adults","Adults observed","38941_Adults_2015",11
6102,32.23188,-110.951012,737,"AZ",288,"Bombus","spp.","bumblebee","Animalia",49641,312,"Flower visitation",2015,9,3,246,2457269,1,2015,9,3,246,2457269,1,"49641_Flower visitation","Feeding","49641_Flower visitation_2015",10
6102,32.23188,-110.951012,737,"AZ",288,"Bombus","spp.","bumblebee","Animalia",49641,327,"Adults",2015,9,2,245,2457268,2,2015,9,4,247,2457270,1,"49641_Adults","Adults observed","49641_Adults_2015",10
16295,27.929228,-82.725639,4,"FL",396,"Danaus","plexippus","monarch","Animalia",60947,333,"Caterpillars",2015,3,25,84,2457107,5,2015,3,25,84,2457107,8,"60947_Caterpillars","Young observed","60947_Caterpillars_2015",9
16295,27.929228,-82.725639,4,"FL",396,"Danaus","plexippus","monarch","Animalia",60947,447,"Caterpillars feeding",2015,3,25,84,2457107,5,2015,3,25,84,2457107,8,"60947_Caterpillars feeding","Young observed","60947_Caterpillars feeding_2015",9
9652,44.768246,-94.155746,309,"MN",288,"Bombus","spp.","bumblebee","Animalia",69507,312,"Flower visitation",2015,4,28,118,2457141,NA,2015,10,1,274,2457297,NA,"69507_Flower visitation","Feeding","69507_Flower visitation_2015",12
9652,44.768246,-94.155746,309,"MN",288,"Bombus","spp.","bumblebee","Animalia",69507,327,"Adults",2015,4,28,118,2457141,NA,2015,10,1,274,2457297,NA,"69507_Adults","Adults observed","69507_Adults_2015",12
9652,44.768246,-94.155746,309,"MN",288,"Bombus","spp.","bumblebee","Animalia",69507,370,"Male adults",2015,4,28,118,2457141,NA,2015,8,5,217,2457240,NA,"69507_Male adults","Adults observed","69507_Male adults_2015",11
10145,42.602543,-83.250992,277,"MI",1238,"Apis","mellifera","honeybee","Animalia",69919,327,"Adults",2015,8,3,215,2457238,NA,2015,8,3,215,2457238,1,"69919_Adults","Adults observed","69919_Adults_2015",12
16876,41.745537,-74.119392,72,"NY",396,"Danaus","plexippus","monarch","Animalia",72969,312,"Flower visitation",2015,8,8,220,2457243,2,2015,8,8,220,2457243,4,"72969_Flower visitation","Feeding","72969_Flower visitation_2015",12
16876,41.745537,-74.119392,72,"NY",396,"Danaus","plexippus","monarch","Animalia",72969,327,"Adults",2015,5,27,147,2457170,1,2015,5,27,147,2457170,6,"72969_Adults","Adults observed","72969_Adults_2015",12
17414,42.936153,-73.433449,147,"NY",396,"Danaus","plexippus","monarch","Animalia",86971,312,"Flower visitation",2015,7,11,192,2457215,8,2015,7,11,192,2457215,6,"86971_Flower visitation","Feeding","86971_Flower visitation_2015",11
17414,42.936153,-73.433449,147,"NY",396,"Danaus","plexippus","monarch","Animalia",86971,327,"Adults",2015,5,30,150,2457173,6,2015,6,27,178,2457201,6,"86971_Adults","Adults observed","86971_Adults_2015",11
20969,33.632149,-117.55545,440,"CA",1386,"Apodemia","virgulti","Behr's metalmark","Animalia",90201,327,"Adults",2015,2,7,38,2457061,2,2015,2,7,38,2457061,8,"90201_Adults","Adults observed","90201_Adults_2015",10
20969,33.632149,-117.55545,440,"CA",1383,"Adelpha","californica","California sister","Animalia",90203,327,"Adults",2015,2,5,36,2457059,5,2015,2,5,36,2457059,2,"90203_Adults","Adults observed","90203_Adults_2015",10
20969,33.632149,-117.55545,440,"CA",1135,"Junonia","coenia","common buckeye","Animalia",90204,312,"Flower visitation",2015,11,1,305,2457328,14,2015,11,5,309,2457332,7,"90204_Flower visitation","Feeding","90204_Flower visitation_2015",9
20969,33.632149,-117.55545,440,"CA",1135,"Junonia","coenia","common buckeye","Animalia",90204,327,"Adults",2015,2,15,46,2457069,8,2015,3,5,64,2457087,3,"90204_Adults","Adults observed","90204_Adults_2015",11
20969,33.632149,-117.55545,440,"CA",1388,"Coenonympha","tullia","common ringlet","Animalia",90205,327,"Adults",2015,3,5,64,2457087,18,2015,4,4,94,2457117,9,"90205_Adults","Adults observed","90205_Adults_2015",11
20969,33.632149,-117.55545,440,"CA",1384,"Anthocharis","sara","Pacific orangetip","Animalia",90206,327,"Adults",2015,1,18,18,2457041,3,2015,1,18,18,2457041,13,"90206_Adults","Adults observed","90206_Adults_2015",10
1605,40.907997,-73.120705,45,"NY",288,"Bombus","spp.","bumblebee","Animalia",5283,327,"Adults",2016,3,17,77,2457465,NA,2016,3,17,77,2457465,14,"5283_Adults","Adults observed","5283_Adults_2016",11
1419,42.011166,-88.503304,280,"IL",288,"Bombus","spp.","bumblebee","Animalia",10284,312,"Flower visitation",2016,5,28,149,2457537,21,2016,5,28,149,2457537,7,"10284_Flower visitation","Feeding","10284_Flower visitation_2016",14
1419,42.011166,-88.503304,280,"IL",288,"Bombus","spp.","bumblebee","Animalia",10284,327,"Adults",2016,4,16,107,2457495,1,2016,4,24,115,2457503,7,"10284_Adults","Adults observed","10284_Adults_2016",14
2803,39.971001,-105.397003,2329,"CO",288,"Bombus","spp.","bumblebee","Animalia",16049,312,"Flower visitation",2016,5,29,150,2457538,2,2016,9,6,250,2457638,11,"16049_Flower visitation","Feeding","16049_Flower visitation_2016",15
2803,39.971001,-105.397003,2329,"CO",288,"Bombus","spp.","bumblebee","Animalia",16049,327,"Adults",2016,5,6,127,2457515,5,2016,5,22,143,2457531,5,"16049_Adults","Adults observed","16049_Adults_2016",15
8496,46.328629,-96.061256,393,"MN",396,"Danaus","plexippus","monarch","Animalia",25783,312,"Flower visitation",2016,8,4,217,2457605,7,2016,8,4,217,2457605,7,"25783_Flower visitation","Feeding","25783_Flower visitation_2016",10
8496,46.328629,-96.061256,393,"MN",396,"Danaus","plexippus","monarch","Animalia",25783,327,"Adults",2016,6,24,176,2457564,9,2016,6,24,176,2457564,16,"25783_Adults","Adults observed","25783_Adults_2016",12
8715,43.522804,-70.802277,215,"ME",396,"Danaus","plexippus","monarch","Animalia",28194,327,"Adults",2016,7,6,188,2457576,6,2016,7,6,188,2457576,11,"28194_Adults","Adults observed","28194_Adults_2016",9
8736,44.903229,-93.217445,248,"MN",288,"Bombus","spp.","bumblebee","Animalia",28350,312,"Flower visitation",2016,5,5,126,2457514,2,2016,6,13,165,2457553,1,"28350_Flower visitation","Feeding","28350_Flower visitation_2016",10
8736,44.903229,-93.217445,248,"MN",288,"Bombus","spp.","bumblebee","Animalia",28350,327,"Adults",2016,4,16,107,2457495,1,2016,4,20,111,2457499,2,"28350_Adults","Adults observed","28350_Adults_2016",10
8736,44.903229,-93.217445,248,"MN",391,"Pieris","rapae","cabbage white","Animalia",28351,327,"Adults",2016,5,6,127,2457515,3,2016,5,6,127,2457515,16,"28351_Adults","Adults observed","28351_Adults_2016",10
8736,44.903229,-93.217445,248,"MN",396,"Danaus","plexippus","monarch","Animalia",28352,312,"Flower visitation",2016,7,3,185,2457573,4,2016,7,5,187,2457575,1,"28352_Flower visitation","Feeding","28352_Flower visitation_2016",10
8736,44.903229,-93.217445,248,"MN",396,"Danaus","plexippus","monarch","Animalia",28352,327,"Adults",2016,7,3,185,2457573,4,2016,7,11,193,2457581,1,"28352_Adults","Adults observed","28352_Adults_2016",10
8736,44.903229,-93.217445,248,"MN",393,"Vanessa","atalanta","red admiral","Animalia",28355,327,"Adults",2016,5,6,127,2457515,1,2016,5,6,127,2457515,16,"28355_Adults","Adults observed","28355_Adults_2016",9
8242,31.596231,-110.575493,1542,"AZ",1133,"Danaus","gilippus","queen","Animalia",29642,312,"Flower visitation",2016,6,29,181,2457569,36,2016,11,9,314,2457702,34,"29642_Flower visitation","Feeding","29642_Flower visitation_2016",10
8242,31.596231,-110.575493,1542,"AZ",1133,"Danaus","gilippus","queen","Animalia",29642,327,"Adults",2016,6,29,181,2457569,36,2016,11,9,314,2457702,34,"29642_Adults","Adults observed","29642_Adults_2016",10
8418,32.363758,-94.873947,115,"TX",288,"Bombus","spp.","bumblebee","Animalia",30797,312,"Flower visitation",2016,3,13,73,2457461,11,2016,3,13,73,2457461,3,"30797_Flower visitation","Feeding","30797_Flower visitation_2016",12
8418,32.363758,-94.873947,115,"TX",288,"Bombus","spp.","bumblebee","Animalia",30797,327,"Adults",2016,3,13,73,2457461,11,2016,3,13,73,2457461,3,"30797_Adults","Adults observed","30797_Adults_2016",12
10145,42.602543,-83.250992,277,"MI",288,"Bombus","spp.","bumblebee","Animalia",38858,327,"Adults",2016,4,27,118,2457506,NA,2016,4,27,118,2457506,1,"38858_Adults","Adults observed","38858_Adults_2016",13
10145,42.602543,-83.250992,277,"MI",391,"Pieris","rapae","cabbage white","Animalia",38859,327,"Adults",2016,4,16,107,2457495,NA,2016,4,18,109,2457497,1,"38859_Adults","Adults observed","38859_Adults_2016",13
10145,42.602543,-83.250992,277,"MI",272,"Anax","junius","common green darner","Animalia",38869,327,"Adults",2016,5,8,129,2457517,NA,2016,5,8,129,2457517,1,"38869_Adults","Adults observed","38869_Adults_2016",13
10145,42.602543,-83.250992,277,"MI",396,"Danaus","plexippus","monarch","Animalia",38919,327,"Adults",2016,7,10,192,2457580,NA,2016,7,11,193,2457581,1,"38919_Adults","Adults observed","38919_Adults_2016",13
10145,42.602543,-83.250992,277,"MI",1137,"Nymphalis","antiopa","mourning cloak","Animalia",38921,327,"Adults",2016,5,23,144,2457532,NA,2016,5,23,144,2457532,1,"38921_Adults","Adults observed","38921_Adults_2016",13
10145,42.602543,-83.250992,277,"MI",1132,"Colias","eurytheme","orange sulphur","Animalia",38930,327,"Adults",2016,5,23,144,2457532,NA,2016,5,23,144,2457532,1,"38930_Adults","Adults observed","38930_Adults_2016",13
10145,42.602543,-83.250992,277,"MI",393,"Vanessa","atalanta","red admiral","Animalia",38941,327,"Adults",2016,5,16,137,2457525,NA,2016,5,17,138,2457526,1,"38941_Adults","Adults observed","38941_Adults_2016",11
6102,32.23188,-110.951012,737,"AZ",288,"Bombus","spp.","bumblebee","Animalia",49641,312,"Flower visitation",2016,2,11,42,2457430,6,2016,4,20,111,2457499,134,"49641_Flower visitation","Feeding","49641_Flower visitation_2016",10
6102,32.23188,-110.951012,737,"AZ",288,"Bombus","spp.","bumblebee","Animalia",49641,327,"Adults",2016,2,5,36,2457424,NA,2016,2,18,49,2457437,196,"49641_Adults","Adults observed","49641_Adults_2016",10
16295,27.929228,-82.725639,4,"FL",396,"Danaus","plexippus","monarch","Animalia",60947,333,"Caterpillars",2016,5,6,127,2457515,7,2016,5,6,127,2457515,7,"60947_Caterpillars","Young observed","60947_Caterpillars_2016",9
16295,27.929228,-82.725639,4,"FL",396,"Danaus","plexippus","monarch","Animalia",60947,447,"Caterpillars feeding",2016,10,12,286,2457674,19,2016,10,12,286,2457674,16,"60947_Caterpillars feeding","Young observed","60947_Caterpillars feeding_2016",9
9652,44.768246,-94.155746,309,"MN",288,"Bombus","spp.","bumblebee","Animalia",69507,312,"Flower visitation",2016,5,5,126,2457514,21,2016,7,26,208,2457596,NA,"69507_Flower visitation","Feeding","69507_Flower visitation_2016",12
9652,44.768246,-94.155746,309,"MN",288,"Bombus","spp.","bumblebee","Animalia",69507,327,"Adults",2016,4,14,105,2457493,NA,2016,7,26,208,2457596,NA,"69507_Adults","Adults observed","69507_Adults_2016",12
9652,44.768246,-94.155746,309,"MN",288,"Bombus","spp.","bumblebee","Animalia",69507,370,"Male adults",2016,4,14,105,2457493,NA,2016,5,6,127,2457515,NA,"69507_Male adults","Adults observed","69507_Male adults_2016",11
10145,42.602543,-83.250992,277,"MI",1238,"Apis","mellifera","honeybee","Animalia",69919,327,"Adults",2016,5,22,143,2457531,1,2016,5,22,143,2457531,1,"69919_Adults","Adults observed","69919_Adults_2016",12
16876,41.745537,-74.119392,72,"NY",396,"Danaus","plexippus","monarch","Animalia",72969,312,"Flower visitation",2016,8,17,230,2457618,3,2016,8,17,230,2457618,7,"72969_Flower visitation","Feeding","72969_Flower visitation_2016",12
16876,41.745537,-74.119392,72,"NY",396,"Danaus","plexippus","monarch","Animalia",72969,327,"Adults",2016,6,14,166,2457554,4,2016,6,14,166,2457554,1,"72969_Adults","Adults observed","72969_Adults_2016",12
17414,42.936153,-73.433449,147,"NY",396,"Danaus","plexippus","monarch","Animalia",86971,312,"Flower visitation",2016,8,12,225,2457613,6,2016,8,12,225,2457613,8,"86971_Flower visitation","Feeding","86971_Flower visitation_2016",11
17414,42.936153,-73.433449,147,"NY",396,"Danaus","plexippus","monarch","Animalia",86971,327,"Adults",2016,7,2,184,2457572,7,2016,7,2,184,2457572,7,"86971_Adults","Adults observed","86971_Adults_2016",11
20969,33.632149,-117.55545,440,"CA",1386,"Apodemia","virgulti","Behr's metalmark","Animalia",90201,327,"Adults",2016,3,5,65,2457453,2,2016,3,9,69,2457457,11,"90201_Adults","Adults observed","90201_Adults_2016",10
20969,33.632149,-117.55545,440,"CA",1383,"Adelpha","californica","California sister","Animalia",90203,327,"Adults",2016,1,28,28,2457416,6,2016,1,28,28,2457416,7,"90203_Adults","Adults observed","90203_Adults_2016",10
20969,33.632149,-117.55545,440,"CA",1135,"Junonia","coenia","common buckeye","Animalia",90204,312,"Flower visitation",2016,2,9,40,2457428,3,2016,2,9,40,2457428,10,"90204_Flower visitation","Feeding","90204_Flower visitation_2016",9
20969,33.632149,-117.55545,440,"CA",1135,"Junonia","coenia","common buckeye","Animalia",90204,327,"Adults",2016,1,8,8,2457396,NA,2016,1,8,8,2457396,3,"90204_Adults","Adults observed","90204_Adults_2016",11
20969,33.632149,-117.55545,440,"CA",1388,"Coenonympha","tullia","common ringlet","Animalia",90205,327,"Adults",2016,2,26,57,2457445,6,2016,3,25,85,2457473,6,"90205_Adults","Adults observed","90205_Adults_2016",11
20969,33.632149,-117.55545,440,"CA",1384,"Anthocharis","sara","Pacific orangetip","Animalia",90206,327,"Adults",2016,1,28,28,2457416,6,2016,4,18,109,2457497,12,"90206_Adults","Adults observed","90206_Adults_2016",10
22613,32.33926,-110.981728,813,"AZ",1131,"Calephelis","nemesis","fatal metalmark","Animalia",100905,327,"Adults",2016,5,14,135,2457523,14,2016,5,14,135,2457523,7,"100905_Adults","Adults observed","100905_Adults_2016",10
22613,32.33926,-110.981728,813,"AZ",1403,"Papilio","cresphontes","giant swallowtail","Animalia",100906,327,"Adults",2016,3,26,86,2457474,NA,2016,7,23,205,2457593,7,"100906_Adults","Adults observed","100906_Adults_2016",10
22613,32.33926,-110.981728,813,"AZ",1391,"Agraulis","vanillae","gulf fritillary","Animalia",100907,327,"Adults",2016,3,26,86,2457474,NA,2016,5,14,135,2457523,7,"100907_Adults","Adults observed","100907_Adults_2016",10
22613,32.33926,-110.981728,813,"AZ",396,"Danaus","plexippus","monarch","Animalia",100909,327,"Adults",2016,5,14,135,2457523,NA,2016,6,4,156,2457544,6,"100909_Adults","Adults observed","100909_Adults_2016",10
22613,32.33926,-110.981728,813,"AZ",1129,"Battus","philenor","pipevine swallowtail","Animalia",100912,327,"Adults",2016,3,26,86,2457474,NA,2016,5,21,142,2457530,14,"100912_Adults","Adults observed","100912_Adults_2016",10
22613,32.33926,-110.981728,813,"AZ",1129,"Battus","philenor","pipevine swallowtail","Animalia",100912,333,"Caterpillars",2016,4,9,100,2457488,7,2016,5,7,128,2457516,7,"100912_Caterpillars","Young observed","100912_Caterpillars_2016",9
22613,32.33926,-110.981728,813,"AZ",1133,"Danaus","gilippus","queen","Animalia",100913,327,"Adults",2016,4,23,114,2457502,7,2016,6,4,156,2457544,6,"100913_Adults","Adults observed","100913_Adults_2016",10
22613,32.33926,-110.981728,813,"AZ",260,"Celastrina","ladon complex","spring azure","Animalia",100915,327,"Adults",2016,3,26,86,2457474,NA,2016,4,9,100,2457488,7,"100915_Adults","Adults observed","100915_Adults_2016",9
1419,42.011166,-88.503304,280,"IL",288,"Bombus","spp.","bumblebee","Animalia",10284,312,"Flower visitation",2017,5,27,147,2457901,20,2017,5,27,147,2457901,1,"10284_Flower visitation","Feeding","10284_Flower visitation_2017",14
1419,42.011166,-88.503304,280,"IL",288,"Bombus","spp.","bumblebee","Animalia",10284,327,"Adults",2017,5,7,127,2457881,28,2017,5,27,147,2457901,1,"10284_Adults","Adults observed","10284_Adults_2017",14
2803,39.971001,-105.397003,2329,"CO",288,"Bombus","spp.","bumblebee","Animalia",16049,312,"Flower visitation",2017,5,15,135,2457889,3,2017,5,15,135,2457889,4,"16049_Flower visitation","Feeding","16049_Flower visitation_2017",15
2803,39.971001,-105.397003,2329,"CO",288,"Bombus","spp.","bumblebee","Animalia",16049,327,"Adults",2017,4,15,105,2457859,2,2017,5,8,128,2457882,4,"16049_Adults","Adults observed","16049_Adults_2017",15
8496,46.328629,-96.061256,393,"MN",396,"Danaus","plexippus","monarch","Animalia",25783,312,"Flower visitation",2017,7,27,208,2457962,7,2017,8,5,217,2457971,11,"25783_Flower visitation","Feeding","25783_Flower visitation_2017",10
8496,46.328629,-96.061256,393,"MN",396,"Danaus","plexippus","monarch","Animalia",25783,327,"Adults",2017,7,20,201,2457955,5,2017,8,16,228,2457982,36,"25783_Adults","Adults observed","25783_Adults_2017",12
8715,43.522804,-70.802277,215,"ME",396,"Danaus","plexippus","monarch","Animalia",28194,327,"Adults",2017,6,21,172,2457926,7,2017,6,21,172,2457926,8,"28194_Adults","Adults observed","28194_Adults_2017",9
8736,44.903229,-93.217445,248,"MN",288,"Bombus","spp.","bumblebee","Animalia",28350,312,"Flower visitation",2017,4,29,119,2457873,4,2017,4,29,119,2457873,6,"28350_Flower visitation","Feeding","28350_Flower visitation_2017",10
8736,44.903229,-93.217445,248,"MN",288,"Bombus","spp.","bumblebee","Animalia",28350,327,"Adults",2017,4,29,119,2457873,4,2017,5,5,125,2457879,1,"28350_Adults","Adults observed","28350_Adults_2017",10
8736,44.903229,-93.217445,248,"MN",391,"Pieris","rapae","cabbage white","Animalia",28351,327,"Adults",2017,5,2,122,2457876,7,2017,5,2,122,2457876,3,"28351_Adults","Adults observed","28351_Adults_2017",10
8736,44.903229,-93.217445,248,"MN",396,"Danaus","plexippus","monarch","Animalia",28352,312,"Flower visitation",2017,7,5,186,2457940,1,2017,7,5,186,2457940,1,"28352_Flower visitation","Feeding","28352_Flower visitation_2017",10
8736,44.903229,-93.217445,248,"MN",396,"Danaus","plexippus","monarch","Animalia",28352,327,"Adults",2017,7,4,185,2457939,1,2017,7,5,186,2457940,1,"28352_Adults","Adults observed","28352_Adults_2017",10
8736,44.903229,-93.217445,248,"MN",393,"Vanessa","atalanta","red admiral","Animalia",28355,327,"Adults",2017,5,25,145,2457899,9,2017,5,25,145,2457899,6,"28355_Adults","Adults observed","28355_Adults_2017",9
8242,31.596231,-110.575493,1542,"AZ",1133,"Danaus","gilippus","queen","Animalia",29642,312,"Flower visitation",2017,6,4,155,2457909,63,2017,8,9,221,2457975,111,"29642_Flower visitation","Feeding","29642_Flower visitation_2017",10
8242,31.596231,-110.575493,1542,"AZ",1133,"Danaus","gilippus","queen","Animalia",29642,327,"Adults",2017,6,4,155,2457909,63,2017,8,9,221,2457975,111,"29642_Adults","Adults observed","29642_Adults_2017",10
8418,32.363758,-94.873947,115,"TX",288,"Bombus","spp.","bumblebee","Animalia",30797,312,"Flower visitation",2017,2,22,53,2457807,3,2017,2,22,53,2457807,4,"30797_Flower visitation","Feeding","30797_Flower visitation_2017",12
8418,32.363758,-94.873947,115,"TX",288,"Bombus","spp.","bumblebee","Animalia",30797,327,"Adults",2017,2,22,53,2457807,3,2017,2,22,53,2457807,4,"30797_Adults","Adults observed","30797_Adults_2017",12
10145,42.602543,-83.250992,277,"MI",288,"Bombus","spp.","bumblebee","Animalia",38858,327,"Adults",2017,4,24,114,2457868,NA,2017,4,24,114,2457868,1,"38858_Adults","Adults observed","38858_Adults_2017",13
10145,42.602543,-83.250992,277,"MI",391,"Pieris","rapae","cabbage white","Animalia",38859,327,"Adults",2017,4,11,101,2457855,NA,2017,4,20,110,2457864,1,"38859_Adults","Adults observed","38859_Adults_2017",13
10145,42.602543,-83.250992,277,"MI",272,"Anax","junius","common green darner","Animalia",38869,327,"Adults",2017,4,24,114,2457868,NA,2017,4,24,114,2457868,1,"38869_Adults","Adults observed","38869_Adults_2017",13
10145,42.602543,-83.250992,277,"MI",396,"Danaus","plexippus","monarch","Animalia",38919,327,"Adults",2017,5,30,150,2457904,NA,2017,5,30,150,2457904,1,"38919_Adults","Adults observed","38919_Adults_2017",13
10145,42.602543,-83.250992,277,"MI",1137,"Nymphalis","antiopa","mourning cloak","Animalia",38921,327,"Adults",2017,4,2,92,2457846,NA,2017,4,2,92,2457846,1,"38921_Adults","Adults observed","38921_Adults_2017",13
10145,42.602543,-83.250992,277,"MI",1132,"Colias","eurytheme","orange sulphur","Animalia",38930,327,"Adults",2017,6,27,178,2457932,NA,2017,6,27,178,2457932,1,"38930_Adults","Adults observed","38930_Adults_2017",13
10145,42.602543,-83.250992,277,"MI",393,"Vanessa","atalanta","red admiral","Animalia",38941,327,"Adults",2017,4,17,107,2457861,NA,2017,4,20,110,2457864,1,"38941_Adults","Adults observed","38941_Adults_2017",11
6102,32.23188,-110.951012,737,"AZ",288,"Bombus","spp.","bumblebee","Animalia",49641,312,"Flower visitation",2017,9,25,268,2458022,33,2017,9,25,268,2458022,31,"49641_Flower visitation","Feeding","49641_Flower visitation_2017",10
6102,32.23188,-110.951012,737,"AZ",288,"Bombus","spp.","bumblebee","Animalia",49641,327,"Adults",2017,8,23,235,2457989,114,2017,10,26,299,2458053,NA,"49641_Adults","Adults observed","49641_Adults_2017",10
12064,32.248463,-110.909584,745,"AZ",396,"Danaus","plexippus","monarch","Animalia",50768,312,"Flower visitation",2017,6,9,160,2457914,NA,2017,8,18,230,2457984,42,"50768_Flower visitation","Feeding","50768_Flower visitation_2017",9
12064,32.248463,-110.909584,745,"AZ",396,"Danaus","plexippus","monarch","Animalia",50768,327,"Adults",2017,6,9,160,2457914,NA,2017,8,18,230,2457984,35,"50768_Adults","Adults observed","50768_Adults_2017",9
12064,32.248463,-110.909584,745,"AZ",1133,"Danaus","gilippus","queen","Animalia",50769,312,"Flower visitation",2017,6,16,167,2457921,7,2017,6,16,167,2457921,29,"50769_Flower visitation","Feeding","50769_Flower visitation_2017",9
12064,32.248463,-110.909584,745,"AZ",1133,"Danaus","gilippus","queen","Animalia",50769,327,"Adults",2017,6,16,167,2457921,7,2017,6,16,167,2457921,29,"50769_Adults","Adults observed","50769_Adults_2017",9
12064,32.248463,-110.909584,745,"AZ",1142,"Bombus","sonorus","Sonoran bumble bee","Animalia",50772,312,"Flower visitation",2017,6,16,167,2457921,7,2017,6,16,167,2457921,29,"50772_Flower visitation","Feeding","50772_Flower visitation_2017",9
12064,32.248463,-110.909584,745,"AZ",1142,"Bombus","sonorus","Sonoran bumble bee","Animalia",50772,327,"Adults",2017,6,16,167,2457921,7,2017,6,16,167,2457921,29,"50772_Adults","Adults observed","50772_Adults_2017",9
12064,32.248463,-110.909584,745,"AZ",1143,"Xylocopa","varipuncta","valley carpenter bee","Animalia",50773,327,"Adults",2017,6,9,160,2457914,NA,2017,7,15,196,2457950,5,"50773_Adults","Adults observed","50773_Adults_2017",9
16295,27.929228,-82.725639,4,"FL",396,"Danaus","plexippus","monarch","Animalia",60947,333,"Caterpillars",2017,2,23,54,2457808,7,2017,3,2,61,2457815,7,"60947_Caterpillars","Young observed","60947_Caterpillars_2017",9
16295,27.929228,-82.725639,4,"FL",396,"Danaus","plexippus","monarch","Animalia",60947,447,"Caterpillars feeding",2017,2,23,54,2457808,7,2017,3,2,61,2457815,7,"60947_Caterpillars feeding","Young observed","60947_Caterpillars feeding_2017",9
9652,44.768246,-94.155746,309,"MN",288,"Bombus","spp.","bumblebee","Animalia",69507,312,"Flower visitation",2017,4,22,112,2457866,21,2017,9,24,267,2458021,NA,"69507_Flower visitation","Feeding","69507_Flower visitation_2017",12
9652,44.768246,-94.155746,309,"MN",288,"Bombus","spp.","bumblebee","Animalia",69507,327,"Adults",2017,4,1,91,2457845,NA,2017,9,24,267,2458021,NA,"69507_Adults","Adults observed","69507_Adults_2017",12
9652,44.768246,-94.155746,309,"MN",288,"Bombus","spp.","bumblebee","Animalia",69507,370,"Male adults",2017,4,22,112,2457866,NA,2017,6,4,155,2457909,5,"69507_Male adults","Adults observed","69507_Male adults_2017",11
10145,42.602543,-83.250992,277,"MI",1238,"Apis","mellifera","honeybee","Animalia",69919,327,"Adults",2017,4,17,107,2457861,NA,2017,4,20,110,2457864,1,"69919_Adults","Adults observed","69919_Adults_2017",12
16876,41.745537,-74.119392,72,"NY",396,"Danaus","plexippus","monarch","Animalia",72969,312,"Flower visitation",2017,7,19,200,2457954,4,2017,7,20,201,2457955,1,"72969_Flower visitation","Feeding","72969_Flower visitation_2017",12
16876,41.745537,-74.119392,72,"NY",396,"Danaus","plexippus","monarch","Animalia",72969,327,"Adults",2017,7,19,200,2457954,4,2017,7,20,201,2457955,1,"72969_Adults","Adults observed","72969_Adults_2017",12
17414,42.936153,-73.433449,147,"NY",396,"Danaus","plexippus","monarch","Animalia",86971,312,"Flower visitation",2017,6,3,154,2457908,6,2017,6,3,154,2457908,5,"86971_Flower visitation","Feeding","86971_Flower visitation_2017",11
17414,42.936153,-73.433449,147,"NY",396,"Danaus","plexippus","monarch","Animalia",86971,327,"Adults",2017,6,3,154,2457908,6,2017,6,3,154,2457908,5,"86971_Adults","Adults observed","86971_Adults_2017",11
20969,33.632149,-117.55545,440,"CA",1386,"Apodemia","virgulti","Behr's metalmark","Animalia",90201,327,"Adults",2017,5,4,124,2457878,18,2017,5,4,124,2457878,8,"90201_Adults","Adults observed","90201_Adults_2017",10
20969,33.632149,-117.55545,440,"CA",1383,"Adelpha","californica","California sister","Animalia",90203,327,"Adults",2017,3,2,61,2457815,11,2017,3,2,61,2457815,2,"90203_Adults","Adults observed","90203_Adults_2017",10
20969,33.632149,-117.55545,440,"CA",1135,"Junonia","coenia","common buckeye","Animalia",90204,312,"Flower visitation",2017,5,21,141,2457895,7,2017,5,21,141,2457895,11,"90204_Flower visitation","Feeding","90204_Flower visitation_2017",9
20969,33.632149,-117.55545,440,"CA",1135,"Junonia","coenia","common buckeye","Animalia",90204,327,"Adults",2017,3,9,68,2457822,5,2017,3,9,68,2457822,10,"90204_Adults","Adults observed","90204_Adults_2017",11
20969,33.632149,-117.55545,440,"CA",1388,"Coenonympha","tullia","common ringlet","Animalia",90205,327,"Adults",2017,3,4,63,2457817,2,2017,3,4,63,2457817,5,"90205_Adults","Adults observed","90205_Adults_2017",11
20969,33.632149,-117.55545,440,"CA",1384,"Anthocharis","sara","Pacific orangetip","Animalia",90206,327,"Adults",2017,2,4,35,2457789,1,2017,2,9,40,2457794,10,"90206_Adults","Adults observed","90206_Adults_2017",10
22613,32.33926,-110.981728,813,"AZ",1131,"Calephelis","nemesis","fatal metalmark","Animalia",100905,327,"Adults",2017,3,18,77,2457831,7,2017,3,26,85,2457839,6,"100905_Adults","Adults observed","100905_Adults_2017",10
22613,32.33926,-110.981728,813,"AZ",1403,"Papilio","cresphontes","giant swallowtail","Animalia",100906,327,"Adults",2017,3,11,70,2457824,7,2017,4,15,105,2457859,7,"100906_Adults","Adults observed","100906_Adults_2017",10
22613,32.33926,-110.981728,813,"AZ",1391,"Agraulis","vanillae","gulf fritillary","Animalia",100907,327,"Adults",2017,1,7,7,2457761,NA,2017,1,7,7,2457761,7,"100907_Adults","Adults observed","100907_Adults_2017",10
22613,32.33926,-110.981728,813,"AZ",396,"Danaus","plexippus","monarch","Animalia",100909,327,"Adults",2017,1,7,7,2457761,NA,2017,1,14,14,2457768,7,"100909_Adults","Adults observed","100909_Adults_2017",10
22613,32.33926,-110.981728,813,"AZ",1129,"Battus","philenor","pipevine swallowtail","Animalia",100912,327,"Adults",2017,1,14,14,2457768,7,2017,1,14,14,2457768,7,"100912_Adults","Adults observed","100912_Adults_2017",10
22613,32.33926,-110.981728,813,"AZ",1129,"Battus","philenor","pipevine swallowtail","Animalia",100912,333,"Caterpillars",2017,4,1,91,2457845,6,2017,4,1,91,2457845,8,"100912_Caterpillars","Young observed","100912_Caterpillars_2017",9
22613,32.33926,-110.981728,813,"AZ",1133,"Danaus","gilippus","queen","Animalia",100913,327,"Adults",2017,1,7,7,2457761,NA,2017,1,14,14,2457768,7,"100913_Adults","Adults observed","100913_Adults_2017",10
22613,32.33926,-110.981728,813,"AZ",260,"Celastrina","ladon complex","spring azure","Animalia",100915,327,"Adults",2017,4,15,105,2457859,6,2017,4,15,105,2457859,7,"100915_Adults","Adults observed","100915_Adults_2017",9
22979,41.556442,-93.267807,267,"IA",396,"Danaus","plexippus","monarch","Animalia",104138,327,"Adults",2017,7,26,207,2457961,NA,2017,7,31,212,2457966,11,"104138_Adults","Adults observed","104138_Adults_2017",9
22981,41.559528,-93.278351,265,"IA",396,"Danaus","plexippus","monarch","Animalia",104149,327,"Adults",2017,7,3,184,2457938,NA,2017,8,11,223,2457977,14,"104149_Adults","Adults observed","104149_Adults_2017",9
25568,45.140465,-93.312943,260,"MN",273,"Calopteryx","maculata","ebony jewelwing","Animalia",123979,327,"Adults",2017,6,15,166,2457920,NA,2017,8,18,230,2457984,NA,"123979_Adults","Adults observed","123979_Adults_2017",9
25568,45.140465,-93.312943,260,"MN",396,"Danaus","plexippus","monarch","Animalia",123980,312,"Flower visitation",2017,7,29,210,2457964,44,2017,8,18,230,2457984,NA,"123980_Flower visitation","Feeding","123980_Flower visitation_2017",9
25568,45.140465,-93.312943,260,"MN",396,"Danaus","plexippus","monarch","Animalia",123980,327,"Adults",2017,7,29,210,2457964,44,2017,8,18,230,2457984,NA,"123980_Adults","Adults observed","123980_Adults_2017",9
22613,32.33926,-110.981728,813,"AZ",415,"Libellula","saturata","flame skimmer","Animalia",136804,327,"Adults",2017,5,2,122,2457876,NA,2017,5,2,122,2457876,14,"136804_Adults","Adults observed","136804_Adults_2017",9
12064,32.248463,-110.909584,745,"AZ",1391,"Agraulis","vanillae","gulf fritillary","Animalia",139418,327,"Adults",2017,6,16,167,2457921,7,2017,6,16,167,2457921,29,"139418_Adults","Adults observed","139418_Adults_2017",9
9652,44.768246,-94.155746,309,"MN",1427,"Diceroprocta","apache","Apache cicada","Animalia",139451,327,"Adults",2017,7,12,193,2457947,NA,2017,8,15,227,2457981,NA,"139451_Adults","Adults observed","139451_Adults_2017",9
9652,44.768246,-94.155746,309,"MN",1427,"Diceroprocta","apache","Apache cicada","Animalia",139451,528,"Courtship calling",2017,7,12,193,2457947,NA,2017,7,18,199,2457953,1,"139451_Courtship calling","Mating activity","139451_Courtship calling_2017",9
9652,44.768246,-94.155746,309,"MN",1427,"Diceroprocta","apache","Apache cicada","Animalia",139451,530,"Cast-off skins (nymph)",2017,7,18,199,2457953,6,2017,7,21,202,2457956,25,"139451_Cast-off skins (nymph)","Young observed","139451_Cast-off skins (nymph)_2017",9
9652,44.768246,-94.155746,309,"MN",391,"Pieris","rapae","cabbage white","Animalia",139454,312,"Flower visitation",2017,6,23,174,2457928,NA,2017,7,16,197,2457951,NA,"139454_Flower visitation","Feeding","139454_Flower visitation_2017",9
9652,44.768246,-94.155746,309,"MN",391,"Pieris","rapae","cabbage white","Animalia",139454,327,"Adults",2017,6,23,174,2457928,NA,2017,7,16,197,2457951,NA,"139454_Adults","Adults observed","139454_Adults_2017",9
9652,44.768246,-94.155746,309,"MN",1238,"Apis","mellifera","honeybee","Animalia",139456,312,"Flower visitation",2017,6,6,157,2457911,NA,2017,9,23,266,2458020,NA,"139456_Flower visitation","Feeding","139456_Flower visitation_2017",9
9652,44.768246,-94.155746,309,"MN",1238,"Apis","mellifera","honeybee","Animalia",139456,327,"Adults",2017,6,6,157,2457911,NA,2017,9,23,266,2458020,NA,"139456_Adults","Adults observed","139456_Adults_2017",9
9652,44.768246,-94.155746,309,"MN",396,"Danaus","plexippus","monarch","Animalia",139457,312,"Flower visitation",2017,7,21,202,2457956,5,2017,9,23,266,2458020,NA,"139457_Flower visitation","Feeding","139457_Flower visitation_2017",9
9652,44.768246,-94.155746,309,"MN",396,"Danaus","plexippus","monarch","Animalia",139457,327,"Adults",2017,6,4,155,2457909,NA,2017,9,23,266,2458020,NA,"139457_Adults","Adults observed","139457_Adults_2017",9
22613,32.33926,-110.981728,813,"AZ",272,"Anax","junius","common green darner","Animalia",145493,327,"Adults",2017,10,3,276,2458030,NA,2017,10,3,276,2458030,7,"145493_Adults","Adults observed","145493_Adults_2017",9
1605,40.907997,-73.120705,45,"NY",288,"Bombus","spp.","bumblebee","Animalia",5283,327,"Adults",2018,5,2,122,2458241,NA,2018,5,2,122,2458241,NA,"5283_Adults","Adults observed","5283_Adults_2018",11
1419,42.011166,-88.503304,280,"IL",288,"Bombus","spp.","bumblebee","Animalia",10284,312,"Flower visitation",2018,6,9,160,2458279,34,2018,6,15,166,2458285,19,"10284_Flower visitation","Feeding","10284_Flower visitation_2018",14
1419,42.011166,-88.503304,280,"IL",288,"Bombus","spp.","bumblebee","Animalia",10284,327,"Adults",2018,6,9,160,2458279,34,2018,6,15,166,2458285,19,"10284_Adults","Adults observed","10284_Adults_2018",14
5674,44.910587,-70.266861,261,"ME",396,"Danaus","plexippus","monarch","Animalia",12711,312,"Flower visitation",2018,8,5,217,2458336,14,2018,9,9,252,2458371,7,"12711_Flower visitation","Feeding","12711_Flower visitation_2018",11
5674,44.910587,-70.266861,261,"ME",396,"Danaus","plexippus","monarch","Animalia",12711,327,"Adults",2018,8,5,217,2458336,14,2018,9,9,252,2458371,7,"12711_Adults","Adults observed","12711_Adults_2018",11
2803,39.971001,-105.397003,2329,"CO",288,"Bombus","spp.","bumblebee","Animalia",16049,312,"Flower visitation",2018,4,27,117,2458236,4,2018,7,13,194,2458313,3,"16049_Flower visitation","Feeding","16049_Flower visitation_2018",15
2803,39.971001,-105.397003,2329,"CO",288,"Bombus","spp.","bumblebee","Animalia",16049,327,"Adults",2018,4,27,117,2458236,4,2018,7,13,194,2458313,3,"16049_Adults","Adults observed","16049_Adults_2018",15
8496,46.328629,-96.061256,393,"MN",396,"Danaus","plexippus","monarch","Animalia",25783,312,"Flower visitation",2018,5,23,143,2458262,3,2018,5,23,143,2458262,8,"25783_Flower visitation","Feeding","25783_Flower visitation_2018",10
8496,46.328629,-96.061256,393,"MN",396,"Danaus","plexippus","monarch","Animalia",25783,327,"Adults",2018,5,20,140,2458259,6,2018,5,23,143,2458262,8,"25783_Adults","Adults observed","25783_Adults_2018",12
8715,43.522804,-70.802277,215,"ME",396,"Danaus","plexippus","monarch","Animalia",28194,327,"Adults",2018,6,27,178,2458297,7,2018,6,27,178,2458297,5,"28194_Adults","Adults observed","28194_Adults_2018",9
8736,44.903229,-93.217445,248,"MN",288,"Bombus","spp.","bumblebee","Animalia",28350,312,"Flower visitation",2018,5,28,148,2458267,21,2018,9,16,259,2458378,9,"28350_Flower visitation","Feeding","28350_Flower visitation_2018",10
8736,44.903229,-93.217445,248,"MN",288,"Bombus","spp.","bumblebee","Animalia",28350,327,"Adults",2018,4,5,95,2458214,92,2018,4,5,95,2458214,14,"28350_Adults","Adults observed","28350_Adults_2018",10
8736,44.903229,-93.217445,248,"MN",391,"Pieris","rapae","cabbage white","Animalia",28351,327,"Adults",2018,7,11,192,2458311,3,2018,7,16,197,2458316,1,"28351_Adults","Adults observed","28351_Adults_2018",10
8736,44.903229,-93.217445,248,"MN",396,"Danaus","plexippus","monarch","Animalia",28352,312,"Flower visitation",2018,6,29,180,2458299,7,2018,7,13,194,2458313,2,"28352_Flower visitation","Feeding","28352_Flower visitation_2018",10
8736,44.903229,-93.217445,248,"MN",396,"Danaus","plexippus","monarch","Animalia",28352,327,"Adults",2018,6,29,180,2458299,7,2018,7,13,194,2458313,2,"28352_Adults","Adults observed","28352_Adults_2018",10
8736,44.903229,-93.217445,248,"MN",393,"Vanessa","atalanta","red admiral","Animalia",28355,327,"Adults",2018,6,21,172,2458291,20,2018,6,22,173,2458292,7,"28355_Adults","Adults observed","28355_Adults_2018",9
8242,31.596231,-110.575493,1542,"AZ",1133,"Danaus","gilippus","queen","Animalia",29642,312,"Flower visitation",2018,6,9,160,2458279,53,2018,6,9,160,2458279,29,"29642_Flower visitation","Feeding","29642_Flower visitation_2018",10
8242,31.596231,-110.575493,1542,"AZ",1133,"Danaus","gilippus","queen","Animalia",29642,327,"Adults",2018,6,9,160,2458279,53,2018,6,9,160,2458279,29,"29642_Adults","Adults observed","29642_Adults_2018",10
8418,32.363758,-94.873947,115,"TX",288,"Bombus","spp.","bumblebee","Animalia",30797,312,"Flower visitation",2018,3,18,77,2458196,11,2018,3,18,77,2458196,3,"30797_Flower visitation","Feeding","30797_Flower visitation_2018",12
8418,32.363758,-94.873947,115,"TX",288,"Bombus","spp.","bumblebee","Animalia",30797,327,"Adults",2018,3,18,77,2458196,11,2018,3,18,77,2458196,3,"30797_Adults","Adults observed","30797_Adults_2018",12
10145,42.602543,-83.250992,277,"MI",288,"Bombus","spp.","bumblebee","Animalia",38858,327,"Adults",2018,4,29,119,2458238,NA,2018,5,2,122,2458241,2,"38858_Adults","Adults observed","38858_Adults_2018",13
10145,42.602543,-83.250992,277,"MI",391,"Pieris","rapae","cabbage white","Animalia",38859,327,"Adults",2018,4,26,116,2458235,NA,2018,4,26,116,2458235,1,"38859_Adults","Adults observed","38859_Adults_2018",13
10145,42.602543,-83.250992,277,"MI",272,"Anax","junius","common green darner","Animalia",38869,327,"Adults",2018,4,30,120,2458239,NA,2018,4,30,120,2458239,1,"38869_Adults","Adults observed","38869_Adults_2018",13
10145,42.602543,-83.250992,277,"MI",396,"Danaus","plexippus","monarch","Animalia",38919,327,"Adults",2018,5,23,143,2458262,NA,2018,5,24,144,2458263,2,"38919_Adults","Adults observed","38919_Adults_2018",13
10145,42.602543,-83.250992,277,"MI",1137,"Nymphalis","antiopa","mourning cloak","Animalia",38921,327,"Adults",2018,4,20,110,2458229,NA,2018,4,20,110,2458229,1,"38921_Adults","Adults observed","38921_Adults_2018",13
10145,42.602543,-83.250992,277,"MI",1132,"Colias","eurytheme","orange sulphur","Animalia",38930,327,"Adults",2018,5,18,138,2458257,NA,2018,5,18,138,2458257,1,"38930_Adults","Adults observed","38930_Adults_2018",13
10145,42.602543,-83.250992,277,"MI",393,"Vanessa","atalanta","red admiral","Animalia",38941,327,"Adults",2018,5,9,129,2458248,NA,2018,5,9,129,2458248,1,"38941_Adults","Adults observed","38941_Adults_2018",11
6102,32.23188,-110.951012,737,"AZ",288,"Bombus","spp.","bumblebee","Animalia",49641,312,"Flower visitation",2018,10,9,282,2458401,NA,2018,11,29,333,2458452,NA,"49641_Flower visitation","Feeding","49641_Flower visitation_2018",10
6102,32.23188,-110.951012,737,"AZ",288,"Bombus","spp.","bumblebee","Animalia",49641,327,"Adults",2018,2,16,47,2458166,NA,2018,11,29,333,2458452,NA,"49641_Adults","Adults observed","49641_Adults_2018",10
12064,32.248463,-110.909584,745,"AZ",396,"Danaus","plexippus","monarch","Animalia",50768,312,"Flower visitation",2018,1,12,12,2458131,NA,2018,1,12,12,2458131,15,"50768_Flower visitation","Feeding","50768_Flower visitation_2018",9
12064,32.248463,-110.909584,745,"AZ",396,"Danaus","plexippus","monarch","Animalia",50768,327,"Adults",2018,1,12,12,2458131,NA,2018,1,12,12,2458131,15,"50768_Adults","Adults observed","50768_Adults_2018",9
12064,32.248463,-110.909584,745,"AZ",1133,"Danaus","gilippus","queen","Animalia",50769,312,"Flower visitation",2018,2,1,32,2458151,5,2018,2,1,32,2458151,9,"50769_Flower visitation","Feeding","50769_Flower visitation_2018",9
12064,32.248463,-110.909584,745,"AZ",1133,"Danaus","gilippus","queen","Animalia",50769,327,"Adults",2018,2,1,32,2458151,5,2018,2,1,32,2458151,9,"50769_Adults","Adults observed","50769_Adults_2018",9
12064,32.248463,-110.909584,745,"AZ",1142,"Bombus","sonorus","Sonoran bumble bee","Animalia",50772,312,"Flower visitation",2018,3,6,65,2458184,11,2018,3,6,65,2458184,17,"50772_Flower visitation","Feeding","50772_Flower visitation_2018",9
12064,32.248463,-110.909584,745,"AZ",1142,"Bombus","sonorus","Sonoran bumble bee","Animalia",50772,327,"Adults",2018,3,6,65,2458184,11,2018,3,6,65,2458184,17,"50772_Adults","Adults observed","50772_Adults_2018",9
12064,32.248463,-110.909584,745,"AZ",1143,"Xylocopa","varipuncta","valley carpenter bee","Animalia",50773,327,"Adults",2018,1,27,27,2458146,15,2018,1,27,27,2458146,5,"50773_Adults","Adults observed","50773_Adults_2018",9
16295,27.929228,-82.725639,4,"FL",396,"Danaus","plexippus","monarch","Animalia",60947,333,"Caterpillars",2018,3,22,81,2458200,7,2018,3,29,88,2458207,14,"60947_Caterpillars","Young observed","60947_Caterpillars_2018",9
16295,27.929228,-82.725639,4,"FL",396,"Danaus","plexippus","monarch","Animalia",60947,447,"Caterpillars feeding",2018,3,22,81,2458200,7,2018,3,29,88,2458207,14,"60947_Caterpillars feeding","Young observed","60947_Caterpillars feeding_2018",9
9652,44.768246,-94.155746,309,"MN",288,"Bombus","spp.","bumblebee","Animalia",69507,312,"Flower visitation",2018,5,24,144,2458263,7,2018,8,26,238,2458357,NA,"69507_Flower visitation","Feeding","69507_Flower visitation_2018",12
9652,44.768246,-94.155746,309,"MN",288,"Bombus","spp.","bumblebee","Animalia",69507,327,"Adults",2018,5,1,121,2458240,NA,2018,8,26,238,2458357,NA,"69507_Adults","Adults observed","69507_Adults_2018",12
9652,44.768246,-94.155746,309,"MN",288,"Bombus","spp.","bumblebee","Animalia",69507,370,"Male adults",2018,5,1,121,2458240,NA,2018,7,9,190,2458309,8,"69507_Male adults","Adults observed","69507_Male adults_2018",11
10145,42.602543,-83.250992,277,"MI",1238,"Apis","mellifera","honeybee","Animalia",69919,327,"Adults",2018,5,5,125,2458244,NA,2018,5,5,125,2458244,1,"69919_Adults","Adults observed","69919_Adults_2018",12
16876,41.745537,-74.119392,72,"NY",396,"Danaus","plexippus","monarch","Animalia",72969,312,"Flower visitation",2018,7,7,188,2458307,11,2018,7,17,198,2458317,1,"72969_Flower visitation","Feeding","72969_Flower visitation_2018",12
16876,41.745537,-74.119392,72,"NY",396,"Danaus","plexippus","monarch","Animalia",72969,327,"Adults",2018,7,7,188,2458307,11,2018,8,20,232,2458351,4,"72969_Adults","Adults observed","72969_Adults_2018",12
17414,42.936153,-73.433449,147,"NY",396,"Danaus","plexippus","monarch","Animalia",86971,312,"Flower visitation",2018,6,11,162,2458281,2,2018,6,11,162,2458281,4,"86971_Flower visitation","Feeding","86971_Flower visitation_2018",11
17414,42.936153,-73.433449,147,"NY",396,"Danaus","plexippus","monarch","Animalia",86971,327,"Adults",2018,6,11,162,2458281,2,2018,6,11,162,2458281,4,"86971_Adults","Adults observed","86971_Adults_2018",11
20969,33.632149,-117.55545,440,"CA",1386,"Apodemia","virgulti","Behr's metalmark","Animalia",90201,327,"Adults",2018,6,7,158,2458277,18,2018,6,13,164,2458283,2,"90201_Adults","Adults observed","90201_Adults_2018",10
20969,33.632149,-117.55545,440,"CA",1383,"Adelpha","californica","California sister","Animalia",90203,327,"Adults",2018,2,8,39,2458158,18,2018,2,8,39,2458158,3,"90203_Adults","Adults observed","90203_Adults_2018",10
20969,33.632149,-117.55545,440,"CA",1135,"Junonia","coenia","common buckeye","Animalia",90204,312,"Flower visitation",2018,3,31,90,2458209,12,2018,3,31,90,2458209,5,"90204_Flower visitation","Feeding","90204_Flower visitation_2018",9
20969,33.632149,-117.55545,440,"CA",1135,"Junonia","coenia","common buckeye","Animalia",90204,327,"Adults",2018,1,4,4,2458123,NA,2018,1,4,4,2458123,2,"90204_Adults","Adults observed","90204_Adults_2018",11
20969,33.632149,-117.55545,440,"CA",1388,"Coenonympha","tullia","common ringlet","Animalia",90205,327,"Adults",2018,4,9,99,2458218,4,2018,5,8,128,2458247,12,"90205_Adults","Adults observed","90205_Adults_2018",11
20969,33.632149,-117.55545,440,"CA",1384,"Anthocharis","sara","Pacific orangetip","Animalia",90206,327,"Adults",2018,2,8,39,2458158,18,2018,2,8,39,2458158,3,"90206_Adults","Adults observed","90206_Adults_2018",10
22613,32.33926,-110.981728,813,"AZ",1131,"Calephelis","nemesis","fatal metalmark","Animalia",100905,327,"Adults",2018,2,13,44,2458163,3,2018,2,13,44,2458163,4,"100905_Adults","Adults observed","100905_Adults_2018",10
22613,32.33926,-110.981728,813,"AZ",1403,"Papilio","cresphontes","giant swallowtail","Animalia",100906,327,"Adults",2018,2,10,41,2458160,4,2018,2,10,41,2458160,3,"100906_Adults","Adults observed","100906_Adults_2018",10
22613,32.33926,-110.981728,813,"AZ",1391,"Agraulis","vanillae","gulf fritillary","Animalia",100907,327,"Adults",2018,1,2,2,2458121,NA,2018,1,13,13,2458132,3,"100907_Adults","Adults observed","100907_Adults_2018",10
22613,32.33926,-110.981728,813,"AZ",396,"Danaus","plexippus","monarch","Animalia",100909,327,"Adults",2018,1,2,2,2458121,NA,2018,1,6,6,2458125,3,"100909_Adults","Adults observed","100909_Adults_2018",10
22613,32.33926,-110.981728,813,"AZ",1129,"Battus","philenor","pipevine swallowtail","Animalia",100912,327,"Adults",2018,1,2,2,2458121,NA,2018,1,6,6,2458125,3,"100912_Adults","Adults observed","100912_Adults_2018",10
22613,32.33926,-110.981728,813,"AZ",1129,"Battus","philenor","pipevine swallowtail","Animalia",100912,333,"Caterpillars",2018,1,2,2,2458121,NA,2018,1,20,20,2458139,3,"100912_Caterpillars","Young observed","100912_Caterpillars_2018",9
22613,32.33926,-110.981728,813,"AZ",1133,"Danaus","gilippus","queen","Animalia",100913,327,"Adults",2018,1,2,2,2458121,NA,2018,1,16,16,2458135,4,"100913_Adults","Adults observed","100913_Adults_2018",10
22613,32.33926,-110.981728,813,"AZ",260,"Celastrina","ladon complex","spring azure","Animalia",100915,327,"Adults",2018,1,2,2,2458121,NA,2018,1,2,2,2458121,4,"100915_Adults","Adults observed","100915_Adults_2018",9
22979,41.556442,-93.267807,267,"IA",396,"Danaus","plexippus","monarch","Animalia",104138,327,"Adults",2018,6,19,170,2458289,14,2018,7,3,184,2458303,8,"104138_Adults","Adults observed","104138_Adults_2018",9
22981,41.559528,-93.278351,265,"IA",396,"Danaus","plexippus","monarch","Animalia",104149,327,"Adults",2018,6,5,156,2458275,6,2018,8,17,229,2458348,5,"104149_Adults","Adults observed","104149_Adults_2018",9
25568,45.140465,-93.312943,260,"MN",273,"Calopteryx","maculata","ebony jewelwing","Animalia",123979,327,"Adults",2018,5,31,151,2458270,4,2018,7,30,211,2458330,30,"123979_Adults","Adults observed","123979_Adults_2018",9
25568,45.140465,-93.312943,260,"MN",396,"Danaus","plexippus","monarch","Animalia",123980,312,"Flower visitation",2018,6,23,174,2458293,6,2018,6,23,174,2458293,2,"123980_Flower visitation","Feeding","123980_Flower visitation_2018",9
25568,45.140465,-93.312943,260,"MN",396,"Danaus","plexippus","monarch","Animalia",123980,327,"Adults",2018,6,23,174,2458293,6,2018,9,2,245,2458364,8,"123980_Adults","Adults observed","123980_Adults_2018",9
22613,32.33926,-110.981728,813,"AZ",415,"Libellula","saturata","flame skimmer","Animalia",136804,327,"Adults",2018,3,27,86,2458205,7,2018,3,27,86,2458205,7,"136804_Adults","Adults observed","136804_Adults_2018",9
12064,32.248463,-110.909584,745,"AZ",1391,"Agraulis","vanillae","gulf fritillary","Animalia",139418,327,"Adults",2018,3,23,82,2458201,17,2018,3,23,82,2458201,18,"139418_Adults","Adults observed","139418_Adults_2018",9
9652,44.768246,-94.155746,309,"MN",1427,"Diceroprocta","apache","Apache cicada","Animalia",139451,327,"Adults",2018,6,29,180,2458299,NA,2018,7,21,202,2458321,NA,"139451_Adults","Adults observed","139451_Adults_2018",9
9652,44.768246,-94.155746,309,"MN",1427,"Diceroprocta","apache","Apache cicada","Animalia",139451,528,"Courtship calling",2018,6,29,180,2458299,NA,2018,7,21,202,2458321,NA,"139451_Courtship calling","Mating activity","139451_Courtship calling_2018",9
9652,44.768246,-94.155746,309,"MN",1427,"Diceroprocta","apache","Apache cicada","Animalia",139451,530,"Cast-off skins (nymph)",2018,6,29,180,2458299,NA,2018,7,21,202,2458321,NA,"139451_Cast-off skins (nymph)","Young observed","139451_Cast-off skins (nymph)_2018",9
9652,44.768246,-94.155746,309,"MN",391,"Pieris","rapae","cabbage white","Animalia",139454,312,"Flower visitation",2018,6,28,179,2458298,35,2018,8,26,238,2458357,NA,"139454_Flower visitation","Feeding","139454_Flower visitation_2018",9
9652,44.768246,-94.155746,309,"MN",391,"Pieris","rapae","cabbage white","Animalia",139454,327,"Adults",2018,5,5,125,2458244,NA,2018,8,26,238,2458357,NA,"139454_Adults","Adults observed","139454_Adults_2018",9
9652,44.768246,-94.155746,309,"MN",1238,"Apis","mellifera","honeybee","Animalia",139456,312,"Flower visitation",2018,8,2,214,2458333,NA,2018,8,2,214,2458333,NA,"139456_Flower visitation","Feeding","139456_Flower visitation_2018",9
9652,44.768246,-94.155746,309,"MN",1238,"Apis","mellifera","honeybee","Animalia",139456,327,"Adults",2018,8,2,214,2458333,NA,2018,8,2,214,2458333,NA,"139456_Adults","Adults observed","139456_Adults_2018",9
9652,44.768246,-94.155746,309,"MN",396,"Danaus","plexippus","monarch","Animalia",139457,312,"Flower visitation",2018,6,1,152,2458271,15,2018,10,2,275,2458394,NA,"139457_Flower visitation","Feeding","139457_Flower visitation_2018",9
9652,44.768246,-94.155746,309,"MN",396,"Danaus","plexippus","monarch","Animalia",139457,327,"Adults",2018,5,17,137,2458256,NA,2018,10,2,275,2458394,NA,"139457_Adults","Adults observed","139457_Adults_2018",9
22613,32.33926,-110.981728,813,"AZ",272,"Anax","junius","common green darner","Animalia",145493,327,"Adults",2018,5,22,142,2458261,7,2018,5,22,142,2458261,9,"145493_Adults","Adults observed","145493_Adults_2018",9
1605,40.907997,-73.120705,45,"NY",288,"Bombus","spp.","bumblebee","Animalia",5283,327,"Adults",2019,4,25,115,2458599,NA,2019,4,25,115,2458599,NA,"5283_Adults","Adults observed","5283_Adults_2019",11
1419,42.011166,-88.503304,280,"IL",288,"Bombus","spp.","bumblebee","Animalia",10284,312,"Flower visitation",2019,6,2,153,2458637,1,2019,7,1,182,2458666,8,"10284_Flower visitation","Feeding","10284_Flower visitation_2019",14
1419,42.011166,-88.503304,280,"IL",288,"Bombus","spp.","bumblebee","Animalia",10284,327,"Adults",2019,6,2,153,2458637,1,2019,7,1,182,2458666,8,"10284_Adults","Adults observed","10284_Adults_2019",14
5674,44.910587,-70.266861,261,"ME",396,"Danaus","plexippus","monarch","Animalia",12711,312,"Flower visitation",2019,7,21,202,2458686,7,2019,7,28,209,2458693,7,"12711_Flower visitation","Feeding","12711_Flower visitation_2019",11
5674,44.910587,-70.266861,261,"ME",396,"Danaus","plexippus","monarch","Animalia",12711,327,"Adults",2019,7,21,202,2458686,7,2019,7,28,209,2458693,7,"12711_Adults","Adults observed","12711_Adults_2019",11
2803,39.971001,-105.397003,2329,"CO",288,"Bombus","spp.","bumblebee","Animalia",16049,312,"Flower visitation",2019,6,3,154,2458638,4,2019,6,17,168,2458652,5,"16049_Flower visitation","Feeding","16049_Flower visitation_2019",15
2803,39.971001,-105.397003,2329,"CO",288,"Bombus","spp.","bumblebee","Animalia",16049,327,"Adults",2019,5,27,147,2458631,7,2019,6,17,168,2458652,5,"16049_Adults","Adults observed","16049_Adults_2019",15
8496,46.328629,-96.061256,393,"MN",396,"Danaus","plexippus","monarch","Animalia",25783,327,"Adults",2019,7,13,194,2458678,17,2019,9,6,249,2458733,22,"25783_Adults","Adults observed","25783_Adults_2019",12
8715,43.522804,-70.802277,215,"ME",396,"Danaus","plexippus","monarch","Animalia",28194,327,"Adults",2019,7,16,197,2458681,8,2019,7,29,210,2458694,20,"28194_Adults","Adults observed","28194_Adults_2019",9
8736,44.903229,-93.217445,248,"MN",288,"Bombus","spp.","bumblebee","Animalia",28350,312,"Flower visitation",2019,6,20,171,2458655,62,2019,9,28,271,2458755,6,"28350_Flower visitation","Feeding","28350_Flower visitation_2019",10
8736,44.903229,-93.217445,248,"MN",288,"Bombus","spp.","bumblebee","Animalia",28350,327,"Adults",2019,4,19,109,2458593,8,2019,9,28,271,2458755,6,"28350_Adults","Adults observed","28350_Adults_2019",10
8736,44.903229,-93.217445,248,"MN",391,"Pieris","rapae","cabbage white","Animalia",28351,327,"Adults",2019,7,24,205,2458689,1,2019,7,24,205,2458689,1,"28351_Adults","Adults observed","28351_Adults_2019",10
8736,44.903229,-93.217445,248,"MN",396,"Danaus","plexippus","monarch","Animalia",28352,312,"Flower visitation",2019,7,24,205,2458689,1,2019,9,3,246,2458730,1,"28352_Flower visitation","Feeding","28352_Flower visitation_2019",10
8736,44.903229,-93.217445,248,"MN",396,"Danaus","plexippus","monarch","Animalia",28352,327,"Adults",2019,7,15,196,2458680,18,2019,7,19,200,2458684,1,"28352_Adults","Adults observed","28352_Adults_2019",10
8736,44.903229,-93.217445,248,"MN",393,"Vanessa","atalanta","red admiral","Animalia",28355,327,"Adults",2019,7,19,200,2458684,2,2019,7,19,200,2458684,1,"28355_Adults","Adults observed","28355_Adults_2019",9
8242,31.596231,-110.575493,1542,"AZ",1133,"Danaus","gilippus","queen","Animalia",29642,312,"Flower visitation",2019,6,6,157,2458641,39,2019,9,22,265,2458749,58,"29642_Flower visitation","Feeding","29642_Flower visitation_2019",10
8242,31.596231,-110.575493,1542,"AZ",1133,"Danaus","gilippus","queen","Animalia",29642,327,"Adults",2019,6,6,157,2458641,39,2019,9,22,265,2458749,58,"29642_Adults","Adults observed","29642_Adults_2019",10
8418,32.363758,-94.873947,115,"TX",288,"Bombus","spp.","bumblebee","Animalia",30797,312,"Flower visitation",2019,4,3,93,2458577,3,2019,4,10,100,2458584,7,"30797_Flower visitation","Feeding","30797_Flower visitation_2019",12
8418,32.363758,-94.873947,115,"TX",288,"Bombus","spp.","bumblebee","Animalia",30797,327,"Adults",2019,3,17,76,2458560,7,2019,3,17,76,2458560,3,"30797_Adults","Adults observed","30797_Adults_2019",12
10145,42.602543,-83.250992,277,"MI",288,"Bombus","spp.","bumblebee","Animalia",38858,327,"Adults",2019,4,10,100,2458584,NA,2019,4,10,100,2458584,1,"38858_Adults","Adults observed","38858_Adults_2019",13
10145,42.602543,-83.250992,277,"MI",391,"Pieris","rapae","cabbage white","Animalia",38859,327,"Adults",2019,4,9,99,2458583,NA,2019,4,9,99,2458583,1,"38859_Adults","Adults observed","38859_Adults_2019",13
10145,42.602543,-83.250992,277,"MI",272,"Anax","junius","common green darner","Animalia",38869,327,"Adults",2019,5,14,134,2458618,NA,2019,5,14,134,2458618,1,"38869_Adults","Adults observed","38869_Adults_2019",13
10145,42.602543,-83.250992,277,"MI",396,"Danaus","plexippus","monarch","Animalia",38919,327,"Adults",2019,5,21,141,2458625,NA,2019,5,21,141,2458625,1,"38919_Adults","Adults observed","38919_Adults_2019",13
10145,42.602543,-83.250992,277,"MI",1137,"Nymphalis","antiopa","mourning cloak","Animalia",38921,327,"Adults",2019,4,12,102,2458586,NA,2019,4,12,102,2458586,2,"38921_Adults","Adults observed","38921_Adults_2019",13
10145,42.602543,-83.250992,277,"MI",1132,"Colias","eurytheme","orange sulphur","Animalia",38930,327,"Adults",2019,7,16,197,2458681,NA,2019,7,17,198,2458682,1,"38930_Adults","Adults observed","38930_Adults_2019",13
10145,42.602543,-83.250992,277,"MI",393,"Vanessa","atalanta","red admiral","Animalia",38941,327,"Adults",2019,5,4,124,2458608,NA,2019,5,6,126,2458610,1,"38941_Adults","Adults observed","38941_Adults_2019",11
6102,32.23188,-110.951012,737,"AZ",288,"Bombus","spp.","bumblebee","Animalia",49641,312,"Flower visitation",2019,2,8,39,2458523,NA,2019,4,14,104,2458588,141,"49641_Flower visitation","Feeding","49641_Flower visitation_2019",10
6102,32.23188,-110.951012,737,"AZ",288,"Bombus","spp.","bumblebee","Animalia",49641,327,"Adults",2019,2,8,39,2458523,NA,2019,4,14,104,2458588,141,"49641_Adults","Adults observed","49641_Adults_2019",10
12064,32.248463,-110.909584,745,"AZ",396,"Danaus","plexippus","monarch","Animalia",50768,312,"Flower visitation",2019,1,4,4,2458488,NA,2019,2,14,45,2458529,9,"50768_Flower visitation","Feeding","50768_Flower visitation_2019",9
12064,32.248463,-110.909584,745,"AZ",396,"Danaus","plexippus","monarch","Animalia",50768,327,"Adults",2019,1,4,4,2458488,NA,2019,1,11,11,2458495,13,"50768_Adults","Adults observed","50768_Adults_2019",9
12064,32.248463,-110.909584,745,"AZ",1133,"Danaus","gilippus","queen","Animalia",50769,312,"Flower visitation",2019,1,4,4,2458488,NA,2019,1,4,4,2458488,7,"50769_Flower visitation","Feeding","50769_Flower visitation_2019",9
12064,32.248463,-110.909584,745,"AZ",1133,"Danaus","gilippus","queen","Animalia",50769,327,"Adults",2019,1,4,4,2458488,NA,2019,1,4,4,2458488,7,"50769_Adults","Adults observed","50769_Adults_2019",9
12064,32.248463,-110.909584,745,"AZ",1142,"Bombus","sonorus","Sonoran bumble bee","Animalia",50772,312,"Flower visitation",2019,2,23,54,2458538,9,2019,3,4,63,2458547,5,"50772_Flower visitation","Feeding","50772_Flower visitation_2019",9
12064,32.248463,-110.909584,745,"AZ",1142,"Bombus","sonorus","Sonoran bumble bee","Animalia",50772,327,"Adults",2019,2,23,54,2458538,9,2019,3,4,63,2458547,5,"50772_Adults","Adults observed","50772_Adults_2019",9
12064,32.248463,-110.909584,745,"AZ",1143,"Xylocopa","varipuncta","valley carpenter bee","Animalia",50773,327,"Adults",2019,3,28,87,2458571,19,2019,4,1,91,2458575,12,"50773_Adults","Adults observed","50773_Adults_2019",9
16295,27.929228,-82.725639,4,"FL",396,"Danaus","plexippus","monarch","Animalia",60947,333,"Caterpillars",2019,2,23,54,2458538,7,2019,3,30,89,2458573,14,"60947_Caterpillars","Young observed","60947_Caterpillars_2019",9
16295,27.929228,-82.725639,4,"FL",396,"Danaus","plexippus","monarch","Animalia",60947,447,"Caterpillars feeding",2019,2,23,54,2458538,7,2019,3,30,89,2458573,14,"60947_Caterpillars feeding","Young observed","60947_Caterpillars feeding_2019",9
9652,44.768246,-94.155746,309,"MN",288,"Bombus","spp.","bumblebee","Animalia",69507,312,"Flower visitation",2019,4,24,114,2458598,NA,2019,9,30,273,2458757,NA,"69507_Flower visitation","Feeding","69507_Flower visitation_2019",12
9652,44.768246,-94.155746,309,"MN",288,"Bombus","spp.","bumblebee","Animalia",69507,327,"Adults",2019,4,24,114,2458598,NA,2019,9,30,273,2458757,NA,"69507_Adults","Adults observed","69507_Adults_2019",12
9652,44.768246,-94.155746,309,"MN",288,"Bombus","spp.","bumblebee","Animalia",69507,370,"Male adults",2019,4,24,114,2458598,NA,2019,5,14,134,2458618,33,"69507_Male adults","Adults observed","69507_Male adults_2019",11
10145,42.602543,-83.250992,277,"MI",1238,"Apis","mellifera","honeybee","Animalia",69919,327,"Adults",2019,7,17,198,2458682,NA,2019,7,18,199,2458683,1,"69919_Adults","Adults observed","69919_Adults_2019",12
16876,41.745537,-74.119392,72,"NY",396,"Danaus","plexippus","monarch","Animalia",72969,312,"Flower visitation",2019,6,26,177,2458661,7,2019,6,26,177,2458661,6,"72969_Flower visitation","Feeding","72969_Flower visitation_2019",12
16876,41.745537,-74.119392,72,"NY",396,"Danaus","plexippus","monarch","Animalia",72969,327,"Adults",2019,6,19,170,2458654,7,2019,8,6,218,2458702,8,"72969_Adults","Adults observed","72969_Adults_2019",12
17414,42.936153,-73.433449,147,"NY",396,"Danaus","plexippus","monarch","Animalia",86971,312,"Flower visitation",2019,6,9,160,2458644,11,2019,6,9,160,2458644,3,"86971_Flower visitation","Feeding","86971_Flower visitation_2019",11
17414,42.936153,-73.433449,147,"NY",396,"Danaus","plexippus","monarch","Animalia",86971,327,"Adults",2019,6,9,160,2458644,11,2019,6,9,160,2458644,3,"86971_Adults","Adults observed","86971_Adults_2019",11
20969,33.632149,-117.55545,440,"CA",1386,"Apodemia","virgulti","Behr's metalmark","Animalia",90201,327,"Adults",2019,4,7,97,2458581,9,2019,4,7,97,2458581,2,"90201_Adults","Adults observed","90201_Adults_2019",10
20969,33.632149,-117.55545,440,"CA",1383,"Adelpha","californica","California sister","Animalia",90203,327,"Adults",2019,7,21,202,2458686,3,2019,7,21,202,2458686,11,"90203_Adults","Adults observed","90203_Adults_2019",10
20969,33.632149,-117.55545,440,"CA",1135,"Junonia","coenia","common buckeye","Animalia",90204,312,"Flower visitation",2019,4,7,97,2458581,9,2019,4,7,97,2458581,2,"90204_Flower visitation","Feeding","90204_Flower visitation_2019",9
20969,33.632149,-117.55545,440,"CA",1135,"Junonia","coenia","common buckeye","Animalia",90204,327,"Adults",2019,1,20,20,2458504,10,2019,1,20,20,2458504,23,"90204_Adults","Adults observed","90204_Adults_2019",11
20969,33.632149,-117.55545,440,"CA",1388,"Coenonympha","tullia","common ringlet","Animalia",90205,327,"Adults",2019,3,29,88,2458572,12,2019,4,9,99,2458583,23,"90205_Adults","Adults observed","90205_Adults_2019",11
20969,33.632149,-117.55545,440,"CA",1384,"Anthocharis","sara","Pacific orangetip","Animalia",90206,327,"Adults",2019,1,20,20,2458504,10,2019,2,12,43,2458527,6,"90206_Adults","Adults observed","90206_Adults_2019",10
22613,32.33926,-110.981728,813,"AZ",1131,"Calephelis","nemesis","fatal metalmark","Animalia",100905,327,"Adults",2019,4,11,101,2458585,7,2019,4,11,101,2458585,7,"100905_Adults","Adults observed","100905_Adults_2019",10
22613,32.33926,-110.981728,813,"AZ",1403,"Papilio","cresphontes","giant swallowtail","Animalia",100906,327,"Adults",2019,5,9,129,2458613,7,2019,5,9,129,2458613,7,"100906_Adults","Adults observed","100906_Adults_2019",10
22613,32.33926,-110.981728,813,"AZ",1391,"Agraulis","vanillae","gulf fritillary","Animalia",100907,327,"Adults",2019,1,29,29,2458513,7,2019,1,29,29,2458513,7,"100907_Adults","Adults observed","100907_Adults_2019",10
22613,32.33926,-110.981728,813,"AZ",396,"Danaus","plexippus","monarch","Animalia",100909,327,"Adults",2019,1,22,22,2458506,7,2019,1,29,29,2458513,7,"100909_Adults","Adults observed","100909_Adults_2019",10
22613,32.33926,-110.981728,813,"AZ",1129,"Battus","philenor","pipevine swallowtail","Animalia",100912,327,"Adults",2019,3,21,80,2458564,6,2019,3,21,80,2458564,5,"100912_Adults","Adults observed","100912_Adults_2019",10
22613,32.33926,-110.981728,813,"AZ",1129,"Battus","philenor","pipevine swallowtail","Animalia",100912,333,"Caterpillars",2019,6,27,178,2458662,14,2019,6,27,178,2458662,28,"100912_Caterpillars","Young observed","100912_Caterpillars_2019",9
22613,32.33926,-110.981728,813,"AZ",1133,"Danaus","gilippus","queen","Animalia",100913,327,"Adults",2019,1,29,29,2458513,7,2019,1,29,29,2458513,7,"100913_Adults","Adults observed","100913_Adults_2019",10
22613,32.33926,-110.981728,813,"AZ",260,"Celastrina","ladon complex","spring azure","Animalia",100915,327,"Adults",2019,1,29,29,2458513,7,2019,1,29,29,2458513,7,"100915_Adults","Adults observed","100915_Adults_2019",9
22979,41.556442,-93.267807,267,"IA",396,"Danaus","plexippus","monarch","Animalia",104138,327,"Adults",2019,5,16,136,2458620,8,2019,5,22,142,2458626,7,"104138_Adults","Adults observed","104138_Adults_2019",9
22981,41.559528,-93.278351,265,"IA",396,"Danaus","plexippus","monarch","Animalia",104149,327,"Adults",2019,6,11,162,2458646,6,2019,6,11,162,2458646,6,"104149_Adults","Adults observed","104149_Adults_2019",9
25568,45.140465,-93.312943,260,"MN",273,"Calopteryx","maculata","ebony jewelwing","Animalia",123979,327,"Adults",2019,6,16,167,2458651,17,2019,8,11,223,2458707,8,"123979_Adults","Adults observed","123979_Adults_2019",9
25568,45.140465,-93.312943,260,"MN",396,"Danaus","plexippus","monarch","Animalia",123980,312,"Flower visitation",2019,7,29,210,2458694,8,2019,7,29,210,2458694,13,"123980_Flower visitation","Feeding","123980_Flower visitation_2019",9
25568,45.140465,-93.312943,260,"MN",396,"Danaus","plexippus","monarch","Animalia",123980,327,"Adults",2019,7,21,202,2458686,26,2019,7,29,210,2458694,13,"123980_Adults","Adults observed","123980_Adults_2019",9
22613,32.33926,-110.981728,813,"AZ",415,"Libellula","saturata","flame skimmer","Animalia",136804,327,"Adults",2019,4,11,101,2458585,7,2019,4,11,101,2458585,7,"136804_Adults","Adults observed","136804_Adults_2019",9
12064,32.248463,-110.909584,745,"AZ",1391,"Agraulis","vanillae","gulf fritillary","Animalia",139418,327,"Adults",2019,1,24,24,2458508,13,2019,1,24,24,2458508,21,"139418_Adults","Adults observed","139418_Adults_2019",9
9652,44.768246,-94.155746,309,"MN",1427,"Diceroprocta","apache","Apache cicada","Animalia",139451,327,"Adults",2019,7,25,206,2458690,NA,2019,10,7,280,2458764,NA,"139451_Adults","Adults observed","139451_Adults_2019",9
9652,44.768246,-94.155746,309,"MN",1427,"Diceroprocta","apache","Apache cicada","Animalia",139451,528,"Courtship calling",2019,7,25,206,2458690,NA,2019,10,7,280,2458764,NA,"139451_Courtship calling","Mating activity","139451_Courtship calling_2019",9
9652,44.768246,-94.155746,309,"MN",1427,"Diceroprocta","apache","Apache cicada","Animalia",139451,530,"Cast-off skins (nymph)",2019,7,25,206,2458690,NA,2019,9,25,268,2458752,1,"139451_Cast-off skins (nymph)","Young observed","139451_Cast-off skins (nymph)_2019",9
9652,44.768246,-94.155746,309,"MN",391,"Pieris","rapae","cabbage white","Animalia",139454,312,"Flower visitation",2019,5,14,134,2458618,NA,2019,5,14,134,2458618,16,"139454_Flower visitation","Feeding","139454_Flower visitation_2019",9
9652,44.768246,-94.155746,309,"MN",391,"Pieris","rapae","cabbage white","Animalia",139454,327,"Adults",2019,5,14,134,2458618,NA,2019,9,25,268,2458752,NA,"139454_Adults","Adults observed","139454_Adults_2019",9
9652,44.768246,-94.155746,309,"MN",1238,"Apis","mellifera","honeybee","Animalia",139456,312,"Flower visitation",2019,6,16,167,2458651,NA,2019,9,25,268,2458752,NA,"139456_Flower visitation","Feeding","139456_Flower visitation_2019",9
9652,44.768246,-94.155746,309,"MN",1238,"Apis","mellifera","honeybee","Animalia",139456,327,"Adults",2019,6,16,167,2458651,NA,2019,9,25,268,2458752,NA,"139456_Adults","Adults observed","139456_Adults_2019",9
9652,44.768246,-94.155746,309,"MN",396,"Danaus","plexippus","monarch","Animalia",139457,312,"Flower visitation",2019,7,25,206,2458690,53,2019,9,14,257,2458741,NA,"139457_Flower visitation","Feeding","139457_Flower visitation_2019",9
9652,44.768246,-94.155746,309,"MN",396,"Danaus","plexippus","monarch","Animalia",139457,327,"Adults",2019,6,2,153,2458637,NA,2019,9,14,257,2458741,NA,"139457_Adults","Adults observed","139457_Adults_2019",9
22613,32.33926,-110.981728,813,"AZ",272,"Anax","junius","common green darner","Animalia",145493,327,"Adults",2019,9,26,269,2458753,56,2019,9,26,269,2458753,28,"145493_Adults","Adults observed","145493_Adults_2019",9
1605,40.907997,-73.120705,45,"NY",288,"Bombus","spp.","bumblebee","Animalia",5283,327,"Adults",2020,5,19,140,2458989,NA,2020,5,19,140,2458989,NA,"5283_Adults","Adults observed","5283_Adults_2020",11
1419,42.011166,-88.503304,280,"IL",288,"Bombus","spp.","bumblebee","Animalia",10284,312,"Flower visitation",2020,4,12,103,2458952,3,2020,4,12,103,2458952,12,"10284_Flower visitation","Feeding","10284_Flower visitation_2020",14
1419,42.011166,-88.503304,280,"IL",288,"Bombus","spp.","bumblebee","Animalia",10284,327,"Adults",2020,4,12,103,2458952,3,2020,5,25,146,2458995,4,"10284_Adults","Adults observed","10284_Adults_2020",14
5674,44.910587,-70.266861,261,"ME",396,"Danaus","plexippus","monarch","Animalia",12711,312,"Flower visitation",2020,7,12,194,2459043,7,2020,7,12,194,2459043,7,"12711_Flower visitation","Feeding","12711_Flower visitation_2020",11
5674,44.910587,-70.266861,261,"ME",396,"Danaus","plexippus","monarch","Animalia",12711,327,"Adults",2020,7,12,194,2459043,7,2020,7,12,194,2459043,7,"12711_Adults","Adults observed","12711_Adults_2020",11
2803,39.971001,-105.397003,2329,"CO",288,"Bombus","spp.","bumblebee","Animalia",16049,312,"Flower visitation",2020,5,2,123,2458972,2,2020,5,8,129,2458978,4,"16049_Flower visitation","Feeding","16049_Flower visitation_2020",15
2803,39.971001,-105.397003,2329,"CO",288,"Bombus","spp.","bumblebee","Animalia",16049,327,"Adults",2020,5,2,123,2458972,2,2020,5,8,129,2458978,4,"16049_Adults","Adults observed","16049_Adults_2020",15
8496,46.328629,-96.061256,393,"MN",396,"Danaus","plexippus","monarch","Animalia",25783,312,"Flower visitation",2020,7,3,185,2459034,7,2020,7,5,187,2459036,15,"25783_Flower visitation","Feeding","25783_Flower visitation_2020",10
8496,46.328629,-96.061256,393,"MN",396,"Danaus","plexippus","monarch","Animalia",25783,327,"Adults",2020,5,30,151,2459000,3,2020,6,6,158,2459007,9,"25783_Adults","Adults observed","25783_Adults_2020",12
8715,43.522804,-70.802277,215,"ME",396,"Danaus","plexippus","monarch","Animalia",28194,327,"Adults",2020,8,5,218,2459067,20,2020,8,12,225,2459074,NA,"28194_Adults","Adults observed","28194_Adults_2020",9
8736,44.903229,-93.217445,248,"MN",288,"Bombus","spp.","bumblebee","Animalia",28350,312,"Flower visitation",2020,5,26,147,2458996,24,2020,6,4,156,2459005,1,"28350_Flower visitation","Feeding","28350_Flower visitation_2020",10
8736,44.903229,-93.217445,248,"MN",288,"Bombus","spp.","bumblebee","Animalia",28350,327,"Adults",2020,4,8,99,2458948,2,2020,4,8,99,2458948,5,"28350_Adults","Adults observed","28350_Adults_2020",10
8736,44.903229,-93.217445,248,"MN",391,"Pieris","rapae","cabbage white","Animalia",28351,327,"Adults",2020,5,3,124,2458973,5,2020,5,3,124,2458973,1,"28351_Adults","Adults observed","28351_Adults_2020",10
8736,44.903229,-93.217445,248,"MN",396,"Danaus","plexippus","monarch","Animalia",28352,312,"Flower visitation",2020,7,15,197,2459046,3,2020,8,24,237,2459086,6,"28352_Flower visitation","Feeding","28352_Flower visitation_2020",10
8736,44.903229,-93.217445,248,"MN",396,"Danaus","plexippus","monarch","Animalia",28352,327,"Adults",2020,6,5,157,2459006,1,2020,6,7,159,2459008,13,"28352_Adults","Adults observed","28352_Adults_2020",10
8736,44.903229,-93.217445,248,"MN",393,"Vanessa","atalanta","red admiral","Animalia",28355,327,"Adults",2020,6,25,177,2459026,2,2020,6,25,177,2459026,6,"28355_Adults","Adults observed","28355_Adults_2020",9
8242,31.596231,-110.575493,1542,"AZ",1133,"Danaus","gilippus","queen","Animalia",29642,312,"Flower visitation",2020,6,20,172,2459021,24,2020,6,20,172,2459021,NA,"29642_Flower visitation","Feeding","29642_Flower visitation_2020",10
8242,31.596231,-110.575493,1542,"AZ",1133,"Danaus","gilippus","queen","Animalia",29642,327,"Adults",2020,5,13,134,2458983,23,2020,6,20,172,2459021,NA,"29642_Adults","Adults observed","29642_Adults_2020",10
8418,32.363758,-94.873947,115,"TX",288,"Bombus","spp.","bumblebee","Animalia",30797,312,"Flower visitation",2020,3,29,89,2458938,NA,2020,3,29,89,2458938,NA,"30797_Flower visitation","Feeding","30797_Flower visitation_2020",12
8418,32.363758,-94.873947,115,"TX",288,"Bombus","spp.","bumblebee","Animalia",30797,327,"Adults",2020,3,29,89,2458938,NA,2020,3,29,89,2458938,NA,"30797_Adults","Adults observed","30797_Adults_2020",12
10145,42.602543,-83.250992,277,"MI",288,"Bombus","spp.","bumblebee","Animalia",38858,327,"Adults",2020,4,8,99,2458948,NA,2020,4,9,100,2458949,1,"38858_Adults","Adults observed","38858_Adults_2020",13
10145,42.602543,-83.250992,277,"MI",391,"Pieris","rapae","cabbage white","Animalia",38859,327,"Adults",2020,4,5,96,2458945,NA,2020,4,5,96,2458945,1,"38859_Adults","Adults observed","38859_Adults_2020",13
10145,42.602543,-83.250992,277,"MI",272,"Anax","junius","common green darner","Animalia",38869,327,"Adults",2020,5,1,122,2458971,1,2020,5,3,124,2458973,1,"38869_Adults","Adults observed","38869_Adults_2020",13
10145,42.602543,-83.250992,277,"MI",396,"Danaus","plexippus","monarch","Animalia",38919,327,"Adults",2020,6,5,157,2459006,1,2020,6,5,157,2459006,1,"38919_Adults","Adults observed","38919_Adults_2020",13
10145,42.602543,-83.250992,277,"MI",1137,"Nymphalis","antiopa","mourning cloak","Animalia",38921,327,"Adults",2020,4,8,99,2458948,NA,2020,4,8,99,2458948,1,"38921_Adults","Adults observed","38921_Adults_2020",13
10145,42.602543,-83.250992,277,"MI",1132,"Colias","eurytheme","orange sulphur","Animalia",38930,327,"Adults",2020,6,14,166,2459015,1,2020,6,14,166,2459015,1,"38930_Adults","Adults observed","38930_Adults_2020",13
10145,42.602543,-83.250992,277,"MI",393,"Vanessa","atalanta","red admiral","Animalia",38941,327,"Adults",2020,5,21,142,2458991,1,2020,5,21,142,2458991,1,"38941_Adults","Adults observed","38941_Adults_2020",11
12064,32.248463,-110.909584,745,"AZ",396,"Danaus","plexippus","monarch","Animalia",50768,312,"Flower visitation",2020,3,5,65,2458914,9,2020,3,5,65,2458914,9,"50768_Flower visitation","Feeding","50768_Flower visitation_2020",9
12064,32.248463,-110.909584,745,"AZ",396,"Danaus","plexippus","monarch","Animalia",50768,327,"Adults",2020,1,12,12,2458861,4,2020,1,25,25,2458874,10,"50768_Adults","Adults observed","50768_Adults_2020",9
12064,32.248463,-110.909584,745,"AZ",1133,"Danaus","gilippus","queen","Animalia",50769,312,"Flower visitation",2020,1,7,7,2458856,NA,2020,1,7,7,2458856,1,"50769_Flower visitation","Feeding","50769_Flower visitation_2020",9
12064,32.248463,-110.909584,745,"AZ",1133,"Danaus","gilippus","queen","Animalia",50769,327,"Adults",2020,1,7,7,2458856,NA,2020,1,7,7,2458856,1,"50769_Adults","Adults observed","50769_Adults_2020",9
12064,32.248463,-110.909584,745,"AZ",1142,"Bombus","sonorus","Sonoran bumble bee","Animalia",50772,312,"Flower visitation",2020,10,1,275,2459124,18,2020,10,1,275,2459124,12,"50772_Flower visitation","Feeding","50772_Flower visitation_2020",9
12064,32.248463,-110.909584,745,"AZ",1142,"Bombus","sonorus","Sonoran bumble bee","Animalia",50772,327,"Adults",2020,10,1,275,2459124,18,2020,10,1,275,2459124,12,"50772_Adults","Adults observed","50772_Adults_2020",9
12064,32.248463,-110.909584,745,"AZ",1143,"Xylocopa","varipuncta","valley carpenter bee","Animalia",50773,327,"Adults",2020,3,6,66,2458915,1,2020,3,6,66,2458915,8,"50773_Adults","Adults observed","50773_Adults_2020",9
16295,27.929228,-82.725639,4,"FL",396,"Danaus","plexippus","monarch","Animalia",60947,333,"Caterpillars",2020,4,18,109,2458958,7,2020,4,18,109,2458958,7,"60947_Caterpillars","Young observed","60947_Caterpillars_2020",9
16295,27.929228,-82.725639,4,"FL",396,"Danaus","plexippus","monarch","Animalia",60947,447,"Caterpillars feeding",2020,4,18,109,2458958,7,2020,4,18,109,2458958,7,"60947_Caterpillars feeding","Young observed","60947_Caterpillars feeding_2020",9
9652,44.768246,-94.155746,309,"MN",288,"Bombus","spp.","bumblebee","Animalia",69507,312,"Flower visitation",2020,4,25,116,2458965,18,2020,4,25,116,2458965,8,"69507_Flower visitation","Feeding","69507_Flower visitation_2020",12
9652,44.768246,-94.155746,309,"MN",288,"Bombus","spp.","bumblebee","Animalia",69507,327,"Adults",2020,4,7,98,2458947,NA,2020,10,8,282,2459131,NA,"69507_Adults","Adults observed","69507_Adults_2020",12
9652,44.768246,-94.155746,309,"MN",288,"Bombus","spp.","bumblebee","Animalia",69507,370,"Male adults",2020,4,7,98,2458947,NA,2020,5,8,129,2458978,12,"69507_Male adults","Adults observed","69507_Male adults_2020",11
10145,42.602543,-83.250992,277,"MI",1238,"Apis","mellifera","honeybee","Animalia",69919,327,"Adults",2020,4,28,119,2458968,1,2020,4,28,119,2458968,1,"69919_Adults","Adults observed","69919_Adults_2020",12
16876,41.745537,-74.119392,72,"NY",396,"Danaus","plexippus","monarch","Animalia",72969,312,"Flower visitation",2020,8,28,241,2459090,11,2020,8,28,241,2459090,3,"72969_Flower visitation","Feeding","72969_Flower visitation_2020",12
16876,41.745537,-74.119392,72,"NY",396,"Danaus","plexippus","monarch","Animalia",72969,327,"Adults",2020,6,26,178,2459027,10,2020,6,26,178,2459027,3,"72969_Adults","Adults observed","72969_Adults_2020",12
17414,42.936153,-73.433449,147,"NY",396,"Danaus","plexippus","monarch","Animalia",86971,312,"Flower visitation",2020,7,31,213,2459062,14,2020,8,6,219,2459068,3,"86971_Flower visitation","Feeding","86971_Flower visitation_2020",11
17414,42.936153,-73.433449,147,"NY",396,"Danaus","plexippus","monarch","Animalia",86971,327,"Adults",2020,6,14,166,2459015,4,2020,6,14,166,2459015,1,"86971_Adults","Adults observed","86971_Adults_2020",11
20969,33.632149,-117.55545,440,"CA",1135,"Junonia","coenia","common buckeye","Animalia",90204,327,"Adults",2020,1,10,10,2458859,6,2020,1,10,10,2458859,4,"90204_Adults","Adults observed","90204_Adults_2020",11
20969,33.632149,-117.55545,440,"CA",1388,"Coenonympha","tullia","common ringlet","Animalia",90205,327,"Adults",2020,2,1,32,2458881,13,2020,2,1,32,2458881,5,"90205_Adults","Adults observed","90205_Adults_2020",11
20969,33.632149,-117.55545,440,"CA",1384,"Anthocharis","sara","Pacific orangetip","Animalia",90206,327,"Adults",2020,1,19,19,2458868,5,2020,2,6,37,2458886,4,"90206_Adults","Adults observed","90206_Adults_2020",10
22613,32.33926,-110.981728,813,"AZ",1131,"Calephelis","nemesis","fatal metalmark","Animalia",100905,327,"Adults",2020,4,4,95,2458944,NA,2020,4,4,95,2458944,24,"100905_Adults","Adults observed","100905_Adults_2020",10
22613,32.33926,-110.981728,813,"AZ",1403,"Papilio","cresphontes","giant swallowtail","Animalia",100906,327,"Adults",2020,3,10,70,2458919,NA,2020,4,28,119,2458968,7,"100906_Adults","Adults observed","100906_Adults_2020",10
22613,32.33926,-110.981728,813,"AZ",1391,"Agraulis","vanillae","gulf fritillary","Animalia",100907,327,"Adults",2020,1,23,23,2458872,NA,2020,6,9,161,2459010,7,"100907_Adults","Adults observed","100907_Adults_2020",10
22613,32.33926,-110.981728,813,"AZ",396,"Danaus","plexippus","monarch","Animalia",100909,327,"Adults",2020,1,7,7,2458856,NA,2020,5,5,126,2458975,7,"100909_Adults","Adults observed","100909_Adults_2020",10
22613,32.33926,-110.981728,813,"AZ",1129,"Battus","philenor","pipevine swallowtail","Animalia",100912,327,"Adults",2020,1,30,30,2458879,NA,2020,7,28,210,2459059,7,"100912_Adults","Adults observed","100912_Adults_2020",10
22613,32.33926,-110.981728,813,"AZ",1129,"Battus","philenor","pipevine swallowtail","Animalia",100912,333,"Caterpillars",2020,1,7,7,2458856,NA,2020,4,18,109,2458958,10,"100912_Caterpillars","Young observed","100912_Caterpillars_2020",9
22613,32.33926,-110.981728,813,"AZ",1133,"Danaus","gilippus","queen","Animalia",100913,327,"Adults",2020,1,23,23,2458872,16,2020,9,1,245,2459094,7,"100913_Adults","Adults observed","100913_Adults_2020",10
22613,32.33926,-110.981728,813,"AZ",260,"Celastrina","ladon complex","spring azure","Animalia",100915,327,"Adults",2020,4,12,103,2458952,NA,2020,4,12,103,2458952,16,"100915_Adults","Adults observed","100915_Adults_2020",9
22979,41.556442,-93.267807,267,"IA",396,"Danaus","plexippus","monarch","Animalia",104138,327,"Adults",2020,7,7,189,2459038,12,2020,7,30,212,2459061,7,"104138_Adults","Adults observed","104138_Adults_2020",9
22981,41.559528,-93.278351,265,"IA",396,"Danaus","plexippus","monarch","Animalia",104149,327,"Adults",2020,6,11,163,2459012,10,2020,8,6,219,2459068,8,"104149_Adults","Adults observed","104149_Adults_2020",9
25568,45.140465,-93.312943,260,"MN",273,"Calopteryx","maculata","ebony jewelwing","Animalia",123979,327,"Adults",2020,7,1,183,2459032,NA,2020,7,25,207,2459056,1,"123979_Adults","Adults observed","123979_Adults_2020",9
25568,45.140465,-93.312943,260,"MN",396,"Danaus","plexippus","monarch","Animalia",123980,312,"Flower visitation",2020,8,2,215,2459064,7,2020,8,5,218,2459067,4,"123980_Flower visitation","Feeding","123980_Flower visitation_2020",9
25568,45.140465,-93.312943,260,"MN",396,"Danaus","plexippus","monarch","Animalia",123980,327,"Adults",2020,7,4,186,2459035,3,2020,7,19,201,2459050,3,"123980_Adults","Adults observed","123980_Adults_2020",9
22613,32.33926,-110.981728,813,"AZ",415,"Libellula","saturata","flame skimmer","Animalia",136804,327,"Adults",2020,3,28,88,2458937,NA,2020,5,26,147,2458996,7,"136804_Adults","Adults observed","136804_Adults_2020",9
12064,32.248463,-110.909584,745,"AZ",1391,"Agraulis","vanillae","gulf fritillary","Animalia",139418,327,"Adults",2020,1,8,8,2458857,1,2020,1,8,8,2458857,4,"139418_Adults","Adults observed","139418_Adults_2020",9
9652,44.768246,-94.155746,309,"MN",1427,"Diceroprocta","apache","Apache cicada","Animalia",139451,327,"Adults",2020,7,1,183,2459032,NA,2020,9,24,268,2459117,NA,"139451_Adults","Adults observed","139451_Adults_2020",9
9652,44.768246,-94.155746,309,"MN",1427,"Diceroprocta","apache","Apache cicada","Animalia",139451,528,"Courtship calling",2020,7,1,183,2459032,NA,2020,9,24,268,2459117,NA,"139451_Courtship calling","Mating activity","139451_Courtship calling_2020",9
9652,44.768246,-94.155746,309,"MN",1427,"Diceroprocta","apache","Apache cicada","Animalia",139451,530,"Cast-off skins (nymph)",2020,7,2,184,2459033,1,2020,7,2,184,2459033,6,"139451_Cast-off skins (nymph)","Young observed","139451_Cast-off skins (nymph)_2020",9
9652,44.768246,-94.155746,309,"MN",391,"Pieris","rapae","cabbage white","Animalia",139454,312,"Flower visitation",2020,5,11,132,2458981,NA,2020,6,10,162,2459011,12,"139454_Flower visitation","Feeding","139454_Flower visitation_2020",9
9652,44.768246,-94.155746,309,"MN",391,"Pieris","rapae","cabbage white","Animalia",139454,327,"Adults",2020,5,11,132,2458981,NA,2020,9,25,269,2459118,NA,"139454_Adults","Adults observed","139454_Adults_2020",9
9652,44.768246,-94.155746,309,"MN",1238,"Apis","mellifera","honeybee","Animalia",139456,312,"Flower visitation",2020,6,22,174,2459023,NA,2020,11,3,308,2459157,NA,"139456_Flower visitation","Feeding","139456_Flower visitation_2020",9
9652,44.768246,-94.155746,309,"MN",1238,"Apis","mellifera","honeybee","Animalia",139456,327,"Adults",2020,6,22,174,2459023,NA,2020,11,3,308,2459157,NA,"139456_Adults","Adults observed","139456_Adults_2020",9
9652,44.768246,-94.155746,309,"MN",396,"Danaus","plexippus","monarch","Animalia",139457,312,"Flower visitation",2020,6,10,162,2459011,NA,2020,9,15,259,2459108,NA,"139457_Flower visitation","Feeding","139457_Flower visitation_2020",9
9652,44.768246,-94.155746,309,"MN",396,"Danaus","plexippus","monarch","Animalia",139457,327,"Adults",2020,6,10,162,2459011,NA,2020,9,15,259,2459108,NA,"139457_Adults","Adults observed","139457_Adults_2020",9
22613,32.33926,-110.981728,813,"AZ",272,"Anax","junius","common green darner","Animalia",145493,327,"Adults",2020,6,23,175,2459024,14,2020,6,23,175,2459024,7,"145493_Adults","Adults observed","145493_Adults_2020",9
5674,44.910587,-70.266861,261,"ME",396,"Danaus","plexippus","monarch","Animalia",12711,312,"Flower visitation",2021,7,4,185,2459400,7,2021,7,25,206,2459421,7,"12711_Flower visitation","Feeding","12711_Flower visitation_2021",11
5674,44.910587,-70.266861,261,"ME",396,"Danaus","plexippus","monarch","Animalia",12711,327,"Adults",2021,7,4,185,2459400,7,2021,7,25,206,2459421,7,"12711_Adults","Adults observed","12711_Adults_2021",11
2803,39.971001,-105.397003,2329,"CO",288,"Bombus","spp.","bumblebee","Animalia",16049,312,"Flower visitation",2021,5,26,146,2459361,2,2021,10,8,281,2459496,3,"16049_Flower visitation","Feeding","16049_Flower visitation_2021",15
2803,39.971001,-105.397003,2329,"CO",288,"Bombus","spp.","bumblebee","Animalia",16049,327,"Adults",2021,5,26,146,2459361,2,2021,10,8,281,2459496,3,"16049_Adults","Adults observed","16049_Adults_2021",15
8496,46.328629,-96.061256,393,"MN",396,"Danaus","plexippus","monarch","Animalia",25783,312,"Flower visitation",2021,6,4,155,2459370,13,2021,6,4,155,2459370,14,"25783_Flower visitation","Feeding","25783_Flower visitation_2021",10
8496,46.328629,-96.061256,393,"MN",396,"Danaus","plexippus","monarch","Animalia",25783,327,"Adults",2021,6,4,155,2459370,13,2021,6,18,169,2459384,8,"25783_Adults","Adults observed","25783_Adults_2021",12
8715,43.522804,-70.802277,215,"ME",396,"Danaus","plexippus","monarch","Animalia",28194,327,"Adults",2021,6,19,170,2459385,17,2021,6,19,170,2459385,NA,"28194_Adults","Adults observed","28194_Adults_2021",9
8736,44.903229,-93.217445,248,"MN",288,"Bombus","spp.","bumblebee","Animalia",28350,312,"Flower visitation",2021,5,25,145,2459360,8,2021,5,25,145,2459360,4,"28350_Flower visitation","Feeding","28350_Flower visitation_2021",10
8736,44.903229,-93.217445,248,"MN",288,"Bombus","spp.","bumblebee","Animalia",28350,327,"Adults",2021,5,25,145,2459360,8,2021,9,6,249,2459464,4,"28350_Adults","Adults observed","28350_Adults_2021",10
8736,44.903229,-93.217445,248,"MN",391,"Pieris","rapae","cabbage white","Animalia",28351,327,"Adults",2021,6,10,161,2459376,1,2021,6,10,161,2459376,4,"28351_Adults","Adults observed","28351_Adults_2021",10
8736,44.903229,-93.217445,248,"MN",396,"Danaus","plexippus","monarch","Animalia",28352,312,"Flower visitation",2021,7,2,183,2459398,1,2021,7,3,184,2459399,1,"28352_Flower visitation","Feeding","28352_Flower visitation_2021",10
8736,44.903229,-93.217445,248,"MN",396,"Danaus","plexippus","monarch","Animalia",28352,327,"Adults",2021,6,27,178,2459393,6,2021,8,4,216,2459431,1,"28352_Adults","Adults observed","28352_Adults_2021",10
8242,31.596231,-110.575493,1542,"AZ",1133,"Danaus","gilippus","queen","Animalia",29642,312,"Flower visitation",2021,5,24,144,2459359,21,2021,5,24,144,2459359,NA,"29642_Flower visitation","Feeding","29642_Flower visitation_2021",10
8242,31.596231,-110.575493,1542,"AZ",1133,"Danaus","gilippus","queen","Animalia",29642,327,"Adults",2021,5,24,144,2459359,21,2021,5,24,144,2459359,NA,"29642_Adults","Adults observed","29642_Adults_2021",10
10145,42.602543,-83.250992,277,"MI",288,"Bombus","spp.","bumblebee","Animalia",38858,327,"Adults",2021,4,13,103,2459318,1,2021,4,13,103,2459318,1,"38858_Adults","Adults observed","38858_Adults_2021",13
10145,42.602543,-83.250992,277,"MI",391,"Pieris","rapae","cabbage white","Animalia",38859,327,"Adults",2021,4,6,96,2459311,NA,2021,4,11,101,2459316,1,"38859_Adults","Adults observed","38859_Adults_2021",13
10145,42.602543,-83.250992,277,"MI",272,"Anax","junius","common green darner","Animalia",38869,327,"Adults",2021,4,28,118,2459333,1,2021,4,28,118,2459333,1,"38869_Adults","Adults observed","38869_Adults_2021",13
10145,42.602543,-83.250992,277,"MI",396,"Danaus","plexippus","monarch","Animalia",38919,327,"Adults",2021,6,3,154,2459369,1,2021,6,3,154,2459369,1,"38919_Adults","Adults observed","38919_Adults_2021",13
10145,42.602543,-83.250992,277,"MI",1137,"Nymphalis","antiopa","mourning cloak","Animalia",38921,327,"Adults",2021,4,4,94,2459309,NA,2021,4,4,94,2459309,1,"38921_Adults","Adults observed","38921_Adults_2021",13
10145,42.602543,-83.250992,277,"MI",1132,"Colias","eurytheme","orange sulphur","Animalia",38930,327,"Adults",2021,5,2,122,2459337,2,2021,5,2,122,2459337,1,"38930_Adults","Adults observed","38930_Adults_2021",13
10145,42.602543,-83.250992,277,"MI",393,"Vanessa","atalanta","red admiral","Animalia",38941,327,"Adults",2021,5,21,141,2459356,1,2021,5,21,141,2459356,1,"38941_Adults","Adults observed","38941_Adults_2021",11
6102,32.23188,-110.951012,737,"AZ",288,"Bombus","spp.","bumblebee","Animalia",49641,312,"Flower visitation",2021,2,5,36,2459251,1,2021,2,5,36,2459251,1,"49641_Flower visitation","Feeding","49641_Flower visitation_2021",10
6102,32.23188,-110.951012,737,"AZ",288,"Bombus","spp.","bumblebee","Animalia",49641,327,"Adults",2021,2,8,39,2459254,2,2021,2,14,45,2459260,1,"49641_Adults","Adults observed","49641_Adults_2021",10
12064,32.248463,-110.909584,745,"AZ",396,"Danaus","plexippus","monarch","Animalia",50768,312,"Flower visitation",2021,6,13,164,2459379,5,2021,6,13,164,2459379,18,"50768_Flower visitation","Feeding","50768_Flower visitation_2021",9
12064,32.248463,-110.909584,745,"AZ",396,"Danaus","plexippus","monarch","Animalia",50768,327,"Adults",2021,6,13,164,2459379,5,2021,6,13,164,2459379,18,"50768_Adults","Adults observed","50768_Adults_2021",9
12064,32.248463,-110.909584,745,"AZ",1133,"Danaus","gilippus","queen","Animalia",50769,312,"Flower visitation",2021,2,4,35,2459250,26,2021,2,4,35,2459250,10,"50769_Flower visitation","Feeding","50769_Flower visitation_2021",9
12064,32.248463,-110.909584,745,"AZ",1133,"Danaus","gilippus","queen","Animalia",50769,327,"Adults",2021,1,7,7,2459222,NA,2021,1,7,7,2459222,2,"50769_Adults","Adults observed","50769_Adults_2021",9
12064,32.248463,-110.909584,745,"AZ",1142,"Bombus","sonorus","Sonoran bumble bee","Animalia",50772,312,"Flower visitation",2021,2,4,35,2459250,26,2021,2,4,35,2459250,10,"50772_Flower visitation","Feeding","50772_Flower visitation_2021",9
12064,32.248463,-110.909584,745,"AZ",1142,"Bombus","sonorus","Sonoran bumble bee","Animalia",50772,327,"Adults",2021,2,4,35,2459250,26,2021,2,4,35,2459250,10,"50772_Adults","Adults observed","50772_Adults_2021",9
12064,32.248463,-110.909584,745,"AZ",1143,"Xylocopa","varipuncta","valley carpenter bee","Animalia",50773,327,"Adults",2021,3,9,68,2459283,4,2021,3,9,68,2459283,5,"50773_Adults","Adults observed","50773_Adults_2021",9
16295,27.929228,-82.725639,4,"FL",396,"Danaus","plexippus","monarch","Animalia",60947,333,"Caterpillars",2021,3,20,79,2459294,7,2021,4,3,93,2459308,14,"60947_Caterpillars","Young observed","60947_Caterpillars_2021",9
16295,27.929228,-82.725639,4,"FL",396,"Danaus","plexippus","monarch","Animalia",60947,447,"Caterpillars feeding",2021,3,20,79,2459294,7,2021,4,3,93,2459308,14,"60947_Caterpillars feeding","Young observed","60947_Caterpillars feeding_2021",9
9652,44.768246,-94.155746,309,"MN",288,"Bombus","spp.","bumblebee","Animalia",69507,312,"Flower visitation",2021,5,12,132,2459347,12,2021,10,9,282,2459497,NA,"69507_Flower visitation","Feeding","69507_Flower visitation_2021",12
9652,44.768246,-94.155746,309,"MN",288,"Bombus","spp.","bumblebee","Animalia",69507,327,"Adults",2021,4,24,114,2459329,NA,2021,10,9,282,2459497,NA,"69507_Adults","Adults observed","69507_Adults_2021",12
9652,44.768246,-94.155746,309,"MN",288,"Bombus","spp.","bumblebee","Animalia",69507,370,"Male adults",2021,4,24,114,2459329,NA,2021,4,24,114,2459329,6,"69507_Male adults","Adults observed","69507_Male adults_2021",11
10145,42.602543,-83.250992,277,"MI",1238,"Apis","mellifera","honeybee","Animalia",69919,327,"Adults",2021,7,4,185,2459400,NA,2021,7,4,185,2459400,1,"69919_Adults","Adults observed","69919_Adults_2021",12
16876,41.745537,-74.119392,72,"NY",396,"Danaus","plexippus","monarch","Animalia",72969,312,"Flower visitation",2021,6,11,162,2459377,11,2021,6,11,162,2459377,3,"72969_Flower visitation","Feeding","72969_Flower visitation_2021",12
16876,41.745537,-74.119392,72,"NY",396,"Danaus","plexippus","monarch","Animalia",72969,327,"Adults",2021,6,10,161,2459376,10,2021,6,11,162,2459377,3,"72969_Adults","Adults observed","72969_Adults_2021",12
17414,42.936153,-73.433449,147,"NY",396,"Danaus","plexippus","monarch","Animalia",86971,312,"Flower visitation",2021,7,26,207,2459422,3,2021,8,1,213,2459428,7,"86971_Flower visitation","Feeding","86971_Flower visitation_2021",11
17414,42.936153,-73.433449,147,"NY",396,"Danaus","plexippus","monarch","Animalia",86971,327,"Adults",2021,6,5,156,2459371,4,2021,6,5,156,2459371,1,"86971_Adults","Adults observed","86971_Adults_2021",11
22613,32.33926,-110.981728,813,"AZ",1131,"Calephelis","nemesis","fatal metalmark","Animalia",100905,327,"Adults",2021,7,20,201,2459416,5,2021,7,20,201,2459416,8,"100905_Adults","Adults observed","100905_Adults_2021",10
22613,32.33926,-110.981728,813,"AZ",1403,"Papilio","cresphontes","giant swallowtail","Animalia",100906,327,"Adults",2021,6,1,152,2459367,7,2021,6,1,152,2459367,8,"100906_Adults","Adults observed","100906_Adults_2021",10
22613,32.33926,-110.981728,813,"AZ",1391,"Agraulis","vanillae","gulf fritillary","Animalia",100907,327,"Adults",2021,2,9,40,2459255,7,2021,2,9,40,2459255,7,"100907_Adults","Adults observed","100907_Adults_2021",10
22613,32.33926,-110.981728,813,"AZ",396,"Danaus","plexippus","monarch","Animalia",100909,327,"Adults",2021,2,2,33,2459248,5,2021,2,2,33,2459248,7,"100909_Adults","Adults observed","100909_Adults_2021",10
22613,32.33926,-110.981728,813,"AZ",1129,"Battus","philenor","pipevine swallowtail","Animalia",100912,327,"Adults",2021,2,9,40,2459255,7,2021,2,9,40,2459255,7,"100912_Adults","Adults observed","100912_Adults_2021",10
22613,32.33926,-110.981728,813,"AZ",1129,"Battus","philenor","pipevine swallowtail","Animalia",100912,333,"Caterpillars",2021,9,14,257,2459472,7,2021,9,14,257,2459472,14,"100912_Caterpillars","Young observed","100912_Caterpillars_2021",9
22613,32.33926,-110.981728,813,"AZ",1133,"Danaus","gilippus","queen","Animalia",100913,327,"Adults",2021,1,5,5,2459220,NA,2021,1,5,5,2459220,14,"100913_Adults","Adults observed","100913_Adults_2021",10
22979,41.556442,-93.267807,267,"IA",396,"Danaus","plexippus","monarch","Animalia",104138,327,"Adults",2021,5,19,139,2459354,7,2021,5,26,146,2459361,8,"104138_Adults","Adults observed","104138_Adults_2021",9
22981,41.559528,-93.278351,265,"IA",396,"Danaus","plexippus","monarch","Animalia",104149,327,"Adults",2021,5,26,146,2459361,7,2021,6,10,161,2459376,7,"104149_Adults","Adults observed","104149_Adults_2021",9
25568,45.140465,-93.312943,260,"MN",273,"Calopteryx","maculata","ebony jewelwing","Animalia",123979,327,"Adults",2021,5,13,133,2459348,4,2021,5,13,133,2459348,3,"123979_Adults","Adults observed","123979_Adults_2021",9
25568,45.140465,-93.312943,260,"MN",396,"Danaus","plexippus","monarch","Animalia",123980,312,"Flower visitation",2021,7,17,198,2459413,13,2021,7,17,198,2459413,1,"123980_Flower visitation","Feeding","123980_Flower visitation_2021",9
25568,45.140465,-93.312943,260,"MN",396,"Danaus","plexippus","monarch","Animalia",123980,327,"Adults",2021,7,17,198,2459413,13,2021,7,27,208,2459423,5,"123980_Adults","Adults observed","123980_Adults_2021",9
22613,32.33926,-110.981728,813,"AZ",415,"Libellula","saturata","flame skimmer","Animalia",136804,327,"Adults",2021,3,9,68,2459283,7,2021,3,9,68,2459283,8,"136804_Adults","Adults observed","136804_Adults_2021",9
12064,32.248463,-110.909584,745,"AZ",1391,"Agraulis","vanillae","gulf fritillary","Animalia",139418,327,"Adults",2021,3,27,86,2459301,13,2021,3,27,86,2459301,5,"139418_Adults","Adults observed","139418_Adults_2021",9
9652,44.768246,-94.155746,309,"MN",1427,"Diceroprocta","apache","Apache cicada","Animalia",139451,327,"Adults",2021,6,23,174,2459389,NA,2021,6,23,174,2459389,3,"139451_Adults","Adults observed","139451_Adults_2021",9
9652,44.768246,-94.155746,309,"MN",1427,"Diceroprocta","apache","Apache cicada","Animalia",139451,528,"Courtship calling",2021,6,23,174,2459389,NA,2021,6,23,174,2459389,3,"139451_Courtship calling","Mating activity","139451_Courtship calling_2021",9
9652,44.768246,-94.155746,309,"MN",1427,"Diceroprocta","apache","Apache cicada","Animalia",139451,530,"Cast-off skins (nymph)",2021,6,23,174,2459389,NA,2021,7,2,183,2459398,8,"139451_Cast-off skins (nymph)","Young observed","139451_Cast-off skins (nymph)_2021",9
9652,44.768246,-94.155746,309,"MN",391,"Pieris","rapae","cabbage white","Animalia",139454,312,"Flower visitation",2021,6,13,164,2459379,44,2021,7,19,200,2459415,3,"139454_Flower visitation","Feeding","139454_Flower visitation_2021",9
9652,44.768246,-94.155746,309,"MN",391,"Pieris","rapae","cabbage white","Animalia",139454,327,"Adults",2021,4,30,120,2459335,NA,2021,9,19,262,2459477,NA,"139454_Adults","Adults observed","139454_Adults_2021",9
9652,44.768246,-94.155746,309,"MN",1238,"Apis","mellifera","honeybee","Animalia",139456,312,"Flower visitation",2021,7,29,210,2459425,NA,2021,10,9,282,2459497,NA,"139456_Flower visitation","Feeding","139456_Flower visitation_2021",9
9652,44.768246,-94.155746,309,"MN",1238,"Apis","mellifera","honeybee","Animalia",139456,327,"Adults",2021,7,29,210,2459425,NA,2021,10,9,282,2459497,NA,"139456_Adults","Adults observed","139456_Adults_2021",9
9652,44.768246,-94.155746,309,"MN",396,"Danaus","plexippus","monarch","Animalia",139457,312,"Flower visitation",2021,5,23,143,2459358,NA,2021,7,2,183,2459398,3,"139457_Flower visitation","Feeding","139457_Flower visitation_2021",9
9652,44.768246,-94.155746,309,"MN",396,"Danaus","plexippus","monarch","Animalia",139457,327,"Adults",2021,5,23,143,2459358,NA,2021,9,13,256,2459471,NA,"139457_Adults","Adults observed","139457_Adults_2021",9
22613,32.33926,-110.981728,813,"AZ",272,"Anax","junius","common green darner","Animalia",145493,327,"Adults",2021,6,16,167,2459382,7,2021,6,29,180,2459395,7,"145493_Adults","Adults observed","145493_Adults_2021",9
1605,40.907997,-73.120705,45,"NY",288,"Bombus","spp.","bumblebee","Animalia",5283,327,"Adults",2022,11,14,318,2459898,NA,2022,11,22,326,2459906,NA,"5283_Adults","Adults observed","5283_Adults_2022",11
1419,42.011166,-88.503304,280,"IL",288,"Bombus","spp.","bumblebee","Animalia",10284,312,"Flower visitation",2022,6,19,170,2459750,7,2022,6,19,170,2459750,41,"10284_Flower visitation","Feeding","10284_Flower visitation_2022",14
1419,42.011166,-88.503304,280,"IL",288,"Bombus","spp.","bumblebee","Animalia",10284,327,"Adults",2022,6,19,170,2459750,7,2022,6,19,170,2459750,41,"10284_Adults","Adults observed","10284_Adults_2022",14
5674,44.910587,-70.266861,261,"ME",396,"Danaus","plexippus","monarch","Animalia",12711,312,"Flower visitation",2022,6,26,177,2459757,7,2022,7,3,184,2459764,7,"12711_Flower visitation","Feeding","12711_Flower visitation_2022",11
5674,44.910587,-70.266861,261,"ME",396,"Danaus","plexippus","monarch","Animalia",12711,327,"Adults",2022,6,19,170,2459750,7,2022,7,3,184,2459764,7,"12711_Adults","Adults observed","12711_Adults_2022",11
2803,39.971001,-105.397003,2329,"CO",288,"Bombus","spp.","bumblebee","Animalia",16049,312,"Flower visitation",2022,5,16,136,2459716,4,2022,5,16,136,2459716,8,"16049_Flower visitation","Feeding","16049_Flower visitation_2022",15
2803,39.971001,-105.397003,2329,"CO",288,"Bombus","spp.","bumblebee","Animalia",16049,327,"Adults",2022,4,20,110,2459690,36,2022,5,16,136,2459716,8,"16049_Adults","Adults observed","16049_Adults_2022",15
8496,46.328629,-96.061256,393,"MN",396,"Danaus","plexippus","monarch","Animalia",25783,312,"Flower visitation",2022,5,28,148,2459728,3,2022,5,28,148,2459728,5,"25783_Flower visitation","Feeding","25783_Flower visitation_2022",10
8496,46.328629,-96.061256,393,"MN",396,"Danaus","plexippus","monarch","Animalia",25783,327,"Adults",2022,5,28,148,2459728,3,2022,6,12,163,2459743,NA,"25783_Adults","Adults observed","25783_Adults_2022",12
8715,43.522804,-70.802277,215,"ME",396,"Danaus","plexippus","monarch","Animalia",28194,327,"Adults",2022,7,26,207,2459787,31,2022,9,10,253,2459833,NA,"28194_Adults","Adults observed","28194_Adults_2022",9
10145,42.602543,-83.250992,277,"MI",288,"Bombus","spp.","bumblebee","Animalia",38858,327,"Adults",2022,5,6,126,2459706,NA,2022,5,7,127,2459707,1,"38858_Adults","Adults observed","38858_Adults_2022",13
10145,42.602543,-83.250992,277,"MI",391,"Pieris","rapae","cabbage white","Animalia",38859,327,"Adults",2022,5,1,121,2459701,1,2022,5,1,121,2459701,1,"38859_Adults","Adults observed","38859_Adults_2022",13
10145,42.602543,-83.250992,277,"MI",272,"Anax","junius","common green darner","Animalia",38869,327,"Adults",2022,4,29,119,2459699,1,2022,4,29,119,2459699,1,"38869_Adults","Adults observed","38869_Adults_2022",13
10145,42.602543,-83.250992,277,"MI",396,"Danaus","plexippus","monarch","Animalia",38919,327,"Adults",2022,6,1,152,2459732,1,2022,6,1,152,2459732,1,"38919_Adults","Adults observed","38919_Adults_2022",13
10145,42.602543,-83.250992,277,"MI",1137,"Nymphalis","antiopa","mourning cloak","Animalia",38921,327,"Adults",2022,4,24,114,2459694,1,2022,4,24,114,2459694,1,"38921_Adults","Adults observed","38921_Adults_2022",13
10145,42.602543,-83.250992,277,"MI",1132,"Colias","eurytheme","orange sulphur","Animalia",38930,327,"Adults",2022,5,19,139,2459719,NA,2022,5,19,139,2459719,1,"38930_Adults","Adults observed","38930_Adults_2022",13
6102,32.23188,-110.951012,737,"AZ",288,"Bombus","spp.","bumblebee","Animalia",49641,312,"Flower visitation",2022,10,20,293,2459873,13,2022,10,20,293,2459873,1,"49641_Flower visitation","Feeding","49641_Flower visitation_2022",10
6102,32.23188,-110.951012,737,"AZ",288,"Bombus","spp.","bumblebee","Animalia",49641,327,"Adults",2022,10,20,293,2459873,13,2022,10,20,293,2459873,1,"49641_Adults","Adults observed","49641_Adults_2022",10
12064,32.248463,-110.909584,745,"AZ",396,"Danaus","plexippus","monarch","Animalia",50768,312,"Flower visitation",2022,3,18,77,2459657,7,2022,3,18,77,2459657,1,"50768_Flower visitation","Feeding","50768_Flower visitation_2022",9
12064,32.248463,-110.909584,745,"AZ",396,"Danaus","plexippus","monarch","Animalia",50768,327,"Adults",2022,4,12,102,2459682,5,2022,4,12,102,2459682,12,"50768_Adults","Adults observed","50768_Adults_2022",9
12064,32.248463,-110.909584,745,"AZ",1133,"Danaus","gilippus","queen","Animalia",50769,312,"Flower visitation",2022,5,5,125,2459705,11,2022,5,5,125,2459705,28,"50769_Flower visitation","Feeding","50769_Flower visitation_2022",9
12064,32.248463,-110.909584,745,"AZ",1133,"Danaus","gilippus","queen","Animalia",50769,327,"Adults",2022,5,5,125,2459705,11,2022,5,5,125,2459705,28,"50769_Adults","Adults observed","50769_Adults_2022",9
12064,32.248463,-110.909584,745,"AZ",1142,"Bombus","sonorus","Sonoran bumble bee","Animalia",50772,312,"Flower visitation",2022,5,5,125,2459705,11,2022,5,5,125,2459705,28,"50772_Flower visitation","Feeding","50772_Flower visitation_2022",9
12064,32.248463,-110.909584,745,"AZ",1142,"Bombus","sonorus","Sonoran bumble bee","Animalia",50772,327,"Adults",2022,5,5,125,2459705,11,2022,5,5,125,2459705,28,"50772_Adults","Adults observed","50772_Adults_2022",9
12064,32.248463,-110.909584,745,"AZ",1143,"Xylocopa","varipuncta","valley carpenter bee","Animalia",50773,327,"Adults",2022,3,3,62,2459642,52,2022,3,3,62,2459642,8,"50773_Adults","Adults observed","50773_Adults_2022",9
16295,27.929228,-82.725639,4,"FL",396,"Danaus","plexippus","monarch","Animalia",60947,333,"Caterpillars",2022,1,29,29,2459609,14,2022,2,12,43,2459623,14,"60947_Caterpillars","Young observed","60947_Caterpillars_2022",9
16295,27.929228,-82.725639,4,"FL",396,"Danaus","plexippus","monarch","Animalia",60947,447,"Caterpillars feeding",2022,1,29,29,2459609,14,2022,2,12,43,2459623,14,"60947_Caterpillars feeding","Young observed","60947_Caterpillars feeding_2022",9
9652,44.768246,-94.155746,309,"MN",288,"Bombus","spp.","bumblebee","Animalia",69507,312,"Flower visitation",2022,6,8,159,2459739,25,2022,9,10,253,2459833,25,"69507_Flower visitation","Feeding","69507_Flower visitation_2022",12
9652,44.768246,-94.155746,309,"MN",288,"Bombus","spp.","bumblebee","Animalia",69507,327,"Adults",2022,5,4,124,2459704,NA,2022,10,5,278,2459858,NA,"69507_Adults","Adults observed","69507_Adults_2022",12
10145,42.602543,-83.250992,277,"MI",1238,"Apis","mellifera","honeybee","Animalia",69919,327,"Adults",2022,7,13,194,2459774,1,2022,7,13,194,2459774,1,"69919_Adults","Adults observed","69919_Adults_2022",12
16876,41.745537,-74.119392,72,"NY",396,"Danaus","plexippus","monarch","Animalia",72969,312,"Flower visitation",2022,6,19,170,2459750,13,2022,6,19,170,2459750,1,"72969_Flower visitation","Feeding","72969_Flower visitation_2022",12
16876,41.745537,-74.119392,72,"NY",396,"Danaus","plexippus","monarch","Animalia",72969,327,"Adults",2022,6,20,171,2459751,1,2022,6,20,171,2459751,1,"72969_Adults","Adults observed","72969_Adults_2022",12
17414,42.936153,-73.433449,147,"NY",396,"Danaus","plexippus","monarch","Animalia",86971,312,"Flower visitation",2022,6,24,175,2459755,5,2022,7,14,195,2459775,5,"86971_Flower visitation","Feeding","86971_Flower visitation_2022",11
17414,42.936153,-73.433449,147,"NY",396,"Danaus","plexippus","monarch","Animalia",86971,327,"Adults",2022,5,23,143,2459723,3,2022,5,27,147,2459727,5,"86971_Adults","Adults observed","86971_Adults_2022",11
20969,33.632149,-117.55545,440,"CA",1386,"Apodemia","virgulti","Behr's metalmark","Animalia",90201,327,"Adults",2022,6,4,155,2459735,20,2022,6,4,155,2459735,11,"90201_Adults","Adults observed","90201_Adults_2022",10
20969,33.632149,-117.55545,440,"CA",1383,"Adelpha","californica","California sister","Animalia",90203,327,"Adults",2022,5,15,135,2459715,4,2022,5,15,135,2459715,20,"90203_Adults","Adults observed","90203_Adults_2022",10
20969,33.632149,-117.55545,440,"CA",1135,"Junonia","coenia","common buckeye","Animalia",90204,312,"Flower visitation",2022,9,8,251,2459831,8,2022,9,8,251,2459831,6,"90204_Flower visitation","Feeding","90204_Flower visitation_2022",9
20969,33.632149,-117.55545,440,"CA",1135,"Junonia","coenia","common buckeye","Animalia",90204,327,"Adults",2022,4,10,100,2459680,8,2022,4,10,100,2459680,1,"90204_Adults","Adults observed","90204_Adults_2022",11
20969,33.632149,-117.55545,440,"CA",1388,"Coenonympha","tullia","common ringlet","Animalia",90205,327,"Adults",2022,4,2,92,2459672,NA,2022,4,2,92,2459672,8,"90205_Adults","Adults observed","90205_Adults_2022",11
20969,33.632149,-117.55545,440,"CA",1384,"Anthocharis","sara","Pacific orangetip","Animalia",90206,327,"Adults",2022,4,10,100,2459680,8,2022,4,10,100,2459680,1,"90206_Adults","Adults observed","90206_Adults_2022",10
22613,32.33926,-110.981728,813,"AZ",1131,"Calephelis","nemesis","fatal metalmark","Animalia",100905,327,"Adults",2022,7,5,186,2459766,6,2022,7,19,200,2459780,7,"100905_Adults","Adults observed","100905_Adults_2022",10
22613,32.33926,-110.981728,813,"AZ",1403,"Papilio","cresphontes","giant swallowtail","Animalia",100906,327,"Adults",2022,3,30,89,2459669,8,2022,4,5,95,2459675,7,"100906_Adults","Adults observed","100906_Adults_2022",10
22613,32.33926,-110.981728,813,"AZ",1391,"Agraulis","vanillae","gulf fritillary","Animalia",100907,327,"Adults",2022,1,25,25,2459605,7,2022,1,25,25,2459605,8,"100907_Adults","Adults observed","100907_Adults_2022",10
22613,32.33926,-110.981728,813,"AZ",396,"Danaus","plexippus","monarch","Animalia",100909,327,"Adults",2022,1,4,4,2459584,NA,2022,1,25,25,2459605,8,"100909_Adults","Adults observed","100909_Adults_2022",10
22613,32.33926,-110.981728,813,"AZ",1129,"Battus","philenor","pipevine swallowtail","Animalia",100912,327,"Adults",2022,1,4,4,2459584,NA,2022,9,20,263,2459843,4,"100912_Adults","Adults observed","100912_Adults_2022",10
22613,32.33926,-110.981728,813,"AZ",1129,"Battus","philenor","pipevine swallowtail","Animalia",100912,333,"Caterpillars",2022,4,26,116,2459696,7,2022,4,26,116,2459696,7,"100912_Caterpillars","Young observed","100912_Caterpillars_2022",9
22613,32.33926,-110.981728,813,"AZ",1133,"Danaus","gilippus","queen","Animalia",100913,327,"Adults",2022,1,4,4,2459584,NA,2022,2,8,39,2459619,7,"100913_Adults","Adults observed","100913_Adults_2022",10
22613,32.33926,-110.981728,813,"AZ",260,"Celastrina","ladon complex","spring azure","Animalia",100915,327,"Adults",2022,9,20,263,2459843,7,2022,9,20,263,2459843,4,"100915_Adults","Adults observed","100915_Adults_2022",9
22979,41.556442,-93.267807,267,"IA",396,"Danaus","plexippus","monarch","Animalia",104138,327,"Adults",2022,5,16,136,2459716,5,2022,5,16,136,2459716,21,"104138_Adults","Adults observed","104138_Adults_2022",9
22981,41.559528,-93.278351,265,"IA",396,"Danaus","plexippus","monarch","Animalia",104149,327,"Adults",2022,6,16,167,2459747,16,2022,6,21,172,2459752,9,"104149_Adults","Adults observed","104149_Adults_2022",9
25568,45.140465,-93.312943,260,"MN",273,"Calopteryx","maculata","ebony jewelwing","Animalia",123979,327,"Adults",2022,7,4,185,2459765,8,2022,7,4,185,2459765,19,"123979_Adults","Adults observed","123979_Adults_2022",9
25568,45.140465,-93.312943,260,"MN",396,"Danaus","plexippus","monarch","Animalia",123980,312,"Flower visitation",2022,7,26,207,2459787,2,2022,7,26,207,2459787,19,"123980_Flower visitation","Feeding","123980_Flower visitation_2022",9
25568,45.140465,-93.312943,260,"MN",396,"Danaus","plexippus","monarch","Animalia",123980,327,"Adults",2022,7,26,207,2459787,2,2022,7,26,207,2459787,19,"123980_Adults","Adults observed","123980_Adults_2022",9
22613,32.33926,-110.981728,813,"AZ",415,"Libellula","saturata","flame skimmer","Animalia",136804,327,"Adults",2022,3,15,74,2459654,7,2022,3,15,74,2459654,7,"136804_Adults","Adults observed","136804_Adults_2022",9
12064,32.248463,-110.909584,745,"AZ",1391,"Agraulis","vanillae","gulf fritillary","Animalia",139418,327,"Adults",2022,7,28,209,2459789,21,2022,7,28,209,2459789,7,"139418_Adults","Adults observed","139418_Adults_2022",9
9652,44.768246,-94.155746,309,"MN",1427,"Diceroprocta","apache","Apache cicada","Animalia",139451,327,"Adults",2022,6,26,177,2459757,NA,2022,9,25,268,2459848,2,"139451_Adults","Adults observed","139451_Adults_2022",9
9652,44.768246,-94.155746,309,"MN",1427,"Diceroprocta","apache","Apache cicada","Animalia",139451,528,"Courtship calling",2022,6,26,177,2459757,NA,2022,7,15,196,2459776,1,"139451_Courtship calling","Mating activity","139451_Courtship calling_2022",9
9652,44.768246,-94.155746,309,"MN",1427,"Diceroprocta","apache","Apache cicada","Animalia",139451,530,"Cast-off skins (nymph)",2022,6,26,177,2459757,NA,2022,6,26,177,2459757,9,"139451_Cast-off skins (nymph)","Young observed","139451_Cast-off skins (nymph)_2022",9
9652,44.768246,-94.155746,309,"MN",391,"Pieris","rapae","cabbage white","Animalia",139454,312,"Flower visitation",2022,6,28,179,2459759,35,2022,9,4,247,2459827,3,"139454_Flower visitation","Feeding","139454_Flower visitation_2022",9
9652,44.768246,-94.155746,309,"MN",391,"Pieris","rapae","cabbage white","Animalia",139454,327,"Adults",2022,5,9,129,2459709,NA,2022,10,5,278,2459858,NA,"139454_Adults","Adults observed","139454_Adults_2022",9
9652,44.768246,-94.155746,309,"MN",1238,"Apis","mellifera","honeybee","Animalia",139456,312,"Flower visitation",2022,8,10,222,2459802,NA,2022,9,4,247,2459827,NA,"139456_Flower visitation","Feeding","139456_Flower visitation_2022",9
9652,44.768246,-94.155746,309,"MN",1238,"Apis","mellifera","honeybee","Animalia",139456,327,"Adults",2022,8,10,222,2459802,NA,2022,9,4,247,2459827,NA,"139456_Adults","Adults observed","139456_Adults_2022",9
9652,44.768246,-94.155746,309,"MN",396,"Danaus","plexippus","monarch","Animalia",139457,312,"Flower visitation",2022,6,17,168,2459748,34,2022,9,4,247,2459827,2,"139457_Flower visitation","Feeding","139457_Flower visitation_2022",9
9652,44.768246,-94.155746,309,"MN",396,"Danaus","plexippus","monarch","Animalia",139457,327,"Adults",2022,5,14,134,2459714,NA,2022,10,9,282,2459862,NA,"139457_Adults","Adults observed","139457_Adults_2022",9
22613,32.33926,-110.981728,813,"AZ",272,"Anax","junius","common green darner","Animalia",145493,327,"Adults",2022,7,5,186,2459766,6,2022,7,5,186,2459766,7,"145493_Adults","Adults observed","145493_Adults_2022",9
1605,40.907997,-73.120705,45,"NY",288,"Bombus","spp.","bumblebee","Animalia",5283,327,"Adults",2023,4,12,102,2460047,NA,2023,4,12,102,2460047,NA,"5283_Adults","Adults observed","5283_Adults_2023",11
1419,42.011166,-88.503304,280,"IL",288,"Bombus","spp.","bumblebee","Animalia",10284,312,"Flower visitation",2023,6,5,156,2460101,21,2023,6,5,156,2460101,36,"10284_Flower visitation","Feeding","10284_Flower visitation_2023",14
1419,42.011166,-88.503304,280,"IL",288,"Bombus","spp.","bumblebee","Animalia",10284,327,"Adults",2023,5,15,135,2460080,10,2023,6,5,156,2460101,36,"10284_Adults","Adults observed","10284_Adults_2023",14
5674,44.910587,-70.266861,261,"ME",396,"Danaus","plexippus","monarch","Animalia",12711,312,"Flower visitation",2023,7,2,183,2460128,7,2023,7,9,190,2460135,7,"12711_Flower visitation","Feeding","12711_Flower visitation_2023",11
5674,44.910587,-70.266861,261,"ME",396,"Danaus","plexippus","monarch","Animalia",12711,327,"Adults",2023,7,2,183,2460128,7,2023,7,9,190,2460135,7,"12711_Adults","Adults observed","12711_Adults_2023",11
2803,39.971001,-105.397003,2329,"CO",288,"Bombus","spp.","bumblebee","Animalia",16049,312,"Flower visitation",2023,5,26,146,2460091,7,2023,9,7,250,2460195,7,"16049_Flower visitation","Feeding","16049_Flower visitation_2023",15
2803,39.971001,-105.397003,2329,"CO",288,"Bombus","spp.","bumblebee","Animalia",16049,327,"Adults",2023,5,26,146,2460091,7,2023,9,7,250,2460195,7,"16049_Adults","Adults observed","16049_Adults_2023",15
8496,46.328629,-96.061256,393,"MN",396,"Danaus","plexippus","monarch","Animalia",25783,327,"Adults",2023,5,29,149,2460094,6,2023,7,24,205,2460150,NA,"25783_Adults","Adults observed","25783_Adults_2023",12
8715,43.522804,-70.802277,215,"ME",396,"Danaus","plexippus","monarch","Animalia",28194,327,"Adults",2023,9,16,259,2460204,56,2023,9,16,259,2460204,11,"28194_Adults","Adults observed","28194_Adults_2023",9
8418,32.363758,-94.873947,115,"TX",288,"Bombus","spp.","bumblebee","Animalia",30797,312,"Flower visitation",2023,3,9,68,2460013,3,2023,3,9,68,2460013,3,"30797_Flower visitation","Feeding","30797_Flower visitation_2023",12
8418,32.363758,-94.873947,115,"TX",288,"Bombus","spp.","bumblebee","Animalia",30797,327,"Adults",2023,3,9,68,2460013,3,2023,3,9,68,2460013,3,"30797_Adults","Adults observed","30797_Adults_2023",12
10145,42.602543,-83.250992,277,"MI",288,"Bombus","spp.","bumblebee","Animalia",38858,327,"Adults",2023,4,15,105,2460050,4,2023,4,15,105,2460050,1,"38858_Adults","Adults observed","38858_Adults_2023",13
10145,42.602543,-83.250992,277,"MI",391,"Pieris","rapae","cabbage white","Animalia",38859,327,"Adults",2023,4,15,105,2460050,4,2023,4,16,106,2460051,1,"38859_Adults","Adults observed","38859_Adults_2023",13
10145,42.602543,-83.250992,277,"MI",272,"Anax","junius","common green darner","Animalia",38869,327,"Adults",2023,6,25,176,2460121,1,2023,6,25,176,2460121,1,"38869_Adults","Adults observed","38869_Adults_2023",13
10145,42.602543,-83.250992,277,"MI",396,"Danaus","plexippus","monarch","Animalia",38919,327,"Adults",2023,6,30,181,2460126,1,2023,6,30,181,2460126,1,"38919_Adults","Adults observed","38919_Adults_2023",13
10145,42.602543,-83.250992,277,"MI",1137,"Nymphalis","antiopa","mourning cloak","Animalia",38921,327,"Adults",2023,9,13,256,2460201,2,2023,9,13,256,2460201,1,"38921_Adults","Adults observed","38921_Adults_2023",13
10145,42.602543,-83.250992,277,"MI",1132,"Colias","eurytheme","orange sulphur","Animalia",38930,327,"Adults",2023,5,12,132,2460077,1,2023,5,12,132,2460077,1,"38930_Adults","Adults observed","38930_Adults_2023",13
10145,42.602543,-83.250992,277,"MI",393,"Vanessa","atalanta","red admiral","Animalia",38941,327,"Adults",2023,4,10,100,2460045,1,2023,4,10,100,2460045,1,"38941_Adults","Adults observed","38941_Adults_2023",11
6102,32.23188,-110.951012,737,"AZ",288,"Bombus","spp.","bumblebee","Animalia",49641,312,"Flower visitation",2023,2,2,33,2459978,2,2023,2,3,34,2459979,6,"49641_Flower visitation","Feeding","49641_Flower visitation_2023",10
6102,32.23188,-110.951012,737,"AZ",288,"Bombus","spp.","bumblebee","Animalia",49641,327,"Adults",2023,2,3,34,2459979,1,2023,2,3,34,2459979,6,"49641_Adults","Adults observed","49641_Adults_2023",10
12064,32.248463,-110.909584,745,"AZ",396,"Danaus","plexippus","monarch","Animalia",50768,312,"Flower visitation",2023,1,19,19,2459964,7,2023,1,19,19,2459964,12,"50768_Flower visitation","Feeding","50768_Flower visitation_2023",9
12064,32.248463,-110.909584,745,"AZ",396,"Danaus","plexippus","monarch","Animalia",50768,327,"Adults",2023,1,12,12,2459957,7,2023,1,19,19,2459964,12,"50768_Adults","Adults observed","50768_Adults_2023",9
12064,32.248463,-110.909584,745,"AZ",1133,"Danaus","gilippus","queen","Animalia",50769,312,"Flower visitation",2023,1,19,19,2459964,7,2023,1,19,19,2459964,12,"50769_Flower visitation","Feeding","50769_Flower visitation_2023",9
12064,32.248463,-110.909584,745,"AZ",1133,"Danaus","gilippus","queen","Animalia",50769,327,"Adults",2023,1,19,19,2459964,7,2023,1,19,19,2459964,12,"50769_Adults","Adults observed","50769_Adults_2023",9
12064,32.248463,-110.909584,745,"AZ",1142,"Bombus","sonorus","Sonoran bumble bee","Animalia",50772,312,"Flower visitation",2023,6,15,166,2460111,14,2023,6,15,166,2460111,9,"50772_Flower visitation","Feeding","50772_Flower visitation_2023",9
12064,32.248463,-110.909584,745,"AZ",1142,"Bombus","sonorus","Sonoran bumble bee","Animalia",50772,327,"Adults",2023,6,15,166,2460111,14,2023,6,15,166,2460111,9,"50772_Adults","Adults observed","50772_Adults_2023",9
12064,32.248463,-110.909584,745,"AZ",1143,"Xylocopa","varipuncta","valley carpenter bee","Animalia",50773,327,"Adults",2023,4,12,102,2460047,21,2023,4,12,102,2460047,22,"50773_Adults","Adults observed","50773_Adults_2023",9
9652,44.768246,-94.155746,309,"MN",288,"Bombus","spp.","bumblebee","Animalia",69507,312,"Flower visitation",2023,5,9,129,2460074,6,2023,9,30,273,2460218,NA,"69507_Flower visitation","Feeding","69507_Flower visitation_2023",12
9652,44.768246,-94.155746,309,"MN",288,"Bombus","spp.","bumblebee","Animalia",69507,327,"Adults",2023,5,3,123,2460068,NA,2023,8,15,227,2460172,1,"69507_Adults","Adults observed","69507_Adults_2023",12
9652,44.768246,-94.155746,309,"MN",288,"Bombus","spp.","bumblebee","Animalia",69507,370,"Male adults",2023,5,3,123,2460068,NA,2023,5,9,129,2460074,7,"69507_Male adults","Adults observed","69507_Male adults_2023",11
10145,42.602543,-83.250992,277,"MI",1238,"Apis","mellifera","honeybee","Animalia",69919,327,"Adults",2023,4,20,110,2460055,1,2023,4,20,110,2460055,1,"69919_Adults","Adults observed","69919_Adults_2023",12
16876,41.745537,-74.119392,72,"NY",396,"Danaus","plexippus","monarch","Animalia",72969,312,"Flower visitation",2023,8,22,234,2460179,5,2023,8,22,234,2460179,9,"72969_Flower visitation","Feeding","72969_Flower visitation_2023",12
16876,41.745537,-74.119392,72,"NY",396,"Danaus","plexippus","monarch","Animalia",72969,327,"Adults",2023,6,29,180,2460125,14,2023,7,20,201,2460146,7,"72969_Adults","Adults observed","72969_Adults_2023",12
17414,42.936153,-73.433449,147,"NY",396,"Danaus","plexippus","monarch","Animalia",86971,312,"Flower visitation",2023,7,7,188,2460133,2,2023,7,7,188,2460133,6,"86971_Flower visitation","Feeding","86971_Flower visitation_2023",11
17414,42.936153,-73.433449,147,"NY",396,"Danaus","plexippus","monarch","Animalia",86971,327,"Adults",2023,5,30,150,2460095,7,2023,5,30,150,2460095,5,"86971_Adults","Adults observed","86971_Adults_2023",11
20969,33.632149,-117.55545,440,"CA",1386,"Apodemia","virgulti","Behr's metalmark","Animalia",90201,327,"Adults",2023,5,8,128,2460073,18,2023,5,13,133,2460078,5,"90201_Adults","Adults observed","90201_Adults_2023",10
20969,33.632149,-117.55545,440,"CA",1383,"Adelpha","californica","California sister","Animalia",90203,327,"Adults",2023,4,20,110,2460055,4,2023,4,20,110,2460055,18,"90203_Adults","Adults observed","90203_Adults_2023",10
20969,33.632149,-117.55545,440,"CA",1135,"Junonia","coenia","common buckeye","Animalia",90204,312,"Flower visitation",2023,7,6,187,2460132,18,2023,7,12,193,2460138,4,"90204_Flower visitation","Feeding","90204_Flower visitation_2023",9
20969,33.632149,-117.55545,440,"CA",1135,"Junonia","coenia","common buckeye","Animalia",90204,327,"Adults",2023,2,19,50,2459995,5,2023,2,19,50,2459995,11,"90204_Adults","Adults observed","90204_Adults_2023",11
20969,33.632149,-117.55545,440,"CA",1388,"Coenonympha","tullia","common ringlet","Animalia",90205,327,"Adults",2023,4,1,91,2460036,13,2023,4,1,91,2460036,12,"90205_Adults","Adults observed","90205_Adults_2023",11
20969,33.632149,-117.55545,440,"CA",1384,"Anthocharis","sara","Pacific orangetip","Animalia",90206,327,"Adults",2023,2,4,35,2459980,28,2023,2,4,35,2459980,10,"90206_Adults","Adults observed","90206_Adults_2023",10
22613,32.33926,-110.981728,813,"AZ",1131,"Calephelis","nemesis","fatal metalmark","Animalia",100905,327,"Adults",2023,8,9,221,2460166,8,2023,8,15,227,2460172,1,"100905_Adults","Adults observed","100905_Adults_2023",10
22613,32.33926,-110.981728,813,"AZ",1403,"Papilio","cresphontes","giant swallowtail","Animalia",100906,327,"Adults",2023,4,26,116,2460061,8,2023,4,26,116,2460061,6,"100906_Adults","Adults observed","100906_Adults_2023",10
22613,32.33926,-110.981728,813,"AZ",1391,"Agraulis","vanillae","gulf fritillary","Animalia",100907,327,"Adults",2023,4,4,94,2460039,7,2023,4,11,101,2460046,7,"100907_Adults","Adults observed","100907_Adults_2023",10
22613,32.33926,-110.981728,813,"AZ",396,"Danaus","plexippus","monarch","Animalia",100909,327,"Adults",2023,2,8,39,2459984,4,2023,2,8,39,2459984,6,"100909_Adults","Adults observed","100909_Adults_2023",10
22613,32.33926,-110.981728,813,"AZ",1129,"Battus","philenor","pipevine swallowtail","Animalia",100912,327,"Adults",2023,2,28,59,2460004,5,2023,5,9,129,2460074,7,"100912_Adults","Adults observed","100912_Adults_2023",10
22613,32.33926,-110.981728,813,"AZ",1133,"Danaus","gilippus","queen","Animalia",100913,327,"Adults",2023,2,1,32,2459977,7,2023,2,1,32,2459977,3,"100913_Adults","Adults observed","100913_Adults_2023",10
22613,32.33926,-110.981728,813,"AZ",260,"Celastrina","ladon complex","spring azure","Animalia",100915,327,"Adults",2023,10,25,298,2460243,7,2023,10,25,298,2460243,7,"100915_Adults","Adults observed","100915_Adults_2023",9
22979,41.556442,-93.267807,267,"IA",396,"Danaus","plexippus","monarch","Animalia",104138,327,"Adults",2023,5,24,144,2460089,7,2023,5,24,144,2460089,7,"104138_Adults","Adults observed","104138_Adults_2023",9
22981,41.559528,-93.278351,265,"IA",396,"Danaus","plexippus","monarch","Animalia",104149,327,"Adults",2023,6,14,165,2460110,14,2023,6,23,174,2460119,6,"104149_Adults","Adults observed","104149_Adults_2023",9
25568,45.140465,-93.312943,260,"MN",273,"Calopteryx","maculata","ebony jewelwing","Animalia",123979,327,"Adults",2023,5,14,134,2460079,14,2023,5,14,134,2460079,7,"123979_Adults","Adults observed","123979_Adults_2023",9
25568,45.140465,-93.312943,260,"MN",396,"Danaus","plexippus","monarch","Animalia",123980,312,"Flower visitation",2023,6,2,153,2460098,4,2023,6,2,153,2460098,2,"123980_Flower visitation","Feeding","123980_Flower visitation_2023",9
25568,45.140465,-93.312943,260,"MN",396,"Danaus","plexippus","monarch","Animalia",123980,327,"Adults",2023,6,2,153,2460098,4,2023,6,2,153,2460098,2,"123980_Adults","Adults observed","123980_Adults_2023",9
22613,32.33926,-110.981728,813,"AZ",415,"Libellula","saturata","flame skimmer","Animalia",136804,327,"Adults",2023,5,16,136,2460081,7,2023,5,30,150,2460095,9,"136804_Adults","Adults observed","136804_Adults_2023",9
12064,32.248463,-110.909584,745,"AZ",1391,"Agraulis","vanillae","gulf fritillary","Animalia",139418,327,"Adults",2023,6,29,180,2460125,5,2023,8,3,215,2460160,8,"139418_Adults","Adults observed","139418_Adults_2023",9
9652,44.768246,-94.155746,309,"MN",1427,"Diceroprocta","apache","Apache cicada","Animalia",139451,327,"Adults",2023,6,26,177,2460122,NA,2023,7,12,193,2460138,4,"139451_Adults","Adults observed","139451_Adults_2023",9
9652,44.768246,-94.155746,309,"MN",1427,"Diceroprocta","apache","Apache cicada","Animalia",139451,528,"Courtship calling",2023,6,26,177,2460122,NA,2023,7,12,193,2460138,4,"139451_Courtship calling","Mating activity","139451_Courtship calling_2023",9
9652,44.768246,-94.155746,309,"MN",1427,"Diceroprocta","apache","Apache cicada","Animalia",139451,530,"Cast-off skins (nymph)",2023,7,7,188,2460133,7,2023,8,2,214,2460159,2,"139451_Cast-off skins (nymph)","Young observed","139451_Cast-off skins (nymph)_2023",9
9652,44.768246,-94.155746,309,"MN",391,"Pieris","rapae","cabbage white","Animalia",139454,312,"Flower visitation",2023,5,10,130,2460075,1,2023,5,26,146,2460091,6,"139454_Flower visitation","Feeding","139454_Flower visitation_2023",9
9652,44.768246,-94.155746,309,"MN",391,"Pieris","rapae","cabbage white","Animalia",139454,327,"Adults",2023,5,9,129,2460074,NA,2023,10,5,278,2460223,NA,"139454_Adults","Adults observed","139454_Adults_2023",9
9652,44.768246,-94.155746,309,"MN",1238,"Apis","mellifera","honeybee","Animalia",139456,312,"Flower visitation",2023,6,4,155,2460100,NA,2023,8,25,237,2460182,NA,"139456_Flower visitation","Feeding","139456_Flower visitation_2023",9
9652,44.768246,-94.155746,309,"MN",1238,"Apis","mellifera","honeybee","Animalia",139456,327,"Adults",2023,6,4,155,2460100,NA,2023,8,25,237,2460182,NA,"139456_Adults","Adults observed","139456_Adults_2023",9
9652,44.768246,-94.155746,309,"MN",396,"Danaus","plexippus","monarch","Animalia",139457,312,"Flower visitation",2023,6,2,153,2460098,7,2023,10,1,274,2460219,1,"139457_Flower visitation","Feeding","139457_Flower visitation_2023",9
9652,44.768246,-94.155746,309,"MN",396,"Danaus","plexippus","monarch","Animalia",139457,327,"Adults",2023,5,26,146,2460091,NA,2023,10,5,278,2460223,NA,"139457_Adults","Adults observed","139457_Adults_2023",9
22613,32.33926,-110.981728,813,"AZ",272,"Anax","junius","common green darner","Animalia",145493,327,"Adults",2023,3,28,87,2460032,7,2023,3,28,87,2460032,7,"145493_Adults","Adults observed","145493_Adults_2023",9
1605,40.907997,-73.120705,45,"NY",288,"Bombus","spp.","bumblebee","Animalia",5283,327,"Adults",2024,4,9,100,2460410,NA,2024,5,8,129,2460439,NA,"5283_Adults","Adults observed","5283_Adults_2024",11
1419,42.011166,-88.503304,280,"IL",288,"Bombus","spp.","bumblebee","Animalia",10284,312,"Flower visitation",2024,7,23,205,2460515,22,2024,7,23,205,2460515,20,"10284_Flower visitation","Feeding","10284_Flower visitation_2024",14
1419,42.011166,-88.503304,280,"IL",288,"Bombus","spp.","bumblebee","Animalia",10284,327,"Adults",2024,5,5,126,2460436,6,2024,5,15,136,2460446,47,"10284_Adults","Adults observed","10284_Adults_2024",14
5674,44.910587,-70.266861,261,"ME",396,"Danaus","plexippus","monarch","Animalia",12711,312,"Flower visitation",2024,7,28,210,2460520,7,2024,8,4,217,2460527,7,"12711_Flower visitation","Feeding","12711_Flower visitation_2024",11
5674,44.910587,-70.266861,261,"ME",396,"Danaus","plexippus","monarch","Animalia",12711,327,"Adults",2024,7,28,210,2460520,7,2024,8,4,217,2460527,7,"12711_Adults","Adults observed","12711_Adults_2024",11
2803,39.971001,-105.397003,2329,"CO",288,"Bombus","spp.","bumblebee","Animalia",16049,312,"Flower visitation",2024,5,20,141,2460451,3,2024,8,15,228,2460538,20,"16049_Flower visitation","Feeding","16049_Flower visitation_2024",15
2803,39.971001,-105.397003,2329,"CO",288,"Bombus","spp.","bumblebee","Animalia",16049,327,"Adults",2024,5,3,124,2460434,3,2024,8,15,228,2460538,20,"16049_Adults","Adults observed","16049_Adults_2024",15
8715,43.522804,-70.802277,215,"ME",396,"Danaus","plexippus","monarch","Animalia",28194,327,"Adults",2024,7,20,202,2460512,12,2024,7,20,202,2460512,NA,"28194_Adults","Adults observed","28194_Adults_2024",9
8418,32.363758,-94.873947,115,"TX",288,"Bombus","spp.","bumblebee","Animalia",30797,312,"Flower visitation",2024,4,4,95,2460405,4,2024,4,4,95,2460405,3,"30797_Flower visitation","Feeding","30797_Flower visitation_2024",12
8418,32.363758,-94.873947,115,"TX",288,"Bombus","spp.","bumblebee","Animalia",30797,327,"Adults",2024,4,4,95,2460405,4,2024,4,4,95,2460405,3,"30797_Adults","Adults observed","30797_Adults_2024",12
10145,42.602543,-83.250992,277,"MI",288,"Bombus","spp.","bumblebee","Animalia",38858,327,"Adults",2024,4,9,100,2460410,NA,2024,4,10,101,2460411,1,"38858_Adults","Adults observed","38858_Adults_2024",13
10145,42.602543,-83.250992,277,"MI",391,"Pieris","rapae","cabbage white","Animalia",38859,327,"Adults",2024,3,13,73,2460383,1,2024,3,13,73,2460383,1,"38859_Adults","Adults observed","38859_Adults_2024",13
10145,42.602543,-83.250992,277,"MI",272,"Anax","junius","common green darner","Animalia",38869,327,"Adults",2024,4,19,110,2460420,1,2024,4,19,110,2460420,1,"38869_Adults","Adults observed","38869_Adults_2024",13
10145,42.602543,-83.250992,277,"MI",396,"Danaus","plexippus","monarch","Animalia",38919,327,"Adults",2024,5,8,129,2460439,1,2024,5,8,129,2460439,2,"38919_Adults","Adults observed","38919_Adults_2024",13
10145,42.602543,-83.250992,277,"MI",1137,"Nymphalis","antiopa","mourning cloak","Animalia",38921,327,"Adults",2024,4,9,100,2460410,NA,2024,4,9,100,2460410,1,"38921_Adults","Adults observed","38921_Adults_2024",13
10145,42.602543,-83.250992,277,"MI",1132,"Colias","eurytheme","orange sulphur","Animalia",38930,327,"Adults",2024,4,22,113,2460423,1,2024,4,22,113,2460423,1,"38930_Adults","Adults observed","38930_Adults_2024",13
10145,42.602543,-83.250992,277,"MI",393,"Vanessa","atalanta","red admiral","Animalia",38941,327,"Adults",2024,4,10,101,2460411,1,2024,4,10,101,2460411,1,"38941_Adults","Adults observed","38941_Adults_2024",11
12064,32.248463,-110.909584,745,"AZ",396,"Danaus","plexippus","monarch","Animalia",50768,312,"Flower visitation",2024,9,19,263,2460573,12,2024,9,19,263,2460573,8,"50768_Flower visitation","Feeding","50768_Flower visitation_2024",9
12064,32.248463,-110.909584,745,"AZ",396,"Danaus","plexippus","monarch","Animalia",50768,327,"Adults",2024,7,28,210,2460520,6,2024,7,28,210,2460520,3,"50768_Adults","Adults observed","50768_Adults_2024",9
12064,32.248463,-110.909584,745,"AZ",1133,"Danaus","gilippus","queen","Animalia",50769,312,"Flower visitation",2024,3,7,67,2460377,NA,2024,5,2,123,2460433,2,"50769_Flower visitation","Feeding","50769_Flower visitation_2024",9
12064,32.248463,-110.909584,745,"AZ",1133,"Danaus","gilippus","queen","Animalia",50769,327,"Adults",2024,3,7,67,2460377,NA,2024,5,2,123,2460433,2,"50769_Adults","Adults observed","50769_Adults_2024",9
12064,32.248463,-110.909584,745,"AZ",1142,"Bombus","sonorus","Sonoran bumble bee","Animalia",50772,312,"Flower visitation",2024,5,2,123,2460433,42,2024,5,2,123,2460433,2,"50772_Flower visitation","Feeding","50772_Flower visitation_2024",9
12064,32.248463,-110.909584,745,"AZ",1142,"Bombus","sonorus","Sonoran bumble bee","Animalia",50772,327,"Adults",2024,5,2,123,2460433,42,2024,5,2,123,2460433,2,"50772_Adults","Adults observed","50772_Adults_2024",9
12064,32.248463,-110.909584,745,"AZ",1143,"Xylocopa","varipuncta","valley carpenter bee","Animalia",50773,327,"Adults",2024,3,21,81,2460391,14,2024,3,21,81,2460391,42,"50773_Adults","Adults observed","50773_Adults_2024",9
9652,44.768246,-94.155746,309,"MN",288,"Bombus","spp.","bumblebee","Animalia",69507,312,"Flower visitation",2024,4,22,113,2460423,NA,2024,10,10,284,2460594,NA,"69507_Flower visitation","Feeding","69507_Flower visitation_2024",12
9652,44.768246,-94.155746,309,"MN",288,"Bombus","spp.","bumblebee","Animalia",69507,327,"Adults",2024,4,22,113,2460423,NA,2024,10,10,284,2460594,NA,"69507_Adults","Adults observed","69507_Adults_2024",12
9652,44.768246,-94.155746,309,"MN",288,"Bombus","spp.","bumblebee","Animalia",69507,370,"Male adults",2024,6,2,154,2460464,19,2024,6,2,154,2460464,2,"69507_Male adults","Adults observed","69507_Male adults_2024",11
10145,42.602543,-83.250992,277,"MI",1238,"Apis","mellifera","honeybee","Animalia",69919,327,"Adults",2024,6,19,171,2460481,1,2024,6,19,171,2460481,1,"69919_Adults","Adults observed","69919_Adults_2024",12
16876,41.745537,-74.119392,72,"NY",396,"Danaus","plexippus","monarch","Animalia",72969,312,"Flower visitation",2024,6,1,153,2460463,3,2024,6,1,153,2460463,2,"72969_Flower visitation","Feeding","72969_Flower visitation_2024",12
16876,41.745537,-74.119392,72,"NY",396,"Danaus","plexippus","monarch","Animalia",72969,327,"Adults",2024,5,29,150,2460460,5,2024,6,3,155,2460465,7,"72969_Adults","Adults observed","72969_Adults_2024",12
17414,42.936153,-73.433449,147,"NY",396,"Danaus","plexippus","monarch","Animalia",86971,312,"Flower visitation",2024,7,14,196,2460506,8,2024,7,14,196,2460506,2,"86971_Flower visitation","Feeding","86971_Flower visitation_2024",11
17414,42.936153,-73.433449,147,"NY",396,"Danaus","plexippus","monarch","Animalia",86971,327,"Adults",2024,6,16,168,2460478,3,2024,6,16,168,2460478,10,"86971_Adults","Adults observed","86971_Adults_2024",11
20969,33.632149,-117.55545,440,"CA",1386,"Apodemia","virgulti","Behr's metalmark","Animalia",90201,327,"Adults",2024,10,5,279,2460589,13,2024,10,5,279,2460589,6,"90201_Adults","Adults observed","90201_Adults_2024",10
20969,33.632149,-117.55545,440,"CA",1383,"Adelpha","californica","California sister","Animalia",90203,327,"Adults",2024,3,11,71,2460381,2,2024,3,17,77,2460387,25,"90203_Adults","Adults observed","90203_Adults_2024",10
20969,33.632149,-117.55545,440,"CA",1135,"Junonia","coenia","common buckeye","Animalia",90204,312,"Flower visitation",2024,7,11,193,2460503,25,2024,7,11,193,2460503,6,"90204_Flower visitation","Feeding","90204_Flower visitation_2024",9
20969,33.632149,-117.55545,440,"CA",1135,"Junonia","coenia","common buckeye","Animalia",90204,327,"Adults",2024,2,22,53,2460363,4,2024,2,22,53,2460363,14,"90204_Adults","Adults observed","90204_Adults_2024",11
20969,33.632149,-117.55545,440,"CA",1388,"Coenonympha","tullia","common ringlet","Animalia",90205,327,"Adults",2024,3,9,69,2460379,2,2024,3,9,69,2460379,2,"90205_Adults","Adults observed","90205_Adults_2024",11
20969,33.632149,-117.55545,440,"CA",1384,"Anthocharis","sara","Pacific orangetip","Animalia",90206,327,"Adults",2024,3,9,69,2460379,2,2024,4,11,102,2460412,7,"90206_Adults","Adults observed","90206_Adults_2024",10
22613,32.33926,-110.981728,813,"AZ",1131,"Calephelis","nemesis","fatal metalmark","Animalia",100905,327,"Adults",2024,6,18,170,2460480,13,2024,6,18,170,2460480,1,"100905_Adults","Adults observed","100905_Adults_2024",10
22613,32.33926,-110.981728,813,"AZ",1403,"Papilio","cresphontes","giant swallowtail","Animalia",100906,327,"Adults",2024,4,17,108,2460418,7,2024,4,17,108,2460418,6,"100906_Adults","Adults observed","100906_Adults_2024",10
22613,32.33926,-110.981728,813,"AZ",1391,"Agraulis","vanillae","gulf fritillary","Animalia",100907,327,"Adults",2024,1,3,3,2460313,NA,2024,1,3,3,2460313,7,"100907_Adults","Adults observed","100907_Adults_2024",10
22613,32.33926,-110.981728,813,"AZ",396,"Danaus","plexippus","monarch","Animalia",100909,327,"Adults",2024,1,3,3,2460313,NA,2024,1,3,3,2460313,7,"100909_Adults","Adults observed","100909_Adults_2024",10
22613,32.33926,-110.981728,813,"AZ",1129,"Battus","philenor","pipevine swallowtail","Animalia",100912,327,"Adults",2024,5,14,135,2460445,6,2024,5,14,135,2460445,1,"100912_Adults","Adults observed","100912_Adults_2024",10
22613,32.33926,-110.981728,813,"AZ",1129,"Battus","philenor","pipevine swallowtail","Animalia",100912,333,"Caterpillars",2024,11,13,318,2460628,6,2024,11,13,318,2460628,7,"100912_Caterpillars","Young observed","100912_Caterpillars_2024",9
22613,32.33926,-110.981728,813,"AZ",1133,"Danaus","gilippus","queen","Animalia",100913,327,"Adults",2024,1,3,3,2460313,NA,2024,1,17,17,2460327,7,"100913_Adults","Adults observed","100913_Adults_2024",10
22613,32.33926,-110.981728,813,"AZ",260,"Celastrina","ladon complex","spring azure","Animalia",100915,327,"Adults",2024,3,27,87,2460397,7,2024,3,27,87,2460397,7,"100915_Adults","Adults observed","100915_Adults_2024",9
22979,41.556442,-93.267807,267,"IA",396,"Danaus","plexippus","monarch","Animalia",104138,327,"Adults",2024,5,22,143,2460453,7,2024,5,22,143,2460453,8,"104138_Adults","Adults observed","104138_Adults_2024",9
22981,41.559528,-93.278351,265,"IA",396,"Danaus","plexippus","monarch","Animalia",104149,327,"Adults",2024,5,22,143,2460453,7,2024,5,22,143,2460453,8,"104149_Adults","Adults observed","104149_Adults_2024",9
25568,45.140465,-93.312943,260,"MN",273,"Calopteryx","maculata","ebony jewelwing","Animalia",123979,327,"Adults",2024,6,23,175,2460485,7,2024,6,23,175,2460485,1,"123979_Adults","Adults observed","123979_Adults_2024",9
25568,45.140465,-93.312943,260,"MN",396,"Danaus","plexippus","monarch","Animalia",123980,312,"Flower visitation",2024,7,30,212,2460522,9,2024,7,31,213,2460523,2,"123980_Flower visitation","Feeding","123980_Flower visitation_2024",9
25568,45.140465,-93.312943,260,"MN",396,"Danaus","plexippus","monarch","Animalia",123980,327,"Adults",2024,5,18,139,2460449,7,2024,5,18,139,2460449,1,"123980_Adults","Adults observed","123980_Adults_2024",9
22613,32.33926,-110.981728,813,"AZ",415,"Libellula","saturata","flame skimmer","Animalia",136804,327,"Adults",2024,3,27,87,2460397,7,2024,3,27,87,2460397,7,"136804_Adults","Adults observed","136804_Adults_2024",9
12064,32.248463,-110.909584,745,"AZ",1391,"Agraulis","vanillae","gulf fritillary","Animalia",139418,327,"Adults",2024,5,30,151,2460461,14,2024,5,30,151,2460461,15,"139418_Adults","Adults observed","139418_Adults_2024",9
9652,44.768246,-94.155746,309,"MN",1427,"Diceroprocta","apache","Apache cicada","Animalia",139451,327,"Adults",2024,6,30,182,2460492,NA,2024,9,10,254,2460564,1,"139451_Adults","Adults observed","139451_Adults_2024",9
9652,44.768246,-94.155746,309,"MN",1427,"Diceroprocta","apache","Apache cicada","Animalia",139451,528,"Courtship calling",2024,6,30,182,2460492,NA,2024,7,15,197,2460507,5,"139451_Courtship calling","Mating activity","139451_Courtship calling_2024",9
9652,44.768246,-94.155746,309,"MN",1427,"Diceroprocta","apache","Apache cicada","Animalia",139451,530,"Cast-off skins (nymph)",2024,7,15,197,2460507,5,2024,7,15,197,2460507,5,"139451_Cast-off skins (nymph)","Young observed","139451_Cast-off skins (nymph)_2024",9
9652,44.768246,-94.155746,309,"MN",391,"Pieris","rapae","cabbage white","Animalia",139454,312,"Flower visitation",2024,5,3,124,2460434,7,2024,10,28,302,2460612,NA,"139454_Flower visitation","Feeding","139454_Flower visitation_2024",9
9652,44.768246,-94.155746,309,"MN",391,"Pieris","rapae","cabbage white","Animalia",139454,327,"Adults",2024,4,13,104,2460414,NA,2024,10,28,302,2460612,NA,"139454_Adults","Adults observed","139454_Adults_2024",9
9652,44.768246,-94.155746,309,"MN",1238,"Apis","mellifera","honeybee","Animalia",139456,312,"Flower visitation",2024,8,28,241,2460551,NA,2024,8,28,241,2460551,5,"139456_Flower visitation","Feeding","139456_Flower visitation_2024",9
9652,44.768246,-94.155746,309,"MN",1238,"Apis","mellifera","honeybee","Animalia",139456,327,"Adults",2024,8,28,241,2460551,NA,2024,9,11,255,2460565,NA,"139456_Adults","Adults observed","139456_Adults_2024",9
9652,44.768246,-94.155746,309,"MN",396,"Danaus","plexippus","monarch","Animalia",139457,312,"Flower visitation",2024,5,18,139,2460449,NA,2024,7,15,197,2460507,12,"139457_Flower visitation","Feeding","139457_Flower visitation_2024",9
9652,44.768246,-94.155746,309,"MN",396,"Danaus","plexippus","monarch","Animalia",139457,327,"Adults",2024,5,18,139,2460449,NA,2024,9,29,273,2460583,NA,"139457_Adults","Adults observed","139457_Adults_2024",9
22613,32.33926,-110.981728,813,"AZ",272,"Anax","junius","common green darner","Animalia",145493,327,"Adults",2024,5,21,142,2460452,6,2024,5,21,142,2460452,1,"145493_Adults","Adults observed","145493_Adults_2024",9
1605,40.907997,-73.120705,45,"NY",288,"Bombus","spp.","bumblebee","Animalia",5283,327,"Adults",2025,4,15,105,2460781,NA,2025,5,7,127,2460803,NA,"5283_Adults","Adults observed","5283_Adults_2025",11
1419,42.011166,-88.503304,280,"IL",288,"Bombus","spp.","bumblebee","Animalia",10284,312,"Flower visitation",2025,6,9,160,2460836,8,2025,6,30,181,2460857,35,"10284_Flower visitation","Feeding","10284_Flower visitation_2025",14
1419,42.011166,-88.503304,280,"IL",288,"Bombus","spp.","bumblebee","Animalia",10284,327,"Adults",2025,6,9,160,2460836,8,2025,9,22,265,2460941,33,"10284_Adults","Adults observed","10284_Adults_2025",14
5674,44.910587,-70.266861,261,"ME",396,"Danaus","plexippus","monarch","Animalia",12711,312,"Flower visitation",2025,6,15,166,2460842,7,2025,6,15,166,2460842,7,"12711_Flower visitation","Feeding","12711_Flower visitation_2025",11
5674,44.910587,-70.266861,261,"ME",396,"Danaus","plexippus","monarch","Animalia",12711,327,"Adults",2025,6,15,166,2460842,7,2025,6,15,166,2460842,7,"12711_Adults","Adults observed","12711_Adults_2025",11
2803,39.971001,-105.397003,2329,"CO",288,"Bombus","spp.","bumblebee","Animalia",16049,312,"Flower visitation",2025,5,6,126,2460802,11,2025,9,3,246,2460922,7,"16049_Flower visitation","Feeding","16049_Flower visitation_2025",15
2803,39.971001,-105.397003,2329,"CO",288,"Bombus","spp.","bumblebee","Animalia",16049,327,"Adults",2025,5,6,126,2460802,11,2025,9,3,246,2460922,7,"16049_Adults","Adults observed","16049_Adults_2025",15
8418,32.363758,-94.873947,115,"TX",288,"Bombus","spp.","bumblebee","Animalia",30797,312,"Flower visitation",2025,3,12,71,2460747,6,2025,3,12,71,2460747,4,"30797_Flower visitation","Feeding","30797_Flower visitation_2025",12
8418,32.363758,-94.873947,115,"TX",288,"Bombus","spp.","bumblebee","Animalia",30797,327,"Adults",2025,3,12,71,2460747,6,2025,3,12,71,2460747,4,"30797_Adults","Adults observed","30797_Adults_2025",12
10145,42.602543,-83.250992,277,"MI",288,"Bombus","spp.","bumblebee","Animalia",38858,327,"Adults",2025,4,28,118,2460794,6,2025,4,28,118,2460794,1,"38858_Adults","Adults observed","38858_Adults_2025",13
10145,42.602543,-83.250992,277,"MI",391,"Pieris","rapae","cabbage white","Animalia",38859,327,"Adults",2025,4,14,104,2460780,1,2025,4,14,104,2460780,1,"38859_Adults","Adults observed","38859_Adults_2025",13
10145,42.602543,-83.250992,277,"MI",272,"Anax","junius","common green darner","Animalia",38869,327,"Adults",2025,8,11,223,2460899,1,2025,8,11,223,2460899,1,"38869_Adults","Adults observed","38869_Adults_2025",13
10145,42.602543,-83.250992,277,"MI",396,"Danaus","plexippus","monarch","Animalia",38919,327,"Adults",2025,6,28,179,2460855,6,2025,6,28,179,2460855,1,"38919_Adults","Adults observed","38919_Adults_2025",13
10145,42.602543,-83.250992,277,"MI",1137,"Nymphalis","antiopa","mourning cloak","Animalia",38921,327,"Adults",2025,6,2,153,2460829,9,2025,6,2,153,2460829,1,"38921_Adults","Adults observed","38921_Adults_2025",13
10145,42.602543,-83.250992,277,"MI",1132,"Colias","eurytheme","orange sulphur","Animalia",38930,327,"Adults",2025,5,2,122,2460798,1,2025,5,2,122,2460798,1,"38930_Adults","Adults observed","38930_Adults_2025",13
10145,42.602543,-83.250992,277,"MI",393,"Vanessa","atalanta","red admiral","Animalia",38941,327,"Adults",2025,5,11,131,2460807,1,2025,5,11,131,2460807,1,"38941_Adults","Adults observed","38941_Adults_2025",11
12064,32.248463,-110.909584,745,"AZ",396,"Danaus","plexippus","monarch","Animalia",50768,312,"Flower visitation",2025,5,15,135,2460811,19,2025,5,15,135,2460811,28,"50768_Flower visitation","Feeding","50768_Flower visitation_2025",9
12064,32.248463,-110.909584,745,"AZ",396,"Danaus","plexippus","monarch","Animalia",50768,327,"Adults",2025,1,10,10,2460686,1,2025,1,10,10,2460686,16,"50768_Adults","Adults observed","50768_Adults_2025",9
12064,32.248463,-110.909584,745,"AZ",1133,"Danaus","gilippus","queen","Animalia",50769,312,"Flower visitation",2025,2,16,47,2460723,4,2025,2,20,51,2460727,6,"50769_Flower visitation","Feeding","50769_Flower visitation_2025",9
12064,32.248463,-110.909584,745,"AZ",1133,"Danaus","gilippus","queen","Animalia",50769,327,"Adults",2025,1,10,10,2460686,1,2025,1,10,10,2460686,16,"50769_Adults","Adults observed","50769_Adults_2025",9
12064,32.248463,-110.909584,745,"AZ",1142,"Bombus","sonorus","Sonoran bumble bee","Animalia",50772,312,"Flower visitation",2025,4,10,100,2460776,10,2025,4,10,100,2460776,1,"50772_Flower visitation","Feeding","50772_Flower visitation_2025",9
12064,32.248463,-110.909584,745,"AZ",1142,"Bombus","sonorus","Sonoran bumble bee","Animalia",50772,327,"Adults",2025,4,10,100,2460776,10,2025,4,10,100,2460776,1,"50772_Adults","Adults observed","50772_Adults_2025",9
12064,32.248463,-110.909584,745,"AZ",1143,"Xylocopa","varipuncta","valley carpenter bee","Animalia",50773,327,"Adults",2025,2,20,51,2460727,4,2025,2,20,51,2460727,6,"50773_Adults","Adults observed","50773_Adults_2025",9
9652,44.768246,-94.155746,309,"MN",288,"Bombus","spp.","bumblebee","Animalia",69507,312,"Flower visitation",2025,5,24,144,2460820,17,2025,9,16,259,2460935,1,"69507_Flower visitation","Feeding","69507_Flower visitation_2025",12
9652,44.768246,-94.155746,309,"MN",288,"Bombus","spp.","bumblebee","Animalia",69507,327,"Adults",2025,4,26,116,2460792,NA,2025,9,16,259,2460935,1,"69507_Adults","Adults observed","69507_Adults_2025",12
9652,44.768246,-94.155746,309,"MN",288,"Bombus","spp.","bumblebee","Animalia",69507,370,"Male adults",2025,6,5,156,2460832,10,2025,6,5,156,2460832,11,"69507_Male adults","Adults observed","69507_Male adults_2025",11
10145,42.602543,-83.250992,277,"MI",1238,"Apis","mellifera","honeybee","Animalia",69919,327,"Adults",2025,6,11,162,2460838,1,2025,6,11,162,2460838,1,"69919_Adults","Adults observed","69919_Adults_2025",12
16876,41.745537,-74.119392,72,"NY",396,"Danaus","plexippus","monarch","Animalia",72969,312,"Flower visitation",2025,6,6,157,2460833,14,2025,6,6,157,2460833,7,"72969_Flower visitation","Feeding","72969_Flower visitation_2025",12
16876,41.745537,-74.119392,72,"NY",396,"Danaus","plexippus","monarch","Animalia",72969,327,"Adults",2025,6,6,157,2460833,14,2025,6,6,157,2460833,7,"72969_Adults","Adults observed","72969_Adults_2025",12
17414,42.936153,-73.433449,147,"NY",396,"Danaus","plexippus","monarch","Animalia",86971,312,"Flower visitation",2025,6,21,172,2460848,7,2025,6,21,172,2460848,8,"86971_Flower visitation","Feeding","86971_Flower visitation_2025",11
17414,42.936153,-73.433449,147,"NY",396,"Danaus","plexippus","monarch","Animalia",86971,327,"Adults",2025,6,8,159,2460835,4,2025,6,8,159,2460835,6,"86971_Adults","Adults observed","86971_Adults_2025",11
20969,33.632149,-117.55545,440,"CA",1386,"Apodemia","virgulti","Behr's metalmark","Animalia",90201,327,"Adults",2025,6,7,158,2460834,2,2025,6,7,158,2460834,2,"90201_Adults","Adults observed","90201_Adults_2025",10
20969,33.632149,-117.55545,440,"CA",1383,"Adelpha","californica","California sister","Animalia",90203,327,"Adults",2025,11,11,315,2460991,5,2025,11,11,315,2460991,19,"90203_Adults","Adults observed","90203_Adults_2025",10
20969,33.632149,-117.55545,440,"CA",1135,"Junonia","coenia","common buckeye","Animalia",90204,312,"Flower visitation",2025,7,10,191,2460867,2,2025,7,10,191,2460867,10,"90204_Flower visitation","Feeding","90204_Flower visitation_2025",9
20969,33.632149,-117.55545,440,"CA",1135,"Junonia","coenia","common buckeye","Animalia",90204,327,"Adults",2025,3,10,69,2460745,1,2025,3,10,69,2460745,24,"90204_Adults","Adults observed","90204_Adults_2025",11
20969,33.632149,-117.55545,440,"CA",1388,"Coenonympha","tullia","common ringlet","Animalia",90205,327,"Adults",2025,3,10,69,2460745,1,2025,3,10,69,2460745,24,"90205_Adults","Adults observed","90205_Adults_2025",11
20969,33.632149,-117.55545,440,"CA",1384,"Anthocharis","sara","Pacific orangetip","Animalia",90206,327,"Adults",2025,3,10,69,2460745,1,2025,3,10,69,2460745,24,"90206_Adults","Adults observed","90206_Adults_2025",10
22613,32.33926,-110.981728,813,"AZ",1131,"Calephelis","nemesis","fatal metalmark","Animalia",100905,327,"Adults",2025,2,20,51,2460727,9,2025,2,25,56,2460732,7,"100905_Adults","Adults observed","100905_Adults_2025",10
22613,32.33926,-110.981728,813,"AZ",1403,"Papilio","cresphontes","giant swallowtail","Animalia",100906,327,"Adults",2025,3,22,81,2460757,11,2025,3,22,81,2460757,3,"100906_Adults","Adults observed","100906_Adults_2025",10
22613,32.33926,-110.981728,813,"AZ",1391,"Agraulis","vanillae","gulf fritillary","Animalia",100907,327,"Adults",2025,1,15,15,2460691,8,2025,4,8,98,2460774,8,"100907_Adults","Adults observed","100907_Adults_2025",10
22613,32.33926,-110.981728,813,"AZ",396,"Danaus","plexippus","monarch","Animalia",100909,327,"Adults",2025,9,2,245,2460921,7,2025,9,9,252,2460928,7,"100909_Adults","Adults observed","100909_Adults_2025",10
22613,32.33926,-110.981728,813,"AZ",1129,"Battus","philenor","pipevine swallowtail","Animalia",100912,327,"Adults",2025,1,15,15,2460691,8,2025,1,15,15,2460691,8,"100912_Adults","Adults observed","100912_Adults_2025",10
22613,32.33926,-110.981728,813,"AZ",1129,"Battus","philenor","pipevine swallowtail","Animalia",100912,333,"Caterpillars",2025,4,16,106,2460782,8,2025,4,16,106,2460782,6,"100912_Caterpillars","Young observed","100912_Caterpillars_2025",9
22613,32.33926,-110.981728,813,"AZ",1133,"Danaus","gilippus","queen","Animalia",100913,327,"Adults",2025,1,15,15,2460691,8,2025,2,4,35,2460711,7,"100913_Adults","Adults observed","100913_Adults_2025",10
22613,32.33926,-110.981728,813,"AZ",260,"Celastrina","ladon complex","spring azure","Animalia",100915,327,"Adults",2025,1,23,23,2460699,8,2025,1,23,23,2460699,8,"100915_Adults","Adults observed","100915_Adults_2025",9
22979,41.556442,-93.267807,267,"IA",396,"Danaus","plexippus","monarch","Animalia",104138,327,"Adults",2025,7,7,188,2460864,5,2025,8,1,213,2460889,5,"104138_Adults","Adults observed","104138_Adults_2025",9
22981,41.559528,-93.278351,265,"IA",396,"Danaus","plexippus","monarch","Animalia",104149,327,"Adults",2025,6,20,171,2460847,9,2025,6,20,171,2460847,3,"104149_Adults","Adults observed","104149_Adults_2025",9
25568,45.140465,-93.312943,260,"MN",273,"Calopteryx","maculata","ebony jewelwing","Animalia",123979,327,"Adults",2025,6,5,156,2460832,35,2025,6,5,156,2460832,3,"123979_Adults","Adults observed","123979_Adults_2025",9
25568,45.140465,-93.312943,260,"MN",396,"Danaus","plexippus","monarch","Animalia",123980,312,"Flower visitation",2025,7,13,194,2460870,11,2025,7,13,194,2460870,14,"123980_Flower visitation","Feeding","123980_Flower visitation_2025",9
25568,45.140465,-93.312943,260,"MN",396,"Danaus","plexippus","monarch","Animalia",123980,327,"Adults",2025,6,5,156,2460832,35,2025,6,5,156,2460832,27,"123980_Adults","Adults observed","123980_Adults_2025",9
22613,32.33926,-110.981728,813,"AZ",415,"Libellula","saturata","flame skimmer","Animalia",136804,327,"Adults",2025,4,22,112,2460788,6,2025,4,22,112,2460788,8,"136804_Adults","Adults observed","136804_Adults_2025",9
12064,32.248463,-110.909584,745,"AZ",1391,"Agraulis","vanillae","gulf fritillary","Animalia",139418,327,"Adults",2025,4,26,116,2460792,15,2025,4,26,116,2460792,19,"139418_Adults","Adults observed","139418_Adults_2025",9
9652,44.768246,-94.155746,309,"MN",1427,"Diceroprocta","apache","Apache cicada","Animalia",139451,327,"Adults",2025,7,9,190,2460866,NA,2025,10,1,274,2460950,NA,"139451_Adults","Adults observed","139451_Adults_2025",9
9652,44.768246,-94.155746,309,"MN",1427,"Diceroprocta","apache","Apache cicada","Animalia",139451,528,"Courtship calling",2025,7,9,190,2460866,NA,2025,7,17,198,2460874,1,"139451_Courtship calling","Mating activity","139451_Courtship calling_2025",9
9652,44.768246,-94.155746,309,"MN",1427,"Diceroprocta","apache","Apache cicada","Animalia",139451,530,"Cast-off skins (nymph)",2025,7,18,199,2460875,1,2025,7,26,207,2460883,4,"139451_Cast-off skins (nymph)","Young observed","139451_Cast-off skins (nymph)_2025",9
9652,44.768246,-94.155746,309,"MN",391,"Pieris","rapae","cabbage white","Animalia",139454,312,"Flower visitation",2025,6,16,167,2460843,40,2025,10,17,290,2460966,NA,"139454_Flower visitation","Feeding","139454_Flower visitation_2025",9
9652,44.768246,-94.155746,309,"MN",391,"Pieris","rapae","cabbage white","Animalia",139454,327,"Adults",2025,4,26,116,2460792,NA,2025,10,17,290,2460966,NA,"139454_Adults","Adults observed","139454_Adults_2025",9
9652,44.768246,-94.155746,309,"MN",1238,"Apis","mellifera","honeybee","Animalia",139456,312,"Flower visitation",2025,9,10,253,2460929,184,2025,9,30,273,2460949,NA,"139456_Flower visitation","Feeding","139456_Flower visitation_2025",9
9652,44.768246,-94.155746,309,"MN",1238,"Apis","mellifera","honeybee","Animalia",139456,327,"Adults",2025,3,10,69,2460745,NA,2025,9,30,273,2460949,NA,"139456_Adults","Adults observed","139456_Adults_2025",9
9652,44.768246,-94.155746,309,"MN",396,"Danaus","plexippus","monarch","Animalia",139457,312,"Flower visitation",2025,6,20,171,2460847,4,2025,7,26,207,2460883,3,"139457_Flower visitation","Feeding","139457_Flower visitation_2025",9
9652,44.768246,-94.155746,309,"MN",396,"Danaus","plexippus","monarch","Animalia",139457,327,"Adults",2025,6,16,167,2460843,NA,2025,7,26,207,2460883,3,"139457_Adults","Adults observed","139457_Adults_2025",9
22613,32.33926,-110.981728,813,"AZ",272,"Anax","junius","common green darner","Animalia",145493,327,"Adults",2025,7,3,184,2460860,7,2025,7,8,189,2460865,9,"145493_Adults","Adults observed","145493_Adults_2025",9
