"site_id","latitude","longitude","elevation_in_meters","state","species_id","genus","species","common_name","kingdom","individual_id","phenophase_id","phenophase_description","first_yes_year","first_yes_month","first_yes_day","first_yes_doy","first_yes_julian_date","numdays_since_prior_no","last_yes_year","last_yes_month","last_yes_day","last_yes_doy","last_yes_julian_date","numdays_until_next_no","ind_phen","phenophase","ind_phen_year","series_yrs"
1419,42.011166,-88.503304,280,"IL",288,"Bombus","spp.","bumblebee","Animalia",10284,312,"Flower visitation",2011,6,8,159,2455721,8,2011,6,8,159,2455721,6,"10284_Flower visitation","Feeding","10284_Flower visitation_2011",12
1419,42.011166,-88.503304,280,"IL",288,"Bombus","spp.","bumblebee","Animalia",10284,327,"Adults",2011,5,19,139,2455701,4,2011,5,22,142,2455704,9,"10284_Adults","Adults observed","10284_Adults_2011",13
5674,44.910587,-70.266861,261,"ME",396,"Danaus","plexippus","monarch","Animalia",12711,312,"Flower visitation",2011,8,9,221,2455783,4,2011,8,9,221,2455783,5,"12711_Flower visitation","Feeding","12711_Flower visitation_2011",11
5674,44.910587,-70.266861,261,"ME",396,"Danaus","plexippus","monarch","Animalia",12711,327,"Adults",2011,8,9,221,2455783,4,2011,8,9,221,2455783,5,"12711_Adults","Adults observed","12711_Adults_2011",11
2803,39.971001,-105.397003,2329,"CO",288,"Bombus","spp.","bumblebee","Animalia",16049,312,"Flower visitation",2011,10,20,293,2455855,4,2011,10,20,293,2455855,3,"16049_Flower visitation","Feeding","16049_Flower visitation_2011",15
2803,39.971001,-105.397003,2329,"CO",288,"Bombus","spp.","bumblebee","Animalia",16049,327,"Adults",2011,10,20,293,2455855,4,2011,10,20,293,2455855,3,"16049_Adults","Adults observed","16049_Adults_2011",14
1419,42.011166,-88.503304,280,"IL",288,"Bombus","spp.","bumblebee","Animalia",10284,312,"Flower visitation",2012,4,7,98,2456025,6,2012,4,7,98,2456025,4,"10284_Flower visitation","Feeding","10284_Flower visitation_2012",12
1419,42.011166,-88.503304,280,"IL",288,"Bombus","spp.","bumblebee","Animalia",10284,327,"Adults",2012,3,17,77,2456004,2,2012,3,17,77,2456004,1,"10284_Adults","Adults observed","10284_Adults_2012",13
2803,39.971001,-105.397003,2329,"CO",288,"Bombus","spp.","bumblebee","Animalia",16049,312,"Flower visitation",2012,4,19,110,2456037,4,2012,4,22,113,2456040,4,"16049_Flower visitation","Feeding","16049_Flower visitation_2012",15
2803,39.971001,-105.397003,2329,"CO",288,"Bombus","spp.","bumblebee","Animalia",16049,327,"Adults",2012,4,1,92,2456019,3,2012,4,1,92,2456019,4,"16049_Adults","Adults observed","16049_Adults_2012",14
8496,46.328629,-96.061256,393,"MN",396,"Danaus","plexippus","monarch","Animalia",25783,312,"Flower visitation",2012,5,7,128,2456055,2,2012,5,9,130,2456057,2,"25783_Flower visitation","Feeding","25783_Flower visitation_2012",10
8496,46.328629,-96.061256,393,"MN",396,"Danaus","plexippus","monarch","Animalia",25783,327,"Adults",2012,5,7,128,2456055,2,2012,5,9,130,2456057,2,"25783_Adults","Adults observed","25783_Adults_2012",11
8736,44.903229,-93.217445,248,"MN",288,"Bombus","spp.","bumblebee","Animalia",28350,312,"Flower visitation",2012,6,14,166,2456093,1,2012,6,14,166,2456093,1,"28350_Flower visitation","Feeding","28350_Flower visitation_2012",9
8736,44.903229,-93.217445,248,"MN",288,"Bombus","spp.","bumblebee","Animalia",28350,327,"Adults",2012,6,14,166,2456093,1,2012,6,14,166,2456093,1,"28350_Adults","Adults observed","28350_Adults_2012",10
8736,44.903229,-93.217445,248,"MN",391,"Pieris","rapae","cabbage white","Animalia",28351,327,"Adults",2012,6,1,153,2456080,5,2012,6,1,153,2456080,6,"28351_Adults","Adults observed","28351_Adults_2012",10
8736,44.903229,-93.217445,248,"MN",396,"Danaus","plexippus","monarch","Animalia",28352,312,"Flower visitation",2012,7,5,187,2456114,1,2012,7,5,187,2456114,1,"28352_Flower visitation","Feeding","28352_Flower visitation_2012",10
8736,44.903229,-93.217445,248,"MN",396,"Danaus","plexippus","monarch","Animalia",28352,327,"Adults",2012,7,5,187,2456114,1,2012,7,5,187,2456114,1,"28352_Adults","Adults observed","28352_Adults_2012",10
8736,44.903229,-93.217445,248,"MN",393,"Vanessa","atalanta","red admiral","Animalia",28355,327,"Adults",2012,6,9,161,2456088,2,2012,6,9,161,2456088,3,"28355_Adults","Adults observed","28355_Adults_2012",9
8418,32.363758,-94.873947,115,"TX",288,"Bombus","spp.","bumblebee","Animalia",30797,312,"Flower visitation",2012,8,25,238,2456165,4,2012,8,25,238,2456165,3,"30797_Flower visitation","Feeding","30797_Flower visitation_2012",11
8418,32.363758,-94.873947,115,"TX",288,"Bombus","spp.","bumblebee","Animalia",30797,327,"Adults",2012,8,25,238,2456165,4,2012,8,25,238,2456165,3,"30797_Adults","Adults observed","30797_Adults_2012",11
1419,42.011166,-88.503304,280,"IL",288,"Bombus","spp.","bumblebee","Animalia",10284,312,"Flower visitation",2013,5,18,138,2456431,6,2013,5,26,146,2456439,7,"10284_Flower visitation","Feeding","10284_Flower visitation_2013",12
1419,42.011166,-88.503304,280,"IL",288,"Bombus","spp.","bumblebee","Animalia",10284,327,"Adults",2013,5,18,138,2456431,6,2013,5,26,146,2456439,7,"10284_Adults","Adults observed","10284_Adults_2013",13
5674,44.910587,-70.266861,261,"ME",396,"Danaus","plexippus","monarch","Animalia",12711,312,"Flower visitation",2013,6,2,153,2456446,7,2013,6,2,153,2456446,7,"12711_Flower visitation","Feeding","12711_Flower visitation_2013",11
5674,44.910587,-70.266861,261,"ME",396,"Danaus","plexippus","monarch","Animalia",12711,327,"Adults",2013,6,2,153,2456446,7,2013,6,2,153,2456446,7,"12711_Adults","Adults observed","12711_Adults_2013",11
2803,39.971001,-105.397003,2329,"CO",288,"Bombus","spp.","bumblebee","Animalia",16049,312,"Flower visitation",2013,6,9,160,2456453,3,2013,6,9,160,2456453,2,"16049_Flower visitation","Feeding","16049_Flower visitation_2013",15
2803,39.971001,-105.397003,2329,"CO",288,"Bombus","spp.","bumblebee","Animalia",16049,327,"Adults",2013,5,12,132,2456425,3,2013,9,8,251,2456544,5,"16049_Adults","Adults observed","16049_Adults_2013",14
8496,46.328629,-96.061256,393,"MN",396,"Danaus","plexippus","monarch","Animalia",25783,312,"Flower visitation",2013,8,30,242,2456535,5,2013,8,30,242,2456535,7,"25783_Flower visitation","Feeding","25783_Flower visitation_2013",10
8496,46.328629,-96.061256,393,"MN",396,"Danaus","plexippus","monarch","Animalia",25783,327,"Adults",2013,6,7,158,2456451,3,2013,6,18,169,2456462,4,"25783_Adults","Adults observed","25783_Adults_2013",11
8736,44.903229,-93.217445,248,"MN",288,"Bombus","spp.","bumblebee","Animalia",28350,312,"Flower visitation",2013,7,1,182,2456475,2,2013,7,7,188,2456481,3,"28350_Flower visitation","Feeding","28350_Flower visitation_2013",9
8736,44.903229,-93.217445,248,"MN",288,"Bombus","spp.","bumblebee","Animalia",28350,327,"Adults",2013,6,29,180,2456473,2,2013,7,7,188,2456481,3,"28350_Adults","Adults observed","28350_Adults_2013",10
8736,44.903229,-93.217445,248,"MN",391,"Pieris","rapae","cabbage white","Animalia",28351,327,"Adults",2013,7,7,188,2456481,8,2013,7,7,188,2456481,3,"28351_Adults","Adults observed","28351_Adults_2013",10
8736,44.903229,-93.217445,248,"MN",396,"Danaus","plexippus","monarch","Animalia",28352,312,"Flower visitation",2013,8,1,213,2456506,8,2013,8,8,220,2456513,3,"28352_Flower visitation","Feeding","28352_Flower visitation_2013",10
8736,44.903229,-93.217445,248,"MN",396,"Danaus","plexippus","monarch","Animalia",28352,327,"Adults",2013,8,1,213,2456506,8,2013,8,8,220,2456513,3,"28352_Adults","Adults observed","28352_Adults_2013",10
8736,44.903229,-93.217445,248,"MN",393,"Vanessa","atalanta","red admiral","Animalia",28355,327,"Adults",2013,7,10,191,2456484,3,2013,7,10,191,2456484,2,"28355_Adults","Adults observed","28355_Adults_2013",9
8418,32.363758,-94.873947,115,"TX",288,"Bombus","spp.","bumblebee","Animalia",30797,312,"Flower visitation",2013,3,18,77,2456370,5,2013,3,21,80,2456373,3,"30797_Flower visitation","Feeding","30797_Flower visitation_2013",11
8418,32.363758,-94.873947,115,"TX",288,"Bombus","spp.","bumblebee","Animalia",30797,327,"Adults",2013,3,18,77,2456370,5,2013,3,21,80,2456373,3,"30797_Adults","Adults observed","30797_Adults_2013",11
10145,42.602543,-83.250992,277,"MI",288,"Bombus","spp.","bumblebee","Animalia",38858,327,"Adults",2013,6,16,167,2456460,1,2013,6,16,167,2456460,1,"38858_Adults","Adults observed","38858_Adults_2013",13
10145,42.602543,-83.250992,277,"MI",391,"Pieris","rapae","cabbage white","Animalia",38859,327,"Adults",2013,5,6,126,2456419,1,2013,5,9,129,2456422,4,"38859_Adults","Adults observed","38859_Adults_2013",13
10145,42.602543,-83.250992,277,"MI",272,"Anax","junius","common green darner","Animalia",38869,327,"Adults",2013,8,20,232,2456525,1,2013,8,20,232,2456525,1,"38869_Adults","Adults observed","38869_Adults_2013",13
10145,42.602543,-83.250992,277,"MI",396,"Danaus","plexippus","monarch","Animalia",38919,327,"Adults",2013,8,2,214,2456507,1,2013,8,2,214,2456507,1,"38919_Adults","Adults observed","38919_Adults_2013",13
10145,42.602543,-83.250992,277,"MI",1137,"Nymphalis","antiopa","mourning cloak","Animalia",38921,327,"Adults",2013,10,1,274,2456567,1,2013,10,1,274,2456567,1,"38921_Adults","Adults observed","38921_Adults_2013",12
10145,42.602543,-83.250992,277,"MI",1132,"Colias","eurytheme","orange sulphur","Animalia",38930,327,"Adults",2013,8,22,234,2456527,1,2013,8,23,235,2456528,1,"38930_Adults","Adults observed","38930_Adults_2013",13
1419,42.011166,-88.503304,280,"IL",288,"Bombus","spp.","bumblebee","Animalia",10284,312,"Flower visitation",2014,7,31,212,2456870,8,2014,7,31,212,2456870,19,"10284_Flower visitation","Feeding","10284_Flower visitation_2014",12
1419,42.011166,-88.503304,280,"IL",288,"Bombus","spp.","bumblebee","Animalia",10284,327,"Adults",2014,5,3,123,2456781,12,2014,5,3,123,2456781,1,"10284_Adults","Adults observed","10284_Adults_2014",13
5674,44.910587,-70.266861,261,"ME",396,"Danaus","plexippus","monarch","Animalia",12711,312,"Flower visitation",2014,6,8,159,2456817,7,2014,6,8,159,2456817,7,"12711_Flower visitation","Feeding","12711_Flower visitation_2014",11
5674,44.910587,-70.266861,261,"ME",396,"Danaus","plexippus","monarch","Animalia",12711,327,"Adults",2014,6,8,159,2456817,7,2014,6,8,159,2456817,7,"12711_Adults","Adults observed","12711_Adults_2014",11
2803,39.971001,-105.397003,2329,"CO",288,"Bombus","spp.","bumblebee","Animalia",16049,312,"Flower visitation",2014,6,1,152,2456810,14,2014,6,13,164,2456822,16,"16049_Flower visitation","Feeding","16049_Flower visitation_2014",15
2803,39.971001,-105.397003,2329,"CO",288,"Bombus","spp.","bumblebee","Animalia",16049,327,"Adults",2014,4,20,110,2456768,2,2014,5,9,129,2456787,3,"16049_Adults","Adults observed","16049_Adults_2014",14
8496,46.328629,-96.061256,393,"MN",396,"Danaus","plexippus","monarch","Animalia",25783,312,"Flower visitation",2014,7,28,209,2456867,4,2014,7,28,209,2456867,3,"25783_Flower visitation","Feeding","25783_Flower visitation_2014",10
8496,46.328629,-96.061256,393,"MN",396,"Danaus","plexippus","monarch","Animalia",25783,327,"Adults",2014,6,8,159,2456817,2,2014,6,13,164,2456822,4,"25783_Adults","Adults observed","25783_Adults_2014",11
8736,44.903229,-93.217445,248,"MN",288,"Bombus","spp.","bumblebee","Animalia",28350,312,"Flower visitation",2014,5,23,143,2456801,3,2014,5,23,143,2456801,5,"28350_Flower visitation","Feeding","28350_Flower visitation_2014",9
8736,44.903229,-93.217445,248,"MN",288,"Bombus","spp.","bumblebee","Animalia",28350,327,"Adults",2014,5,11,131,2456789,8,2014,5,11,131,2456789,2,"28350_Adults","Adults observed","28350_Adults_2014",10
8736,44.903229,-93.217445,248,"MN",391,"Pieris","rapae","cabbage white","Animalia",28351,327,"Adults",2014,6,26,177,2456835,3,2014,6,26,177,2456835,7,"28351_Adults","Adults observed","28351_Adults_2014",10
8736,44.903229,-93.217445,248,"MN",396,"Danaus","plexippus","monarch","Animalia",28352,312,"Flower visitation",2014,8,1,213,2456871,3,2014,8,2,214,2456872,1,"28352_Flower visitation","Feeding","28352_Flower visitation_2014",10
8736,44.903229,-93.217445,248,"MN",396,"Danaus","plexippus","monarch","Animalia",28352,327,"Adults",2014,7,5,186,2456844,2,2014,7,22,203,2456861,1,"28352_Adults","Adults observed","28352_Adults_2014",10
8736,44.903229,-93.217445,248,"MN",393,"Vanessa","atalanta","red admiral","Animalia",28355,327,"Adults",2014,6,16,167,2456825,6,2014,6,16,167,2456825,7,"28355_Adults","Adults observed","28355_Adults_2014",9
8418,32.363758,-94.873947,115,"TX",288,"Bombus","spp.","bumblebee","Animalia",30797,312,"Flower visitation",2014,4,2,92,2456750,3,2014,4,2,92,2456750,4,"30797_Flower visitation","Feeding","30797_Flower visitation_2014",11
8418,32.363758,-94.873947,115,"TX",288,"Bombus","spp.","bumblebee","Animalia",30797,327,"Adults",2014,4,2,92,2456750,3,2014,4,2,92,2456750,4,"30797_Adults","Adults observed","30797_Adults_2014",11
10145,42.602543,-83.250992,277,"MI",288,"Bombus","spp.","bumblebee","Animalia",38858,327,"Adults",2014,5,6,126,2456784,1,2014,5,6,126,2456784,1,"38858_Adults","Adults observed","38858_Adults_2014",13
10145,42.602543,-83.250992,277,"MI",391,"Pieris","rapae","cabbage white","Animalia",38859,327,"Adults",2014,5,6,126,2456784,1,2014,5,6,126,2456784,1,"38859_Adults","Adults observed","38859_Adults_2014",13
10145,42.602543,-83.250992,277,"MI",272,"Anax","junius","common green darner","Animalia",38869,327,"Adults",2014,7,25,206,2456864,1,2014,7,25,206,2456864,1,"38869_Adults","Adults observed","38869_Adults_2014",13
10145,42.602543,-83.250992,277,"MI",396,"Danaus","plexippus","monarch","Animalia",38919,327,"Adults",2014,7,1,182,2456840,1,2014,7,1,182,2456840,1,"38919_Adults","Adults observed","38919_Adults_2014",13
10145,42.602543,-83.250992,277,"MI",1132,"Colias","eurytheme","orange sulphur","Animalia",38930,327,"Adults",2014,5,29,149,2456807,2,2014,5,30,150,2456808,1,"38930_Adults","Adults observed","38930_Adults_2014",13
10145,42.602543,-83.250992,277,"MI",393,"Vanessa","atalanta","red admiral","Animalia",38941,327,"Adults",2014,5,11,131,2456789,1,2014,5,11,131,2456789,1,"38941_Adults","Adults observed","38941_Adults_2014",11
16295,27.929228,-82.725639,4,"FL",396,"Danaus","plexippus","monarch","Animalia",60947,333,"Caterpillars",2014,5,20,140,2456798,7,2014,5,20,140,2456798,8,"60947_Caterpillars","Young observed","60947_Caterpillars_2014",9
10145,42.602543,-83.250992,277,"MI",1238,"Apis","mellifera","honeybee","Animalia",69919,327,"Adults",2014,5,24,144,2456802,1,2014,5,25,145,2456803,1,"69919_Adults","Adults observed","69919_Adults_2014",11
16876,41.745537,-74.119392,72,"NY",396,"Danaus","plexippus","monarch","Animalia",72969,312,"Flower visitation",2014,8,29,241,2456899,3,2014,9,4,247,2456905,5,"72969_Flower visitation","Feeding","72969_Flower visitation_2014",12
16876,41.745537,-74.119392,72,"NY",396,"Danaus","plexippus","monarch","Animalia",72969,327,"Adults",2014,8,16,228,2456886,10,2014,8,16,228,2456886,10,"72969_Adults","Adults observed","72969_Adults_2014",12
20969,33.632149,-117.55545,440,"CA",1386,"Apodemia","virgulti","Behr's metalmark","Animalia",90201,327,"Adults",2014,3,8,67,2456725,2,2014,3,15,74,2456732,1,"90201_Adults","Adults observed","90201_Adults_2014",9
20969,33.632149,-117.55545,440,"CA",1383,"Adelpha","californica","California sister","Animalia",90203,327,"Adults",2014,3,16,75,2456733,1,2014,3,16,75,2456733,5,"90203_Adults","Adults observed","90203_Adults_2014",10
20969,33.632149,-117.55545,440,"CA",1135,"Junonia","coenia","common buckeye","Animalia",90204,327,"Adults",2014,4,5,95,2456753,2,2014,4,5,95,2456753,5,"90204_Adults","Adults observed","90204_Adults_2014",11
20969,33.632149,-117.55545,440,"CA",1388,"Coenonympha","tullia","common ringlet","Animalia",90205,327,"Adults",2014,3,16,75,2456733,1,2014,3,21,80,2456738,13,"90205_Adults","Adults observed","90205_Adults_2014",10
1419,42.011166,-88.503304,280,"IL",288,"Bombus","spp.","bumblebee","Animalia",10284,312,"Flower visitation",2015,4,17,107,2457130,6,2015,4,17,107,2457130,2,"10284_Flower visitation","Feeding","10284_Flower visitation_2015",12
1419,42.011166,-88.503304,280,"IL",288,"Bombus","spp.","bumblebee","Animalia",10284,327,"Adults",2015,4,17,107,2457130,6,2015,4,17,107,2457130,2,"10284_Adults","Adults observed","10284_Adults_2015",13
2803,39.971001,-105.397003,2329,"CO",288,"Bombus","spp.","bumblebee","Animalia",16049,312,"Flower visitation",2015,5,31,151,2457174,6,2015,9,25,268,2457291,8,"16049_Flower visitation","Feeding","16049_Flower visitation_2015",15
2803,39.971001,-105.397003,2329,"CO",288,"Bombus","spp.","bumblebee","Animalia",16049,327,"Adults",2015,4,5,95,2457118,3,2015,4,24,114,2457137,2,"16049_Adults","Adults observed","16049_Adults_2015",14
8496,46.328629,-96.061256,393,"MN",396,"Danaus","plexippus","monarch","Animalia",25783,312,"Flower visitation",2015,8,4,216,2457239,10,2015,8,4,216,2457239,10,"25783_Flower visitation","Feeding","25783_Flower visitation_2015",10
8496,46.328629,-96.061256,393,"MN",396,"Danaus","plexippus","monarch","Animalia",25783,327,"Adults",2015,6,11,162,2457185,2,2015,6,16,167,2457190,3,"25783_Adults","Adults observed","25783_Adults_2015",11
8736,44.903229,-93.217445,248,"MN",288,"Bombus","spp.","bumblebee","Animalia",28350,312,"Flower visitation",2015,5,4,124,2457147,7,2015,5,4,124,2457147,2,"28350_Flower visitation","Feeding","28350_Flower visitation_2015",9
8736,44.903229,-93.217445,248,"MN",288,"Bombus","spp.","bumblebee","Animalia",28350,327,"Adults",2015,4,23,113,2457136,12,2015,5,23,143,2457166,8,"28350_Adults","Adults observed","28350_Adults_2015",10
8736,44.903229,-93.217445,248,"MN",391,"Pieris","rapae","cabbage white","Animalia",28351,327,"Adults",2015,4,30,120,2457143,3,2015,4,30,120,2457143,3,"28351_Adults","Adults observed","28351_Adults_2015",10
8736,44.903229,-93.217445,248,"MN",396,"Danaus","plexippus","monarch","Animalia",28352,312,"Flower visitation",2015,7,9,190,2457213,1,2015,7,9,190,2457213,1,"28352_Flower visitation","Feeding","28352_Flower visitation_2015",10
8736,44.903229,-93.217445,248,"MN",396,"Danaus","plexippus","monarch","Animalia",28352,327,"Adults",2015,7,9,190,2457213,1,2015,7,9,190,2457213,1,"28352_Adults","Adults observed","28352_Adults_2015",10
8736,44.903229,-93.217445,248,"MN",393,"Vanessa","atalanta","red admiral","Animalia",28355,327,"Adults",2015,5,22,142,2457165,5,2015,5,22,142,2457165,1,"28355_Adults","Adults observed","28355_Adults_2015",9
8418,32.363758,-94.873947,115,"TX",288,"Bombus","spp.","bumblebee","Animalia",30797,312,"Flower visitation",2015,3,25,84,2457107,3,2015,3,29,88,2457111,3,"30797_Flower visitation","Feeding","30797_Flower visitation_2015",11
8418,32.363758,-94.873947,115,"TX",288,"Bombus","spp.","bumblebee","Animalia",30797,327,"Adults",2015,3,25,84,2457107,3,2015,4,1,91,2457114,4,"30797_Adults","Adults observed","30797_Adults_2015",11
10145,42.602543,-83.250992,277,"MI",288,"Bombus","spp.","bumblebee","Animalia",38858,327,"Adults",2015,5,1,121,2457144,1,2015,5,3,123,2457146,1,"38858_Adults","Adults observed","38858_Adults_2015",13
10145,42.602543,-83.250992,277,"MI",391,"Pieris","rapae","cabbage white","Animalia",38859,327,"Adults",2015,5,1,121,2457144,1,2015,5,4,124,2457147,1,"38859_Adults","Adults observed","38859_Adults_2015",13
10145,42.602543,-83.250992,277,"MI",272,"Anax","junius","common green darner","Animalia",38869,327,"Adults",2015,5,18,138,2457161,1,2015,5,18,138,2457161,1,"38869_Adults","Adults observed","38869_Adults_2015",13
10145,42.602543,-83.250992,277,"MI",396,"Danaus","plexippus","monarch","Animalia",38919,327,"Adults",2015,6,22,173,2457196,1,2015,6,22,173,2457196,1,"38919_Adults","Adults observed","38919_Adults_2015",13
10145,42.602543,-83.250992,277,"MI",1137,"Nymphalis","antiopa","mourning cloak","Animalia",38921,327,"Adults",2015,5,3,123,2457146,1,2015,5,3,123,2457146,1,"38921_Adults","Adults observed","38921_Adults_2015",12
10145,42.602543,-83.250992,277,"MI",1132,"Colias","eurytheme","orange sulphur","Animalia",38930,327,"Adults",2015,7,15,196,2457219,1,2015,7,15,196,2457219,1,"38930_Adults","Adults observed","38930_Adults_2015",13
10145,42.602543,-83.250992,277,"MI",393,"Vanessa","atalanta","red admiral","Animalia",38941,327,"Adults",2015,5,22,142,2457165,1,2015,5,24,144,2457167,1,"38941_Adults","Adults observed","38941_Adults_2015",11
16295,27.929228,-82.725639,4,"FL",396,"Danaus","plexippus","monarch","Animalia",60947,333,"Caterpillars",2015,3,25,84,2457107,5,2015,3,25,84,2457107,8,"60947_Caterpillars","Young observed","60947_Caterpillars_2015",9
16876,41.745537,-74.119392,72,"NY",396,"Danaus","plexippus","monarch","Animalia",72969,312,"Flower visitation",2015,8,8,220,2457243,2,2015,8,8,220,2457243,4,"72969_Flower visitation","Feeding","72969_Flower visitation_2015",12
16876,41.745537,-74.119392,72,"NY",396,"Danaus","plexippus","monarch","Animalia",72969,327,"Adults",2015,5,27,147,2457170,1,2015,5,27,147,2457170,6,"72969_Adults","Adults observed","72969_Adults_2015",12
17414,42.936153,-73.433449,147,"NY",396,"Danaus","plexippus","monarch","Animalia",86971,312,"Flower visitation",2015,7,11,192,2457215,8,2015,7,11,192,2457215,6,"86971_Flower visitation","Feeding","86971_Flower visitation_2015",11
17414,42.936153,-73.433449,147,"NY",396,"Danaus","plexippus","monarch","Animalia",86971,327,"Adults",2015,5,30,150,2457173,6,2015,6,27,178,2457201,6,"86971_Adults","Adults observed","86971_Adults_2015",11
20969,33.632149,-117.55545,440,"CA",1386,"Apodemia","virgulti","Behr's metalmark","Animalia",90201,327,"Adults",2015,2,7,38,2457061,2,2015,2,7,38,2457061,8,"90201_Adults","Adults observed","90201_Adults_2015",9
20969,33.632149,-117.55545,440,"CA",1383,"Adelpha","californica","California sister","Animalia",90203,327,"Adults",2015,2,5,36,2457059,5,2015,2,5,36,2457059,2,"90203_Adults","Adults observed","90203_Adults_2015",10
20969,33.632149,-117.55545,440,"CA",1135,"Junonia","coenia","common buckeye","Animalia",90204,327,"Adults",2015,2,15,46,2457069,8,2015,3,5,64,2457087,3,"90204_Adults","Adults observed","90204_Adults_2015",11
20969,33.632149,-117.55545,440,"CA",1388,"Coenonympha","tullia","common ringlet","Animalia",90205,327,"Adults",2015,4,19,109,2457132,6,2015,4,29,119,2457142,3,"90205_Adults","Adults observed","90205_Adults_2015",10
20969,33.632149,-117.55545,440,"CA",1384,"Anthocharis","sara","Pacific orangetip","Animalia",90206,327,"Adults",2015,1,18,18,2457041,3,2015,1,18,18,2457041,13,"90206_Adults","Adults observed","90206_Adults_2015",10
1419,42.011166,-88.503304,280,"IL",288,"Bombus","spp.","bumblebee","Animalia",10284,312,"Flower visitation",2016,6,17,169,2457557,13,2016,6,17,169,2457557,14,"10284_Flower visitation","Feeding","10284_Flower visitation_2016",12
1419,42.011166,-88.503304,280,"IL",288,"Bombus","spp.","bumblebee","Animalia",10284,327,"Adults",2016,4,16,107,2457495,1,2016,4,24,115,2457503,7,"10284_Adults","Adults observed","10284_Adults_2016",13
2803,39.971001,-105.397003,2329,"CO",288,"Bombus","spp.","bumblebee","Animalia",16049,312,"Flower visitation",2016,5,29,150,2457538,2,2016,9,6,250,2457638,11,"16049_Flower visitation","Feeding","16049_Flower visitation_2016",15
2803,39.971001,-105.397003,2329,"CO",288,"Bombus","spp.","bumblebee","Animalia",16049,327,"Adults",2016,5,6,127,2457515,5,2016,5,22,143,2457531,5,"16049_Adults","Adults observed","16049_Adults_2016",14
8496,46.328629,-96.061256,393,"MN",396,"Danaus","plexippus","monarch","Animalia",25783,312,"Flower visitation",2016,8,4,217,2457605,7,2016,8,4,217,2457605,7,"25783_Flower visitation","Feeding","25783_Flower visitation_2016",10
8496,46.328629,-96.061256,393,"MN",396,"Danaus","plexippus","monarch","Animalia",25783,327,"Adults",2016,6,24,176,2457564,9,2016,6,24,176,2457564,16,"25783_Adults","Adults observed","25783_Adults_2016",11
8736,44.903229,-93.217445,248,"MN",288,"Bombus","spp.","bumblebee","Animalia",28350,312,"Flower visitation",2016,5,5,126,2457514,2,2016,6,13,165,2457553,1,"28350_Flower visitation","Feeding","28350_Flower visitation_2016",9
8736,44.903229,-93.217445,248,"MN",288,"Bombus","spp.","bumblebee","Animalia",28350,327,"Adults",2016,4,16,107,2457495,1,2016,4,20,111,2457499,2,"28350_Adults","Adults observed","28350_Adults_2016",10
8736,44.903229,-93.217445,248,"MN",391,"Pieris","rapae","cabbage white","Animalia",28351,327,"Adults",2016,5,6,127,2457515,3,2016,5,6,127,2457515,16,"28351_Adults","Adults observed","28351_Adults_2016",10
8736,44.903229,-93.217445,248,"MN",396,"Danaus","plexippus","monarch","Animalia",28352,312,"Flower visitation",2016,7,3,185,2457573,4,2016,7,5,187,2457575,1,"28352_Flower visitation","Feeding","28352_Flower visitation_2016",10
8736,44.903229,-93.217445,248,"MN",396,"Danaus","plexippus","monarch","Animalia",28352,327,"Adults",2016,7,3,185,2457573,4,2016,7,11,193,2457581,1,"28352_Adults","Adults observed","28352_Adults_2016",10
8736,44.903229,-93.217445,248,"MN",393,"Vanessa","atalanta","red admiral","Animalia",28355,327,"Adults",2016,5,6,127,2457515,1,2016,5,6,127,2457515,16,"28355_Adults","Adults observed","28355_Adults_2016",9
8418,32.363758,-94.873947,115,"TX",288,"Bombus","spp.","bumblebee","Animalia",30797,312,"Flower visitation",2016,3,13,73,2457461,11,2016,3,13,73,2457461,3,"30797_Flower visitation","Feeding","30797_Flower visitation_2016",11
8418,32.363758,-94.873947,115,"TX",288,"Bombus","spp.","bumblebee","Animalia",30797,327,"Adults",2016,3,13,73,2457461,11,2016,3,13,73,2457461,3,"30797_Adults","Adults observed","30797_Adults_2016",11
10145,42.602543,-83.250992,277,"MI",288,"Bombus","spp.","bumblebee","Animalia",38858,327,"Adults",2016,5,5,126,2457514,1,2016,5,5,126,2457514,2,"38858_Adults","Adults observed","38858_Adults_2016",13
10145,42.602543,-83.250992,277,"MI",391,"Pieris","rapae","cabbage white","Animalia",38859,327,"Adults",2016,4,21,112,2457500,2,2016,4,27,118,2457506,5,"38859_Adults","Adults observed","38859_Adults_2016",13
10145,42.602543,-83.250992,277,"MI",272,"Anax","junius","common green darner","Animalia",38869,327,"Adults",2016,6,29,181,2457569,1,2016,6,29,181,2457569,1,"38869_Adults","Adults observed","38869_Adults_2016",13
10145,42.602543,-83.250992,277,"MI",396,"Danaus","plexippus","monarch","Animalia",38919,327,"Adults",2016,7,30,212,2457600,1,2016,7,30,212,2457600,1,"38919_Adults","Adults observed","38919_Adults_2016",13
10145,42.602543,-83.250992,277,"MI",1137,"Nymphalis","antiopa","mourning cloak","Animalia",38921,327,"Adults",2016,6,26,178,2457566,1,2016,6,26,178,2457566,1,"38921_Adults","Adults observed","38921_Adults_2016",12
10145,42.602543,-83.250992,277,"MI",1132,"Colias","eurytheme","orange sulphur","Animalia",38930,327,"Adults",2016,6,4,156,2457544,1,2016,6,4,156,2457544,1,"38930_Adults","Adults observed","38930_Adults_2016",13
10145,42.602543,-83.250992,277,"MI",393,"Vanessa","atalanta","red admiral","Animalia",38941,327,"Adults",2016,5,20,141,2457529,1,2016,5,24,145,2457533,7,"38941_Adults","Adults observed","38941_Adults_2016",11
16295,27.929228,-82.725639,4,"FL",396,"Danaus","plexippus","monarch","Animalia",60947,333,"Caterpillars",2016,5,6,127,2457515,7,2016,5,6,127,2457515,7,"60947_Caterpillars","Young observed","60947_Caterpillars_2016",9
10145,42.602543,-83.250992,277,"MI",1238,"Apis","mellifera","honeybee","Animalia",69919,327,"Adults",2016,5,22,143,2457531,1,2016,5,22,143,2457531,1,"69919_Adults","Adults observed","69919_Adults_2016",11
16876,41.745537,-74.119392,72,"NY",396,"Danaus","plexippus","monarch","Animalia",72969,312,"Flower visitation",2016,8,17,230,2457618,3,2016,8,17,230,2457618,7,"72969_Flower visitation","Feeding","72969_Flower visitation_2016",12
16876,41.745537,-74.119392,72,"NY",396,"Danaus","plexippus","monarch","Animalia",72969,327,"Adults",2016,6,14,166,2457554,4,2016,6,14,166,2457554,1,"72969_Adults","Adults observed","72969_Adults_2016",12
17414,42.936153,-73.433449,147,"NY",396,"Danaus","plexippus","monarch","Animalia",86971,312,"Flower visitation",2016,8,12,225,2457613,6,2016,8,12,225,2457613,8,"86971_Flower visitation","Feeding","86971_Flower visitation_2016",11
17414,42.936153,-73.433449,147,"NY",396,"Danaus","plexippus","monarch","Animalia",86971,327,"Adults",2016,7,2,184,2457572,7,2016,7,2,184,2457572,7,"86971_Adults","Adults observed","86971_Adults_2016",11
20969,33.632149,-117.55545,440,"CA",1386,"Apodemia","virgulti","Behr's metalmark","Animalia",90201,327,"Adults",2016,3,5,65,2457453,2,2016,3,9,69,2457457,11,"90201_Adults","Adults observed","90201_Adults_2016",9
20969,33.632149,-117.55545,440,"CA",1383,"Adelpha","californica","California sister","Animalia",90203,327,"Adults",2016,1,28,28,2457416,6,2016,1,28,28,2457416,7,"90203_Adults","Adults observed","90203_Adults_2016",10
20969,33.632149,-117.55545,440,"CA",1135,"Junonia","coenia","common buckeye","Animalia",90204,327,"Adults",2016,1,28,28,2457416,6,2016,1,28,28,2457416,7,"90204_Adults","Adults observed","90204_Adults_2016",11
20969,33.632149,-117.55545,440,"CA",1388,"Coenonympha","tullia","common ringlet","Animalia",90205,327,"Adults",2016,2,26,57,2457445,6,2016,3,25,85,2457473,6,"90205_Adults","Adults observed","90205_Adults_2016",10
20969,33.632149,-117.55545,440,"CA",1384,"Anthocharis","sara","Pacific orangetip","Animalia",90206,327,"Adults",2016,1,28,28,2457416,6,2016,4,18,109,2457497,12,"90206_Adults","Adults observed","90206_Adults_2016",10
22613,32.33926,-110.981728,813,"AZ",1131,"Calephelis","nemesis","fatal metalmark","Animalia",100905,327,"Adults",2016,5,14,135,2457523,14,2016,5,14,135,2457523,7,"100905_Adults","Adults observed","100905_Adults_2016",10
22613,32.33926,-110.981728,813,"AZ",1403,"Papilio","cresphontes","giant swallowtail","Animalia",100906,327,"Adults",2016,8,6,219,2457607,7,2016,8,6,219,2457607,7,"100906_Adults","Adults observed","100906_Adults_2016",10
22613,32.33926,-110.981728,813,"AZ",1391,"Agraulis","vanillae","gulf fritillary","Animalia",100907,327,"Adults",2016,6,4,156,2457544,14,2016,11,19,324,2457712,7,"100907_Adults","Adults observed","100907_Adults_2016",10
22613,32.33926,-110.981728,813,"AZ",396,"Danaus","plexippus","monarch","Animalia",100909,327,"Adults",2016,7,2,184,2457572,7,2016,7,9,191,2457579,7,"100909_Adults","Adults observed","100909_Adults_2016",10
22613,32.33926,-110.981728,813,"AZ",1129,"Battus","philenor","pipevine swallowtail","Animalia",100912,327,"Adults",2016,6,10,162,2457550,6,2016,6,10,162,2457550,15,"100912_Adults","Adults observed","100912_Adults_2016",10
22613,32.33926,-110.981728,813,"AZ",1133,"Danaus","gilippus","queen","Animalia",100913,327,"Adults",2016,4,23,114,2457502,7,2016,6,4,156,2457544,6,"100913_Adults","Adults observed","100913_Adults_2016",10
1419,42.011166,-88.503304,280,"IL",288,"Bombus","spp.","bumblebee","Animalia",10284,312,"Flower visitation",2017,6,8,159,2457913,11,2017,6,8,159,2457913,4,"10284_Flower visitation","Feeding","10284_Flower visitation_2017",12
1419,42.011166,-88.503304,280,"IL",288,"Bombus","spp.","bumblebee","Animalia",10284,327,"Adults",2017,6,8,159,2457913,11,2017,6,8,159,2457913,4,"10284_Adults","Adults observed","10284_Adults_2017",13
2803,39.971001,-105.397003,2329,"CO",288,"Bombus","spp.","bumblebee","Animalia",16049,312,"Flower visitation",2017,5,15,135,2457889,3,2017,5,15,135,2457889,4,"16049_Flower visitation","Feeding","16049_Flower visitation_2017",15
2803,39.971001,-105.397003,2329,"CO",288,"Bombus","spp.","bumblebee","Animalia",16049,327,"Adults",2017,4,15,105,2457859,2,2017,5,8,128,2457882,4,"16049_Adults","Adults observed","16049_Adults_2017",14
8496,46.328629,-96.061256,393,"MN",396,"Danaus","plexippus","monarch","Animalia",25783,312,"Flower visitation",2017,7,27,208,2457962,7,2017,8,5,217,2457971,11,"25783_Flower visitation","Feeding","25783_Flower visitation_2017",10
8496,46.328629,-96.061256,393,"MN",396,"Danaus","plexippus","monarch","Animalia",25783,327,"Adults",2017,7,20,201,2457955,5,2017,8,16,228,2457982,36,"25783_Adults","Adults observed","25783_Adults_2017",11
8736,44.903229,-93.217445,248,"MN",288,"Bombus","spp.","bumblebee","Animalia",28350,312,"Flower visitation",2017,4,29,119,2457873,4,2017,4,29,119,2457873,6,"28350_Flower visitation","Feeding","28350_Flower visitation_2017",9
8736,44.903229,-93.217445,248,"MN",288,"Bombus","spp.","bumblebee","Animalia",28350,327,"Adults",2017,4,29,119,2457873,4,2017,5,5,125,2457879,1,"28350_Adults","Adults observed","28350_Adults_2017",10
8736,44.903229,-93.217445,248,"MN",391,"Pieris","rapae","cabbage white","Animalia",28351,327,"Adults",2017,5,2,122,2457876,7,2017,5,2,122,2457876,3,"28351_Adults","Adults observed","28351_Adults_2017",10
8736,44.903229,-93.217445,248,"MN",396,"Danaus","plexippus","monarch","Animalia",28352,312,"Flower visitation",2017,7,5,186,2457940,1,2017,7,5,186,2457940,1,"28352_Flower visitation","Feeding","28352_Flower visitation_2017",10
8736,44.903229,-93.217445,248,"MN",396,"Danaus","plexippus","monarch","Animalia",28352,327,"Adults",2017,7,4,185,2457939,1,2017,7,5,186,2457940,1,"28352_Adults","Adults observed","28352_Adults_2017",10
8736,44.903229,-93.217445,248,"MN",393,"Vanessa","atalanta","red admiral","Animalia",28355,327,"Adults",2017,5,25,145,2457899,9,2017,5,25,145,2457899,6,"28355_Adults","Adults observed","28355_Adults_2017",9
8418,32.363758,-94.873947,115,"TX",288,"Bombus","spp.","bumblebee","Animalia",30797,312,"Flower visitation",2017,2,22,53,2457807,3,2017,2,22,53,2457807,4,"30797_Flower visitation","Feeding","30797_Flower visitation_2017",11
8418,32.363758,-94.873947,115,"TX",288,"Bombus","spp.","bumblebee","Animalia",30797,327,"Adults",2017,2,22,53,2457807,3,2017,2,22,53,2457807,4,"30797_Adults","Adults observed","30797_Adults_2017",11
10145,42.602543,-83.250992,277,"MI",288,"Bombus","spp.","bumblebee","Animalia",38858,327,"Adults",2017,4,29,119,2457873,3,2017,4,29,119,2457873,2,"38858_Adults","Adults observed","38858_Adults_2017",13
10145,42.602543,-83.250992,277,"MI",391,"Pieris","rapae","cabbage white","Animalia",38859,327,"Adults",2017,4,24,114,2457868,2,2017,5,1,121,2457875,1,"38859_Adults","Adults observed","38859_Adults_2017",13
10145,42.602543,-83.250992,277,"MI",272,"Anax","junius","common green darner","Animalia",38869,327,"Adults",2017,6,7,158,2457912,2,2017,6,7,158,2457912,1,"38869_Adults","Adults observed","38869_Adults_2017",13
10145,42.602543,-83.250992,277,"MI",396,"Danaus","plexippus","monarch","Animalia",38919,327,"Adults",2017,6,5,156,2457910,1,2017,6,7,158,2457912,1,"38919_Adults","Adults observed","38919_Adults_2017",13
10145,42.602543,-83.250992,277,"MI",1137,"Nymphalis","antiopa","mourning cloak","Animalia",38921,327,"Adults",2017,4,17,107,2457861,6,2017,4,17,107,2457861,1,"38921_Adults","Adults observed","38921_Adults_2017",12
10145,42.602543,-83.250992,277,"MI",1132,"Colias","eurytheme","orange sulphur","Animalia",38930,327,"Adults",2017,6,30,181,2457935,1,2017,7,5,186,2457940,1,"38930_Adults","Adults observed","38930_Adults_2017",13
10145,42.602543,-83.250992,277,"MI",393,"Vanessa","atalanta","red admiral","Animalia",38941,327,"Adults",2017,4,24,114,2457868,2,2017,4,24,114,2457868,1,"38941_Adults","Adults observed","38941_Adults_2017",11
12064,32.248463,-110.909584,745,"AZ",396,"Danaus","plexippus","monarch","Animalia",50768,327,"Adults",2017,10,26,299,2458053,11,2017,10,26,299,2458053,13,"50768_Adults","Adults observed","50768_Adults_2017",9
12064,32.248463,-110.909584,745,"AZ",1133,"Danaus","gilippus","queen","Animalia",50769,312,"Flower visitation",2017,6,16,167,2457921,7,2017,6,16,167,2457921,29,"50769_Flower visitation","Feeding","50769_Flower visitation_2017",9
12064,32.248463,-110.909584,745,"AZ",1133,"Danaus","gilippus","queen","Animalia",50769,327,"Adults",2017,6,16,167,2457921,7,2017,6,16,167,2457921,29,"50769_Adults","Adults observed","50769_Adults_2017",9
16295,27.929228,-82.725639,4,"FL",396,"Danaus","plexippus","monarch","Animalia",60947,333,"Caterpillars",2017,2,23,54,2457808,7,2017,3,2,61,2457815,7,"60947_Caterpillars","Young observed","60947_Caterpillars_2017",9
10145,42.602543,-83.250992,277,"MI",1238,"Apis","mellifera","honeybee","Animalia",69919,327,"Adults",2017,5,10,130,2457884,3,2017,5,10,130,2457884,1,"69919_Adults","Adults observed","69919_Adults_2017",11
16876,41.745537,-74.119392,72,"NY",396,"Danaus","plexippus","monarch","Animalia",72969,312,"Flower visitation",2017,7,19,200,2457954,4,2017,7,20,201,2457955,1,"72969_Flower visitation","Feeding","72969_Flower visitation_2017",12
16876,41.745537,-74.119392,72,"NY",396,"Danaus","plexippus","monarch","Animalia",72969,327,"Adults",2017,7,19,200,2457954,4,2017,7,20,201,2457955,1,"72969_Adults","Adults observed","72969_Adults_2017",12
17414,42.936153,-73.433449,147,"NY",396,"Danaus","plexippus","monarch","Animalia",86971,312,"Flower visitation",2017,6,3,154,2457908,6,2017,6,3,154,2457908,5,"86971_Flower visitation","Feeding","86971_Flower visitation_2017",11
17414,42.936153,-73.433449,147,"NY",396,"Danaus","plexippus","monarch","Animalia",86971,327,"Adults",2017,6,3,154,2457908,6,2017,6,3,154,2457908,5,"86971_Adults","Adults observed","86971_Adults_2017",11
20969,33.632149,-117.55545,440,"CA",1386,"Apodemia","virgulti","Behr's metalmark","Animalia",90201,327,"Adults",2017,8,20,232,2457986,12,2017,9,2,245,2457999,5,"90201_Adults","Adults observed","90201_Adults_2017",9
20969,33.632149,-117.55545,440,"CA",1383,"Adelpha","californica","California sister","Animalia",90203,327,"Adults",2017,3,2,61,2457815,11,2017,3,2,61,2457815,2,"90203_Adults","Adults observed","90203_Adults_2017",10
20969,33.632149,-117.55545,440,"CA",1135,"Junonia","coenia","common buckeye","Animalia",90204,327,"Adults",2017,3,9,68,2457822,5,2017,3,9,68,2457822,10,"90204_Adults","Adults observed","90204_Adults_2017",11
20969,33.632149,-117.55545,440,"CA",1388,"Coenonympha","tullia","common ringlet","Animalia",90205,327,"Adults",2017,3,4,63,2457817,2,2017,3,4,63,2457817,5,"90205_Adults","Adults observed","90205_Adults_2017",10
20969,33.632149,-117.55545,440,"CA",1384,"Anthocharis","sara","Pacific orangetip","Animalia",90206,327,"Adults",2017,2,4,35,2457789,1,2017,2,9,40,2457794,10,"90206_Adults","Adults observed","90206_Adults_2017",10
22613,32.33926,-110.981728,813,"AZ",1131,"Calephelis","nemesis","fatal metalmark","Animalia",100905,327,"Adults",2017,3,18,77,2457831,7,2017,3,26,85,2457839,6,"100905_Adults","Adults observed","100905_Adults_2017",10
22613,32.33926,-110.981728,813,"AZ",1403,"Papilio","cresphontes","giant swallowtail","Animalia",100906,327,"Adults",2017,3,11,70,2457824,7,2017,4,15,105,2457859,7,"100906_Adults","Adults observed","100906_Adults_2017",10
22613,32.33926,-110.981728,813,"AZ",1391,"Agraulis","vanillae","gulf fritillary","Animalia",100907,327,"Adults",2017,2,4,35,2457789,7,2017,2,4,35,2457789,7,"100907_Adults","Adults observed","100907_Adults_2017",10
22613,32.33926,-110.981728,813,"AZ",396,"Danaus","plexippus","monarch","Animalia",100909,327,"Adults",2017,1,28,28,2457782,7,2017,2,11,42,2457796,7,"100909_Adults","Adults observed","100909_Adults_2017",10
22613,32.33926,-110.981728,813,"AZ",1129,"Battus","philenor","pipevine swallowtail","Animalia",100912,327,"Adults",2017,1,14,14,2457768,7,2017,1,14,14,2457768,7,"100912_Adults","Adults observed","100912_Adults_2017",10
22613,32.33926,-110.981728,813,"AZ",1133,"Danaus","gilippus","queen","Animalia",100913,327,"Adults",2017,1,28,28,2457782,7,2017,2,11,42,2457796,7,"100913_Adults","Adults observed","100913_Adults_2017",10
22979,41.556442,-93.267807,267,"IA",396,"Danaus","plexippus","monarch","Animalia",104138,327,"Adults",2017,9,9,252,2458006,9,2017,9,21,264,2458018,6,"104138_Adults","Adults observed","104138_Adults_2017",9
22981,41.559528,-93.278351,265,"IA",396,"Danaus","plexippus","monarch","Animalia",104149,327,"Adults",2017,8,27,239,2457993,2,2017,9,21,264,2458018,13,"104149_Adults","Adults observed","104149_Adults_2017",9
22613,32.33926,-110.981728,813,"AZ",415,"Libellula","saturata","flame skimmer","Animalia",136804,327,"Adults",2017,5,25,145,2457899,9,2017,6,13,164,2457918,7,"136804_Adults","Adults observed","136804_Adults_2017",9
5674,44.910587,-70.266861,261,"ME",396,"Danaus","plexippus","monarch","Animalia",12711,312,"Flower visitation",2018,8,5,217,2458336,14,2018,9,9,252,2458371,7,"12711_Flower visitation","Feeding","12711_Flower visitation_2018",11
5674,44.910587,-70.266861,261,"ME",396,"Danaus","plexippus","monarch","Animalia",12711,327,"Adults",2018,8,5,217,2458336,14,2018,9,9,252,2458371,7,"12711_Adults","Adults observed","12711_Adults_2018",11
2803,39.971001,-105.397003,2329,"CO",288,"Bombus","spp.","bumblebee","Animalia",16049,312,"Flower visitation",2018,4,27,117,2458236,4,2018,7,13,194,2458313,3,"16049_Flower visitation","Feeding","16049_Flower visitation_2018",15
2803,39.971001,-105.397003,2329,"CO",288,"Bombus","spp.","bumblebee","Animalia",16049,327,"Adults",2018,4,27,117,2458236,4,2018,7,13,194,2458313,3,"16049_Adults","Adults observed","16049_Adults_2018",14
8496,46.328629,-96.061256,393,"MN",396,"Danaus","plexippus","monarch","Animalia",25783,312,"Flower visitation",2018,5,23,143,2458262,3,2018,5,23,143,2458262,8,"25783_Flower visitation","Feeding","25783_Flower visitation_2018",10
8496,46.328629,-96.061256,393,"MN",396,"Danaus","plexippus","monarch","Animalia",25783,327,"Adults",2018,5,20,140,2458259,6,2018,5,23,143,2458262,8,"25783_Adults","Adults observed","25783_Adults_2018",11
8736,44.903229,-93.217445,248,"MN",288,"Bombus","spp.","bumblebee","Animalia",28350,312,"Flower visitation",2018,9,30,273,2458392,2,2018,9,30,273,2458392,3,"28350_Flower visitation","Feeding","28350_Flower visitation_2018",9
8736,44.903229,-93.217445,248,"MN",288,"Bombus","spp.","bumblebee","Animalia",28350,327,"Adults",2018,5,3,123,2458242,1,2018,5,3,123,2458242,4,"28350_Adults","Adults observed","28350_Adults_2018",10
8736,44.903229,-93.217445,248,"MN",391,"Pieris","rapae","cabbage white","Animalia",28351,327,"Adults",2018,7,11,192,2458311,3,2018,7,16,197,2458316,1,"28351_Adults","Adults observed","28351_Adults_2018",10
8736,44.903229,-93.217445,248,"MN",396,"Danaus","plexippus","monarch","Animalia",28352,312,"Flower visitation",2018,6,29,180,2458299,7,2018,7,13,194,2458313,2,"28352_Flower visitation","Feeding","28352_Flower visitation_2018",10
8736,44.903229,-93.217445,248,"MN",396,"Danaus","plexippus","monarch","Animalia",28352,327,"Adults",2018,6,29,180,2458299,7,2018,7,13,194,2458313,2,"28352_Adults","Adults observed","28352_Adults_2018",10
8736,44.903229,-93.217445,248,"MN",393,"Vanessa","atalanta","red admiral","Animalia",28355,327,"Adults",2018,7,2,183,2458302,3,2018,7,2,183,2458302,2,"28355_Adults","Adults observed","28355_Adults_2018",9
8418,32.363758,-94.873947,115,"TX",288,"Bombus","spp.","bumblebee","Animalia",30797,312,"Flower visitation",2018,3,18,77,2458196,11,2018,3,18,77,2458196,3,"30797_Flower visitation","Feeding","30797_Flower visitation_2018",11
8418,32.363758,-94.873947,115,"TX",288,"Bombus","spp.","bumblebee","Animalia",30797,327,"Adults",2018,3,18,77,2458196,11,2018,3,18,77,2458196,3,"30797_Adults","Adults observed","30797_Adults_2018",11
10145,42.602543,-83.250992,277,"MI",288,"Bombus","spp.","bumblebee","Animalia",38858,327,"Adults",2018,5,7,127,2458246,1,2018,5,14,134,2458253,1,"38858_Adults","Adults observed","38858_Adults_2018",13
10145,42.602543,-83.250992,277,"MI",391,"Pieris","rapae","cabbage white","Animalia",38859,327,"Adults",2018,4,30,120,2458239,1,2018,5,5,125,2458244,1,"38859_Adults","Adults observed","38859_Adults_2018",13
10145,42.602543,-83.250992,277,"MI",272,"Anax","junius","common green darner","Animalia",38869,327,"Adults",2018,6,8,159,2458278,2,2018,6,8,159,2458278,1,"38869_Adults","Adults observed","38869_Adults_2018",13
10145,42.602543,-83.250992,277,"MI",396,"Danaus","plexippus","monarch","Animalia",38919,327,"Adults",2018,6,2,153,2458272,1,2018,6,3,154,2458273,1,"38919_Adults","Adults observed","38919_Adults_2018",13
10145,42.602543,-83.250992,277,"MI",1137,"Nymphalis","antiopa","mourning cloak","Animalia",38921,327,"Adults",2018,5,1,121,2458240,1,2018,5,1,121,2458240,1,"38921_Adults","Adults observed","38921_Adults_2018",12
10145,42.602543,-83.250992,277,"MI",1132,"Colias","eurytheme","orange sulphur","Animalia",38930,327,"Adults",2018,5,28,148,2458267,1,2018,5,29,149,2458268,1,"38930_Adults","Adults observed","38930_Adults_2018",13
10145,42.602543,-83.250992,277,"MI",393,"Vanessa","atalanta","red admiral","Animalia",38941,327,"Adults",2018,5,13,133,2458252,3,2018,5,14,134,2458253,1,"38941_Adults","Adults observed","38941_Adults_2018",11
12064,32.248463,-110.909584,745,"AZ",396,"Danaus","plexippus","monarch","Animalia",50768,327,"Adults",2018,7,7,188,2458307,5,2018,8,23,235,2458354,14,"50768_Adults","Adults observed","50768_Adults_2018",9
12064,32.248463,-110.909584,745,"AZ",1133,"Danaus","gilippus","queen","Animalia",50769,312,"Flower visitation",2018,2,1,32,2458151,5,2018,2,1,32,2458151,9,"50769_Flower visitation","Feeding","50769_Flower visitation_2018",9
12064,32.248463,-110.909584,745,"AZ",1133,"Danaus","gilippus","queen","Animalia",50769,327,"Adults",2018,2,1,32,2458151,5,2018,2,1,32,2458151,9,"50769_Adults","Adults observed","50769_Adults_2018",9
16295,27.929228,-82.725639,4,"FL",396,"Danaus","plexippus","monarch","Animalia",60947,333,"Caterpillars",2018,3,22,81,2458200,7,2018,3,29,88,2458207,14,"60947_Caterpillars","Young observed","60947_Caterpillars_2018",9
10145,42.602543,-83.250992,277,"MI",1238,"Apis","mellifera","honeybee","Animalia",69919,327,"Adults",2018,5,15,135,2458254,1,2018,5,16,136,2458255,1,"69919_Adults","Adults observed","69919_Adults_2018",11
16876,41.745537,-74.119392,72,"NY",396,"Danaus","plexippus","monarch","Animalia",72969,312,"Flower visitation",2018,7,7,188,2458307,11,2018,7,17,198,2458317,1,"72969_Flower visitation","Feeding","72969_Flower visitation_2018",12
16876,41.745537,-74.119392,72,"NY",396,"Danaus","plexippus","monarch","Animalia",72969,327,"Adults",2018,7,7,188,2458307,11,2018,8,20,232,2458351,4,"72969_Adults","Adults observed","72969_Adults_2018",12
17414,42.936153,-73.433449,147,"NY",396,"Danaus","plexippus","monarch","Animalia",86971,312,"Flower visitation",2018,6,11,162,2458281,2,2018,6,11,162,2458281,4,"86971_Flower visitation","Feeding","86971_Flower visitation_2018",11
17414,42.936153,-73.433449,147,"NY",396,"Danaus","plexippus","monarch","Animalia",86971,327,"Adults",2018,6,11,162,2458281,2,2018,6,11,162,2458281,4,"86971_Adults","Adults observed","86971_Adults_2018",11
20969,33.632149,-117.55545,440,"CA",1386,"Apodemia","virgulti","Behr's metalmark","Animalia",90201,327,"Adults",2018,9,1,244,2458363,13,2018,9,16,259,2458378,18,"90201_Adults","Adults observed","90201_Adults_2018",9
20969,33.632149,-117.55545,440,"CA",1383,"Adelpha","californica","California sister","Animalia",90203,327,"Adults",2018,3,19,78,2458197,1,2018,3,19,78,2458197,12,"90203_Adults","Adults observed","90203_Adults_2018",10
20969,33.632149,-117.55545,440,"CA",1135,"Junonia","coenia","common buckeye","Animalia",90204,327,"Adults",2018,1,11,11,2458130,5,2018,1,11,11,2458130,10,"90204_Adults","Adults observed","90204_Adults_2018",11
20969,33.632149,-117.55545,440,"CA",1388,"Coenonympha","tullia","common ringlet","Animalia",90205,327,"Adults",2018,4,9,99,2458218,4,2018,5,8,128,2458247,12,"90205_Adults","Adults observed","90205_Adults_2018",10
20969,33.632149,-117.55545,440,"CA",1384,"Anthocharis","sara","Pacific orangetip","Animalia",90206,327,"Adults",2018,2,13,44,2458163,2,2018,2,13,44,2458163,6,"90206_Adults","Adults observed","90206_Adults_2018",10
22613,32.33926,-110.981728,813,"AZ",1131,"Calephelis","nemesis","fatal metalmark","Animalia",100905,327,"Adults",2018,2,13,44,2458163,3,2018,2,13,44,2458163,4,"100905_Adults","Adults observed","100905_Adults_2018",10
22613,32.33926,-110.981728,813,"AZ",1403,"Papilio","cresphontes","giant swallowtail","Animalia",100906,327,"Adults",2018,2,10,41,2458160,4,2018,2,10,41,2458160,3,"100906_Adults","Adults observed","100906_Adults_2018",10
22613,32.33926,-110.981728,813,"AZ",1391,"Agraulis","vanillae","gulf fritillary","Animalia",100907,327,"Adults",2018,1,30,30,2458149,3,2018,2,17,48,2458167,3,"100907_Adults","Adults observed","100907_Adults_2018",10
22613,32.33926,-110.981728,813,"AZ",396,"Danaus","plexippus","monarch","Animalia",100909,327,"Adults",2018,1,16,16,2458135,3,2018,1,16,16,2458135,4,"100909_Adults","Adults observed","100909_Adults_2018",10
22613,32.33926,-110.981728,813,"AZ",1129,"Battus","philenor","pipevine swallowtail","Animalia",100912,327,"Adults",2018,1,13,13,2458132,4,2018,1,16,16,2458135,4,"100912_Adults","Adults observed","100912_Adults_2018",10
22613,32.33926,-110.981728,813,"AZ",1133,"Danaus","gilippus","queen","Animalia",100913,327,"Adults",2018,1,23,23,2458142,3,2018,2,17,48,2458167,3,"100913_Adults","Adults observed","100913_Adults_2018",10
22979,41.556442,-93.267807,267,"IA",396,"Danaus","plexippus","monarch","Animalia",104138,327,"Adults",2018,6,19,170,2458289,14,2018,7,3,184,2458303,8,"104138_Adults","Adults observed","104138_Adults_2018",9
22981,41.559528,-93.278351,265,"IA",396,"Danaus","plexippus","monarch","Animalia",104149,327,"Adults",2018,6,5,156,2458275,6,2018,8,17,229,2458348,5,"104149_Adults","Adults observed","104149_Adults_2018",9
22613,32.33926,-110.981728,813,"AZ",415,"Libellula","saturata","flame skimmer","Animalia",136804,327,"Adults",2018,3,27,86,2458205,7,2018,3,27,86,2458205,7,"136804_Adults","Adults observed","136804_Adults_2018",9
1419,42.011166,-88.503304,280,"IL",288,"Bombus","spp.","bumblebee","Animalia",10284,312,"Flower visitation",2019,6,2,153,2458637,1,2019,7,1,182,2458666,8,"10284_Flower visitation","Feeding","10284_Flower visitation_2019",12
1419,42.011166,-88.503304,280,"IL",288,"Bombus","spp.","bumblebee","Animalia",10284,327,"Adults",2019,6,2,153,2458637,1,2019,7,1,182,2458666,8,"10284_Adults","Adults observed","10284_Adults_2019",13
5674,44.910587,-70.266861,261,"ME",396,"Danaus","plexippus","monarch","Animalia",12711,312,"Flower visitation",2019,7,21,202,2458686,7,2019,7,28,209,2458693,7,"12711_Flower visitation","Feeding","12711_Flower visitation_2019",11
5674,44.910587,-70.266861,261,"ME",396,"Danaus","plexippus","monarch","Animalia",12711,327,"Adults",2019,7,21,202,2458686,7,2019,7,28,209,2458693,7,"12711_Adults","Adults observed","12711_Adults_2019",11
2803,39.971001,-105.397003,2329,"CO",288,"Bombus","spp.","bumblebee","Animalia",16049,312,"Flower visitation",2019,6,3,154,2458638,4,2019,6,17,168,2458652,5,"16049_Flower visitation","Feeding","16049_Flower visitation_2019",15
2803,39.971001,-105.397003,2329,"CO",288,"Bombus","spp.","bumblebee","Animalia",16049,327,"Adults",2019,5,27,147,2458631,7,2019,6,17,168,2458652,5,"16049_Adults","Adults observed","16049_Adults_2019",14
8736,44.903229,-93.217445,248,"MN",288,"Bombus","spp.","bumblebee","Animalia",28350,327,"Adults",2019,4,19,109,2458593,8,2019,9,28,271,2458755,6,"28350_Adults","Adults observed","28350_Adults_2019",10
8736,44.903229,-93.217445,248,"MN",391,"Pieris","rapae","cabbage white","Animalia",28351,327,"Adults",2019,7,24,205,2458689,1,2019,7,24,205,2458689,1,"28351_Adults","Adults observed","28351_Adults_2019",10
8736,44.903229,-93.217445,248,"MN",396,"Danaus","plexippus","monarch","Animalia",28352,312,"Flower visitation",2019,7,24,205,2458689,1,2019,9,3,246,2458730,1,"28352_Flower visitation","Feeding","28352_Flower visitation_2019",10
8736,44.903229,-93.217445,248,"MN",396,"Danaus","plexippus","monarch","Animalia",28352,327,"Adults",2019,7,21,202,2458686,1,2019,7,22,203,2458687,1,"28352_Adults","Adults observed","28352_Adults_2019",10
8736,44.903229,-93.217445,248,"MN",393,"Vanessa","atalanta","red admiral","Animalia",28355,327,"Adults",2019,7,19,200,2458684,2,2019,7,19,200,2458684,1,"28355_Adults","Adults observed","28355_Adults_2019",9
8418,32.363758,-94.873947,115,"TX",288,"Bombus","spp.","bumblebee","Animalia",30797,312,"Flower visitation",2019,4,3,93,2458577,3,2019,4,10,100,2458584,7,"30797_Flower visitation","Feeding","30797_Flower visitation_2019",11
8418,32.363758,-94.873947,115,"TX",288,"Bombus","spp.","bumblebee","Animalia",30797,327,"Adults",2019,3,17,76,2458560,7,2019,3,17,76,2458560,3,"30797_Adults","Adults observed","30797_Adults_2019",11
10145,42.602543,-83.250992,277,"MI",288,"Bombus","spp.","bumblebee","Animalia",38858,327,"Adults",2019,5,4,124,2458608,1,2019,5,4,124,2458608,1,"38858_Adults","Adults observed","38858_Adults_2019",13
10145,42.602543,-83.250992,277,"MI",391,"Pieris","rapae","cabbage white","Animalia",38859,327,"Adults",2019,5,1,121,2458605,1,2019,5,1,121,2458605,1,"38859_Adults","Adults observed","38859_Adults_2019",13
10145,42.602543,-83.250992,277,"MI",272,"Anax","junius","common green darner","Animalia",38869,327,"Adults",2019,6,25,176,2458660,2,2019,6,25,176,2458660,1,"38869_Adults","Adults observed","38869_Adults_2019",13
10145,42.602543,-83.250992,277,"MI",396,"Danaus","plexippus","monarch","Animalia",38919,327,"Adults",2019,5,28,148,2458632,1,2019,5,28,148,2458632,1,"38919_Adults","Adults observed","38919_Adults_2019",13
10145,42.602543,-83.250992,277,"MI",1137,"Nymphalis","antiopa","mourning cloak","Animalia",38921,327,"Adults",2019,4,17,107,2458591,1,2019,4,17,107,2458591,11,"38921_Adults","Adults observed","38921_Adults_2019",12
10145,42.602543,-83.250992,277,"MI",1132,"Colias","eurytheme","orange sulphur","Animalia",38930,327,"Adults",2019,7,19,200,2458684,1,2019,7,19,200,2458684,1,"38930_Adults","Adults observed","38930_Adults_2019",13
10145,42.602543,-83.250992,277,"MI",393,"Vanessa","atalanta","red admiral","Animalia",38941,327,"Adults",2019,5,10,130,2458614,1,2019,5,10,130,2458614,1,"38941_Adults","Adults observed","38941_Adults_2019",11
12064,32.248463,-110.909584,745,"AZ",396,"Danaus","plexippus","monarch","Animalia",50768,327,"Adults",2019,3,4,63,2458547,9,2019,3,20,79,2458563,8,"50768_Adults","Adults observed","50768_Adults_2019",9
12064,32.248463,-110.909584,745,"AZ",1133,"Danaus","gilippus","queen","Animalia",50769,312,"Flower visitation",2019,1,15,15,2458499,4,2019,1,15,15,2458499,30,"50769_Flower visitation","Feeding","50769_Flower visitation_2019",9
12064,32.248463,-110.909584,745,"AZ",1133,"Danaus","gilippus","queen","Animalia",50769,327,"Adults",2019,1,15,15,2458499,4,2019,1,15,15,2458499,9,"50769_Adults","Adults observed","50769_Adults_2019",9
16295,27.929228,-82.725639,4,"FL",396,"Danaus","plexippus","monarch","Animalia",60947,333,"Caterpillars",2019,2,23,54,2458538,7,2019,3,30,89,2458573,14,"60947_Caterpillars","Young observed","60947_Caterpillars_2019",9
10145,42.602543,-83.250992,277,"MI",1238,"Apis","mellifera","honeybee","Animalia",69919,327,"Adults",2019,7,25,206,2458690,1,2019,7,29,210,2458694,1,"69919_Adults","Adults observed","69919_Adults_2019",11
16876,41.745537,-74.119392,72,"NY",396,"Danaus","plexippus","monarch","Animalia",72969,312,"Flower visitation",2019,6,26,177,2458661,7,2019,6,26,177,2458661,6,"72969_Flower visitation","Feeding","72969_Flower visitation_2019",12
16876,41.745537,-74.119392,72,"NY",396,"Danaus","plexippus","monarch","Animalia",72969,327,"Adults",2019,6,19,170,2458654,7,2019,8,6,218,2458702,8,"72969_Adults","Adults observed","72969_Adults_2019",12
17414,42.936153,-73.433449,147,"NY",396,"Danaus","plexippus","monarch","Animalia",86971,312,"Flower visitation",2019,6,9,160,2458644,11,2019,6,9,160,2458644,3,"86971_Flower visitation","Feeding","86971_Flower visitation_2019",11
17414,42.936153,-73.433449,147,"NY",396,"Danaus","plexippus","monarch","Animalia",86971,327,"Adults",2019,6,9,160,2458644,11,2019,6,9,160,2458644,3,"86971_Adults","Adults observed","86971_Adults_2019",11
20969,33.632149,-117.55545,440,"CA",1386,"Apodemia","virgulti","Behr's metalmark","Animalia",90201,327,"Adults",2019,4,7,97,2458581,9,2019,4,7,97,2458581,2,"90201_Adults","Adults observed","90201_Adults_2019",9
20969,33.632149,-117.55545,440,"CA",1383,"Adelpha","californica","California sister","Animalia",90203,327,"Adults",2019,7,21,202,2458686,3,2019,7,21,202,2458686,11,"90203_Adults","Adults observed","90203_Adults_2019",10
20969,33.632149,-117.55545,440,"CA",1135,"Junonia","coenia","common buckeye","Animalia",90204,327,"Adults",2019,1,20,20,2458504,10,2019,1,20,20,2458504,23,"90204_Adults","Adults observed","90204_Adults_2019",11
20969,33.632149,-117.55545,440,"CA",1388,"Coenonympha","tullia","common ringlet","Animalia",90205,327,"Adults",2019,3,29,88,2458572,12,2019,4,9,99,2458583,23,"90205_Adults","Adults observed","90205_Adults_2019",10
20969,33.632149,-117.55545,440,"CA",1384,"Anthocharis","sara","Pacific orangetip","Animalia",90206,327,"Adults",2019,1,20,20,2458504,10,2019,2,12,43,2458527,6,"90206_Adults","Adults observed","90206_Adults_2019",10
22613,32.33926,-110.981728,813,"AZ",1131,"Calephelis","nemesis","fatal metalmark","Animalia",100905,327,"Adults",2019,4,11,101,2458585,7,2019,4,11,101,2458585,7,"100905_Adults","Adults observed","100905_Adults_2019",10
22613,32.33926,-110.981728,813,"AZ",1403,"Papilio","cresphontes","giant swallowtail","Animalia",100906,327,"Adults",2019,5,9,129,2458613,7,2019,5,9,129,2458613,7,"100906_Adults","Adults observed","100906_Adults_2019",10
22613,32.33926,-110.981728,813,"AZ",1391,"Agraulis","vanillae","gulf fritillary","Animalia",100907,327,"Adults",2019,1,29,29,2458513,7,2019,1,29,29,2458513,7,"100907_Adults","Adults observed","100907_Adults_2019",10
22613,32.33926,-110.981728,813,"AZ",396,"Danaus","plexippus","monarch","Animalia",100909,327,"Adults",2019,1,22,22,2458506,7,2019,1,29,29,2458513,7,"100909_Adults","Adults observed","100909_Adults_2019",10
22613,32.33926,-110.981728,813,"AZ",1129,"Battus","philenor","pipevine swallowtail","Animalia",100912,327,"Adults",2019,3,21,80,2458564,6,2019,3,21,80,2458564,5,"100912_Adults","Adults observed","100912_Adults_2019",10
22613,32.33926,-110.981728,813,"AZ",1133,"Danaus","gilippus","queen","Animalia",100913,327,"Adults",2019,1,29,29,2458513,7,2019,1,29,29,2458513,7,"100913_Adults","Adults observed","100913_Adults_2019",10
22979,41.556442,-93.267807,267,"IA",396,"Danaus","plexippus","monarch","Animalia",104138,327,"Adults",2019,5,16,136,2458620,8,2019,5,22,142,2458626,7,"104138_Adults","Adults observed","104138_Adults_2019",9
22981,41.559528,-93.278351,265,"IA",396,"Danaus","plexippus","monarch","Animalia",104149,327,"Adults",2019,6,11,162,2458646,6,2019,6,11,162,2458646,6,"104149_Adults","Adults observed","104149_Adults_2019",9
22613,32.33926,-110.981728,813,"AZ",415,"Libellula","saturata","flame skimmer","Animalia",136804,327,"Adults",2019,4,11,101,2458585,7,2019,4,11,101,2458585,7,"136804_Adults","Adults observed","136804_Adults_2019",9
1419,42.011166,-88.503304,280,"IL",288,"Bombus","spp.","bumblebee","Animalia",10284,312,"Flower visitation",2020,4,12,103,2458952,3,2020,4,12,103,2458952,12,"10284_Flower visitation","Feeding","10284_Flower visitation_2020",12
1419,42.011166,-88.503304,280,"IL",288,"Bombus","spp.","bumblebee","Animalia",10284,327,"Adults",2020,4,12,103,2458952,3,2020,5,25,146,2458995,4,"10284_Adults","Adults observed","10284_Adults_2020",13
5674,44.910587,-70.266861,261,"ME",396,"Danaus","plexippus","monarch","Animalia",12711,312,"Flower visitation",2020,7,12,194,2459043,7,2020,7,12,194,2459043,7,"12711_Flower visitation","Feeding","12711_Flower visitation_2020",11
5674,44.910587,-70.266861,261,"ME",396,"Danaus","plexippus","monarch","Animalia",12711,327,"Adults",2020,7,12,194,2459043,7,2020,7,12,194,2459043,7,"12711_Adults","Adults observed","12711_Adults_2020",11
2803,39.971001,-105.397003,2329,"CO",288,"Bombus","spp.","bumblebee","Animalia",16049,312,"Flower visitation",2020,5,2,123,2458972,2,2020,5,8,129,2458978,4,"16049_Flower visitation","Feeding","16049_Flower visitation_2020",15
2803,39.971001,-105.397003,2329,"CO",288,"Bombus","spp.","bumblebee","Animalia",16049,327,"Adults",2020,5,2,123,2458972,2,2020,5,8,129,2458978,4,"16049_Adults","Adults observed","16049_Adults_2020",14
8496,46.328629,-96.061256,393,"MN",396,"Danaus","plexippus","monarch","Animalia",25783,312,"Flower visitation",2020,7,3,185,2459034,7,2020,7,5,187,2459036,15,"25783_Flower visitation","Feeding","25783_Flower visitation_2020",10
8496,46.328629,-96.061256,393,"MN",396,"Danaus","plexippus","monarch","Animalia",25783,327,"Adults",2020,5,30,151,2459000,3,2020,6,6,158,2459007,9,"25783_Adults","Adults observed","25783_Adults_2020",11
8736,44.903229,-93.217445,248,"MN",288,"Bombus","spp.","bumblebee","Animalia",28350,312,"Flower visitation",2020,6,7,159,2459008,2,2020,9,11,255,2459104,39,"28350_Flower visitation","Feeding","28350_Flower visitation_2020",9
8736,44.903229,-93.217445,248,"MN",288,"Bombus","spp.","bumblebee","Animalia",28350,327,"Adults",2020,4,8,99,2458948,2,2020,4,8,99,2458948,5,"28350_Adults","Adults observed","28350_Adults_2020",10
8736,44.903229,-93.217445,248,"MN",391,"Pieris","rapae","cabbage white","Animalia",28351,327,"Adults",2020,5,3,124,2458973,5,2020,5,3,124,2458973,1,"28351_Adults","Adults observed","28351_Adults_2020",10
8736,44.903229,-93.217445,248,"MN",396,"Danaus","plexippus","monarch","Animalia",28352,312,"Flower visitation",2020,7,15,197,2459046,3,2020,8,24,237,2459086,6,"28352_Flower visitation","Feeding","28352_Flower visitation_2020",10
8736,44.903229,-93.217445,248,"MN",396,"Danaus","plexippus","monarch","Animalia",28352,327,"Adults",2020,6,5,157,2459006,1,2020,6,7,159,2459008,13,"28352_Adults","Adults observed","28352_Adults_2020",10
8736,44.903229,-93.217445,248,"MN",393,"Vanessa","atalanta","red admiral","Animalia",28355,327,"Adults",2020,6,25,177,2459026,2,2020,6,25,177,2459026,6,"28355_Adults","Adults observed","28355_Adults_2020",9
10145,42.602543,-83.250992,277,"MI",288,"Bombus","spp.","bumblebee","Animalia",38858,327,"Adults",2020,4,28,119,2458968,1,2020,4,28,119,2458968,1,"38858_Adults","Adults observed","38858_Adults_2020",13
10145,42.602543,-83.250992,277,"MI",391,"Pieris","rapae","cabbage white","Animalia",38859,327,"Adults",2020,4,8,99,2458948,1,2020,4,8,99,2458948,1,"38859_Adults","Adults observed","38859_Adults_2020",13
10145,42.602543,-83.250992,277,"MI",272,"Anax","junius","common green darner","Animalia",38869,327,"Adults",2020,5,1,122,2458971,1,2020,5,3,124,2458973,1,"38869_Adults","Adults observed","38869_Adults_2020",13
10145,42.602543,-83.250992,277,"MI",396,"Danaus","plexippus","monarch","Animalia",38919,327,"Adults",2020,6,5,157,2459006,1,2020,6,5,157,2459006,1,"38919_Adults","Adults observed","38919_Adults_2020",13
10145,42.602543,-83.250992,277,"MI",1137,"Nymphalis","antiopa","mourning cloak","Animalia",38921,327,"Adults",2020,4,11,102,2458951,1,2020,4,11,102,2458951,1,"38921_Adults","Adults observed","38921_Adults_2020",12
10145,42.602543,-83.250992,277,"MI",1132,"Colias","eurytheme","orange sulphur","Animalia",38930,327,"Adults",2020,6,14,166,2459015,1,2020,6,14,166,2459015,1,"38930_Adults","Adults observed","38930_Adults_2020",13
10145,42.602543,-83.250992,277,"MI",393,"Vanessa","atalanta","red admiral","Animalia",38941,327,"Adults",2020,5,21,142,2458991,1,2020,5,21,142,2458991,1,"38941_Adults","Adults observed","38941_Adults_2020",11
12064,32.248463,-110.909584,745,"AZ",396,"Danaus","plexippus","monarch","Animalia",50768,327,"Adults",2020,1,12,12,2458861,4,2020,1,25,25,2458874,10,"50768_Adults","Adults observed","50768_Adults_2020",9
12064,32.248463,-110.909584,745,"AZ",1133,"Danaus","gilippus","queen","Animalia",50769,312,"Flower visitation",2020,3,5,65,2458914,9,2020,3,5,65,2458914,9,"50769_Flower visitation","Feeding","50769_Flower visitation_2020",9
12064,32.248463,-110.909584,745,"AZ",1133,"Danaus","gilippus","queen","Animalia",50769,327,"Adults",2020,1,25,25,2458874,13,2020,1,25,25,2458874,10,"50769_Adults","Adults observed","50769_Adults_2020",9
16295,27.929228,-82.725639,4,"FL",396,"Danaus","plexippus","monarch","Animalia",60947,333,"Caterpillars",2020,4,18,109,2458958,7,2020,4,18,109,2458958,7,"60947_Caterpillars","Young observed","60947_Caterpillars_2020",9
10145,42.602543,-83.250992,277,"MI",1238,"Apis","mellifera","honeybee","Animalia",69919,327,"Adults",2020,4,28,119,2458968,1,2020,4,28,119,2458968,1,"69919_Adults","Adults observed","69919_Adults_2020",11
16876,41.745537,-74.119392,72,"NY",396,"Danaus","plexippus","monarch","Animalia",72969,312,"Flower visitation",2020,8,28,241,2459090,11,2020,8,28,241,2459090,3,"72969_Flower visitation","Feeding","72969_Flower visitation_2020",12
16876,41.745537,-74.119392,72,"NY",396,"Danaus","plexippus","monarch","Animalia",72969,327,"Adults",2020,6,26,178,2459027,10,2020,6,26,178,2459027,3,"72969_Adults","Adults observed","72969_Adults_2020",12
17414,42.936153,-73.433449,147,"NY",396,"Danaus","plexippus","monarch","Animalia",86971,312,"Flower visitation",2020,7,31,213,2459062,14,2020,8,6,219,2459068,3,"86971_Flower visitation","Feeding","86971_Flower visitation_2020",11
17414,42.936153,-73.433449,147,"NY",396,"Danaus","plexippus","monarch","Animalia",86971,327,"Adults",2020,6,14,166,2459015,4,2020,6,14,166,2459015,1,"86971_Adults","Adults observed","86971_Adults_2020",11
20969,33.632149,-117.55545,440,"CA",1135,"Junonia","coenia","common buckeye","Animalia",90204,327,"Adults",2020,1,10,10,2458859,6,2020,1,10,10,2458859,4,"90204_Adults","Adults observed","90204_Adults_2020",11
20969,33.632149,-117.55545,440,"CA",1388,"Coenonympha","tullia","common ringlet","Animalia",90205,327,"Adults",2020,2,1,32,2458881,13,2020,2,1,32,2458881,5,"90205_Adults","Adults observed","90205_Adults_2020",10
20969,33.632149,-117.55545,440,"CA",1384,"Anthocharis","sara","Pacific orangetip","Animalia",90206,327,"Adults",2020,1,19,19,2458868,5,2020,2,6,37,2458886,4,"90206_Adults","Adults observed","90206_Adults_2020",10
22613,32.33926,-110.981728,813,"AZ",1131,"Calephelis","nemesis","fatal metalmark","Animalia",100905,327,"Adults",2020,6,16,168,2459017,7,2020,6,16,168,2459017,7,"100905_Adults","Adults observed","100905_Adults_2020",10
22613,32.33926,-110.981728,813,"AZ",1403,"Papilio","cresphontes","giant swallowtail","Animalia",100906,327,"Adults",2020,5,19,140,2458989,7,2020,6,2,154,2459003,7,"100906_Adults","Adults observed","100906_Adults_2020",10
22613,32.33926,-110.981728,813,"AZ",1391,"Agraulis","vanillae","gulf fritillary","Animalia",100907,327,"Adults",2020,7,7,189,2459038,7,2020,7,14,196,2459045,7,"100907_Adults","Adults observed","100907_Adults_2020",10
22613,32.33926,-110.981728,813,"AZ",396,"Danaus","plexippus","monarch","Animalia",100909,327,"Adults",2020,5,19,140,2458989,7,2020,6,9,161,2459010,7,"100909_Adults","Adults observed","100909_Adults_2020",10
22613,32.33926,-110.981728,813,"AZ",1129,"Battus","philenor","pipevine swallowtail","Animalia",100912,327,"Adults",2020,11,3,308,2459157,7,2020,11,3,308,2459157,7,"100912_Adults","Adults observed","100912_Adults_2020",10
22613,32.33926,-110.981728,813,"AZ",1133,"Danaus","gilippus","queen","Animalia",100913,327,"Adults",2020,9,15,259,2459108,7,2020,10,13,287,2459136,14,"100913_Adults","Adults observed","100913_Adults_2020",10
22979,41.556442,-93.267807,267,"IA",396,"Danaus","plexippus","monarch","Animalia",104138,327,"Adults",2020,7,7,189,2459038,12,2020,7,30,212,2459061,7,"104138_Adults","Adults observed","104138_Adults_2020",9
22981,41.559528,-93.278351,265,"IA",396,"Danaus","plexippus","monarch","Animalia",104149,327,"Adults",2020,6,11,163,2459012,10,2020,8,6,219,2459068,8,"104149_Adults","Adults observed","104149_Adults_2020",9
22613,32.33926,-110.981728,813,"AZ",415,"Libellula","saturata","flame skimmer","Animalia",136804,327,"Adults",2020,6,9,161,2459010,7,2020,9,1,245,2459094,7,"136804_Adults","Adults observed","136804_Adults_2020",9
5674,44.910587,-70.266861,261,"ME",396,"Danaus","plexippus","monarch","Animalia",12711,312,"Flower visitation",2021,7,4,185,2459400,7,2021,7,25,206,2459421,7,"12711_Flower visitation","Feeding","12711_Flower visitation_2021",11
5674,44.910587,-70.266861,261,"ME",396,"Danaus","plexippus","monarch","Animalia",12711,327,"Adults",2021,7,4,185,2459400,7,2021,7,25,206,2459421,7,"12711_Adults","Adults observed","12711_Adults_2021",11
2803,39.971001,-105.397003,2329,"CO",288,"Bombus","spp.","bumblebee","Animalia",16049,312,"Flower visitation",2021,5,26,146,2459361,2,2021,10,8,281,2459496,3,"16049_Flower visitation","Feeding","16049_Flower visitation_2021",15
2803,39.971001,-105.397003,2329,"CO",288,"Bombus","spp.","bumblebee","Animalia",16049,327,"Adults",2021,5,26,146,2459361,2,2021,10,8,281,2459496,3,"16049_Adults","Adults observed","16049_Adults_2021",14
8496,46.328629,-96.061256,393,"MN",396,"Danaus","plexippus","monarch","Animalia",25783,312,"Flower visitation",2021,6,4,155,2459370,13,2021,6,4,155,2459370,14,"25783_Flower visitation","Feeding","25783_Flower visitation_2021",10
8496,46.328629,-96.061256,393,"MN",396,"Danaus","plexippus","monarch","Animalia",25783,327,"Adults",2021,6,4,155,2459370,13,2021,6,18,169,2459384,8,"25783_Adults","Adults observed","25783_Adults_2021",11
8736,44.903229,-93.217445,248,"MN",288,"Bombus","spp.","bumblebee","Animalia",28350,312,"Flower visitation",2021,5,25,145,2459360,8,2021,5,25,145,2459360,4,"28350_Flower visitation","Feeding","28350_Flower visitation_2021",9
8736,44.903229,-93.217445,248,"MN",288,"Bombus","spp.","bumblebee","Animalia",28350,327,"Adults",2021,5,25,145,2459360,8,2021,9,6,249,2459464,4,"28350_Adults","Adults observed","28350_Adults_2021",10
8736,44.903229,-93.217445,248,"MN",391,"Pieris","rapae","cabbage white","Animalia",28351,327,"Adults",2021,6,10,161,2459376,1,2021,6,10,161,2459376,4,"28351_Adults","Adults observed","28351_Adults_2021",10
8736,44.903229,-93.217445,248,"MN",396,"Danaus","plexippus","monarch","Animalia",28352,312,"Flower visitation",2021,7,2,183,2459398,1,2021,7,3,184,2459399,1,"28352_Flower visitation","Feeding","28352_Flower visitation_2021",10
8736,44.903229,-93.217445,248,"MN",396,"Danaus","plexippus","monarch","Animalia",28352,327,"Adults",2021,6,27,178,2459393,6,2021,8,4,216,2459431,1,"28352_Adults","Adults observed","28352_Adults_2021",10
10145,42.602543,-83.250992,277,"MI",288,"Bombus","spp.","bumblebee","Animalia",38858,327,"Adults",2021,4,13,103,2459318,1,2021,4,13,103,2459318,1,"38858_Adults","Adults observed","38858_Adults_2021",13
10145,42.602543,-83.250992,277,"MI",391,"Pieris","rapae","cabbage white","Animalia",38859,327,"Adults",2021,4,13,103,2459318,1,2021,4,13,103,2459318,1,"38859_Adults","Adults observed","38859_Adults_2021",13
10145,42.602543,-83.250992,277,"MI",272,"Anax","junius","common green darner","Animalia",38869,327,"Adults",2021,4,28,118,2459333,1,2021,4,28,118,2459333,1,"38869_Adults","Adults observed","38869_Adults_2021",13
10145,42.602543,-83.250992,277,"MI",396,"Danaus","plexippus","monarch","Animalia",38919,327,"Adults",2021,6,3,154,2459369,1,2021,6,3,154,2459369,1,"38919_Adults","Adults observed","38919_Adults_2021",13
10145,42.602543,-83.250992,277,"MI",1137,"Nymphalis","antiopa","mourning cloak","Animalia",38921,327,"Adults",2021,4,6,96,2459311,1,2021,4,6,96,2459311,1,"38921_Adults","Adults observed","38921_Adults_2021",12
10145,42.602543,-83.250992,277,"MI",1132,"Colias","eurytheme","orange sulphur","Animalia",38930,327,"Adults",2021,5,2,122,2459337,2,2021,5,2,122,2459337,1,"38930_Adults","Adults observed","38930_Adults_2021",13
10145,42.602543,-83.250992,277,"MI",393,"Vanessa","atalanta","red admiral","Animalia",38941,327,"Adults",2021,5,21,141,2459356,1,2021,5,21,141,2459356,1,"38941_Adults","Adults observed","38941_Adults_2021",11
12064,32.248463,-110.909584,745,"AZ",396,"Danaus","plexippus","monarch","Animalia",50768,327,"Adults",2021,6,13,164,2459379,5,2021,6,13,164,2459379,18,"50768_Adults","Adults observed","50768_Adults_2021",9
12064,32.248463,-110.909584,745,"AZ",1133,"Danaus","gilippus","queen","Animalia",50769,312,"Flower visitation",2021,4,1,91,2459306,5,2021,7,1,182,2459397,10,"50769_Flower visitation","Feeding","50769_Flower visitation_2021",9
12064,32.248463,-110.909584,745,"AZ",1133,"Danaus","gilippus","queen","Animalia",50769,327,"Adults",2021,4,1,91,2459306,5,2021,7,1,182,2459397,10,"50769_Adults","Adults observed","50769_Adults_2021",9
16295,27.929228,-82.725639,4,"FL",396,"Danaus","plexippus","monarch","Animalia",60947,333,"Caterpillars",2021,3,20,79,2459294,7,2021,4,3,93,2459308,14,"60947_Caterpillars","Young observed","60947_Caterpillars_2021",9
10145,42.602543,-83.250992,277,"MI",1238,"Apis","mellifera","honeybee","Animalia",69919,327,"Adults",2021,7,15,196,2459411,1,2021,7,16,197,2459412,1,"69919_Adults","Adults observed","69919_Adults_2021",11
16876,41.745537,-74.119392,72,"NY",396,"Danaus","plexippus","monarch","Animalia",72969,312,"Flower visitation",2021,6,11,162,2459377,11,2021,6,11,162,2459377,3,"72969_Flower visitation","Feeding","72969_Flower visitation_2021",12
16876,41.745537,-74.119392,72,"NY",396,"Danaus","plexippus","monarch","Animalia",72969,327,"Adults",2021,6,10,161,2459376,10,2021,6,11,162,2459377,3,"72969_Adults","Adults observed","72969_Adults_2021",12
17414,42.936153,-73.433449,147,"NY",396,"Danaus","plexippus","monarch","Animalia",86971,312,"Flower visitation",2021,7,26,207,2459422,3,2021,8,1,213,2459428,7,"86971_Flower visitation","Feeding","86971_Flower visitation_2021",11
17414,42.936153,-73.433449,147,"NY",396,"Danaus","plexippus","monarch","Animalia",86971,327,"Adults",2021,6,5,156,2459371,4,2021,6,5,156,2459371,1,"86971_Adults","Adults observed","86971_Adults_2021",11
22613,32.33926,-110.981728,813,"AZ",1131,"Calephelis","nemesis","fatal metalmark","Animalia",100905,327,"Adults",2021,7,20,201,2459416,5,2021,7,20,201,2459416,8,"100905_Adults","Adults observed","100905_Adults_2021",10
22613,32.33926,-110.981728,813,"AZ",1403,"Papilio","cresphontes","giant swallowtail","Animalia",100906,327,"Adults",2021,6,1,152,2459367,7,2021,6,1,152,2459367,8,"100906_Adults","Adults observed","100906_Adults_2021",10
22613,32.33926,-110.981728,813,"AZ",1391,"Agraulis","vanillae","gulf fritillary","Animalia",100907,327,"Adults",2021,2,9,40,2459255,7,2021,2,9,40,2459255,7,"100907_Adults","Adults observed","100907_Adults_2021",10
22613,32.33926,-110.981728,813,"AZ",396,"Danaus","plexippus","monarch","Animalia",100909,327,"Adults",2021,2,2,33,2459248,5,2021,2,2,33,2459248,7,"100909_Adults","Adults observed","100909_Adults_2021",10
22613,32.33926,-110.981728,813,"AZ",1129,"Battus","philenor","pipevine swallowtail","Animalia",100912,327,"Adults",2021,2,9,40,2459255,7,2021,2,9,40,2459255,7,"100912_Adults","Adults observed","100912_Adults_2021",10
22613,32.33926,-110.981728,813,"AZ",1133,"Danaus","gilippus","queen","Animalia",100913,327,"Adults",2021,1,28,28,2459243,9,2021,2,9,40,2459255,7,"100913_Adults","Adults observed","100913_Adults_2021",10
22979,41.556442,-93.267807,267,"IA",396,"Danaus","plexippus","monarch","Animalia",104138,327,"Adults",2021,5,19,139,2459354,7,2021,5,26,146,2459361,8,"104138_Adults","Adults observed","104138_Adults_2021",9
22981,41.559528,-93.278351,265,"IA",396,"Danaus","plexippus","monarch","Animalia",104149,327,"Adults",2021,5,26,146,2459361,7,2021,6,10,161,2459376,7,"104149_Adults","Adults observed","104149_Adults_2021",9
22613,32.33926,-110.981728,813,"AZ",415,"Libellula","saturata","flame skimmer","Animalia",136804,327,"Adults",2021,3,9,68,2459283,7,2021,3,9,68,2459283,8,"136804_Adults","Adults observed","136804_Adults_2021",9
1419,42.011166,-88.503304,280,"IL",288,"Bombus","spp.","bumblebee","Animalia",10284,312,"Flower visitation",2022,6,19,170,2459750,7,2022,6,19,170,2459750,41,"10284_Flower visitation","Feeding","10284_Flower visitation_2022",12
1419,42.011166,-88.503304,280,"IL",288,"Bombus","spp.","bumblebee","Animalia",10284,327,"Adults",2022,6,19,170,2459750,7,2022,6,19,170,2459750,41,"10284_Adults","Adults observed","10284_Adults_2022",13
5674,44.910587,-70.266861,261,"ME",396,"Danaus","plexippus","monarch","Animalia",12711,312,"Flower visitation",2022,6,26,177,2459757,7,2022,7,3,184,2459764,7,"12711_Flower visitation","Feeding","12711_Flower visitation_2022",11
5674,44.910587,-70.266861,261,"ME",396,"Danaus","plexippus","monarch","Animalia",12711,327,"Adults",2022,6,19,170,2459750,7,2022,7,3,184,2459764,7,"12711_Adults","Adults observed","12711_Adults_2022",11
2803,39.971001,-105.397003,2329,"CO",288,"Bombus","spp.","bumblebee","Animalia",16049,312,"Flower visitation",2022,5,16,136,2459716,4,2022,5,16,136,2459716,8,"16049_Flower visitation","Feeding","16049_Flower visitation_2022",15
8496,46.328629,-96.061256,393,"MN",396,"Danaus","plexippus","monarch","Animalia",25783,312,"Flower visitation",2022,5,28,148,2459728,3,2022,5,28,148,2459728,5,"25783_Flower visitation","Feeding","25783_Flower visitation_2022",10
8496,46.328629,-96.061256,393,"MN",396,"Danaus","plexippus","monarch","Animalia",25783,327,"Adults",2022,5,28,148,2459728,3,2022,6,12,163,2459743,NA,"25783_Adults","Adults observed","25783_Adults_2022",11
10145,42.602543,-83.250992,277,"MI",288,"Bombus","spp.","bumblebee","Animalia",38858,327,"Adults",2022,5,9,129,2459709,1,2022,5,11,131,2459711,1,"38858_Adults","Adults observed","38858_Adults_2022",13
10145,42.602543,-83.250992,277,"MI",391,"Pieris","rapae","cabbage white","Animalia",38859,327,"Adults",2022,5,1,121,2459701,1,2022,5,1,121,2459701,1,"38859_Adults","Adults observed","38859_Adults_2022",13
10145,42.602543,-83.250992,277,"MI",272,"Anax","junius","common green darner","Animalia",38869,327,"Adults",2022,4,29,119,2459699,1,2022,4,29,119,2459699,1,"38869_Adults","Adults observed","38869_Adults_2022",13
10145,42.602543,-83.250992,277,"MI",396,"Danaus","plexippus","monarch","Animalia",38919,327,"Adults",2022,6,1,152,2459732,1,2022,6,1,152,2459732,1,"38919_Adults","Adults observed","38919_Adults_2022",13
10145,42.602543,-83.250992,277,"MI",1137,"Nymphalis","antiopa","mourning cloak","Animalia",38921,327,"Adults",2022,4,24,114,2459694,1,2022,4,24,114,2459694,1,"38921_Adults","Adults observed","38921_Adults_2022",12
10145,42.602543,-83.250992,277,"MI",1132,"Colias","eurytheme","orange sulphur","Animalia",38930,327,"Adults",2022,5,22,142,2459722,1,2022,5,22,142,2459722,1,"38930_Adults","Adults observed","38930_Adults_2022",13
12064,32.248463,-110.909584,745,"AZ",396,"Danaus","plexippus","monarch","Animalia",50768,327,"Adults",2022,4,12,102,2459682,5,2022,4,12,102,2459682,12,"50768_Adults","Adults observed","50768_Adults_2022",9
12064,32.248463,-110.909584,745,"AZ",1133,"Danaus","gilippus","queen","Animalia",50769,312,"Flower visitation",2022,5,5,125,2459705,11,2022,5,5,125,2459705,28,"50769_Flower visitation","Feeding","50769_Flower visitation_2022",9
12064,32.248463,-110.909584,745,"AZ",1133,"Danaus","gilippus","queen","Animalia",50769,327,"Adults",2022,5,5,125,2459705,11,2022,5,5,125,2459705,28,"50769_Adults","Adults observed","50769_Adults_2022",9
16295,27.929228,-82.725639,4,"FL",396,"Danaus","plexippus","monarch","Animalia",60947,333,"Caterpillars",2022,1,29,29,2459609,14,2022,2,12,43,2459623,14,"60947_Caterpillars","Young observed","60947_Caterpillars_2022",9
10145,42.602543,-83.250992,277,"MI",1238,"Apis","mellifera","honeybee","Animalia",69919,327,"Adults",2022,7,13,194,2459774,1,2022,7,13,194,2459774,1,"69919_Adults","Adults observed","69919_Adults_2022",11
16876,41.745537,-74.119392,72,"NY",396,"Danaus","plexippus","monarch","Animalia",72969,312,"Flower visitation",2022,6,19,170,2459750,13,2022,6,19,170,2459750,1,"72969_Flower visitation","Feeding","72969_Flower visitation_2022",12
16876,41.745537,-74.119392,72,"NY",396,"Danaus","plexippus","monarch","Animalia",72969,327,"Adults",2022,6,20,171,2459751,1,2022,6,20,171,2459751,1,"72969_Adults","Adults observed","72969_Adults_2022",12
17414,42.936153,-73.433449,147,"NY",396,"Danaus","plexippus","monarch","Animalia",86971,312,"Flower visitation",2022,6,24,175,2459755,5,2022,7,14,195,2459775,5,"86971_Flower visitation","Feeding","86971_Flower visitation_2022",11
17414,42.936153,-73.433449,147,"NY",396,"Danaus","plexippus","monarch","Animalia",86971,327,"Adults",2022,5,23,143,2459723,3,2022,5,27,147,2459727,5,"86971_Adults","Adults observed","86971_Adults_2022",11
20969,33.632149,-117.55545,440,"CA",1383,"Adelpha","californica","California sister","Animalia",90203,327,"Adults",2022,5,15,135,2459715,4,2022,5,15,135,2459715,20,"90203_Adults","Adults observed","90203_Adults_2022",10
20969,33.632149,-117.55545,440,"CA",1135,"Junonia","coenia","common buckeye","Animalia",90204,327,"Adults",2022,4,10,100,2459680,8,2022,4,10,100,2459680,1,"90204_Adults","Adults observed","90204_Adults_2022",11
20969,33.632149,-117.55545,440,"CA",1384,"Anthocharis","sara","Pacific orangetip","Animalia",90206,327,"Adults",2022,4,10,100,2459680,8,2022,4,10,100,2459680,1,"90206_Adults","Adults observed","90206_Adults_2022",10
22613,32.33926,-110.981728,813,"AZ",1131,"Calephelis","nemesis","fatal metalmark","Animalia",100905,327,"Adults",2022,7,5,186,2459766,6,2022,7,19,200,2459780,7,"100905_Adults","Adults observed","100905_Adults_2022",10
22613,32.33926,-110.981728,813,"AZ",1403,"Papilio","cresphontes","giant swallowtail","Animalia",100906,327,"Adults",2022,3,30,89,2459669,8,2022,4,5,95,2459675,7,"100906_Adults","Adults observed","100906_Adults_2022",10
22613,32.33926,-110.981728,813,"AZ",1391,"Agraulis","vanillae","gulf fritillary","Animalia",100907,327,"Adults",2022,1,25,25,2459605,7,2022,1,25,25,2459605,8,"100907_Adults","Adults observed","100907_Adults_2022",10
22613,32.33926,-110.981728,813,"AZ",396,"Danaus","plexippus","monarch","Animalia",100909,327,"Adults",2022,2,8,39,2459619,6,2022,2,8,39,2459619,7,"100909_Adults","Adults observed","100909_Adults_2022",10
22613,32.33926,-110.981728,813,"AZ",1129,"Battus","philenor","pipevine swallowtail","Animalia",100912,327,"Adults",2022,10,5,278,2459858,11,2022,12,27,361,2459941,NA,"100912_Adults","Adults observed","100912_Adults_2022",10
22613,32.33926,-110.981728,813,"AZ",1133,"Danaus","gilippus","queen","Animalia",100913,327,"Adults",2022,2,22,53,2459633,7,2022,4,5,95,2459675,7,"100913_Adults","Adults observed","100913_Adults_2022",10
22979,41.556442,-93.267807,267,"IA",396,"Danaus","plexippus","monarch","Animalia",104138,327,"Adults",2022,5,16,136,2459716,5,2022,5,16,136,2459716,21,"104138_Adults","Adults observed","104138_Adults_2022",9
22981,41.559528,-93.278351,265,"IA",396,"Danaus","plexippus","monarch","Animalia",104149,327,"Adults",2022,7,14,195,2459775,14,2022,7,14,195,2459775,5,"104149_Adults","Adults observed","104149_Adults_2022",9
22613,32.33926,-110.981728,813,"AZ",415,"Libellula","saturata","flame skimmer","Animalia",136804,327,"Adults",2022,3,15,74,2459654,7,2022,3,15,74,2459654,7,"136804_Adults","Adults observed","136804_Adults_2022",9
1419,42.011166,-88.503304,280,"IL",288,"Bombus","spp.","bumblebee","Animalia",10284,327,"Adults",2023,5,15,135,2460080,10,2023,6,5,156,2460101,36,"10284_Adults","Adults observed","10284_Adults_2023",13
5674,44.910587,-70.266861,261,"ME",396,"Danaus","plexippus","monarch","Animalia",12711,312,"Flower visitation",2023,7,2,183,2460128,7,2023,7,9,190,2460135,7,"12711_Flower visitation","Feeding","12711_Flower visitation_2023",11
5674,44.910587,-70.266861,261,"ME",396,"Danaus","plexippus","monarch","Animalia",12711,327,"Adults",2023,7,2,183,2460128,7,2023,7,9,190,2460135,7,"12711_Adults","Adults observed","12711_Adults_2023",11
2803,39.971001,-105.397003,2329,"CO",288,"Bombus","spp.","bumblebee","Animalia",16049,312,"Flower visitation",2023,5,26,146,2460091,7,2023,9,7,250,2460195,7,"16049_Flower visitation","Feeding","16049_Flower visitation_2023",15
2803,39.971001,-105.397003,2329,"CO",288,"Bombus","spp.","bumblebee","Animalia",16049,327,"Adults",2023,5,26,146,2460091,7,2023,9,7,250,2460195,7,"16049_Adults","Adults observed","16049_Adults_2023",14
8496,46.328629,-96.061256,393,"MN",396,"Danaus","plexippus","monarch","Animalia",25783,327,"Adults",2023,5,29,149,2460094,6,2023,7,24,205,2460150,NA,"25783_Adults","Adults observed","25783_Adults_2023",11
8418,32.363758,-94.873947,115,"TX",288,"Bombus","spp.","bumblebee","Animalia",30797,312,"Flower visitation",2023,3,9,68,2460013,3,2023,3,9,68,2460013,3,"30797_Flower visitation","Feeding","30797_Flower visitation_2023",11
8418,32.363758,-94.873947,115,"TX",288,"Bombus","spp.","bumblebee","Animalia",30797,327,"Adults",2023,3,9,68,2460013,3,2023,3,9,68,2460013,3,"30797_Adults","Adults observed","30797_Adults_2023",11
10145,42.602543,-83.250992,277,"MI",288,"Bombus","spp.","bumblebee","Animalia",38858,327,"Adults",2023,4,15,105,2460050,4,2023,4,15,105,2460050,1,"38858_Adults","Adults observed","38858_Adults_2023",13
10145,42.602543,-83.250992,277,"MI",391,"Pieris","rapae","cabbage white","Animalia",38859,327,"Adults",2023,4,15,105,2460050,4,2023,4,16,106,2460051,1,"38859_Adults","Adults observed","38859_Adults_2023",13
10145,42.602543,-83.250992,277,"MI",272,"Anax","junius","common green darner","Animalia",38869,327,"Adults",2023,6,25,176,2460121,1,2023,6,25,176,2460121,1,"38869_Adults","Adults observed","38869_Adults_2023",13
10145,42.602543,-83.250992,277,"MI",396,"Danaus","plexippus","monarch","Animalia",38919,327,"Adults",2023,6,30,181,2460126,1,2023,6,30,181,2460126,1,"38919_Adults","Adults observed","38919_Adults_2023",13
10145,42.602543,-83.250992,277,"MI",1137,"Nymphalis","antiopa","mourning cloak","Animalia",38921,327,"Adults",2023,9,13,256,2460201,2,2023,9,13,256,2460201,1,"38921_Adults","Adults observed","38921_Adults_2023",12
10145,42.602543,-83.250992,277,"MI",1132,"Colias","eurytheme","orange sulphur","Animalia",38930,327,"Adults",2023,5,12,132,2460077,1,2023,5,12,132,2460077,1,"38930_Adults","Adults observed","38930_Adults_2023",13
10145,42.602543,-83.250992,277,"MI",393,"Vanessa","atalanta","red admiral","Animalia",38941,327,"Adults",2023,4,10,100,2460045,1,2023,4,10,100,2460045,1,"38941_Adults","Adults observed","38941_Adults_2023",11
12064,32.248463,-110.909584,745,"AZ",396,"Danaus","plexippus","monarch","Animalia",50768,327,"Adults",2023,1,12,12,2459957,7,2023,1,19,19,2459964,12,"50768_Adults","Adults observed","50768_Adults_2023",9
12064,32.248463,-110.909584,745,"AZ",1133,"Danaus","gilippus","queen","Animalia",50769,312,"Flower visitation",2023,1,19,19,2459964,7,2023,1,19,19,2459964,12,"50769_Flower visitation","Feeding","50769_Flower visitation_2023",9
12064,32.248463,-110.909584,745,"AZ",1133,"Danaus","gilippus","queen","Animalia",50769,327,"Adults",2023,1,19,19,2459964,7,2023,1,19,19,2459964,12,"50769_Adults","Adults observed","50769_Adults_2023",9
10145,42.602543,-83.250992,277,"MI",1238,"Apis","mellifera","honeybee","Animalia",69919,327,"Adults",2023,4,20,110,2460055,1,2023,4,20,110,2460055,1,"69919_Adults","Adults observed","69919_Adults_2023",11
16876,41.745537,-74.119392,72,"NY",396,"Danaus","plexippus","monarch","Animalia",72969,312,"Flower visitation",2023,8,22,234,2460179,5,2023,8,22,234,2460179,9,"72969_Flower visitation","Feeding","72969_Flower visitation_2023",12
16876,41.745537,-74.119392,72,"NY",396,"Danaus","plexippus","monarch","Animalia",72969,327,"Adults",2023,6,29,180,2460125,14,2023,7,20,201,2460146,7,"72969_Adults","Adults observed","72969_Adults_2023",12
17414,42.936153,-73.433449,147,"NY",396,"Danaus","plexippus","monarch","Animalia",86971,312,"Flower visitation",2023,7,7,188,2460133,2,2023,7,7,188,2460133,6,"86971_Flower visitation","Feeding","86971_Flower visitation_2023",11
17414,42.936153,-73.433449,147,"NY",396,"Danaus","plexippus","monarch","Animalia",86971,327,"Adults",2023,5,30,150,2460095,7,2023,5,30,150,2460095,5,"86971_Adults","Adults observed","86971_Adults_2023",11
20969,33.632149,-117.55545,440,"CA",1386,"Apodemia","virgulti","Behr's metalmark","Animalia",90201,327,"Adults",2023,6,17,168,2460113,3,2023,6,17,168,2460113,1,"90201_Adults","Adults observed","90201_Adults_2023",9
20969,33.632149,-117.55545,440,"CA",1383,"Adelpha","californica","California sister","Animalia",90203,327,"Adults",2023,4,20,110,2460055,4,2023,4,20,110,2460055,18,"90203_Adults","Adults observed","90203_Adults_2023",10
20969,33.632149,-117.55545,440,"CA",1135,"Junonia","coenia","common buckeye","Animalia",90204,327,"Adults",2023,2,19,50,2459995,5,2023,2,19,50,2459995,11,"90204_Adults","Adults observed","90204_Adults_2023",11
20969,33.632149,-117.55545,440,"CA",1388,"Coenonympha","tullia","common ringlet","Animalia",90205,327,"Adults",2023,4,1,91,2460036,13,2023,4,1,91,2460036,12,"90205_Adults","Adults observed","90205_Adults_2023",10
20969,33.632149,-117.55545,440,"CA",1384,"Anthocharis","sara","Pacific orangetip","Animalia",90206,327,"Adults",2023,2,19,50,2459995,5,2023,3,2,61,2460006,2,"90206_Adults","Adults observed","90206_Adults_2023",10
22613,32.33926,-110.981728,813,"AZ",1131,"Calephelis","nemesis","fatal metalmark","Animalia",100905,327,"Adults",2023,8,9,221,2460166,8,2023,8,15,227,2460172,1,"100905_Adults","Adults observed","100905_Adults_2023",10
22613,32.33926,-110.981728,813,"AZ",1403,"Papilio","cresphontes","giant swallowtail","Animalia",100906,327,"Adults",2023,4,26,116,2460061,8,2023,4,26,116,2460061,6,"100906_Adults","Adults observed","100906_Adults_2023",10
22613,32.33926,-110.981728,813,"AZ",1391,"Agraulis","vanillae","gulf fritillary","Animalia",100907,327,"Adults",2023,4,4,94,2460039,7,2023,4,11,101,2460046,7,"100907_Adults","Adults observed","100907_Adults_2023",10
22613,32.33926,-110.981728,813,"AZ",396,"Danaus","plexippus","monarch","Animalia",100909,327,"Adults",2023,2,8,39,2459984,4,2023,2,8,39,2459984,6,"100909_Adults","Adults observed","100909_Adults_2023",10
22613,32.33926,-110.981728,813,"AZ",1129,"Battus","philenor","pipevine swallowtail","Animalia",100912,327,"Adults",2023,2,28,59,2460004,5,2023,5,9,129,2460074,7,"100912_Adults","Adults observed","100912_Adults_2023",10
22613,32.33926,-110.981728,813,"AZ",1133,"Danaus","gilippus","queen","Animalia",100913,327,"Adults",2023,2,1,32,2459977,7,2023,2,1,32,2459977,3,"100913_Adults","Adults observed","100913_Adults_2023",10
22979,41.556442,-93.267807,267,"IA",396,"Danaus","plexippus","monarch","Animalia",104138,327,"Adults",2023,5,24,144,2460089,7,2023,5,24,144,2460089,7,"104138_Adults","Adults observed","104138_Adults_2023",9
22981,41.559528,-93.278351,265,"IA",396,"Danaus","plexippus","monarch","Animalia",104149,327,"Adults",2023,6,14,165,2460110,14,2023,6,23,174,2460119,6,"104149_Adults","Adults observed","104149_Adults_2023",9
22613,32.33926,-110.981728,813,"AZ",415,"Libellula","saturata","flame skimmer","Animalia",136804,327,"Adults",2023,5,16,136,2460081,7,2023,5,30,150,2460095,9,"136804_Adults","Adults observed","136804_Adults_2023",9
1419,42.011166,-88.503304,280,"IL",288,"Bombus","spp.","bumblebee","Animalia",10284,312,"Flower visitation",2024,8,13,226,2460536,1,2024,8,13,226,2460536,2,"10284_Flower visitation","Feeding","10284_Flower visitation_2024",12
1419,42.011166,-88.503304,280,"IL",288,"Bombus","spp.","bumblebee","Animalia",10284,327,"Adults",2024,5,5,126,2460436,6,2024,5,15,136,2460446,47,"10284_Adults","Adults observed","10284_Adults_2024",13
5674,44.910587,-70.266861,261,"ME",396,"Danaus","plexippus","monarch","Animalia",12711,312,"Flower visitation",2024,7,28,210,2460520,7,2024,8,4,217,2460527,7,"12711_Flower visitation","Feeding","12711_Flower visitation_2024",11
5674,44.910587,-70.266861,261,"ME",396,"Danaus","plexippus","monarch","Animalia",12711,327,"Adults",2024,7,28,210,2460520,7,2024,8,4,217,2460527,7,"12711_Adults","Adults observed","12711_Adults_2024",11
2803,39.971001,-105.397003,2329,"CO",288,"Bombus","spp.","bumblebee","Animalia",16049,312,"Flower visitation",2024,5,20,141,2460451,3,2024,8,15,228,2460538,20,"16049_Flower visitation","Feeding","16049_Flower visitation_2024",15
2803,39.971001,-105.397003,2329,"CO",288,"Bombus","spp.","bumblebee","Animalia",16049,327,"Adults",2024,5,3,124,2460434,3,2024,8,15,228,2460538,20,"16049_Adults","Adults observed","16049_Adults_2024",14
8418,32.363758,-94.873947,115,"TX",288,"Bombus","spp.","bumblebee","Animalia",30797,312,"Flower visitation",2024,4,4,95,2460405,4,2024,4,4,95,2460405,3,"30797_Flower visitation","Feeding","30797_Flower visitation_2024",11
8418,32.363758,-94.873947,115,"TX",288,"Bombus","spp.","bumblebee","Animalia",30797,327,"Adults",2024,4,4,95,2460405,4,2024,4,4,95,2460405,3,"30797_Adults","Adults observed","30797_Adults_2024",11
10145,42.602543,-83.250992,277,"MI",288,"Bombus","spp.","bumblebee","Animalia",38858,327,"Adults",2024,4,14,105,2460415,3,2024,4,15,106,2460416,1,"38858_Adults","Adults observed","38858_Adults_2024",13
10145,42.602543,-83.250992,277,"MI",391,"Pieris","rapae","cabbage white","Animalia",38859,327,"Adults",2024,3,13,73,2460383,1,2024,3,13,73,2460383,1,"38859_Adults","Adults observed","38859_Adults_2024",13
10145,42.602543,-83.250992,277,"MI",272,"Anax","junius","common green darner","Animalia",38869,327,"Adults",2024,4,19,110,2460420,1,2024,4,19,110,2460420,1,"38869_Adults","Adults observed","38869_Adults_2024",13
10145,42.602543,-83.250992,277,"MI",396,"Danaus","plexippus","monarch","Animalia",38919,327,"Adults",2024,5,8,129,2460439,1,2024,5,8,129,2460439,2,"38919_Adults","Adults observed","38919_Adults_2024",13
10145,42.602543,-83.250992,277,"MI",1137,"Nymphalis","antiopa","mourning cloak","Animalia",38921,327,"Adults",2024,4,20,111,2460421,1,2024,4,20,111,2460421,1,"38921_Adults","Adults observed","38921_Adults_2024",12
10145,42.602543,-83.250992,277,"MI",1132,"Colias","eurytheme","orange sulphur","Animalia",38930,327,"Adults",2024,4,22,113,2460423,1,2024,4,22,113,2460423,1,"38930_Adults","Adults observed","38930_Adults_2024",13
10145,42.602543,-83.250992,277,"MI",393,"Vanessa","atalanta","red admiral","Animalia",38941,327,"Adults",2024,4,10,101,2460411,1,2024,4,10,101,2460411,1,"38941_Adults","Adults observed","38941_Adults_2024",11
12064,32.248463,-110.909584,745,"AZ",396,"Danaus","plexippus","monarch","Animalia",50768,327,"Adults",2024,7,28,210,2460520,6,2024,7,28,210,2460520,3,"50768_Adults","Adults observed","50768_Adults_2024",9
12064,32.248463,-110.909584,745,"AZ",1133,"Danaus","gilippus","queen","Animalia",50769,312,"Flower visitation",2024,5,16,137,2460447,7,2024,5,30,151,2460461,15,"50769_Flower visitation","Feeding","50769_Flower visitation_2024",9
12064,32.248463,-110.909584,745,"AZ",1133,"Danaus","gilippus","queen","Animalia",50769,327,"Adults",2024,5,16,137,2460447,7,2024,5,30,151,2460461,15,"50769_Adults","Adults observed","50769_Adults_2024",9
10145,42.602543,-83.250992,277,"MI",1238,"Apis","mellifera","honeybee","Animalia",69919,327,"Adults",2024,6,19,171,2460481,1,2024,6,19,171,2460481,1,"69919_Adults","Adults observed","69919_Adults_2024",11
16876,41.745537,-74.119392,72,"NY",396,"Danaus","plexippus","monarch","Animalia",72969,312,"Flower visitation",2024,6,1,153,2460463,3,2024,6,1,153,2460463,2,"72969_Flower visitation","Feeding","72969_Flower visitation_2024",12
16876,41.745537,-74.119392,72,"NY",396,"Danaus","plexippus","monarch","Animalia",72969,327,"Adults",2024,5,29,150,2460460,5,2024,6,3,155,2460465,7,"72969_Adults","Adults observed","72969_Adults_2024",12
17414,42.936153,-73.433449,147,"NY",396,"Danaus","plexippus","monarch","Animalia",86971,312,"Flower visitation",2024,7,14,196,2460506,8,2024,7,14,196,2460506,2,"86971_Flower visitation","Feeding","86971_Flower visitation_2024",11
17414,42.936153,-73.433449,147,"NY",396,"Danaus","plexippus","monarch","Animalia",86971,327,"Adults",2024,6,16,168,2460478,3,2024,6,16,168,2460478,10,"86971_Adults","Adults observed","86971_Adults_2024",11
20969,33.632149,-117.55545,440,"CA",1386,"Apodemia","virgulti","Behr's metalmark","Animalia",90201,327,"Adults",2024,10,5,279,2460589,13,2024,10,5,279,2460589,6,"90201_Adults","Adults observed","90201_Adults_2024",9
20969,33.632149,-117.55545,440,"CA",1383,"Adelpha","californica","California sister","Animalia",90203,327,"Adults",2024,3,11,71,2460381,2,2024,3,17,77,2460387,25,"90203_Adults","Adults observed","90203_Adults_2024",10
20969,33.632149,-117.55545,440,"CA",1135,"Junonia","coenia","common buckeye","Animalia",90204,327,"Adults",2024,2,22,53,2460363,4,2024,2,22,53,2460363,14,"90204_Adults","Adults observed","90204_Adults_2024",11
20969,33.632149,-117.55545,440,"CA",1388,"Coenonympha","tullia","common ringlet","Animalia",90205,327,"Adults",2024,3,9,69,2460379,2,2024,3,9,69,2460379,2,"90205_Adults","Adults observed","90205_Adults_2024",10
20969,33.632149,-117.55545,440,"CA",1384,"Anthocharis","sara","Pacific orangetip","Animalia",90206,327,"Adults",2024,3,9,69,2460379,2,2024,4,11,102,2460412,7,"90206_Adults","Adults observed","90206_Adults_2024",10
22613,32.33926,-110.981728,813,"AZ",1131,"Calephelis","nemesis","fatal metalmark","Animalia",100905,327,"Adults",2024,6,18,170,2460480,13,2024,6,18,170,2460480,1,"100905_Adults","Adults observed","100905_Adults_2024",10
22613,32.33926,-110.981728,813,"AZ",1403,"Papilio","cresphontes","giant swallowtail","Animalia",100906,327,"Adults",2024,4,17,108,2460418,7,2024,4,17,108,2460418,6,"100906_Adults","Adults observed","100906_Adults_2024",10
22613,32.33926,-110.981728,813,"AZ",1391,"Agraulis","vanillae","gulf fritillary","Animalia",100907,327,"Adults",2024,1,31,31,2460341,4,2024,1,31,31,2460341,6,"100907_Adults","Adults observed","100907_Adults_2024",10
22613,32.33926,-110.981728,813,"AZ",396,"Danaus","plexippus","monarch","Animalia",100909,327,"Adults",2024,1,31,31,2460341,4,2024,1,31,31,2460341,6,"100909_Adults","Adults observed","100909_Adults_2024",10
22613,32.33926,-110.981728,813,"AZ",1129,"Battus","philenor","pipevine swallowtail","Animalia",100912,327,"Adults",2024,5,14,135,2460445,6,2024,5,14,135,2460445,1,"100912_Adults","Adults observed","100912_Adults_2024",10
22613,32.33926,-110.981728,813,"AZ",1133,"Danaus","gilippus","queen","Animalia",100913,327,"Adults",2024,1,31,31,2460341,4,2024,1,31,31,2460341,6,"100913_Adults","Adults observed","100913_Adults_2024",10
22979,41.556442,-93.267807,267,"IA",396,"Danaus","plexippus","monarch","Animalia",104138,327,"Adults",2024,5,22,143,2460453,7,2024,5,22,143,2460453,8,"104138_Adults","Adults observed","104138_Adults_2024",9
22981,41.559528,-93.278351,265,"IA",396,"Danaus","plexippus","monarch","Animalia",104149,327,"Adults",2024,5,22,143,2460453,7,2024,5,22,143,2460453,8,"104149_Adults","Adults observed","104149_Adults_2024",9
22613,32.33926,-110.981728,813,"AZ",415,"Libellula","saturata","flame skimmer","Animalia",136804,327,"Adults",2024,3,27,87,2460397,7,2024,3,27,87,2460397,7,"136804_Adults","Adults observed","136804_Adults_2024",9
1419,42.011166,-88.503304,280,"IL",288,"Bombus","spp.","bumblebee","Animalia",10284,312,"Flower visitation",2025,6,9,160,2460836,8,2025,6,30,181,2460857,35,"10284_Flower visitation","Feeding","10284_Flower visitation_2025",12
1419,42.011166,-88.503304,280,"IL",288,"Bombus","spp.","bumblebee","Animalia",10284,327,"Adults",2025,6,9,160,2460836,8,2025,9,22,265,2460941,33,"10284_Adults","Adults observed","10284_Adults_2025",13
5674,44.910587,-70.266861,261,"ME",396,"Danaus","plexippus","monarch","Animalia",12711,312,"Flower visitation",2025,6,15,166,2460842,7,2025,6,15,166,2460842,7,"12711_Flower visitation","Feeding","12711_Flower visitation_2025",11
5674,44.910587,-70.266861,261,"ME",396,"Danaus","plexippus","monarch","Animalia",12711,327,"Adults",2025,6,15,166,2460842,7,2025,6,15,166,2460842,7,"12711_Adults","Adults observed","12711_Adults_2025",11
2803,39.971001,-105.397003,2329,"CO",288,"Bombus","spp.","bumblebee","Animalia",16049,312,"Flower visitation",2025,5,6,126,2460802,11,2025,9,3,246,2460922,7,"16049_Flower visitation","Feeding","16049_Flower visitation_2025",15
2803,39.971001,-105.397003,2329,"CO",288,"Bombus","spp.","bumblebee","Animalia",16049,327,"Adults",2025,5,6,126,2460802,11,2025,9,3,246,2460922,7,"16049_Adults","Adults observed","16049_Adults_2025",14
8418,32.363758,-94.873947,115,"TX",288,"Bombus","spp.","bumblebee","Animalia",30797,312,"Flower visitation",2025,3,12,71,2460747,6,2025,3,12,71,2460747,4,"30797_Flower visitation","Feeding","30797_Flower visitation_2025",11
8418,32.363758,-94.873947,115,"TX",288,"Bombus","spp.","bumblebee","Animalia",30797,327,"Adults",2025,3,12,71,2460747,6,2025,3,12,71,2460747,4,"30797_Adults","Adults observed","30797_Adults_2025",11
10145,42.602543,-83.250992,277,"MI",288,"Bombus","spp.","bumblebee","Animalia",38858,327,"Adults",2025,4,28,118,2460794,6,2025,4,28,118,2460794,1,"38858_Adults","Adults observed","38858_Adults_2025",13
10145,42.602543,-83.250992,277,"MI",391,"Pieris","rapae","cabbage white","Animalia",38859,327,"Adults",2025,4,14,104,2460780,1,2025,4,14,104,2460780,1,"38859_Adults","Adults observed","38859_Adults_2025",13
10145,42.602543,-83.250992,277,"MI",272,"Anax","junius","common green darner","Animalia",38869,327,"Adults",2025,8,11,223,2460899,1,2025,8,11,223,2460899,1,"38869_Adults","Adults observed","38869_Adults_2025",13
10145,42.602543,-83.250992,277,"MI",396,"Danaus","plexippus","monarch","Animalia",38919,327,"Adults",2025,6,28,179,2460855,6,2025,6,28,179,2460855,1,"38919_Adults","Adults observed","38919_Adults_2025",13
10145,42.602543,-83.250992,277,"MI",1137,"Nymphalis","antiopa","mourning cloak","Animalia",38921,327,"Adults",2025,6,2,153,2460829,9,2025,6,2,153,2460829,1,"38921_Adults","Adults observed","38921_Adults_2025",12
10145,42.602543,-83.250992,277,"MI",1132,"Colias","eurytheme","orange sulphur","Animalia",38930,327,"Adults",2025,5,2,122,2460798,1,2025,5,2,122,2460798,1,"38930_Adults","Adults observed","38930_Adults_2025",13
10145,42.602543,-83.250992,277,"MI",393,"Vanessa","atalanta","red admiral","Animalia",38941,327,"Adults",2025,5,11,131,2460807,1,2025,5,11,131,2460807,1,"38941_Adults","Adults observed","38941_Adults_2025",11
12064,32.248463,-110.909584,745,"AZ",396,"Danaus","plexippus","monarch","Animalia",50768,327,"Adults",2025,1,10,10,2460686,1,2025,1,10,10,2460686,16,"50768_Adults","Adults observed","50768_Adults_2025",9
12064,32.248463,-110.909584,745,"AZ",1133,"Danaus","gilippus","queen","Animalia",50769,312,"Flower visitation",2025,2,16,47,2460723,4,2025,2,20,51,2460727,6,"50769_Flower visitation","Feeding","50769_Flower visitation_2025",9
12064,32.248463,-110.909584,745,"AZ",1133,"Danaus","gilippus","queen","Animalia",50769,327,"Adults",2025,1,10,10,2460686,1,2025,1,10,10,2460686,16,"50769_Adults","Adults observed","50769_Adults_2025",9
10145,42.602543,-83.250992,277,"MI",1238,"Apis","mellifera","honeybee","Animalia",69919,327,"Adults",2025,6,11,162,2460838,1,2025,6,11,162,2460838,1,"69919_Adults","Adults observed","69919_Adults_2025",11
16876,41.745537,-74.119392,72,"NY",396,"Danaus","plexippus","monarch","Animalia",72969,312,"Flower visitation",2025,6,6,157,2460833,14,2025,6,6,157,2460833,7,"72969_Flower visitation","Feeding","72969_Flower visitation_2025",12
16876,41.745537,-74.119392,72,"NY",396,"Danaus","plexippus","monarch","Animalia",72969,327,"Adults",2025,6,6,157,2460833,14,2025,6,6,157,2460833,7,"72969_Adults","Adults observed","72969_Adults_2025",12
17414,42.936153,-73.433449,147,"NY",396,"Danaus","plexippus","monarch","Animalia",86971,312,"Flower visitation",2025,6,21,172,2460848,7,2025,6,21,172,2460848,8,"86971_Flower visitation","Feeding","86971_Flower visitation_2025",11
17414,42.936153,-73.433449,147,"NY",396,"Danaus","plexippus","monarch","Animalia",86971,327,"Adults",2025,6,8,159,2460835,4,2025,6,8,159,2460835,6,"86971_Adults","Adults observed","86971_Adults_2025",11
20969,33.632149,-117.55545,440,"CA",1386,"Apodemia","virgulti","Behr's metalmark","Animalia",90201,327,"Adults",2025,6,7,158,2460834,2,2025,6,7,158,2460834,2,"90201_Adults","Adults observed","90201_Adults_2025",9
20969,33.632149,-117.55545,440,"CA",1383,"Adelpha","californica","California sister","Animalia",90203,327,"Adults",2025,11,11,315,2460991,5,2025,11,11,315,2460991,19,"90203_Adults","Adults observed","90203_Adults_2025",10
20969,33.632149,-117.55545,440,"CA",1135,"Junonia","coenia","common buckeye","Animalia",90204,327,"Adults",2025,3,10,69,2460745,1,2025,3,10,69,2460745,24,"90204_Adults","Adults observed","90204_Adults_2025",11
20969,33.632149,-117.55545,440,"CA",1388,"Coenonympha","tullia","common ringlet","Animalia",90205,327,"Adults",2025,3,10,69,2460745,1,2025,3,10,69,2460745,24,"90205_Adults","Adults observed","90205_Adults_2025",10
20969,33.632149,-117.55545,440,"CA",1384,"Anthocharis","sara","Pacific orangetip","Animalia",90206,327,"Adults",2025,3,10,69,2460745,1,2025,3,10,69,2460745,24,"90206_Adults","Adults observed","90206_Adults_2025",10
22613,32.33926,-110.981728,813,"AZ",1131,"Calephelis","nemesis","fatal metalmark","Animalia",100905,327,"Adults",2025,2,20,51,2460727,9,2025,2,25,56,2460732,7,"100905_Adults","Adults observed","100905_Adults_2025",10
22613,32.33926,-110.981728,813,"AZ",1403,"Papilio","cresphontes","giant swallowtail","Animalia",100906,327,"Adults",2025,3,22,81,2460757,11,2025,3,22,81,2460757,3,"100906_Adults","Adults observed","100906_Adults_2025",10
22613,32.33926,-110.981728,813,"AZ",1391,"Agraulis","vanillae","gulf fritillary","Animalia",100907,327,"Adults",2025,1,15,15,2460691,8,2025,4,8,98,2460774,8,"100907_Adults","Adults observed","100907_Adults_2025",10
22613,32.33926,-110.981728,813,"AZ",396,"Danaus","plexippus","monarch","Animalia",100909,327,"Adults",2025,9,2,245,2460921,7,2025,9,9,252,2460928,7,"100909_Adults","Adults observed","100909_Adults_2025",10
22613,32.33926,-110.981728,813,"AZ",1129,"Battus","philenor","pipevine swallowtail","Animalia",100912,327,"Adults",2025,1,15,15,2460691,8,2025,1,15,15,2460691,8,"100912_Adults","Adults observed","100912_Adults_2025",10
22613,32.33926,-110.981728,813,"AZ",1133,"Danaus","gilippus","queen","Animalia",100913,327,"Adults",2025,1,15,15,2460691,8,2025,2,4,35,2460711,7,"100913_Adults","Adults observed","100913_Adults_2025",10
22979,41.556442,-93.267807,267,"IA",396,"Danaus","plexippus","monarch","Animalia",104138,327,"Adults",2025,7,7,188,2460864,5,2025,8,1,213,2460889,5,"104138_Adults","Adults observed","104138_Adults_2025",9
22981,41.559528,-93.278351,265,"IA",396,"Danaus","plexippus","monarch","Animalia",104149,327,"Adults",2025,6,20,171,2460847,9,2025,6,20,171,2460847,3,"104149_Adults","Adults observed","104149_Adults_2025",9
22613,32.33926,-110.981728,813,"AZ",415,"Libellula","saturata","flame skimmer","Animalia",136804,327,"Adults",2025,4,22,112,2460788,6,2025,4,22,112,2460788,8,"136804_Adults","Adults observed","136804_Adults_2025",9
