"site_id","latitude","longitude","elevation_in_meters","state","species_id","genus","species","common_name","kingdom","individual_id","phenophase_id","phenophase_description","first_yes_year","first_yes_month","first_yes_day","first_yes_doy","first_yes_julian_date","numdays_since_prior_no","last_yes_year","last_yes_month","last_yes_day","last_yes_doy","last_yes_julian_date","numdays_until_next_no","ind_phen","phenophase","summer_year","first_yes_date","dosy","dop","year","series_yrs","seasonally_inactive","active_jan1","ind_phen_year"
1419,42.011166,-88.503304,280,"IL",271,"Tamias","striatus","eastern chipmunk","Animalia",10285,292,"Live individuals",2011,3,9,68,2455630,2,2011,3,31,90,2455652,2,"10285_Live individuals","Adults observed",2011,2011-03-09,252,68,2011,15,"torpor",0,"10285_Live individuals_2011"
2803,39.971001,-105.397003,2329,"CO",405,"Tamias","minimus","least chipmunk","Animalia",16052,292,"Live individuals",2011,9,1,244,2455806,NA,2011,9,8,251,2455813,3,"16052_Live individuals","Adults observed",2012,2011-09-01,63,244,2011,15,"torpor",0,"16052_Live individuals_2011"
1419,42.011166,-88.503304,280,"IL",271,"Tamias","striatus","eastern chipmunk","Animalia",10285,292,"Live individuals",2012,3,6,66,2455993,3,2012,3,6,66,2455993,1,"10285_Live individuals","Adults observed",2012,2012-03-06,250,66,2012,15,"torpor",0,"10285_Live individuals_2012"
2803,39.971001,-105.397003,2329,"CO",405,"Tamias","minimus","least chipmunk","Animalia",16052,292,"Live individuals",2012,3,25,85,2456012,2,2012,8,12,225,2456152,7,"16052_Live individuals","Adults observed",2012,2012-03-25,269,85,2012,15,"torpor",0,"16052_Live individuals_2012"
6581,42.545959,-71.354904,58,"MA",271,"Tamias","striatus","eastern chipmunk","Animalia",20141,292,"Live individuals",2012,5,3,124,2456051,NA,2012,9,23,267,2456194,NA,"20141_Live individuals","Adults observed",2012,2012-05-03,308,124,2012,9,"torpor",0,"20141_Live individuals_2012"
1419,42.011166,-88.503304,280,"IL",271,"Tamias","striatus","eastern chipmunk","Animalia",10285,292,"Live individuals",2013,3,23,82,2456375,7,2013,3,28,87,2456380,2,"10285_Live individuals","Adults observed",2013,2013-03-23,266,82,2013,15,"torpor",0,"10285_Live individuals_2013"
2803,39.971001,-105.397003,2329,"CO",405,"Tamias","minimus","least chipmunk","Animalia",16052,292,"Live individuals",2013,4,6,96,2456389,2,2013,4,12,102,2456395,2,"16052_Live individuals","Adults observed",2013,2013-04-06,280,96,2013,15,"torpor",0,"16052_Live individuals_2013"
6581,42.545959,-71.354904,58,"MA",271,"Tamias","striatus","eastern chipmunk","Animalia",20141,292,"Live individuals",2013,3,13,72,2456365,NA,2013,10,29,302,2456595,NA,"20141_Live individuals","Adults observed",2013,2013-03-13,256,72,2013,9,"torpor",0,"20141_Live individuals_2013"
10145,42.602543,-83.250992,277,"MI",271,"Tamias","striatus","eastern chipmunk","Animalia",38883,292,"Live individuals",2013,5,2,122,2456415,1,2013,5,3,123,2456416,1,"38883_Live individuals","Adults observed",2013,2013-05-02,306,122,2013,13,"torpor",0,"38883_Live individuals_2013"
10145,42.602543,-83.250992,277,"MI",266,"Marmota","monax","woodchuck","Animalia",38980,292,"Live individuals",2013,4,8,98,2456391,NA,2013,4,8,98,2456391,1,"38980_Live individuals","Adults observed",2013,2013-04-08,282,98,2013,13,"hibernate",0,"38980_Live individuals_2013"
10717,38.285664,-111.246605,1790,"UT",263,"Marmota","flaviventris","yellow-bellied marmot","Animalia",42594,292,"Live individuals",2013,4,28,118,2456411,NA,2013,5,5,125,2456418,9,"42594_Live individuals","Adults observed",2013,2013-04-28,302,118,2013,11,"hibernate",0,"42594_Live individuals_2013"
1419,42.011166,-88.503304,280,"IL",271,"Tamias","striatus","eastern chipmunk","Animalia",10285,292,"Live individuals",2014,3,15,74,2456732,17,2014,3,22,81,2456739,11,"10285_Live individuals","Adults observed",2014,2014-03-15,258,74,2014,15,"torpor",0,"10285_Live individuals_2014"
2803,39.971001,-105.397003,2329,"CO",405,"Tamias","minimus","least chipmunk","Animalia",16052,292,"Live individuals",2014,4,12,102,2456760,2,2014,5,9,129,2456787,3,"16052_Live individuals","Adults observed",2014,2014-04-12,286,102,2014,15,"torpor",0,"16052_Live individuals_2014"
6581,42.545959,-71.354904,58,"MA",271,"Tamias","striatus","eastern chipmunk","Animalia",20141,292,"Live individuals",2014,5,5,125,2456783,NA,2014,10,12,285,2456943,NA,"20141_Live individuals","Adults observed",2014,2014-05-05,309,125,2014,9,"torpor",0,"20141_Live individuals_2014"
10145,42.602543,-83.250992,277,"MI",271,"Tamias","striatus","eastern chipmunk","Animalia",38883,292,"Live individuals",2014,3,19,78,2456736,NA,2014,3,19,78,2456736,1,"38883_Live individuals","Adults observed",2014,2014-03-19,262,78,2014,13,"torpor",0,"38883_Live individuals_2014"
10145,42.602543,-83.250992,277,"MI",266,"Marmota","monax","woodchuck","Animalia",38980,292,"Live individuals",2014,4,11,101,2456759,NA,2014,4,11,101,2456759,2,"38980_Live individuals","Adults observed",2014,2014-04-11,285,101,2014,13,"hibernate",0,"38980_Live individuals_2014"
10717,38.285664,-111.246605,1790,"UT",263,"Marmota","flaviventris","yellow-bellied marmot","Animalia",42594,292,"Live individuals",2014,3,8,67,2456725,6,2014,3,8,67,2456725,2,"42594_Live individuals","Adults observed",2014,2014-03-08,251,67,2014,11,"hibernate",0,"42594_Live individuals_2014"
1419,42.011166,-88.503304,280,"IL",271,"Tamias","striatus","eastern chipmunk","Animalia",10285,292,"Live individuals",2015,3,15,74,2457097,8,2015,3,16,75,2457098,6,"10285_Live individuals","Adults observed",2015,2015-03-15,258,74,2015,15,"torpor",0,"10285_Live individuals_2015"
2803,39.971001,-105.397003,2329,"CO",405,"Tamias","minimus","least chipmunk","Animalia",16052,292,"Live individuals",2015,3,14,73,2457096,6,2015,3,22,81,2457104,11,"16052_Live individuals","Adults observed",2015,2015-03-14,257,73,2015,15,"torpor",0,"16052_Live individuals_2015"
6581,42.545959,-71.354904,58,"MA",271,"Tamias","striatus","eastern chipmunk","Animalia",20141,292,"Live individuals",2015,3,17,76,2457099,NA,2015,6,25,176,2457199,NA,"20141_Live individuals","Adults observed",2015,2015-03-17,260,76,2015,9,"torpor",0,"20141_Live individuals_2015"
10145,42.602543,-83.250992,277,"MI",271,"Tamias","striatus","eastern chipmunk","Animalia",38883,292,"Live individuals",2015,4,14,104,2457127,NA,2015,4,14,104,2457127,1,"38883_Live individuals","Adults observed",2015,2015-04-14,288,104,2015,13,"torpor",0,"38883_Live individuals_2015"
10145,42.602543,-83.250992,277,"MI",266,"Marmota","monax","woodchuck","Animalia",38980,292,"Live individuals",2015,5,2,122,2457145,NA,2015,5,2,122,2457145,1,"38980_Live individuals","Adults observed",2015,2015-05-02,306,122,2015,13,"hibernate",0,"38980_Live individuals_2015"
10717,38.285664,-111.246605,1790,"UT",263,"Marmota","flaviventris","yellow-bellied marmot","Animalia",42594,292,"Live individuals",2015,3,22,81,2457104,23,2015,4,13,103,2457126,1,"42594_Live individuals","Adults observed",2015,2015-03-22,265,81,2015,11,"hibernate",0,"42594_Live individuals_2015"
1419,42.011166,-88.503304,280,"IL",271,"Tamias","striatus","eastern chipmunk","Animalia",10285,292,"Live individuals",2016,4,16,107,2457495,1,2016,5,28,149,2457537,7,"10285_Live individuals","Adults observed",2016,2016-04-16,291,107,2016,15,"torpor",0,"10285_Live individuals_2016"
2803,39.971001,-105.397003,2329,"CO",405,"Tamias","minimus","least chipmunk","Animalia",16052,292,"Live individuals",2016,4,7,98,2457486,4,2016,4,10,101,2457489,14,"16052_Live individuals","Adults observed",2016,2016-04-07,282,98,2016,15,"torpor",0,"16052_Live individuals_2016"
6581,42.545959,-71.354904,58,"MA",271,"Tamias","striatus","eastern chipmunk","Animalia",20141,292,"Live individuals",2016,2,4,35,2457423,NA,2016,4,28,119,2457507,NA,"20141_Live individuals","Adults observed",2016,2016-02-04,219,35,2016,9,"torpor",0,"20141_Live individuals_2016"
10145,42.602543,-83.250992,277,"MI",271,"Tamias","striatus","eastern chipmunk","Animalia",38883,292,"Live individuals",2016,5,5,126,2457514,NA,2016,5,5,126,2457514,2,"38883_Live individuals","Adults observed",2016,2016-05-05,310,126,2016,13,"torpor",0,"38883_Live individuals_2016"
10145,42.602543,-83.250992,277,"MI",266,"Marmota","monax","woodchuck","Animalia",38980,292,"Live individuals",2016,4,4,95,2457483,NA,2016,4,4,95,2457483,1,"38980_Live individuals","Adults observed",2016,2016-04-04,279,95,2016,13,"hibernate",0,"38980_Live individuals_2016"
10717,38.285664,-111.246605,1790,"UT",263,"Marmota","flaviventris","yellow-bellied marmot","Animalia",42594,292,"Live individuals",2016,4,3,94,2457482,3,2016,4,4,95,2457483,6,"42594_Live individuals","Adults observed",2016,2016-04-03,278,94,2016,11,"hibernate",0,"42594_Live individuals_2016"
1419,42.011166,-88.503304,280,"IL",271,"Tamias","striatus","eastern chipmunk","Animalia",10285,292,"Live individuals",2017,3,10,69,2457823,5,2017,10,7,280,2458034,NA,"10285_Live individuals","Adults observed",2017,2017-03-10,253,69,2017,15,"torpor",0,"10285_Live individuals_2017"
2803,39.971001,-105.397003,2329,"CO",405,"Tamias","minimus","least chipmunk","Animalia",16052,292,"Live individuals",2017,3,17,76,2457830,4,2017,3,19,78,2457832,5,"16052_Live individuals","Adults observed",2017,2017-03-17,260,76,2017,15,"torpor",0,"16052_Live individuals_2017"
6581,42.545959,-71.354904,58,"MA",271,"Tamias","striatus","eastern chipmunk","Animalia",20141,292,"Live individuals",2017,2,24,55,2457809,NA,2017,2,27,58,2457812,NA,"20141_Live individuals","Adults observed",2017,2017-02-24,239,55,2017,9,"torpor",0,"20141_Live individuals_2017"
10145,42.602543,-83.250992,277,"MI",271,"Tamias","striatus","eastern chipmunk","Animalia",38883,292,"Live individuals",2017,1,19,19,2457773,NA,2017,1,19,19,2457773,1,"38883_Live individuals","Adults observed",2017,2017-01-19,203,19,2017,13,"torpor",0,"38883_Live individuals_2017"
10145,42.602543,-83.250992,277,"MI",266,"Marmota","monax","woodchuck","Animalia",38980,292,"Live individuals",2017,3,27,86,2457840,NA,2017,3,27,86,2457840,1,"38980_Live individuals","Adults observed",2017,2017-03-27,270,86,2017,13,"hibernate",0,"38980_Live individuals_2017"
10717,38.285664,-111.246605,1790,"UT",263,"Marmota","flaviventris","yellow-bellied marmot","Animalia",42594,292,"Live individuals",2017,5,26,146,2457900,31,2017,7,2,183,2457937,20,"42594_Live individuals","Adults observed",2017,2017-05-26,330,146,2017,11,"hibernate",0,"42594_Live individuals_2017"
1419,42.011166,-88.503304,280,"IL",271,"Tamias","striatus","eastern chipmunk","Animalia",10285,292,"Live individuals",2018,3,2,61,2458180,NA,2018,3,2,61,2458180,1,"10285_Live individuals","Adults observed",2018,2018-03-02,245,61,2018,15,"torpor",0,"10285_Live individuals_2018"
2803,39.971001,-105.397003,2329,"CO",405,"Tamias","minimus","least chipmunk","Animalia",16052,292,"Live individuals",2018,4,27,117,2458236,4,2018,4,30,120,2458239,4,"16052_Live individuals","Adults observed",2018,2018-04-27,301,117,2018,15,"torpor",0,"16052_Live individuals_2018"
6581,42.545959,-71.354904,58,"MA",271,"Tamias","striatus","eastern chipmunk","Animalia",20141,292,"Live individuals",2018,2,20,51,2458170,NA,2018,2,20,51,2458170,NA,"20141_Live individuals","Adults observed",2018,2018-02-20,235,51,2018,9,"torpor",0,"20141_Live individuals_2018"
10145,42.602543,-83.250992,277,"MI",271,"Tamias","striatus","eastern chipmunk","Animalia",38883,292,"Live individuals",2018,5,15,135,2458254,1,2018,5,15,135,2458254,1,"38883_Live individuals","Adults observed",2018,2018-05-15,319,135,2018,13,"torpor",0,"38883_Live individuals_2018"
10145,42.602543,-83.250992,277,"MI",266,"Marmota","monax","woodchuck","Animalia",38980,292,"Live individuals",2018,4,20,110,2458229,NA,2018,4,21,111,2458230,1,"38980_Live individuals","Adults observed",2018,2018-04-20,294,110,2018,13,"hibernate",0,"38980_Live individuals_2018"
1419,42.011166,-88.503304,280,"IL",271,"Tamias","striatus","eastern chipmunk","Animalia",10285,292,"Live individuals",2019,3,28,87,2458571,68,2019,3,28,87,2458571,10,"10285_Live individuals","Adults observed",2019,2019-03-28,271,87,2019,15,"torpor",0,"10285_Live individuals_2019"
2803,39.971001,-105.397003,2329,"CO",405,"Tamias","minimus","least chipmunk","Animalia",16052,292,"Live individuals",2019,4,27,117,2458601,5,2019,5,6,126,2458610,5,"16052_Live individuals","Adults observed",2019,2019-04-27,301,117,2019,15,"torpor",0,"16052_Live individuals_2019"
10145,42.602543,-83.250992,277,"MI",271,"Tamias","striatus","eastern chipmunk","Animalia",38883,292,"Live individuals",2019,3,27,86,2458570,NA,2019,3,30,89,2458573,1,"38883_Live individuals","Adults observed",2019,2019-03-27,270,86,2019,13,"torpor",0,"38883_Live individuals_2019"
10145,42.602543,-83.250992,277,"MI",266,"Marmota","monax","woodchuck","Animalia",38980,292,"Live individuals",2019,4,8,98,2458582,1,2019,4,8,98,2458582,1,"38980_Live individuals","Adults observed",2019,2019-04-08,282,98,2019,13,"hibernate",0,"38980_Live individuals_2019"
10717,38.285664,-111.246605,1790,"UT",263,"Marmota","flaviventris","yellow-bellied marmot","Animalia",42594,292,"Live individuals",2019,6,26,177,2458661,7,2019,6,28,179,2458663,13,"42594_Live individuals","Adults observed",2019,2019-06-26,361,177,2019,11,"hibernate",0,"42594_Live individuals_2019"
1419,42.011166,-88.503304,280,"IL",271,"Tamias","striatus","eastern chipmunk","Animalia",10285,292,"Live individuals",2020,5,29,150,2458999,4,2020,5,29,150,2458999,3,"10285_Live individuals","Adults observed",2020,2020-05-29,334,150,2020,15,"torpor",0,"10285_Live individuals_2020"
2803,39.971001,-105.397003,2329,"CO",405,"Tamias","minimus","least chipmunk","Animalia",16052,292,"Live individuals",2020,3,18,78,2458927,4,2020,5,8,129,2458978,4,"16052_Live individuals","Adults observed",2020,2020-03-18,262,78,2020,15,"torpor",0,"16052_Live individuals_2020"
6581,42.545959,-71.354904,58,"MA",271,"Tamias","striatus","eastern chipmunk","Animalia",20141,292,"Live individuals",2020,3,12,72,2458921,NA,2020,5,15,136,2458985,NA,"20141_Live individuals","Adults observed",2020,2020-03-12,256,72,2020,9,"torpor",0,"20141_Live individuals_2020"
10145,42.602543,-83.250992,277,"MI",271,"Tamias","striatus","eastern chipmunk","Animalia",38883,292,"Live individuals",2020,4,20,111,2458960,1,2020,4,20,111,2458960,1,"38883_Live individuals","Adults observed",2020,2020-04-20,295,111,2020,13,"torpor",0,"38883_Live individuals_2020"
10145,42.602543,-83.250992,277,"MI",266,"Marmota","monax","woodchuck","Animalia",38980,292,"Live individuals",2020,3,25,85,2458934,NA,2020,3,25,85,2458934,1,"38980_Live individuals","Adults observed",2020,2020-03-25,269,85,2020,13,"hibernate",0,"38980_Live individuals_2020"
10717,38.285664,-111.246605,1790,"UT",263,"Marmota","flaviventris","yellow-bellied marmot","Animalia",42594,292,"Live individuals",2020,4,15,106,2458955,4,2020,4,15,106,2458955,1,"42594_Live individuals","Adults observed",2020,2020-04-15,290,106,2020,11,"hibernate",0,"42594_Live individuals_2020"
1419,42.011166,-88.503304,280,"IL",271,"Tamias","striatus","eastern chipmunk","Animalia",10285,292,"Live individuals",2021,7,3,184,2459399,3,2021,7,3,184,2459399,NA,"10285_Live individuals","Adults observed",2022,2021-07-03,3,184,2021,15,"torpor",0,"10285_Live individuals_2021"
2803,39.971001,-105.397003,2329,"CO",405,"Tamias","minimus","least chipmunk","Animalia",16052,292,"Live individuals",2021,4,6,96,2459311,8,2021,4,10,100,2459315,7,"16052_Live individuals","Adults observed",2021,2021-04-06,280,96,2021,15,"torpor",0,"16052_Live individuals_2021"
6581,42.545959,-71.354904,58,"MA",271,"Tamias","striatus","eastern chipmunk","Animalia",20141,292,"Live individuals",2021,5,22,142,2459357,NA,2021,5,22,142,2459357,NA,"20141_Live individuals","Adults observed",2021,2021-05-22,326,142,2021,9,"torpor",0,"20141_Live individuals_2021"
10145,42.602543,-83.250992,277,"MI",271,"Tamias","striatus","eastern chipmunk","Animalia",38883,292,"Live individuals",2021,5,17,137,2459352,4,2021,5,17,137,2459352,1,"38883_Live individuals","Adults observed",2021,2021-05-17,321,137,2021,13,"torpor",0,"38883_Live individuals_2021"
10145,42.602543,-83.250992,277,"MI",266,"Marmota","monax","woodchuck","Animalia",38980,292,"Live individuals",2021,4,11,101,2459316,NA,2021,4,12,102,2459317,1,"38980_Live individuals","Adults observed",2021,2021-04-11,285,101,2021,13,"hibernate",0,"38980_Live individuals_2021"
10717,38.285664,-111.246605,1790,"UT",263,"Marmota","flaviventris","yellow-bellied marmot","Animalia",42594,292,"Live individuals",2021,3,14,73,2459288,4,2021,3,16,75,2459290,8,"42594_Live individuals","Adults observed",2021,2021-03-14,257,73,2021,11,"hibernate",0,"42594_Live individuals_2021"
1419,42.011166,-88.503304,280,"IL",271,"Tamias","striatus","eastern chipmunk","Animalia",10285,292,"Live individuals",2022,5,27,147,2459727,4,2022,6,7,158,2459738,5,"10285_Live individuals","Adults observed",2022,2022-05-27,331,147,2022,15,"torpor",0,"10285_Live individuals_2022"
2803,39.971001,-105.397003,2329,"CO",405,"Tamias","minimus","least chipmunk","Animalia",16052,292,"Live individuals",2022,4,20,110,2459690,36,2022,10,18,291,2459871,3,"16052_Live individuals","Adults observed",2022,2022-04-20,294,110,2022,15,"torpor",0,"16052_Live individuals_2022"
10145,42.602543,-83.250992,277,"MI",271,"Tamias","striatus","eastern chipmunk","Animalia",38883,292,"Live individuals",2022,3,22,81,2459661,NA,2022,3,22,81,2459661,1,"38883_Live individuals","Adults observed",2022,2022-03-22,265,81,2022,13,"torpor",0,"38883_Live individuals_2022"
10145,42.602543,-83.250992,277,"MI",266,"Marmota","monax","woodchuck","Animalia",38980,292,"Live individuals",2022,3,24,83,2459663,NA,2022,3,24,83,2459663,1,"38980_Live individuals","Adults observed",2022,2022-03-24,267,83,2022,13,"hibernate",0,"38980_Live individuals_2022"
1419,42.011166,-88.503304,280,"IL",271,"Tamias","striatus","eastern chipmunk","Animalia",10285,292,"Live individuals",2023,3,19,78,2460023,8,2023,3,19,78,2460023,7,"10285_Live individuals","Adults observed",2023,2023-03-19,262,78,2023,15,"torpor",0,"10285_Live individuals_2023"
2803,39.971001,-105.397003,2329,"CO",405,"Tamias","minimus","least chipmunk","Animalia",16052,292,"Live individuals",2023,3,17,76,2460021,6,2023,11,4,308,2460253,5,"16052_Live individuals","Adults observed",2023,2023-03-17,260,76,2023,15,"torpor",0,"16052_Live individuals_2023"
10145,42.602543,-83.250992,277,"MI",271,"Tamias","striatus","eastern chipmunk","Animalia",38883,292,"Live individuals",2023,4,9,99,2460044,NA,2023,4,9,99,2460044,1,"38883_Live individuals","Adults observed",2023,2023-04-09,283,99,2023,13,"torpor",0,"38883_Live individuals_2023"
10145,42.602543,-83.250992,277,"MI",266,"Marmota","monax","woodchuck","Animalia",38980,292,"Live individuals",2023,4,16,106,2460051,NA,2023,4,17,107,2460052,1,"38980_Live individuals","Adults observed",2023,2023-04-16,290,106,2023,13,"hibernate",0,"38980_Live individuals_2023"
10717,38.285664,-111.246605,1790,"UT",263,"Marmota","flaviventris","yellow-bellied marmot","Animalia",42594,292,"Live individuals",2023,4,9,99,2460044,13,2023,4,9,99,2460044,7,"42594_Live individuals","Adults observed",2023,2023-04-09,283,99,2023,11,"hibernate",0,"42594_Live individuals_2023"
1419,42.011166,-88.503304,280,"IL",271,"Tamias","striatus","eastern chipmunk","Animalia",10285,292,"Live individuals",2024,4,22,113,2460423,10,2024,4,22,113,2460423,7,"10285_Live individuals","Adults observed",2024,2024-04-22,297,113,2024,15,"torpor",0,"10285_Live individuals_2024"
2803,39.971001,-105.397003,2329,"CO",405,"Tamias","minimus","least chipmunk","Animalia",16052,292,"Live individuals",2024,4,9,100,2460410,32,2024,4,15,106,2460416,14,"16052_Live individuals","Adults observed",2024,2024-04-09,284,100,2024,15,"torpor",0,"16052_Live individuals_2024"
10145,42.602543,-83.250992,277,"MI",271,"Tamias","striatus","eastern chipmunk","Animalia",38883,292,"Live individuals",2024,3,7,67,2460377,NA,2024,3,11,71,2460381,1,"38883_Live individuals","Adults observed",2024,2024-03-07,251,67,2024,13,"torpor",0,"38883_Live individuals_2024"
10145,42.602543,-83.250992,277,"MI",266,"Marmota","monax","woodchuck","Animalia",38980,292,"Live individuals",2024,5,19,140,2460450,1,2024,5,19,140,2460450,1,"38980_Live individuals","Adults observed",2024,2024-05-19,324,140,2024,13,"hibernate",0,"38980_Live individuals_2024"
10717,38.285664,-111.246605,1790,"UT",263,"Marmota","flaviventris","yellow-bellied marmot","Animalia",42594,292,"Live individuals",2024,4,11,102,2460412,4,2024,4,20,111,2460421,8,"42594_Live individuals","Adults observed",2024,2024-04-11,286,102,2024,11,"hibernate",0,"42594_Live individuals_2024"
1419,42.011166,-88.503304,280,"IL",271,"Tamias","striatus","eastern chipmunk","Animalia",10285,292,"Live individuals",2025,4,30,120,2460796,23,2025,9,22,265,2460941,33,"10285_Live individuals","Adults observed",2025,2025-04-30,304,120,2025,15,"torpor",0,"10285_Live individuals_2025"
2803,39.971001,-105.397003,2329,"CO",405,"Tamias","minimus","least chipmunk","Animalia",16052,292,"Live individuals",2025,3,20,79,2460755,3,2025,10,8,281,2460957,NA,"16052_Live individuals","Adults observed",2025,2025-03-20,263,79,2025,15,"torpor",0,"16052_Live individuals_2025"
10145,42.602543,-83.250992,277,"MI",271,"Tamias","striatus","eastern chipmunk","Animalia",38883,292,"Live individuals",2025,6,2,153,2460829,9,2025,6,2,153,2460829,1,"38883_Live individuals","Adults observed",2025,2025-06-02,337,153,2025,13,"torpor",0,"38883_Live individuals_2025"
10145,42.602543,-83.250992,277,"MI",266,"Marmota","monax","woodchuck","Animalia",38980,292,"Live individuals",2025,5,15,135,2460811,1,2025,5,15,135,2460811,1,"38980_Live individuals","Adults observed",2025,2025-05-15,319,135,2025,13,"hibernate",0,"38980_Live individuals_2025"
10717,38.285664,-111.246605,1790,"UT",263,"Marmota","flaviventris","yellow-bellied marmot","Animalia",42594,292,"Live individuals",2025,3,23,82,2460758,2,2025,3,23,82,2460758,7,"42594_Live individuals","Adults observed",2025,2025-03-23,266,82,2025,11,"hibernate",0,"42594_Live individuals_2025"
1419,42.011166,-88.503304,280,"IL",271,"Tamias","striatus","eastern chipmunk","Animalia",10285,310,"Fruit/seed consumption",2011,3,23,82,2455644,8,2011,3,23,82,2455644,8,"10285_Fruit/seed consumption","Feeding",2011,2011-03-23,266,82,2011,11,NA,NA,"10285_Fruit/seed consumption_2011"
2803,39.971001,-105.397003,2329,"CO",409,"Cervus","elaphus","elk","Animalia",16051,338,"Males vocalizing",2011,11,2,306,2455868,3,2011,11,2,306,2455868,1,"16051_Males vocalizing","Mating activity",2012,2011-11-02,125,125,2012,14,NA,NA,"16051_Males vocalizing_2012"
2803,39.971001,-105.397003,2329,"CO",409,"Cervus","elaphus","elk","Animalia",16051,344,"Young individuals",2011,11,2,306,2455868,3,2011,11,3,307,2455869,7,"16051_Young individuals","Young observed",2012,2011-11-02,125,306,2011,14,NA,NA,"16051_Young individuals_2011"
2803,39.971001,-105.397003,2329,"CO",405,"Tamias","minimus","least chipmunk","Animalia",16052,310,"Fruit/seed consumption",2011,9,1,244,2455806,NA,2011,9,8,251,2455813,3,"16052_Fruit/seed consumption","Feeding",2012,2011-09-01,63,244,2011,15,NA,NA,"16052_Fruit/seed consumption_2011"
2803,39.971001,-105.397003,2329,"CO",405,"Tamias","minimus","least chipmunk","Animalia",16052,311,"Nut gathering",2011,9,22,265,2455827,4,2011,9,22,265,2455827,3,"16052_Nut gathering","Feeding",2012,2011-09-22,84,265,2011,15,NA,NA,"16052_Nut gathering_2011"
2803,39.971001,-105.397003,2329,"CO",264,"Odocoileus","hemionus","mule deer","Animalia",16053,344,"Young individuals",2011,10,9,282,2455844,3,2011,10,9,282,2455844,4,"16053_Young individuals","Young observed",2012,2011-10-09,101,282,2011,12,NA,NA,"16053_Young individuals_2011"
6362,43.012966,-73.649918,108,"NY",270,"Odocoileus","virginianus","white-tailed deer","Animalia",18144,344,"Young individuals",2011,6,21,172,2455734,6,2011,6,28,179,2455741,16,"18144_Young individuals","Young observed",2011,2011-06-21,356,172,2011,11,NA,NA,"18144_Young individuals_2011"
1419,42.011166,-88.503304,280,"IL",271,"Tamias","striatus","eastern chipmunk","Animalia",10285,310,"Fruit/seed consumption",2012,4,1,92,2456019,5,2012,4,7,98,2456025,4,"10285_Fruit/seed consumption","Feeding",2012,2012-04-01,276,92,2012,11,NA,NA,"10285_Fruit/seed consumption_2012"
2803,39.971001,-105.397003,2329,"CO",1715,"Sylvilagus","nuttallii","mountain cottontail","Animalia",16050,344,"Young individuals",2012,6,1,153,2456080,5,2012,6,1,153,2456080,2,"16050_Young individuals","Young observed",2012,2012-06-01,337,153,2012,14,NA,NA,"16050_Young individuals_2012"
2803,39.971001,-105.397003,2329,"CO",409,"Cervus","elaphus","elk","Animalia",16051,339,"Male combat (horn/antler)",2012,11,25,330,2456257,4,2012,11,25,330,2456257,4,"16051_Male combat (horn/antler)","Mating activity",2013,2012-11-25,148,148,2013,13,NA,NA,"16051_Male combat (horn/antler)_2013"
2803,39.971001,-105.397003,2329,"CO",405,"Tamias","minimus","least chipmunk","Animalia",16052,310,"Fruit/seed consumption",2012,3,29,89,2456016,4,2012,8,12,225,2456152,7,"16052_Fruit/seed consumption","Feeding",2012,2012-03-29,273,89,2012,15,NA,NA,"16052_Fruit/seed consumption_2012"
2803,39.971001,-105.397003,2329,"CO",405,"Tamias","minimus","least chipmunk","Animalia",16052,311,"Nut gathering",2012,4,22,113,2456040,3,2012,4,22,113,2456040,4,"16052_Nut gathering","Feeding",2012,2012-04-22,297,113,2012,15,NA,NA,"16052_Nut gathering_2012"
2803,39.971001,-105.397003,2329,"CO",405,"Tamias","minimus","least chipmunk","Animalia",16052,344,"Young individuals",2012,6,1,153,2456080,5,2012,6,1,153,2456080,2,"16052_Young individuals","Young observed",2012,2012-06-01,337,153,2012,14,NA,NA,"16052_Young individuals_2012"
6362,43.012966,-73.649918,108,"NY",270,"Odocoileus","virginianus","white-tailed deer","Animalia",18144,344,"Young individuals",2012,8,16,229,2456156,2,2012,8,16,229,2456156,4,"18144_Young individuals","Young observed",2013,2012-08-16,47,229,2012,11,NA,NA,"18144_Young individuals_2012"
8418,32.363758,-94.873947,115,"TX",1144,"Sciurus","carolinensis","eastern gray squirrel","Animalia",25350,310,"Fruit/seed consumption",2012,4,29,120,2456047,1,2012,4,29,120,2456047,13,"25350_Fruit/seed consumption","Feeding",2012,2012-04-29,304,120,2012,12,NA,NA,"25350_Fruit/seed consumption_2012"
8418,32.363758,-94.873947,115,"TX",1144,"Sciurus","carolinensis","eastern gray squirrel","Animalia",25350,311,"Nut gathering",2012,4,14,105,2456032,NA,2012,4,14,105,2456032,8,"25350_Nut gathering","Feeding",2012,2012-04-14,289,105,2012,11,NA,NA,"25350_Nut gathering_2012"
1419,42.011166,-88.503304,280,"IL",271,"Tamias","striatus","eastern chipmunk","Animalia",10285,310,"Fruit/seed consumption",2013,3,26,85,2456378,2,2013,3,28,87,2456380,2,"10285_Fruit/seed consumption","Feeding",2013,2013-03-26,269,85,2013,11,NA,NA,"10285_Fruit/seed consumption_2013"
2803,39.971001,-105.397003,2329,"CO",1715,"Sylvilagus","nuttallii","mountain cottontail","Animalia",16050,344,"Young individuals",2013,6,6,157,2456450,4,2013,6,6,157,2456450,3,"16050_Young individuals","Young observed",2013,2013-06-06,341,157,2013,14,NA,NA,"16050_Young individuals_2013"
2803,39.971001,-105.397003,2329,"CO",409,"Cervus","elaphus","elk","Animalia",16051,338,"Males vocalizing",2013,10,20,293,2456586,2,2013,10,20,293,2456586,7,"16051_Males vocalizing","Mating activity",2014,2013-10-20,112,112,2014,14,NA,NA,"16051_Males vocalizing_2014"
2803,39.971001,-105.397003,2329,"CO",409,"Cervus","elaphus","elk","Animalia",16051,339,"Male combat (horn/antler)",2013,11,27,331,2456624,13,2013,11,27,331,2456624,4,"16051_Male combat (horn/antler)","Mating activity",2014,2013-11-27,150,150,2014,13,NA,NA,"16051_Male combat (horn/antler)_2014"
2803,39.971001,-105.397003,2329,"CO",409,"Cervus","elaphus","elk","Animalia",16051,344,"Young individuals",2013,2,28,59,2456352,4,2013,3,3,62,2456355,11,"16051_Young individuals","Young observed",2013,2013-02-28,243,59,2013,14,NA,NA,"16051_Young individuals_2013"
2803,39.971001,-105.397003,2329,"CO",405,"Tamias","minimus","least chipmunk","Animalia",16052,310,"Fruit/seed consumption",2013,4,25,115,2456408,4,2013,4,28,118,2456411,4,"16052_Fruit/seed consumption","Feeding",2013,2013-04-25,299,115,2013,15,NA,NA,"16052_Fruit/seed consumption_2013"
2803,39.971001,-105.397003,2329,"CO",405,"Tamias","minimus","least chipmunk","Animalia",16052,311,"Nut gathering",2013,4,28,118,2456411,3,2013,4,28,118,2456411,4,"16052_Nut gathering","Feeding",2013,2013-04-28,302,118,2013,15,NA,NA,"16052_Nut gathering_2013"
2803,39.971001,-105.397003,2329,"CO",405,"Tamias","minimus","least chipmunk","Animalia",16052,344,"Young individuals",2013,6,23,174,2456467,3,2013,8,1,213,2456506,38,"16052_Young individuals","Young observed",2013,2013-06-23,358,174,2013,14,NA,NA,"16052_Young individuals_2013"
2803,39.971001,-105.397003,2329,"CO",264,"Odocoileus","hemionus","mule deer","Animalia",16053,344,"Young individuals",2013,4,25,115,2456408,4,2013,4,25,115,2456408,3,"16053_Young individuals","Young observed",2013,2013-04-25,299,115,2013,12,NA,NA,"16053_Young individuals_2013"
8418,32.363758,-94.873947,115,"TX",1144,"Sciurus","carolinensis","eastern gray squirrel","Animalia",25350,310,"Fruit/seed consumption",2013,1,6,6,2456299,3,2013,1,6,6,2456299,4,"25350_Fruit/seed consumption","Feeding",2013,2013-01-06,190,6,2013,12,NA,NA,"25350_Fruit/seed consumption_2013"
8418,32.363758,-94.873947,115,"TX",1144,"Sciurus","carolinensis","eastern gray squirrel","Animalia",25350,311,"Nut gathering",2013,1,6,6,2456299,3,2013,1,6,6,2456299,4,"25350_Nut gathering","Feeding",2013,2013-01-06,190,6,2013,11,NA,NA,"25350_Nut gathering_2013"
6091,34.11578,-118.757507,282,"CA",404,"Otospermophilus","beecheyi","California ground squirrel","Animalia",33832,344,"Young individuals",2013,6,21,172,2456465,7,2013,6,21,172,2456465,5,"33832_Young individuals","Young observed",2013,2013-06-21,356,172,2013,11,NA,NA,"33832_Young individuals_2013"
8496,46.328629,-96.061256,393,"MN",1144,"Sciurus","carolinensis","eastern gray squirrel","Animalia",34923,310,"Fruit/seed consumption",2013,1,25,25,2456318,NA,2013,1,28,28,2456321,3,"34923_Fruit/seed consumption","Feeding",2013,2013-01-25,209,25,2013,13,NA,NA,"34923_Fruit/seed consumption_2013"
8496,46.328629,-96.061256,393,"MN",1146,"Tamiasciurus","hudsonicus","red squirrel","Animalia",34926,310,"Fruit/seed consumption",2013,1,25,25,2456318,NA,2013,1,25,25,2456318,3,"34926_Fruit/seed consumption","Feeding",2013,2013-01-25,209,25,2013,11,NA,NA,"34926_Fruit/seed consumption_2013"
10145,42.602543,-83.250992,277,"MI",1144,"Sciurus","carolinensis","eastern gray squirrel","Animalia",38885,311,"Nut gathering",2013,9,27,270,2456563,1,2013,9,27,270,2456563,1,"38885_Nut gathering","Feeding",2014,2013-09-27,89,270,2013,9,NA,NA,"38885_Nut gathering_2013"
10145,42.602543,-83.250992,277,"MI",1145,"Sciurus","niger","fox squirrel","Animalia",38896,311,"Nut gathering",2013,4,26,116,2456409,NA,2013,4,26,116,2456409,4,"38896_Nut gathering","Feeding",2013,2013-04-26,300,116,2013,9,NA,NA,"38896_Nut gathering_2013"
10145,42.602543,-83.250992,277,"MI",270,"Odocoileus","virginianus","white-tailed deer","Animalia",38973,344,"Young individuals",2013,6,26,177,2456470,NA,2013,6,26,177,2456470,2,"38973_Young individuals","Young observed",2013,2013-06-26,361,177,2013,10,NA,NA,"38973_Young individuals_2013"
10145,42.602543,-83.250992,277,"MI",266,"Marmota","monax","woodchuck","Animalia",38980,344,"Young individuals",2013,6,26,177,2456470,2,2013,6,28,179,2456472,1,"38980_Young individuals","Young observed",2013,2013-06-26,361,177,2013,12,NA,NA,"38980_Young individuals_2013"
10717,38.285664,-111.246605,1790,"UT",263,"Marmota","flaviventris","yellow-bellied marmot","Animalia",42594,344,"Young individuals",2013,6,5,156,2456449,1,2013,6,5,156,2456449,2,"42594_Young individuals","Young observed",2013,2013-06-05,340,156,2013,9,NA,NA,"42594_Young individuals_2013"
10717,38.285664,-111.246605,1790,"UT",264,"Odocoileus","hemionus","mule deer","Animalia",42595,344,"Young individuals",2013,4,29,119,2456412,1,2013,4,29,119,2456412,4,"42595_Young individuals","Young observed",2013,2013-04-29,303,119,2013,9,NA,NA,"42595_Young individuals_2013"
1419,42.011166,-88.503304,280,"IL",271,"Tamias","striatus","eastern chipmunk","Animalia",10285,310,"Fruit/seed consumption",2014,3,15,74,2456732,17,2014,3,15,74,2456732,7,"10285_Fruit/seed consumption","Feeding",2014,2014-03-15,258,74,2014,11,NA,NA,"10285_Fruit/seed consumption_2014"
2803,39.971001,-105.397003,2329,"CO",1715,"Sylvilagus","nuttallii","mountain cottontail","Animalia",16050,344,"Young individuals",2014,6,29,180,2456838,16,2014,9,28,271,2456929,5,"16050_Young individuals","Young observed",2014,2014-06-29,364,180,2014,14,NA,NA,"16050_Young individuals_2014"
2803,39.971001,-105.397003,2329,"CO",409,"Cervus","elaphus","elk","Animalia",16051,338,"Males vocalizing",2014,10,9,282,2456940,4,2014,10,17,290,2456948,2,"16051_Males vocalizing","Mating activity",2015,2014-10-09,101,101,2015,14,NA,NA,"16051_Males vocalizing_2015"
2803,39.971001,-105.397003,2329,"CO",409,"Cervus","elaphus","elk","Animalia",16051,339,"Male combat (horn/antler)",2014,10,17,290,2456948,8,2014,10,17,290,2456948,2,"16051_Male combat (horn/antler)","Mating activity",2015,2014-10-17,109,109,2015,13,NA,NA,"16051_Male combat (horn/antler)_2015"
2803,39.971001,-105.397003,2329,"CO",409,"Cervus","elaphus","elk","Animalia",16051,344,"Young individuals",2014,1,23,23,2456681,3,2014,1,23,23,2456681,4,"16051_Young individuals","Young observed",2014,2014-01-23,207,23,2014,14,NA,NA,"16051_Young individuals_2014"
2803,39.971001,-105.397003,2329,"CO",405,"Tamias","minimus","least chipmunk","Animalia",16052,310,"Fruit/seed consumption",2014,5,9,129,2456787,8,2014,5,9,129,2456787,3,"16052_Fruit/seed consumption","Feeding",2014,2014-05-09,313,129,2014,15,NA,NA,"16052_Fruit/seed consumption_2014"
2803,39.971001,-105.397003,2329,"CO",405,"Tamias","minimus","least chipmunk","Animalia",16052,311,"Nut gathering",2014,5,1,121,2456779,6,2014,5,1,121,2456779,8,"16052_Nut gathering","Feeding",2014,2014-05-01,305,121,2014,15,NA,NA,"16052_Nut gathering_2014"
2803,39.971001,-105.397003,2329,"CO",405,"Tamias","minimus","least chipmunk","Animalia",16052,344,"Young individuals",2014,8,11,223,2456881,25,2014,9,28,271,2456929,5,"16052_Young individuals","Young observed",2015,2014-08-11,42,223,2014,14,NA,NA,"16052_Young individuals_2014"
6362,43.012966,-73.649918,108,"NY",270,"Odocoileus","virginianus","white-tailed deer","Animalia",18144,344,"Young individuals",2014,8,4,216,2456874,20,2014,8,4,216,2456874,7,"18144_Young individuals","Young observed",2015,2014-08-04,35,216,2014,11,NA,NA,"18144_Young individuals_2014"
8418,32.363758,-94.873947,115,"TX",1144,"Sciurus","carolinensis","eastern gray squirrel","Animalia",25350,310,"Fruit/seed consumption",2014,1,11,11,2456669,6,2014,1,18,18,2456676,8,"25350_Fruit/seed consumption","Feeding",2014,2014-01-11,195,11,2014,12,NA,NA,"25350_Fruit/seed consumption_2014"
8418,32.363758,-94.873947,115,"TX",1144,"Sciurus","carolinensis","eastern gray squirrel","Animalia",25350,311,"Nut gathering",2014,9,14,257,2456915,4,2014,9,14,257,2456915,3,"25350_Nut gathering","Feeding",2015,2014-09-14,76,257,2014,11,NA,NA,"25350_Nut gathering_2014"
6091,34.11578,-118.757507,282,"CA",404,"Otospermophilus","beecheyi","California ground squirrel","Animalia",33832,344,"Young individuals",2014,5,22,142,2456800,6,2014,6,20,171,2456829,5,"33832_Young individuals","Young observed",2014,2014-05-22,326,142,2014,11,NA,NA,"33832_Young individuals_2014"
8496,46.328629,-96.061256,393,"MN",1144,"Sciurus","carolinensis","eastern gray squirrel","Animalia",34923,310,"Fruit/seed consumption",2014,1,2,2,2456660,NA,2014,3,10,69,2456727,8,"34923_Fruit/seed consumption","Feeding",2014,2014-01-02,186,2,2014,13,NA,NA,"34923_Fruit/seed consumption_2014"
8496,46.328629,-96.061256,393,"MN",1146,"Tamiasciurus","hudsonicus","red squirrel","Animalia",34926,310,"Fruit/seed consumption",2014,2,15,46,2456704,12,2014,2,15,46,2456704,9,"34926_Fruit/seed consumption","Feeding",2014,2014-02-15,230,46,2014,11,NA,NA,"34926_Fruit/seed consumption_2014"
10145,42.602543,-83.250992,277,"MI",410,"Sylvilagus","floridanus","eastern cottontail","Animalia",38884,344,"Young individuals",2014,9,9,252,2456910,1,2014,9,9,252,2456910,1,"38884_Young individuals","Young observed",2015,2014-09-09,71,252,2014,11,NA,NA,"38884_Young individuals_2014"
10145,42.602543,-83.250992,277,"MI",1144,"Sciurus","carolinensis","eastern gray squirrel","Animalia",38885,311,"Nut gathering",2014,6,9,160,2456818,1,2014,6,9,160,2456818,2,"38885_Nut gathering","Feeding",2014,2014-06-09,344,160,2014,9,NA,NA,"38885_Nut gathering_2014"
10145,42.602543,-83.250992,277,"MI",1145,"Sciurus","niger","fox squirrel","Animalia",38896,311,"Nut gathering",2014,9,3,246,2456904,1,2014,9,5,248,2456906,1,"38896_Nut gathering","Feeding",2015,2014-09-03,65,246,2014,9,NA,NA,"38896_Nut gathering_2014"
10145,42.602543,-83.250992,277,"MI",266,"Marmota","monax","woodchuck","Animalia",38980,344,"Young individuals",2014,6,26,177,2456835,1,2014,7,1,182,2456840,1,"38980_Young individuals","Young observed",2014,2014-06-26,361,177,2014,12,NA,NA,"38980_Young individuals_2014"
10717,38.285664,-111.246605,1790,"UT",263,"Marmota","flaviventris","yellow-bellied marmot","Animalia",42594,344,"Young individuals",2014,4,14,104,2456762,1,2014,4,24,114,2456772,1,"42594_Young individuals","Young observed",2014,2014-04-14,288,104,2014,9,NA,NA,"42594_Young individuals_2014"
10717,38.285664,-111.246605,1790,"UT",264,"Odocoileus","hemionus","mule deer","Animalia",42595,344,"Young individuals",2014,6,20,171,2456829,2,2014,6,21,172,2456830,1,"42595_Young individuals","Young observed",2014,2014-06-20,355,171,2014,9,NA,NA,"42595_Young individuals_2014"
1419,42.011166,-88.503304,280,"IL",271,"Tamias","striatus","eastern chipmunk","Animalia",10285,310,"Fruit/seed consumption",2015,5,10,130,2457153,8,2015,5,10,130,2457153,4,"10285_Fruit/seed consumption","Feeding",2015,2015-05-10,314,130,2015,11,NA,NA,"10285_Fruit/seed consumption_2015"
2803,39.971001,-105.397003,2329,"CO",1715,"Sylvilagus","nuttallii","mountain cottontail","Animalia",16050,344,"Young individuals",2015,6,9,160,2457183,9,2015,6,17,168,2457191,2,"16050_Young individuals","Young observed",2015,2015-06-09,344,160,2015,14,NA,NA,"16050_Young individuals_2015"
2803,39.971001,-105.397003,2329,"CO",409,"Cervus","elaphus","elk","Animalia",16051,338,"Males vocalizing",2015,10,25,298,2457321,3,2015,10,25,298,2457321,5,"16051_Males vocalizing","Mating activity",2016,2015-10-25,117,117,2016,14,NA,NA,"16051_Males vocalizing_2016"
2803,39.971001,-105.397003,2329,"CO",409,"Cervus","elaphus","elk","Animalia",16051,339,"Male combat (horn/antler)",2015,10,25,298,2457321,3,2015,10,25,298,2457321,5,"16051_Male combat (horn/antler)","Mating activity",2016,2015-10-25,117,117,2016,13,NA,NA,"16051_Male combat (horn/antler)_2016"
2803,39.971001,-105.397003,2329,"CO",409,"Cervus","elaphus","elk","Animalia",16051,344,"Young individuals",2015,3,22,81,2457104,2,2015,4,5,95,2457118,2,"16051_Young individuals","Young observed",2015,2015-03-22,265,81,2015,14,NA,NA,"16051_Young individuals_2015"
2803,39.971001,-105.397003,2329,"CO",405,"Tamias","minimus","least chipmunk","Animalia",16052,310,"Fruit/seed consumption",2015,5,25,145,2457168,8,2015,6,24,175,2457198,19,"16052_Fruit/seed consumption","Feeding",2015,2015-05-25,329,145,2015,15,NA,NA,"16052_Fruit/seed consumption_2015"
2803,39.971001,-105.397003,2329,"CO",405,"Tamias","minimus","least chipmunk","Animalia",16052,311,"Nut gathering",2015,3,22,81,2457104,2,2015,3,22,81,2457104,11,"16052_Nut gathering","Feeding",2015,2015-03-22,265,81,2015,15,NA,NA,"16052_Nut gathering_2015"
2803,39.971001,-105.397003,2329,"CO",405,"Tamias","minimus","least chipmunk","Animalia",16052,344,"Young individuals",2015,6,17,168,2457191,8,2015,6,24,175,2457198,19,"16052_Young individuals","Young observed",2015,2015-06-17,352,168,2015,14,NA,NA,"16052_Young individuals_2015"
2803,39.971001,-105.397003,2329,"CO",264,"Odocoileus","hemionus","mule deer","Animalia",16053,344,"Young individuals",2015,4,5,95,2457118,3,2015,4,5,95,2457118,2,"16053_Young individuals","Young observed",2015,2015-04-05,279,95,2015,12,NA,NA,"16053_Young individuals_2015"
6362,43.012966,-73.649918,108,"NY",270,"Odocoileus","virginianus","white-tailed deer","Animalia",18144,344,"Young individuals",2015,9,8,251,2457274,13,2015,9,8,251,2457274,8,"18144_Young individuals","Young observed",2016,2015-09-08,70,251,2015,11,NA,NA,"18144_Young individuals_2015"
8418,32.363758,-94.873947,115,"TX",1144,"Sciurus","carolinensis","eastern gray squirrel","Animalia",25350,310,"Fruit/seed consumption",2015,3,15,74,2457097,44,2015,4,12,102,2457125,3,"25350_Fruit/seed consumption","Feeding",2015,2015-03-15,258,74,2015,12,NA,NA,"25350_Fruit/seed consumption_2015"
8418,32.363758,-94.873947,115,"TX",1144,"Sciurus","carolinensis","eastern gray squirrel","Animalia",25350,311,"Nut gathering",2015,9,23,266,2457289,3,2015,9,23,266,2457289,4,"25350_Nut gathering","Feeding",2016,2015-09-23,85,266,2015,11,NA,NA,"25350_Nut gathering_2015"
6091,34.11578,-118.757507,282,"CA",404,"Otospermophilus","beecheyi","California ground squirrel","Animalia",33832,344,"Young individuals",2015,5,1,121,2457144,9,2015,5,14,134,2457157,6,"33832_Young individuals","Young observed",2015,2015-05-01,305,121,2015,11,NA,NA,"33832_Young individuals_2015"
8496,46.328629,-96.061256,393,"MN",1144,"Sciurus","carolinensis","eastern gray squirrel","Animalia",34923,310,"Fruit/seed consumption",2015,1,2,2,2457025,NA,2015,3,14,73,2457096,6,"34923_Fruit/seed consumption","Feeding",2015,2015-01-02,186,2,2015,13,NA,NA,"34923_Fruit/seed consumption_2015"
8496,46.328629,-96.061256,393,"MN",1146,"Tamiasciurus","hudsonicus","red squirrel","Animalia",34926,310,"Fruit/seed consumption",2015,1,2,2,2457025,NA,2015,1,2,2,2457025,3,"34926_Fruit/seed consumption","Feeding",2015,2015-01-02,186,2,2015,11,NA,NA,"34926_Fruit/seed consumption_2015"
10145,42.602543,-83.250992,277,"MI",410,"Sylvilagus","floridanus","eastern cottontail","Animalia",38884,344,"Young individuals",2015,6,4,155,2457178,1,2015,6,4,155,2457178,1,"38884_Young individuals","Young observed",2015,2015-06-04,339,155,2015,11,NA,NA,"38884_Young individuals_2015"
10145,42.602543,-83.250992,277,"MI",1144,"Sciurus","carolinensis","eastern gray squirrel","Animalia",38885,311,"Nut gathering",2015,9,19,262,2457285,1,2015,9,19,262,2457285,1,"38885_Nut gathering","Feeding",2016,2015-09-19,81,262,2015,9,NA,NA,"38885_Nut gathering_2015"
10145,42.602543,-83.250992,277,"MI",270,"Odocoileus","virginianus","white-tailed deer","Animalia",38973,344,"Young individuals",2015,6,17,168,2457191,1,2015,6,17,168,2457191,1,"38973_Young individuals","Young observed",2015,2015-06-17,352,168,2015,10,NA,NA,"38973_Young individuals_2015"
10145,42.602543,-83.250992,277,"MI",266,"Marmota","monax","woodchuck","Animalia",38980,344,"Young individuals",2015,6,4,155,2457178,1,2015,6,5,156,2457179,1,"38980_Young individuals","Young observed",2015,2015-06-04,339,155,2015,12,NA,NA,"38980_Young individuals_2015"
10717,38.285664,-111.246605,1790,"UT",263,"Marmota","flaviventris","yellow-bellied marmot","Animalia",42594,344,"Young individuals",2015,5,29,149,2457172,27,2015,5,29,149,2457172,7,"42594_Young individuals","Young observed",2015,2015-05-29,333,149,2015,9,NA,NA,"42594_Young individuals_2015"
10717,38.285664,-111.246605,1790,"UT",264,"Odocoileus","hemionus","mule deer","Animalia",42595,344,"Young individuals",2015,3,23,82,2457105,1,2015,3,23,82,2457105,6,"42595_Young individuals","Young observed",2015,2015-03-23,266,82,2015,9,NA,NA,"42595_Young individuals_2015"
101,37.169998,-98.029999,410,"KS",1145,"Sciurus","niger","fox squirrel","Animalia",82543,310,"Fruit/seed consumption",2015,3,8,67,2457090,NA,2015,11,8,312,2457335,NA,"82543_Fruit/seed consumption","Feeding",2015,2015-03-08,251,67,2015,11,NA,NA,"82543_Fruit/seed consumption_2015"
101,37.169998,-98.029999,410,"KS",1145,"Sciurus","niger","fox squirrel","Animalia",82543,344,"Young individuals",2015,6,14,165,2457188,56,2015,6,14,165,2457188,147,"82543_Young individuals","Young observed",2015,2015-06-14,349,165,2015,11,NA,NA,"82543_Young individuals_2015"
1419,42.011166,-88.503304,280,"IL",271,"Tamias","striatus","eastern chipmunk","Animalia",10285,310,"Fruit/seed consumption",2016,5,28,149,2457537,21,2016,5,28,149,2457537,7,"10285_Fruit/seed consumption","Feeding",2016,2016-05-28,333,149,2016,11,NA,NA,"10285_Fruit/seed consumption_2016"
2803,39.971001,-105.397003,2329,"CO",1715,"Sylvilagus","nuttallii","mountain cottontail","Animalia",16050,344,"Young individuals",2016,8,22,235,2457623,3,2016,9,1,245,2457633,5,"16050_Young individuals","Young observed",2017,2016-08-22,53,235,2016,14,NA,NA,"16050_Young individuals_2016"
2803,39.971001,-105.397003,2329,"CO",409,"Cervus","elaphus","elk","Animalia",16051,338,"Males vocalizing",2016,11,1,306,2457694,4,2016,11,4,309,2457697,3,"16051_Males vocalizing","Mating activity",2017,2016-11-01,124,124,2017,14,NA,NA,"16051_Males vocalizing_2017"
2803,39.971001,-105.397003,2329,"CO",409,"Cervus","elaphus","elk","Animalia",16051,339,"Male combat (horn/antler)",2016,11,1,306,2457694,4,2016,11,4,309,2457697,3,"16051_Male combat (horn/antler)","Mating activity",2017,2016-11-01,124,124,2017,13,NA,NA,"16051_Male combat (horn/antler)_2017"
2803,39.971001,-105.397003,2329,"CO",409,"Cervus","elaphus","elk","Animalia",16051,344,"Young individuals",2016,2,7,38,2457426,3,2016,2,7,38,2457426,5,"16051_Young individuals","Young observed",2016,2016-02-07,222,38,2016,14,NA,NA,"16051_Young individuals_2016"
2803,39.971001,-105.397003,2329,"CO",405,"Tamias","minimus","least chipmunk","Animalia",16052,310,"Fruit/seed consumption",2016,4,7,98,2457486,4,2016,4,10,101,2457489,14,"16052_Fruit/seed consumption","Feeding",2016,2016-04-07,282,98,2016,15,NA,NA,"16052_Fruit/seed consumption_2016"
2803,39.971001,-105.397003,2329,"CO",405,"Tamias","minimus","least chipmunk","Animalia",16052,311,"Nut gathering",2016,4,7,98,2457486,4,2016,4,7,98,2457486,17,"16052_Nut gathering","Feeding",2016,2016-04-07,282,98,2016,15,NA,NA,"16052_Nut gathering_2016"
2803,39.971001,-105.397003,2329,"CO",405,"Tamias","minimus","least chipmunk","Animalia",16052,344,"Young individuals",2016,5,29,150,2457538,2,2016,8,19,232,2457620,7,"16052_Young individuals","Young observed",2016,2016-05-29,334,150,2016,14,NA,NA,"16052_Young individuals_2016"
6362,43.012966,-73.649918,108,"NY",270,"Odocoileus","virginianus","white-tailed deer","Animalia",18144,344,"Young individuals",2016,12,6,341,2457729,7,2016,12,6,341,2457729,7,"18144_Young individuals","Young observed",2017,2016-12-06,159,341,2016,11,NA,NA,"18144_Young individuals_2016"
8418,32.363758,-94.873947,115,"TX",1144,"Sciurus","carolinensis","eastern gray squirrel","Animalia",25350,310,"Fruit/seed consumption",2016,1,3,3,2457391,NA,2016,1,17,17,2457405,3,"25350_Fruit/seed consumption","Feeding",2016,2016-01-03,187,3,2016,12,NA,NA,"25350_Fruit/seed consumption_2016"
8418,32.363758,-94.873947,115,"TX",1144,"Sciurus","carolinensis","eastern gray squirrel","Animalia",25350,311,"Nut gathering",2016,9,18,262,2457650,4,2016,9,18,262,2457650,3,"25350_Nut gathering","Feeding",2017,2016-09-18,80,262,2016,11,NA,NA,"25350_Nut gathering_2016"
6091,34.11578,-118.757507,282,"CA",404,"Otospermophilus","beecheyi","California ground squirrel","Animalia",33832,344,"Young individuals",2016,4,22,113,2457501,7,2016,4,22,113,2457501,6,"33832_Young individuals","Young observed",2016,2016-04-22,297,113,2016,11,NA,NA,"33832_Young individuals_2016"
8496,46.328629,-96.061256,393,"MN",1144,"Sciurus","carolinensis","eastern gray squirrel","Animalia",34923,310,"Fruit/seed consumption",2016,1,10,10,2457398,NA,2016,9,10,254,2457642,9,"34923_Fruit/seed consumption","Feeding",2016,2016-01-10,194,10,2016,13,NA,NA,"34923_Fruit/seed consumption_2016"
8496,46.328629,-96.061256,393,"MN",1146,"Tamiasciurus","hudsonicus","red squirrel","Animalia",34926,310,"Fruit/seed consumption",2016,1,15,15,2457403,5,2016,1,26,26,2457414,5,"34926_Fruit/seed consumption","Feeding",2016,2016-01-15,199,15,2016,11,NA,NA,"34926_Fruit/seed consumption_2016"
10145,42.602543,-83.250992,277,"MI",410,"Sylvilagus","floridanus","eastern cottontail","Animalia",38884,344,"Young individuals",2016,8,2,215,2457603,1,2016,8,2,215,2457603,1,"38884_Young individuals","Young observed",2017,2016-08-02,33,215,2016,11,NA,NA,"38884_Young individuals_2016"
10145,42.602543,-83.250992,277,"MI",1144,"Sciurus","carolinensis","eastern gray squirrel","Animalia",38885,311,"Nut gathering",2016,9,9,253,2457641,1,2016,9,10,254,2457642,1,"38885_Nut gathering","Feeding",2017,2016-09-09,71,253,2016,9,NA,NA,"38885_Nut gathering_2016"
10145,42.602543,-83.250992,277,"MI",1145,"Sciurus","niger","fox squirrel","Animalia",38896,311,"Nut gathering",2016,1,17,17,2457405,1,2016,1,17,17,2457405,1,"38896_Nut gathering","Feeding",2016,2016-01-17,201,17,2016,9,NA,NA,"38896_Nut gathering_2016"
10145,42.602543,-83.250992,277,"MI",266,"Marmota","monax","woodchuck","Animalia",38980,344,"Young individuals",2016,5,19,140,2457528,1,2016,5,20,141,2457529,1,"38980_Young individuals","Young observed",2016,2016-05-19,324,140,2016,12,NA,NA,"38980_Young individuals_2016"
10717,38.285664,-111.246605,1790,"UT",263,"Marmota","flaviventris","yellow-bellied marmot","Animalia",42594,344,"Young individuals",2016,6,12,164,2457552,13,2016,6,12,164,2457552,8,"42594_Young individuals","Young observed",2016,2016-06-12,348,164,2016,9,NA,NA,"42594_Young individuals_2016"
10717,38.285664,-111.246605,1790,"UT",264,"Odocoileus","hemionus","mule deer","Animalia",42595,344,"Young individuals",2016,7,30,212,2457600,10,2016,7,30,212,2457600,8,"42595_Young individuals","Young observed",2017,2016-07-30,30,212,2016,9,NA,NA,"42595_Young individuals_2016"
101,37.169998,-98.029999,410,"KS",1145,"Sciurus","niger","fox squirrel","Animalia",82543,310,"Fruit/seed consumption",2016,3,6,66,2457454,NA,2016,3,6,66,2457454,7,"82543_Fruit/seed consumption","Feeding",2016,2016-03-06,250,66,2016,11,NA,NA,"82543_Fruit/seed consumption_2016"
101,37.169998,-98.029999,410,"KS",1145,"Sciurus","niger","fox squirrel","Animalia",82543,344,"Young individuals",2016,7,14,196,2457584,79,2016,7,14,196,2457584,NA,"82543_Young individuals","Young observed",2017,2016-07-14,14,196,2016,11,NA,NA,"82543_Young individuals_2016"
1419,42.011166,-88.503304,280,"IL",271,"Tamias","striatus","eastern chipmunk","Animalia",10285,310,"Fruit/seed consumption",2017,3,18,77,2457831,8,2017,3,28,87,2457841,5,"10285_Fruit/seed consumption","Feeding",2017,2017-03-18,261,77,2017,11,NA,NA,"10285_Fruit/seed consumption_2017"
2803,39.971001,-105.397003,2329,"CO",1715,"Sylvilagus","nuttallii","mountain cottontail","Animalia",16050,344,"Young individuals",2017,7,14,195,2457949,4,2017,7,17,198,2457952,4,"16050_Young individuals","Young observed",2018,2017-07-14,14,195,2017,14,NA,NA,"16050_Young individuals_2017"
2803,39.971001,-105.397003,2329,"CO",409,"Cervus","elaphus","elk","Animalia",16051,338,"Males vocalizing",2017,9,22,265,2458019,7,2017,9,29,272,2458026,8,"16051_Males vocalizing","Mating activity",2018,2017-09-22,84,84,2018,14,NA,NA,"16051_Males vocalizing_2018"
2803,39.971001,-105.397003,2329,"CO",409,"Cervus","elaphus","elk","Animalia",16051,339,"Male combat (horn/antler)",2017,10,20,293,2458047,5,2017,10,20,293,2458047,14,"16051_Male combat (horn/antler)","Mating activity",2018,2017-10-20,112,112,2018,13,NA,NA,"16051_Male combat (horn/antler)_2018"
2803,39.971001,-105.397003,2329,"CO",409,"Cervus","elaphus","elk","Animalia",16051,344,"Young individuals",2017,1,9,9,2457763,2,2017,1,9,9,2457763,4,"16051_Young individuals","Young observed",2017,2017-01-09,193,9,2017,14,NA,NA,"16051_Young individuals_2017"
2803,39.971001,-105.397003,2329,"CO",405,"Tamias","minimus","least chipmunk","Animalia",16052,310,"Fruit/seed consumption",2017,4,13,103,2457857,5,2017,4,15,105,2457859,2,"16052_Fruit/seed consumption","Feeding",2017,2017-04-13,287,103,2017,15,NA,NA,"16052_Fruit/seed consumption_2017"
2803,39.971001,-105.397003,2329,"CO",405,"Tamias","minimus","least chipmunk","Animalia",16052,311,"Nut gathering",2017,7,10,191,2457945,3,2017,9,2,245,2457999,6,"16052_Nut gathering","Feeding",2018,2017-07-10,10,191,2017,15,NA,NA,"16052_Nut gathering_2017"
2803,39.971001,-105.397003,2329,"CO",405,"Tamias","minimus","least chipmunk","Animalia",16052,344,"Young individuals",2017,4,13,103,2457857,5,2017,4,13,103,2457857,2,"16052_Young individuals","Young observed",2017,2017-04-13,287,103,2017,14,NA,NA,"16052_Young individuals_2017"
2803,39.971001,-105.397003,2329,"CO",264,"Odocoileus","hemionus","mule deer","Animalia",16053,344,"Young individuals",2017,4,1,91,2457845,1,2017,4,1,91,2457845,2,"16053_Young individuals","Young observed",2017,2017-04-01,275,91,2017,12,NA,NA,"16053_Young individuals_2017"
6362,43.012966,-73.649918,108,"NY",270,"Odocoileus","virginianus","white-tailed deer","Animalia",18144,344,"Young individuals",2017,2,27,58,2457812,6,2017,3,7,66,2457820,6,"18144_Young individuals","Young observed",2017,2017-02-27,242,58,2017,11,NA,NA,"18144_Young individuals_2017"
8418,32.363758,-94.873947,115,"TX",1144,"Sciurus","carolinensis","eastern gray squirrel","Animalia",25350,310,"Fruit/seed consumption",2017,1,1,1,2457755,NA,2017,1,1,1,2457755,3,"25350_Fruit/seed consumption","Feeding",2017,2017-01-01,185,1,2017,12,NA,NA,"25350_Fruit/seed consumption_2017"
8418,32.363758,-94.873947,115,"TX",1144,"Sciurus","carolinensis","eastern gray squirrel","Animalia",25350,311,"Nut gathering",2017,1,1,1,2457755,NA,2017,1,1,1,2457755,3,"25350_Nut gathering","Feeding",2017,2017-01-01,185,1,2017,11,NA,NA,"25350_Nut gathering_2017"
6091,34.11578,-118.757507,282,"CA",404,"Otospermophilus","beecheyi","California ground squirrel","Animalia",33832,344,"Young individuals",2017,4,20,110,2457864,6,2017,4,20,110,2457864,7,"33832_Young individuals","Young observed",2017,2017-04-20,294,110,2017,11,NA,NA,"33832_Young individuals_2017"
8496,46.328629,-96.061256,393,"MN",1144,"Sciurus","carolinensis","eastern gray squirrel","Animalia",34923,310,"Fruit/seed consumption",2017,1,9,9,2457763,NA,2017,3,18,77,2457831,9,"34923_Fruit/seed consumption","Feeding",2017,2017-01-09,193,9,2017,13,NA,NA,"34923_Fruit/seed consumption_2017"
8496,46.328629,-96.061256,393,"MN",1146,"Tamiasciurus","hudsonicus","red squirrel","Animalia",34926,310,"Fruit/seed consumption",2017,1,9,9,2457763,NA,2017,3,2,61,2457815,16,"34926_Fruit/seed consumption","Feeding",2017,2017-01-09,193,9,2017,11,NA,NA,"34926_Fruit/seed consumption_2017"
10145,42.602543,-83.250992,277,"MI",410,"Sylvilagus","floridanus","eastern cottontail","Animalia",38884,344,"Young individuals",2017,6,1,152,2457906,1,2017,6,2,153,2457907,1,"38884_Young individuals","Young observed",2017,2017-06-01,336,152,2017,11,NA,NA,"38884_Young individuals_2017"
10145,42.602543,-83.250992,277,"MI",1144,"Sciurus","carolinensis","eastern gray squirrel","Animalia",38885,311,"Nut gathering",2017,9,26,269,2458023,1,2017,9,26,269,2458023,1,"38885_Nut gathering","Feeding",2018,2017-09-26,88,269,2017,9,NA,NA,"38885_Nut gathering_2017"
10145,42.602543,-83.250992,277,"MI",1145,"Sciurus","niger","fox squirrel","Animalia",38896,311,"Nut gathering",2017,9,26,269,2458023,1,2017,9,26,269,2458023,1,"38896_Nut gathering","Feeding",2018,2017-09-26,88,269,2017,9,NA,NA,"38896_Nut gathering_2017"
10145,42.602543,-83.250992,277,"MI",270,"Odocoileus","virginianus","white-tailed deer","Animalia",38973,344,"Young individuals",2017,6,4,155,2457909,1,2017,6,5,156,2457910,2,"38973_Young individuals","Young observed",2017,2017-06-04,339,155,2017,10,NA,NA,"38973_Young individuals_2017"
10145,42.602543,-83.250992,277,"MI",266,"Marmota","monax","woodchuck","Animalia",38980,344,"Young individuals",2017,6,4,155,2457909,1,2017,6,9,160,2457914,1,"38980_Young individuals","Young observed",2017,2017-06-04,339,155,2017,12,NA,NA,"38980_Young individuals_2017"
10717,38.285664,-111.246605,1790,"UT",263,"Marmota","flaviventris","yellow-bellied marmot","Animalia",42594,344,"Young individuals",2017,5,26,146,2457900,31,2017,7,2,183,2457937,20,"42594_Young individuals","Young observed",2017,2017-05-26,330,146,2017,9,NA,NA,"42594_Young individuals_2017"
10717,38.285664,-111.246605,1790,"UT",264,"Odocoileus","hemionus","mule deer","Animalia",42595,344,"Young individuals",2017,7,2,183,2457937,37,2017,7,2,183,2457937,20,"42595_Young individuals","Young observed",2018,2017-07-02,2,183,2017,9,NA,NA,"42595_Young individuals_2017"
101,37.169998,-98.029999,410,"KS",1145,"Sciurus","niger","fox squirrel","Animalia",82543,310,"Fruit/seed consumption",2017,2,17,48,2457802,NA,2017,10,4,277,2458031,NA,"82543_Fruit/seed consumption","Feeding",2017,2017-02-17,232,48,2017,11,NA,NA,"82543_Fruit/seed consumption_2017"
101,37.169998,-98.029999,410,"KS",1145,"Sciurus","niger","fox squirrel","Animalia",82543,344,"Young individuals",2017,4,11,101,2457855,8,2017,5,23,143,2457897,134,"82543_Young individuals","Young observed",2017,2017-04-11,285,101,2017,11,NA,NA,"82543_Young individuals_2017"
1419,42.011166,-88.503304,280,"IL",271,"Tamias","striatus","eastern chipmunk","Animalia",10285,310,"Fruit/seed consumption",2018,6,9,160,2458279,34,2018,6,15,166,2458285,19,"10285_Fruit/seed consumption","Feeding",2018,2018-06-09,344,160,2018,11,NA,NA,"10285_Fruit/seed consumption_2018"
2803,39.971001,-105.397003,2329,"CO",1715,"Sylvilagus","nuttallii","mountain cottontail","Animalia",16050,344,"Young individuals",2018,7,13,194,2458313,4,2018,9,1,244,2458363,2,"16050_Young individuals","Young observed",2019,2018-07-13,13,194,2018,14,NA,NA,"16050_Young individuals_2018"
2803,39.971001,-105.397003,2329,"CO",409,"Cervus","elaphus","elk","Animalia",16051,338,"Males vocalizing",2018,9,21,264,2458383,4,2018,9,21,264,2458383,3,"16051_Males vocalizing","Mating activity",2019,2018-09-21,83,83,2019,14,NA,NA,"16051_Males vocalizing_2019"
2803,39.971001,-105.397003,2329,"CO",409,"Cervus","elaphus","elk","Animalia",16051,339,"Male combat (horn/antler)",2018,11,24,328,2458447,7,2018,11,24,328,2458447,2,"16051_Male combat (horn/antler)","Mating activity",2019,2018-11-24,147,147,2019,13,NA,NA,"16051_Male combat (horn/antler)_2019"
2803,39.971001,-105.397003,2329,"CO",409,"Cervus","elaphus","elk","Animalia",16051,344,"Young individuals",2018,1,2,2,2458121,NA,2018,1,2,2,2458121,4,"16051_Young individuals","Young observed",2018,2018-01-02,186,2,2018,14,NA,NA,"16051_Young individuals_2018"
2803,39.971001,-105.397003,2329,"CO",405,"Tamias","minimus","least chipmunk","Animalia",16052,310,"Fruit/seed consumption",2018,5,11,131,2458250,4,2018,6,25,176,2458295,4,"16052_Fruit/seed consumption","Feeding",2018,2018-05-11,315,131,2018,15,NA,NA,"16052_Fruit/seed consumption_2018"
2803,39.971001,-105.397003,2329,"CO",405,"Tamias","minimus","least chipmunk","Animalia",16052,311,"Nut gathering",2018,5,11,131,2458250,4,2018,6,25,176,2458295,4,"16052_Nut gathering","Feeding",2018,2018-05-11,315,131,2018,15,NA,NA,"16052_Nut gathering_2018"
2803,39.971001,-105.397003,2329,"CO",405,"Tamias","minimus","least chipmunk","Animalia",16052,344,"Young individuals",2018,5,21,141,2458260,10,2018,6,25,176,2458295,4,"16052_Young individuals","Young observed",2018,2018-05-21,325,141,2018,14,NA,NA,"16052_Young individuals_2018"
2803,39.971001,-105.397003,2329,"CO",264,"Odocoileus","hemionus","mule deer","Animalia",16053,344,"Young individuals",2018,4,2,92,2458211,3,2018,4,2,92,2458211,21,"16053_Young individuals","Young observed",2018,2018-04-02,276,92,2018,12,NA,NA,"16053_Young individuals_2018"
6362,43.012966,-73.649918,108,"NY",270,"Odocoileus","virginianus","white-tailed deer","Animalia",18144,344,"Young individuals",2018,6,13,164,2458283,7,2018,6,13,164,2458283,7,"18144_Young individuals","Young observed",2018,2018-06-13,348,164,2018,11,NA,NA,"18144_Young individuals_2018"
8418,32.363758,-94.873947,115,"TX",1144,"Sciurus","carolinensis","eastern gray squirrel","Animalia",25350,310,"Fruit/seed consumption",2018,1,24,24,2458143,3,2018,1,24,24,2458143,4,"25350_Fruit/seed consumption","Feeding",2018,2018-01-24,208,24,2018,12,NA,NA,"25350_Fruit/seed consumption_2018"
8418,32.363758,-94.873947,115,"TX",1144,"Sciurus","carolinensis","eastern gray squirrel","Animalia",25350,311,"Nut gathering",2018,10,28,301,2458420,3,2018,10,28,301,2458420,8,"25350_Nut gathering","Feeding",2019,2018-10-28,120,301,2018,11,NA,NA,"25350_Nut gathering_2018"
6091,34.11578,-118.757507,282,"CA",404,"Otospermophilus","beecheyi","California ground squirrel","Animalia",33832,344,"Young individuals",2018,5,31,151,2458270,6,2018,7,6,187,2458306,22,"33832_Young individuals","Young observed",2018,2018-05-31,335,151,2018,11,NA,NA,"33832_Young individuals_2018"
8496,46.328629,-96.061256,393,"MN",1144,"Sciurus","carolinensis","eastern gray squirrel","Animalia",34923,310,"Fruit/seed consumption",2018,4,1,91,2458210,20,2018,4,1,91,2458210,18,"34923_Fruit/seed consumption","Feeding",2018,2018-04-01,275,91,2018,13,NA,NA,"34923_Fruit/seed consumption_2018"
8496,46.328629,-96.061256,393,"MN",1146,"Tamiasciurus","hudsonicus","red squirrel","Animalia",34926,310,"Fruit/seed consumption",2018,3,16,75,2458194,4,2018,4,1,91,2458210,18,"34926_Fruit/seed consumption","Feeding",2018,2018-03-16,259,75,2018,11,NA,NA,"34926_Fruit/seed consumption_2018"
10145,42.602543,-83.250992,277,"MI",1144,"Sciurus","carolinensis","eastern gray squirrel","Animalia",38885,311,"Nut gathering",2018,8,27,239,2458358,1,2018,8,27,239,2458358,1,"38885_Nut gathering","Feeding",2019,2018-08-27,58,239,2018,9,NA,NA,"38885_Nut gathering_2018"
10145,42.602543,-83.250992,277,"MI",270,"Odocoileus","virginianus","white-tailed deer","Animalia",38973,344,"Young individuals",2018,4,16,106,2458225,1,2018,4,17,107,2458226,1,"38973_Young individuals","Young observed",2018,2018-04-16,290,106,2018,10,NA,NA,"38973_Young individuals_2018"
10145,42.602543,-83.250992,277,"MI",266,"Marmota","monax","woodchuck","Animalia",38980,344,"Young individuals",2018,6,29,180,2458299,1,2018,6,29,180,2458299,2,"38980_Young individuals","Young observed",2018,2018-06-29,364,180,2018,12,NA,NA,"38980_Young individuals_2018"
101,37.169998,-98.029999,410,"KS",1145,"Sciurus","niger","fox squirrel","Animalia",82543,310,"Fruit/seed consumption",2018,3,17,76,2458195,NA,2018,5,20,140,2458259,NA,"82543_Fruit/seed consumption","Feeding",2018,2018-03-17,260,76,2018,11,NA,NA,"82543_Fruit/seed consumption_2018"
101,37.169998,-98.029999,410,"KS",1145,"Sciurus","niger","fox squirrel","Animalia",82543,344,"Young individuals",2018,4,29,119,2458238,4,2018,5,20,140,2458259,NA,"82543_Young individuals","Young observed",2018,2018-04-29,303,119,2018,11,NA,NA,"82543_Young individuals_2018"
1419,42.011166,-88.503304,280,"IL",271,"Tamias","striatus","eastern chipmunk","Animalia",10285,310,"Fruit/seed consumption",2019,6,2,153,2458637,27,2019,6,2,153,2458637,21,"10285_Fruit/seed consumption","Feeding",2019,2019-06-02,337,153,2019,11,NA,NA,"10285_Fruit/seed consumption_2019"
2803,39.971001,-105.397003,2329,"CO",1715,"Sylvilagus","nuttallii","mountain cottontail","Animalia",16050,344,"Young individuals",2019,1,1,1,2458485,NA,2019,1,1,1,2458485,6,"16050_Young individuals","Young observed",2019,2019-01-01,185,1,2019,14,NA,NA,"16050_Young individuals_2019"
2803,39.971001,-105.397003,2329,"CO",409,"Cervus","elaphus","elk","Animalia",16051,338,"Males vocalizing",2019,10,12,285,2458769,5,2019,10,12,285,2458769,2,"16051_Males vocalizing","Mating activity",2020,2019-10-12,104,104,2020,14,NA,NA,"16051_Males vocalizing_2020"
2803,39.971001,-105.397003,2329,"CO",409,"Cervus","elaphus","elk","Animalia",16051,344,"Young individuals",2019,1,1,1,2458485,NA,2019,1,1,1,2458485,6,"16051_Young individuals","Young observed",2019,2019-01-01,185,1,2019,14,NA,NA,"16051_Young individuals_2019"
2803,39.971001,-105.397003,2329,"CO",405,"Tamias","minimus","least chipmunk","Animalia",16052,310,"Fruit/seed consumption",2019,5,27,147,2458631,7,2019,5,27,147,2458631,3,"16052_Fruit/seed consumption","Feeding",2019,2019-05-27,331,147,2019,15,NA,NA,"16052_Fruit/seed consumption_2019"
2803,39.971001,-105.397003,2329,"CO",405,"Tamias","minimus","least chipmunk","Animalia",16052,311,"Nut gathering",2019,7,8,189,2458673,3,2019,9,14,257,2458741,2,"16052_Nut gathering","Feeding",2020,2019-07-08,8,189,2019,15,NA,NA,"16052_Nut gathering_2019"
2803,39.971001,-105.397003,2329,"CO",405,"Tamias","minimus","least chipmunk","Animalia",16052,344,"Young individuals",2019,6,24,175,2458659,2,2019,6,24,175,2458659,6,"16052_Young individuals","Young observed",2019,2019-06-24,359,175,2019,14,NA,NA,"16052_Young individuals_2019"
2803,39.971001,-105.397003,2329,"CO",264,"Odocoileus","hemionus","mule deer","Animalia",16053,344,"Young individuals",2019,1,14,14,2458498,2,2019,1,14,14,2458498,7,"16053_Young individuals","Young observed",2019,2019-01-14,198,14,2019,12,NA,NA,"16053_Young individuals_2019"
6362,43.012966,-73.649918,108,"NY",270,"Odocoileus","virginianus","white-tailed deer","Animalia",18144,344,"Young individuals",2019,8,5,217,2458701,4,2019,8,5,217,2458701,9,"18144_Young individuals","Young observed",2020,2019-08-05,36,217,2019,11,NA,NA,"18144_Young individuals_2019"
8418,32.363758,-94.873947,115,"TX",1144,"Sciurus","carolinensis","eastern gray squirrel","Animalia",25350,310,"Fruit/seed consumption",2019,4,28,118,2458602,4,2019,4,28,118,2458602,3,"25350_Fruit/seed consumption","Feeding",2019,2019-04-28,302,118,2019,12,NA,NA,"25350_Fruit/seed consumption_2019"
8418,32.363758,-94.873947,115,"TX",1144,"Sciurus","carolinensis","eastern gray squirrel","Animalia",25350,311,"Nut gathering",2019,1,14,14,2458498,13,2019,1,14,14,2458498,2,"25350_Nut gathering","Feeding",2019,2019-01-14,198,14,2019,11,NA,NA,"25350_Nut gathering_2019"
6091,34.11578,-118.757507,282,"CA",404,"Otospermophilus","beecheyi","California ground squirrel","Animalia",33832,344,"Young individuals",2019,5,31,151,2458635,7,2019,5,31,151,2458635,9,"33832_Young individuals","Young observed",2019,2019-05-31,335,151,2019,11,NA,NA,"33832_Young individuals_2019"
8496,46.328629,-96.061256,393,"MN",1144,"Sciurus","carolinensis","eastern gray squirrel","Animalia",34923,310,"Fruit/seed consumption",2019,2,25,56,2458540,36,2019,2,25,56,2458540,35,"34923_Fruit/seed consumption","Feeding",2019,2019-02-25,240,56,2019,13,NA,NA,"34923_Fruit/seed consumption_2019"
8496,46.328629,-96.061256,393,"MN",1146,"Tamiasciurus","hudsonicus","red squirrel","Animalia",34926,310,"Fruit/seed consumption",2019,4,20,110,2458594,19,2019,4,20,110,2458594,5,"34926_Fruit/seed consumption","Feeding",2019,2019-04-20,294,110,2019,11,NA,NA,"34926_Fruit/seed consumption_2019"
10145,42.602543,-83.250992,277,"MI",410,"Sylvilagus","floridanus","eastern cottontail","Animalia",38884,344,"Young individuals",2019,6,22,173,2458657,1,2019,6,22,173,2458657,1,"38884_Young individuals","Young observed",2019,2019-06-22,357,173,2019,11,NA,NA,"38884_Young individuals_2019"
10145,42.602543,-83.250992,277,"MI",270,"Odocoileus","virginianus","white-tailed deer","Animalia",38973,344,"Young individuals",2019,5,1,121,2458605,1,2019,5,1,121,2458605,1,"38973_Young individuals","Young observed",2019,2019-05-01,305,121,2019,10,NA,NA,"38973_Young individuals_2019"
10145,42.602543,-83.250992,277,"MI",266,"Marmota","monax","woodchuck","Animalia",38980,344,"Young individuals",2019,6,12,163,2458647,1,2019,6,13,164,2458648,1,"38980_Young individuals","Young observed",2019,2019-06-12,347,163,2019,12,NA,NA,"38980_Young individuals_2019"
10717,38.285664,-111.246605,1790,"UT",263,"Marmota","flaviventris","yellow-bellied marmot","Animalia",42594,344,"Young individuals",2019,6,28,179,2458663,2,2019,6,28,179,2458663,13,"42594_Young individuals","Young observed",2019,2019-06-28,363,179,2019,9,NA,NA,"42594_Young individuals_2019"
101,37.169998,-98.029999,410,"KS",1145,"Sciurus","niger","fox squirrel","Animalia",82543,310,"Fruit/seed consumption",2019,3,28,87,2458571,NA,2019,9,1,244,2458728,NA,"82543_Fruit/seed consumption","Feeding",2019,2019-03-28,271,87,2019,11,NA,NA,"82543_Fruit/seed consumption_2019"
101,37.169998,-98.029999,410,"KS",1145,"Sciurus","niger","fox squirrel","Animalia",82543,344,"Young individuals",2019,7,5,186,2458670,56,2019,7,5,186,2458670,58,"82543_Young individuals","Young observed",2020,2019-07-05,5,186,2019,11,NA,NA,"82543_Young individuals_2019"
2803,39.971001,-105.397003,2329,"CO",1715,"Sylvilagus","nuttallii","mountain cottontail","Animalia",16050,344,"Young individuals",2020,5,26,147,2458996,4,2020,6,12,164,2459013,3,"16050_Young individuals","Young observed",2020,2020-05-26,331,147,2020,14,NA,NA,"16050_Young individuals_2020"
2803,39.971001,-105.397003,2329,"CO",409,"Cervus","elaphus","elk","Animalia",16051,338,"Males vocalizing",2020,9,25,269,2459118,7,2020,10,2,276,2459125,3,"16051_Males vocalizing","Mating activity",2021,2020-09-25,87,87,2021,14,NA,NA,"16051_Males vocalizing_2021"
2803,39.971001,-105.397003,2329,"CO",409,"Cervus","elaphus","elk","Animalia",16051,339,"Male combat (horn/antler)",2020,10,2,276,2459125,4,2020,10,2,276,2459125,3,"16051_Male combat (horn/antler)","Mating activity",2021,2020-10-02,94,94,2021,13,NA,NA,"16051_Male combat (horn/antler)_2021"
2803,39.971001,-105.397003,2329,"CO",409,"Cervus","elaphus","elk","Animalia",16051,344,"Young individuals",2020,1,11,11,2458860,5,2020,1,11,11,2458860,6,"16051_Young individuals","Young observed",2020,2020-01-11,195,11,2020,14,NA,NA,"16051_Young individuals_2020"
2803,39.971001,-105.397003,2329,"CO",405,"Tamias","minimus","least chipmunk","Animalia",16052,310,"Fruit/seed consumption",2020,3,18,78,2458927,4,2020,3,18,78,2458927,7,"16052_Fruit/seed consumption","Feeding",2020,2020-03-18,262,78,2020,15,NA,NA,"16052_Fruit/seed consumption_2020"
2803,39.971001,-105.397003,2329,"CO",405,"Tamias","minimus","least chipmunk","Animalia",16052,311,"Nut gathering",2020,3,18,78,2458927,4,2020,3,18,78,2458927,7,"16052_Nut gathering","Feeding",2020,2020-03-18,262,78,2020,15,NA,NA,"16052_Nut gathering_2020"
2803,39.971001,-105.397003,2329,"CO",405,"Tamias","minimus","least chipmunk","Animalia",16052,344,"Young individuals",2020,4,7,98,2458947,7,2020,5,8,129,2458978,4,"16052_Young individuals","Young observed",2020,2020-04-07,282,98,2020,14,NA,NA,"16052_Young individuals_2020"
2803,39.971001,-105.397003,2329,"CO",264,"Odocoileus","hemionus","mule deer","Animalia",16053,344,"Young individuals",2020,8,31,244,2459093,4,2020,8,31,244,2459093,3,"16053_Young individuals","Young observed",2021,2020-08-31,62,244,2020,12,NA,NA,"16053_Young individuals_2020"
6362,43.012966,-73.649918,108,"NY",270,"Odocoileus","virginianus","white-tailed deer","Animalia",18144,344,"Young individuals",2020,9,23,267,2459116,14,2020,9,23,267,2459116,8,"18144_Young individuals","Young observed",2021,2020-09-23,85,267,2020,11,NA,NA,"18144_Young individuals_2020"
8418,32.363758,-94.873947,115,"TX",1144,"Sciurus","carolinensis","eastern gray squirrel","Animalia",25350,310,"Fruit/seed consumption",2020,3,29,89,2458938,NA,2020,3,29,89,2458938,NA,"25350_Fruit/seed consumption","Feeding",2020,2020-03-29,273,89,2020,12,NA,NA,"25350_Fruit/seed consumption_2020"
6091,34.11578,-118.757507,282,"CA",404,"Otospermophilus","beecheyi","California ground squirrel","Animalia",33832,344,"Young individuals",2020,3,11,71,2458920,5,2020,3,11,71,2458920,11,"33832_Young individuals","Young observed",2020,2020-03-11,255,71,2020,11,NA,NA,"33832_Young individuals_2020"
8496,46.328629,-96.061256,393,"MN",1144,"Sciurus","carolinensis","eastern gray squirrel","Animalia",34923,310,"Fruit/seed consumption",2020,1,10,10,2458859,NA,2020,3,14,74,2458923,15,"34923_Fruit/seed consumption","Feeding",2020,2020-01-10,194,10,2020,13,NA,NA,"34923_Fruit/seed consumption_2020"
8496,46.328629,-96.061256,393,"MN",1146,"Tamiasciurus","hudsonicus","red squirrel","Animalia",34926,310,"Fruit/seed consumption",2020,2,7,38,2458887,28,2020,3,14,74,2458923,22,"34926_Fruit/seed consumption","Feeding",2020,2020-02-07,222,38,2020,11,NA,NA,"34926_Fruit/seed consumption_2020"
10145,42.602543,-83.250992,277,"MI",410,"Sylvilagus","floridanus","eastern cottontail","Animalia",38884,344,"Young individuals",2020,7,7,189,2459038,1,2020,7,7,189,2459038,1,"38884_Young individuals","Young observed",2021,2020-07-07,7,189,2020,11,NA,NA,"38884_Young individuals_2020"
10145,42.602543,-83.250992,277,"MI",1144,"Sciurus","carolinensis","eastern gray squirrel","Animalia",38885,311,"Nut gathering",2020,9,22,266,2459115,1,2020,9,22,266,2459115,1,"38885_Nut gathering","Feeding",2021,2020-09-22,84,266,2020,9,NA,NA,"38885_Nut gathering_2020"
10145,42.602543,-83.250992,277,"MI",1145,"Sciurus","niger","fox squirrel","Animalia",38896,311,"Nut gathering",2020,9,6,250,2459099,1,2020,9,6,250,2459099,1,"38896_Nut gathering","Feeding",2021,2020-09-06,68,250,2020,9,NA,NA,"38896_Nut gathering_2020"
10145,42.602543,-83.250992,277,"MI",270,"Odocoileus","virginianus","white-tailed deer","Animalia",38973,344,"Young individuals",2020,9,2,246,2459095,1,2020,9,2,246,2459095,1,"38973_Young individuals","Young observed",2021,2020-09-02,64,246,2020,10,NA,NA,"38973_Young individuals_2020"
10145,42.602543,-83.250992,277,"MI",266,"Marmota","monax","woodchuck","Animalia",38980,344,"Young individuals",2020,7,1,183,2459032,1,2020,7,1,183,2459032,1,"38980_Young individuals","Young observed",2021,2020-07-01,1,183,2020,12,NA,NA,"38980_Young individuals_2020"
10717,38.285664,-111.246605,1790,"UT",263,"Marmota","flaviventris","yellow-bellied marmot","Animalia",42594,344,"Young individuals",2020,4,29,120,2458969,4,2020,5,9,130,2458979,9,"42594_Young individuals","Young observed",2020,2020-04-29,304,120,2020,9,NA,NA,"42594_Young individuals_2020"
101,37.169998,-98.029999,410,"KS",1145,"Sciurus","niger","fox squirrel","Animalia",82543,310,"Fruit/seed consumption",2020,3,6,66,2458915,NA,2020,10,23,297,2459146,NA,"82543_Fruit/seed consumption","Feeding",2020,2020-03-06,250,66,2020,11,NA,NA,"82543_Fruit/seed consumption_2020"
101,37.169998,-98.029999,410,"KS",1145,"Sciurus","niger","fox squirrel","Animalia",82543,344,"Young individuals",2020,4,25,116,2458965,8,2020,5,3,124,2458973,144,"82543_Young individuals","Young observed",2020,2020-04-25,300,116,2020,11,NA,NA,"82543_Young individuals_2020"
2803,39.971001,-105.397003,2329,"CO",1715,"Sylvilagus","nuttallii","mountain cottontail","Animalia",16050,344,"Young individuals",2021,7,12,193,2459408,7,2021,7,12,193,2459408,3,"16050_Young individuals","Young observed",2022,2021-07-12,12,193,2021,14,NA,NA,"16050_Young individuals_2021"
2803,39.971001,-105.397003,2329,"CO",409,"Cervus","elaphus","elk","Animalia",16051,338,"Males vocalizing",2021,10,16,289,2459504,5,2021,10,18,291,2459506,9,"16051_Males vocalizing","Mating activity",2022,2021-10-16,108,108,2022,14,NA,NA,"16051_Males vocalizing_2022"
2803,39.971001,-105.397003,2329,"CO",409,"Cervus","elaphus","elk","Animalia",16051,339,"Male combat (horn/antler)",2021,10,16,289,2459504,5,2021,10,18,291,2459506,9,"16051_Male combat (horn/antler)","Mating activity",2022,2021-10-16,108,108,2022,13,NA,NA,"16051_Male combat (horn/antler)_2022"
2803,39.971001,-105.397003,2329,"CO",409,"Cervus","elaphus","elk","Animalia",16051,344,"Young individuals",2021,1,11,11,2459226,3,2021,1,11,11,2459226,3,"16051_Young individuals","Young observed",2021,2021-01-11,195,11,2021,14,NA,NA,"16051_Young individuals_2021"
2803,39.971001,-105.397003,2329,"CO",405,"Tamias","minimus","least chipmunk","Animalia",16052,310,"Fruit/seed consumption",2021,4,6,96,2459311,8,2021,4,10,100,2459315,7,"16052_Fruit/seed consumption","Feeding",2021,2021-04-06,280,96,2021,15,NA,NA,"16052_Fruit/seed consumption_2021"
2803,39.971001,-105.397003,2329,"CO",405,"Tamias","minimus","least chipmunk","Animalia",16052,311,"Nut gathering",2021,4,10,100,2459315,4,2021,4,10,100,2459315,7,"16052_Nut gathering","Feeding",2021,2021-04-10,284,100,2021,15,NA,NA,"16052_Nut gathering_2021"
2803,39.971001,-105.397003,2329,"CO",405,"Tamias","minimus","least chipmunk","Animalia",16052,344,"Young individuals",2021,4,10,100,2459315,4,2021,4,10,100,2459315,7,"16052_Young individuals","Young observed",2021,2021-04-10,284,100,2021,14,NA,NA,"16052_Young individuals_2021"
2803,39.971001,-105.397003,2329,"CO",264,"Odocoileus","hemionus","mule deer","Animalia",16053,344,"Young individuals",2021,1,11,11,2459226,3,2021,1,11,11,2459226,3,"16053_Young individuals","Young observed",2021,2021-01-11,195,11,2021,12,NA,NA,"16053_Young individuals_2021"
6362,43.012966,-73.649918,108,"NY",270,"Odocoileus","virginianus","white-tailed deer","Animalia",18144,344,"Young individuals",2021,7,14,195,2459410,7,2021,7,14,195,2459410,7,"18144_Young individuals","Young observed",2022,2021-07-14,14,195,2021,11,NA,NA,"18144_Young individuals_2021"
6091,34.11578,-118.757507,282,"CA",404,"Otospermophilus","beecheyi","California ground squirrel","Animalia",33832,344,"Young individuals",2021,4,28,118,2459333,5,2021,7,24,205,2459420,13,"33832_Young individuals","Young observed",2021,2021-04-28,302,118,2021,11,NA,NA,"33832_Young individuals_2021"
8496,46.328629,-96.061256,393,"MN",1144,"Sciurus","carolinensis","eastern gray squirrel","Animalia",34923,310,"Fruit/seed consumption",2021,1,20,20,2459235,NA,2021,1,20,20,2459235,54,"34923_Fruit/seed consumption","Feeding",2021,2021-01-20,204,20,2021,13,NA,NA,"34923_Fruit/seed consumption_2021"
10145,42.602543,-83.250992,277,"MI",410,"Sylvilagus","floridanus","eastern cottontail","Animalia",38884,344,"Young individuals",2021,7,3,184,2459399,1,2021,7,3,184,2459399,1,"38884_Young individuals","Young observed",2022,2021-07-03,3,184,2021,11,NA,NA,"38884_Young individuals_2021"
10145,42.602543,-83.250992,277,"MI",1144,"Sciurus","carolinensis","eastern gray squirrel","Animalia",38885,311,"Nut gathering",2021,9,9,252,2459467,1,2021,9,9,252,2459467,1,"38885_Nut gathering","Feeding",2022,2021-09-09,71,252,2021,9,NA,NA,"38885_Nut gathering_2021"
10145,42.602543,-83.250992,277,"MI",1145,"Sciurus","niger","fox squirrel","Animalia",38896,311,"Nut gathering",2021,9,13,256,2459471,1,2021,9,13,256,2459471,1,"38896_Nut gathering","Feeding",2022,2021-09-13,75,256,2021,9,NA,NA,"38896_Nut gathering_2021"
10145,42.602543,-83.250992,277,"MI",270,"Odocoileus","virginianus","white-tailed deer","Animalia",38973,344,"Young individuals",2021,9,12,255,2459470,1,2021,9,12,255,2459470,1,"38973_Young individuals","Young observed",2022,2021-09-12,74,255,2021,10,NA,NA,"38973_Young individuals_2021"
10145,42.602543,-83.250992,277,"MI",266,"Marmota","monax","woodchuck","Animalia",38980,344,"Young individuals",2021,6,17,168,2459383,1,2021,6,19,170,2459385,1,"38980_Young individuals","Young observed",2021,2021-06-17,352,168,2021,12,NA,NA,"38980_Young individuals_2021"
10717,38.285664,-111.246605,1790,"UT",263,"Marmota","flaviventris","yellow-bellied marmot","Animalia",42594,344,"Young individuals",2021,3,14,73,2459288,4,2021,3,14,73,2459288,2,"42594_Young individuals","Young observed",2021,2021-03-14,257,73,2021,9,NA,NA,"42594_Young individuals_2021"
10717,38.285664,-111.246605,1790,"UT",264,"Odocoileus","hemionus","mule deer","Animalia",42595,344,"Young individuals",2021,7,23,204,2459419,10,2021,7,23,204,2459419,6,"42595_Young individuals","Young observed",2022,2021-07-23,23,204,2021,9,NA,NA,"42595_Young individuals_2021"
101,37.169998,-98.029999,410,"KS",1145,"Sciurus","niger","fox squirrel","Animalia",82543,310,"Fruit/seed consumption",2021,3,12,71,2459286,NA,2021,5,3,123,2459338,NA,"82543_Fruit/seed consumption","Feeding",2021,2021-03-12,255,71,2021,11,NA,NA,"82543_Fruit/seed consumption_2021"
101,37.169998,-98.029999,410,"KS",1145,"Sciurus","niger","fox squirrel","Animalia",82543,344,"Young individuals",2021,3,12,71,2459286,NA,2021,5,3,123,2459338,NA,"82543_Young individuals","Young observed",2021,2021-03-12,255,71,2021,11,NA,NA,"82543_Young individuals_2021"
2803,39.971001,-105.397003,2329,"CO",1715,"Sylvilagus","nuttallii","mountain cottontail","Animalia",16050,344,"Young individuals",2022,1,2,2,2459582,NA,2022,1,2,2,2459582,8,"16050_Young individuals","Young observed",2022,2022-01-02,186,2,2022,14,NA,NA,"16050_Young individuals_2022"
2803,39.971001,-105.397003,2329,"CO",409,"Cervus","elaphus","elk","Animalia",16051,338,"Males vocalizing",2022,9,22,265,2459845,14,2022,9,22,265,2459845,7,"16051_Males vocalizing","Mating activity",2023,2022-09-22,84,84,2023,14,NA,NA,"16051_Males vocalizing_2023"
2803,39.971001,-105.397003,2329,"CO",409,"Cervus","elaphus","elk","Animalia",16051,339,"Male combat (horn/antler)",2022,11,4,308,2459888,1,2022,11,4,308,2459888,6,"16051_Male combat (horn/antler)","Mating activity",2023,2022-11-04,127,127,2023,13,NA,NA,"16051_Male combat (horn/antler)_2023"
2803,39.971001,-105.397003,2329,"CO",409,"Cervus","elaphus","elk","Animalia",16051,344,"Young individuals",2022,1,2,2,2459582,NA,2022,5,9,129,2459709,3,"16051_Young individuals","Young observed",2022,2022-01-02,186,2,2022,14,NA,NA,"16051_Young individuals_2022"
2803,39.971001,-105.397003,2329,"CO",405,"Tamias","minimus","least chipmunk","Animalia",16052,310,"Fruit/seed consumption",2022,4,20,110,2459690,36,2022,9,22,265,2459845,7,"16052_Fruit/seed consumption","Feeding",2022,2022-04-20,294,110,2022,15,NA,NA,"16052_Fruit/seed consumption_2022"
2803,39.971001,-105.397003,2329,"CO",405,"Tamias","minimus","least chipmunk","Animalia",16052,311,"Nut gathering",2022,4,20,110,2459690,36,2022,9,22,265,2459845,7,"16052_Nut gathering","Feeding",2022,2022-04-20,294,110,2022,15,NA,NA,"16052_Nut gathering_2022"
2803,39.971001,-105.397003,2329,"CO",405,"Tamias","minimus","least chipmunk","Animalia",16052,344,"Young individuals",2022,5,12,132,2459712,3,2022,10,18,291,2459871,3,"16052_Young individuals","Young observed",2022,2022-05-12,316,132,2022,14,NA,NA,"16052_Young individuals_2022"
2803,39.971001,-105.397003,2329,"CO",264,"Odocoileus","hemionus","mule deer","Animalia",16053,344,"Young individuals",2022,1,2,2,2459582,NA,2022,1,10,10,2459590,8,"16053_Young individuals","Young observed",2022,2022-01-02,186,2,2022,12,NA,NA,"16053_Young individuals_2022"
6362,43.012966,-73.649918,108,"NY",270,"Odocoileus","virginianus","white-tailed deer","Animalia",18144,344,"Young individuals",2022,10,24,297,2459877,13,2022,10,24,297,2459877,14,"18144_Young individuals","Young observed",2023,2022-10-24,116,297,2022,11,NA,NA,"18144_Young individuals_2022"
6091,34.11578,-118.757507,282,"CA",404,"Otospermophilus","beecheyi","California ground squirrel","Animalia",33832,344,"Young individuals",2022,1,14,14,2459594,8,2022,1,20,20,2459600,8,"33832_Young individuals","Young observed",2022,2022-01-14,198,14,2022,11,NA,NA,"33832_Young individuals_2022"
8496,46.328629,-96.061256,393,"MN",1144,"Sciurus","carolinensis","eastern gray squirrel","Animalia",34923,310,"Fruit/seed consumption",2022,4,10,100,2459680,11,2022,4,10,100,2459680,7,"34923_Fruit/seed consumption","Feeding",2022,2022-04-10,284,100,2022,13,NA,NA,"34923_Fruit/seed consumption_2022"
8496,46.328629,-96.061256,393,"MN",1146,"Tamiasciurus","hudsonicus","red squirrel","Animalia",34926,310,"Fruit/seed consumption",2022,3,27,86,2459666,NA,2022,4,10,100,2459680,7,"34926_Fruit/seed consumption","Feeding",2022,2022-03-27,270,86,2022,11,NA,NA,"34926_Fruit/seed consumption_2022"
10145,42.602543,-83.250992,277,"MI",410,"Sylvilagus","floridanus","eastern cottontail","Animalia",38884,344,"Young individuals",2022,7,10,191,2459771,1,2022,7,10,191,2459771,1,"38884_Young individuals","Young observed",2023,2022-07-10,10,191,2022,11,NA,NA,"38884_Young individuals_2022"
10145,42.602543,-83.250992,277,"MI",1145,"Sciurus","niger","fox squirrel","Animalia",38896,311,"Nut gathering",2022,8,26,238,2459818,1,2022,8,26,238,2459818,1,"38896_Nut gathering","Feeding",2023,2022-08-26,57,238,2022,9,NA,NA,"38896_Nut gathering_2022"
10145,42.602543,-83.250992,277,"MI",270,"Odocoileus","virginianus","white-tailed deer","Animalia",38973,344,"Young individuals",2022,6,4,155,2459735,1,2022,6,5,156,2459736,1,"38973_Young individuals","Young observed",2022,2022-06-04,339,155,2022,10,NA,NA,"38973_Young individuals_2022"
10145,42.602543,-83.250992,277,"MI",266,"Marmota","monax","woodchuck","Animalia",38980,344,"Young individuals",2022,6,2,153,2459733,1,2022,6,2,153,2459733,1,"38980_Young individuals","Young observed",2022,2022-06-02,337,153,2022,12,NA,NA,"38980_Young individuals_2022"
10717,38.285664,-111.246605,1790,"UT",264,"Odocoileus","hemionus","mule deer","Animalia",42595,344,"Young individuals",2022,1,22,22,2459602,16,2022,1,30,30,2459610,33,"42595_Young individuals","Young observed",2022,2022-01-22,206,22,2022,9,NA,NA,"42595_Young individuals_2022"
101,37.169998,-98.029999,410,"KS",1145,"Sciurus","niger","fox squirrel","Animalia",82543,310,"Fruit/seed consumption",2022,3,25,84,2459664,NA,2022,8,18,230,2459810,NA,"82543_Fruit/seed consumption","Feeding",2022,2022-03-25,268,84,2022,11,NA,NA,"82543_Fruit/seed consumption_2022"
101,37.169998,-98.029999,410,"KS",1145,"Sciurus","niger","fox squirrel","Animalia",82543,344,"Young individuals",2022,5,9,129,2459709,9,2022,8,18,230,2459810,NA,"82543_Young individuals","Young observed",2022,2022-05-09,313,129,2022,11,NA,NA,"82543_Young individuals_2022"
2803,39.971001,-105.397003,2329,"CO",1715,"Sylvilagus","nuttallii","mountain cottontail","Animalia",16050,344,"Young individuals",2023,1,16,16,2459961,5,2023,1,16,16,2459961,2,"16050_Young individuals","Young observed",2023,2023-01-16,200,16,2023,14,NA,NA,"16050_Young individuals_2023"
2803,39.971001,-105.397003,2329,"CO",409,"Cervus","elaphus","elk","Animalia",16051,338,"Males vocalizing",2023,10,11,284,2460229,4,2023,10,26,299,2460244,7,"16051_Males vocalizing","Mating activity",2024,2023-10-11,103,103,2024,14,NA,NA,"16051_Males vocalizing_2024"
2803,39.971001,-105.397003,2329,"CO",409,"Cervus","elaphus","elk","Animalia",16051,339,"Male combat (horn/antler)",2023,10,17,290,2460235,3,2023,10,17,290,2460235,9,"16051_Male combat (horn/antler)","Mating activity",2024,2023-10-17,109,109,2024,13,NA,NA,"16051_Male combat (horn/antler)_2024"
2803,39.971001,-105.397003,2329,"CO",409,"Cervus","elaphus","elk","Animalia",16051,344,"Young individuals",2023,1,16,16,2459961,5,2023,1,16,16,2459961,2,"16051_Young individuals","Young observed",2023,2023-01-16,200,16,2023,14,NA,NA,"16051_Young individuals_2023"
2803,39.971001,-105.397003,2329,"CO",405,"Tamias","minimus","least chipmunk","Animalia",16052,310,"Fruit/seed consumption",2023,3,17,76,2460021,6,2023,11,4,308,2460253,5,"16052_Fruit/seed consumption","Feeding",2023,2023-03-17,260,76,2023,15,NA,NA,"16052_Fruit/seed consumption_2023"
2803,39.971001,-105.397003,2329,"CO",405,"Tamias","minimus","least chipmunk","Animalia",16052,311,"Nut gathering",2023,4,10,100,2460045,10,2023,11,4,308,2460253,5,"16052_Nut gathering","Feeding",2023,2023-04-10,284,100,2023,15,NA,NA,"16052_Nut gathering_2023"
2803,39.971001,-105.397003,2329,"CO",405,"Tamias","minimus","least chipmunk","Animalia",16052,344,"Young individuals",2023,4,13,103,2460048,3,2023,11,4,308,2460253,5,"16052_Young individuals","Young observed",2023,2023-04-13,287,103,2023,14,NA,NA,"16052_Young individuals_2023"
2803,39.971001,-105.397003,2329,"CO",264,"Odocoileus","hemionus","mule deer","Animalia",16053,344,"Young individuals",2023,6,9,160,2460105,7,2023,6,24,175,2460120,14,"16053_Young individuals","Young observed",2023,2023-06-09,344,160,2023,12,NA,NA,"16053_Young individuals_2023"
8418,32.363758,-94.873947,115,"TX",1144,"Sciurus","carolinensis","eastern gray squirrel","Animalia",25350,310,"Fruit/seed consumption",2023,2,9,40,2459985,4,2023,2,9,40,2459985,7,"25350_Fruit/seed consumption","Feeding",2023,2023-02-09,224,40,2023,12,NA,NA,"25350_Fruit/seed consumption_2023"
8418,32.363758,-94.873947,115,"TX",1144,"Sciurus","carolinensis","eastern gray squirrel","Animalia",25350,311,"Nut gathering",2023,11,30,334,2460279,4,2023,11,30,334,2460279,4,"25350_Nut gathering","Feeding",2024,2023-11-30,153,334,2023,11,NA,NA,"25350_Nut gathering_2023"
6091,34.11578,-118.757507,282,"CA",404,"Otospermophilus","beecheyi","California ground squirrel","Animalia",33832,344,"Young individuals",2023,6,29,180,2460125,7,2023,7,6,187,2460132,49,"33832_Young individuals","Young observed",2023,2023-06-29,364,180,2023,11,NA,NA,"33832_Young individuals_2023"
8496,46.328629,-96.061256,393,"MN",1144,"Sciurus","carolinensis","eastern gray squirrel","Animalia",34923,310,"Fruit/seed consumption",2023,4,9,99,2460044,NA,2023,4,9,99,2460044,9,"34923_Fruit/seed consumption","Feeding",2023,2023-04-09,283,99,2023,13,NA,NA,"34923_Fruit/seed consumption_2023"
8496,46.328629,-96.061256,393,"MN",1146,"Tamiasciurus","hudsonicus","red squirrel","Animalia",34926,310,"Fruit/seed consumption",2023,4,18,108,2460053,9,2023,4,18,108,2460053,6,"34926_Fruit/seed consumption","Feeding",2023,2023-04-18,292,108,2023,11,NA,NA,"34926_Fruit/seed consumption_2023"
10145,42.602543,-83.250992,277,"MI",410,"Sylvilagus","floridanus","eastern cottontail","Animalia",38884,344,"Young individuals",2023,5,3,123,2460068,1,2023,5,3,123,2460068,1,"38884_Young individuals","Young observed",2023,2023-05-03,307,123,2023,11,NA,NA,"38884_Young individuals_2023"
10145,42.602543,-83.250992,277,"MI",1144,"Sciurus","carolinensis","eastern gray squirrel","Animalia",38885,311,"Nut gathering",2023,10,7,280,2460225,1,2023,10,11,284,2460229,1,"38885_Nut gathering","Feeding",2024,2023-10-07,99,280,2023,9,NA,NA,"38885_Nut gathering_2023"
10145,42.602543,-83.250992,277,"MI",1145,"Sciurus","niger","fox squirrel","Animalia",38896,311,"Nut gathering",2023,10,7,280,2460225,1,2023,10,11,284,2460229,1,"38896_Nut gathering","Feeding",2024,2023-10-07,99,280,2023,9,NA,NA,"38896_Nut gathering_2023"
10717,38.285664,-111.246605,1790,"UT",263,"Marmota","flaviventris","yellow-bellied marmot","Animalia",42594,344,"Young individuals",2023,8,1,213,2460158,114,2023,8,1,213,2460158,14,"42594_Young individuals","Young observed",2024,2023-08-01,32,213,2023,9,NA,NA,"42594_Young individuals_2023"
10717,38.285664,-111.246605,1790,"UT",264,"Odocoileus","hemionus","mule deer","Animalia",42595,344,"Young individuals",2023,2,25,56,2460001,NA,2023,8,15,227,2460172,7,"42595_Young individuals","Young observed",2023,2023-02-25,240,56,2023,9,NA,NA,"42595_Young individuals_2023"
101,37.169998,-98.029999,410,"KS",1145,"Sciurus","niger","fox squirrel","Animalia",82543,310,"Fruit/seed consumption",2023,4,15,105,2460050,4,2023,12,22,356,2460301,NA,"82543_Fruit/seed consumption","Feeding",2023,2023-04-15,289,105,2023,11,NA,NA,"82543_Fruit/seed consumption_2023"
101,37.169998,-98.029999,410,"KS",1145,"Sciurus","niger","fox squirrel","Animalia",82543,344,"Young individuals",2023,3,21,80,2460025,15,2023,4,24,114,2460059,80,"82543_Young individuals","Young observed",2023,2023-03-21,264,80,2023,11,NA,NA,"82543_Young individuals_2023"
1419,42.011166,-88.503304,280,"IL",271,"Tamias","striatus","eastern chipmunk","Animalia",10285,310,"Fruit/seed consumption",2024,7,1,183,2460493,37,2024,7,1,183,2460493,22,"10285_Fruit/seed consumption","Feeding",2025,2024-07-01,1,183,2024,11,NA,NA,"10285_Fruit/seed consumption_2024"
2803,39.971001,-105.397003,2329,"CO",1715,"Sylvilagus","nuttallii","mountain cottontail","Animalia",16050,344,"Young individuals",2024,6,12,164,2460474,7,2024,6,27,179,2460489,5,"16050_Young individuals","Young observed",2024,2024-06-12,348,164,2024,14,NA,NA,"16050_Young individuals_2024"
2803,39.971001,-105.397003,2329,"CO",409,"Cervus","elaphus","elk","Animalia",16051,338,"Males vocalizing",2024,10,12,286,2460596,1,2024,10,12,286,2460596,4,"16051_Males vocalizing","Mating activity",2025,2024-10-12,104,104,2025,14,NA,NA,"16051_Males vocalizing_2025"
2803,39.971001,-105.397003,2329,"CO",409,"Cervus","elaphus","elk","Animalia",16051,339,"Male combat (horn/antler)",2024,10,12,286,2460596,1,2024,10,12,286,2460596,4,"16051_Male combat (horn/antler)","Mating activity",2025,2024-10-12,104,104,2025,13,NA,NA,"16051_Male combat (horn/antler)_2025"
2803,39.971001,-105.397003,2329,"CO",409,"Cervus","elaphus","elk","Animalia",16051,344,"Young individuals",2024,2,1,32,2460342,NA,2024,2,1,32,2460342,13,"16051_Young individuals","Young observed",2024,2024-02-01,216,32,2024,14,NA,NA,"16051_Young individuals_2024"
2803,39.971001,-105.397003,2329,"CO",405,"Tamias","minimus","least chipmunk","Animalia",16052,310,"Fruit/seed consumption",2024,4,9,100,2460410,32,2024,4,15,106,2460416,14,"16052_Fruit/seed consumption","Feeding",2024,2024-04-09,284,100,2024,15,NA,NA,"16052_Fruit/seed consumption_2024"
2803,39.971001,-105.397003,2329,"CO",405,"Tamias","minimus","least chipmunk","Animalia",16052,311,"Nut gathering",2024,4,9,100,2460410,32,2024,4,15,106,2460416,14,"16052_Nut gathering","Feeding",2024,2024-04-09,284,100,2024,15,NA,NA,"16052_Nut gathering_2024"
2803,39.971001,-105.397003,2329,"CO",405,"Tamias","minimus","least chipmunk","Animalia",16052,344,"Young individuals",2024,4,15,106,2460416,6,2024,4,15,106,2460416,14,"16052_Young individuals","Young observed",2024,2024-04-15,290,106,2024,14,NA,NA,"16052_Young individuals_2024"
2803,39.971001,-105.397003,2329,"CO",264,"Odocoileus","hemionus","mule deer","Animalia",16053,344,"Young individuals",2024,12,30,365,2460675,7,2024,12,30,365,2460675,NA,"16053_Young individuals","Young observed",2025,2024-12-30,183,365,2024,12,NA,NA,"16053_Young individuals_2024"
8418,32.363758,-94.873947,115,"TX",1144,"Sciurus","carolinensis","eastern gray squirrel","Animalia",25350,310,"Fruit/seed consumption",2024,12,14,349,2460659,6,2024,12,29,364,2460674,NA,"25350_Fruit/seed consumption","Feeding",2025,2024-12-14,167,349,2024,12,NA,NA,"25350_Fruit/seed consumption_2024"
8418,32.363758,-94.873947,115,"TX",1144,"Sciurus","carolinensis","eastern gray squirrel","Animalia",25350,311,"Nut gathering",2024,8,22,235,2460545,4,2024,8,25,238,2460548,3,"25350_Nut gathering","Feeding",2025,2024-08-22,53,235,2024,11,NA,NA,"25350_Nut gathering_2024"
8496,46.328629,-96.061256,393,"MN",1144,"Sciurus","carolinensis","eastern gray squirrel","Animalia",34923,310,"Fruit/seed consumption",2024,2,25,56,2460366,NA,2024,2,25,56,2460366,56,"34923_Fruit/seed consumption","Feeding",2024,2024-02-25,240,56,2024,13,NA,NA,"34923_Fruit/seed consumption_2024"
8496,46.328629,-96.061256,393,"MN",1146,"Tamiasciurus","hudsonicus","red squirrel","Animalia",34926,310,"Fruit/seed consumption",2024,2,25,56,2460366,NA,2024,5,31,152,2460462,NA,"34926_Fruit/seed consumption","Feeding",2024,2024-02-25,240,56,2024,11,NA,NA,"34926_Fruit/seed consumption_2024"
10145,42.602543,-83.250992,277,"MI",410,"Sylvilagus","floridanus","eastern cottontail","Animalia",38884,344,"Young individuals",2024,4,17,108,2460418,1,2024,4,17,108,2460418,1,"38884_Young individuals","Young observed",2024,2024-04-17,292,108,2024,11,NA,NA,"38884_Young individuals_2024"
10145,42.602543,-83.250992,277,"MI",270,"Odocoileus","virginianus","white-tailed deer","Animalia",38973,344,"Young individuals",2024,7,29,211,2460521,1,2024,7,29,211,2460521,1,"38973_Young individuals","Young observed",2025,2024-07-29,29,211,2024,10,NA,NA,"38973_Young individuals_2024"
10145,42.602543,-83.250992,277,"MI",266,"Marmota","monax","woodchuck","Animalia",38980,344,"Young individuals",2024,6,12,164,2460474,1,2024,6,13,165,2460475,1,"38980_Young individuals","Young observed",2024,2024-06-12,348,164,2024,12,NA,NA,"38980_Young individuals_2024"
10717,38.285664,-111.246605,1790,"UT",264,"Odocoileus","hemionus","mule deer","Animalia",42595,344,"Young individuals",2024,10,11,285,2460595,5,2024,10,11,285,2460595,8,"42595_Young individuals","Young observed",2025,2024-10-11,103,285,2024,9,NA,NA,"42595_Young individuals_2024"
101,37.169998,-98.029999,410,"KS",1145,"Sciurus","niger","fox squirrel","Animalia",82543,310,"Fruit/seed consumption",2024,3,4,64,2460374,NA,2024,5,7,128,2460438,NA,"82543_Fruit/seed consumption","Feeding",2024,2024-03-04,248,64,2024,11,NA,NA,"82543_Fruit/seed consumption_2024"
101,37.169998,-98.029999,410,"KS",1145,"Sciurus","niger","fox squirrel","Animalia",82543,344,"Young individuals",2024,4,5,96,2460406,4,2024,5,7,128,2460438,NA,"82543_Young individuals","Young observed",2024,2024-04-05,280,96,2024,11,NA,NA,"82543_Young individuals_2024"
1419,42.011166,-88.503304,280,"IL",271,"Tamias","striatus","eastern chipmunk","Animalia",10285,310,"Fruit/seed consumption",2025,5,15,135,2460811,15,2025,5,15,135,2460811,17,"10285_Fruit/seed consumption","Feeding",2025,2025-05-15,319,135,2025,11,NA,NA,"10285_Fruit/seed consumption_2025"
2803,39.971001,-105.397003,2329,"CO",1715,"Sylvilagus","nuttallii","mountain cottontail","Animalia",16050,344,"Young individuals",2025,6,27,178,2460854,4,2025,9,3,246,2460922,7,"16050_Young individuals","Young observed",2025,2025-06-27,362,178,2025,14,NA,NA,"16050_Young individuals_2025"
2803,39.971001,-105.397003,2329,"CO",409,"Cervus","elaphus","elk","Animalia",16051,338,"Males vocalizing",2025,10,1,274,2460950,11,2025,10,8,281,2460957,NA,"16051_Males vocalizing","Mating activity",2026,2025-10-01,93,93,2026,14,NA,NA,"16051_Males vocalizing_2026"
2803,39.971001,-105.397003,2329,"CO",409,"Cervus","elaphus","elk","Animalia",16051,339,"Male combat (horn/antler)",2025,10,1,274,2460950,11,2025,10,8,281,2460957,NA,"16051_Male combat (horn/antler)","Mating activity",2026,2025-10-01,93,93,2026,13,NA,NA,"16051_Male combat (horn/antler)_2026"
2803,39.971001,-105.397003,2329,"CO",409,"Cervus","elaphus","elk","Animalia",16051,344,"Young individuals",2025,1,5,5,2460681,NA,2025,1,10,10,2460686,29,"16051_Young individuals","Young observed",2025,2025-01-05,189,5,2025,14,NA,NA,"16051_Young individuals_2025"
2803,39.971001,-105.397003,2329,"CO",405,"Tamias","minimus","least chipmunk","Animalia",16052,310,"Fruit/seed consumption",2025,3,20,79,2460755,3,2025,10,8,281,2460957,NA,"16052_Fruit/seed consumption","Feeding",2025,2025-03-20,263,79,2025,15,NA,NA,"16052_Fruit/seed consumption_2025"
2803,39.971001,-105.397003,2329,"CO",405,"Tamias","minimus","least chipmunk","Animalia",16052,311,"Nut gathering",2025,3,20,79,2460755,3,2025,9,20,263,2460939,11,"16052_Nut gathering","Feeding",2025,2025-03-20,263,79,2025,15,NA,NA,"16052_Nut gathering_2025"
2803,39.971001,-105.397003,2329,"CO",405,"Tamias","minimus","least chipmunk","Animalia",16052,344,"Young individuals",2025,5,6,126,2460802,11,2025,9,1,244,2460920,2,"16052_Young individuals","Young observed",2025,2025-05-06,310,126,2025,14,NA,NA,"16052_Young individuals_2025"
2803,39.971001,-105.397003,2329,"CO",264,"Odocoileus","hemionus","mule deer","Animalia",16053,344,"Young individuals",2025,3,20,79,2460755,3,2025,3,20,79,2460755,2,"16053_Young individuals","Young observed",2025,2025-03-20,263,79,2025,12,NA,NA,"16053_Young individuals_2025"
8418,32.363758,-94.873947,115,"TX",1144,"Sciurus","carolinensis","eastern gray squirrel","Animalia",25350,310,"Fruit/seed consumption",2025,1,8,8,2460684,3,2025,1,8,8,2460684,4,"25350_Fruit/seed consumption","Feeding",2025,2025-01-08,192,8,2025,12,NA,NA,"25350_Fruit/seed consumption_2025"
8418,32.363758,-94.873947,115,"TX",1144,"Sciurus","carolinensis","eastern gray squirrel","Animalia",25350,311,"Nut gathering",2025,1,23,23,2460699,4,2025,1,23,23,2460699,3,"25350_Nut gathering","Feeding",2025,2025-01-23,207,23,2025,11,NA,NA,"25350_Nut gathering_2025"
8496,46.328629,-96.061256,393,"MN",1144,"Sciurus","carolinensis","eastern gray squirrel","Animalia",34923,310,"Fruit/seed consumption",2025,5,25,145,2460821,NA,2025,5,25,145,2460821,NA,"34923_Fruit/seed consumption","Feeding",2025,2025-05-25,329,145,2025,13,NA,NA,"34923_Fruit/seed consumption_2025"
10145,42.602543,-83.250992,277,"MI",410,"Sylvilagus","floridanus","eastern cottontail","Animalia",38884,344,"Young individuals",2025,7,9,190,2460866,1,2025,7,9,190,2460866,1,"38884_Young individuals","Young observed",2026,2025-07-09,9,190,2025,11,NA,NA,"38884_Young individuals_2025"
10145,42.602543,-83.250992,277,"MI",1145,"Sciurus","niger","fox squirrel","Animalia",38896,311,"Nut gathering",2025,9,12,255,2460931,1,2025,9,12,255,2460931,7,"38896_Nut gathering","Feeding",2026,2025-09-12,74,255,2025,9,NA,NA,"38896_Nut gathering_2025"
10145,42.602543,-83.250992,277,"MI",270,"Odocoileus","virginianus","white-tailed deer","Animalia",38973,344,"Young individuals",2025,5,20,140,2460816,1,2025,5,20,140,2460816,1,"38973_Young individuals","Young observed",2025,2025-05-20,324,140,2025,10,NA,NA,"38973_Young individuals_2025"
10145,42.602543,-83.250992,277,"MI",266,"Marmota","monax","woodchuck","Animalia",38980,344,"Young individuals",2025,7,3,184,2460860,1,2025,7,4,185,2460861,1,"38980_Young individuals","Young observed",2026,2025-07-03,3,184,2025,12,NA,NA,"38980_Young individuals_2025"
101,37.169998,-98.029999,410,"KS",1145,"Sciurus","niger","fox squirrel","Animalia",82543,310,"Fruit/seed consumption",2025,2,25,56,2460732,NA,2025,4,22,112,2460788,NA,"82543_Fruit/seed consumption","Feeding",2025,2025-02-25,240,56,2025,11,NA,NA,"82543_Fruit/seed consumption_2025"
101,37.169998,-98.029999,410,"KS",1145,"Sciurus","niger","fox squirrel","Animalia",82543,344,"Young individuals",2025,2,25,56,2460732,NA,2025,3,12,71,2460747,20,"82543_Young individuals","Young observed",2025,2025-02-25,240,56,2025,11,NA,NA,"82543_Young individuals_2025"
